away_corners,away_fouls,away_goals,away_possession,away_red_cards,away_shots,away_shots_on_target,away_team,away_xg,away_yellow_cards,home_corners,home_fouls,home_goals,home_possession,home_red_cards,home_shots,home_shots_on_target,home_team,home_xg,home_yellow_cards,ht_away_goals,ht_home_goals,ht_result,match_date,result,xg_diff,shots_ratio,possession_ratio,home_elo,away_elo,elo_diff,home_team_home_xg_last3,home_team_away_xg_last3,home_team_home_shots_last3,home_team_away_shots_last3,home_team_home_shots_on_target_last3,home_team_away_shots_on_target_last3,away_team_home_xg_last3,away_team_away_xg_last3,away_team_home_shots_last3,away_team_away_shots_last3,away_team_home_shots_on_target_last3,away_team_away_shots_on_target_last3,days_since_last_home,days_since_last_away,match_num_home,match_num_away
5.0,11.0,2.0,44.0,0.0,10.0,2.0,Arsenal,1.0,2.0,3.0,16.0,0.0,56.0,0.0,10.0,2.0,Crystal Palace,1.2,1.0,1.0,0.0,A,2022-08-05,A,0.19999999999999996,1.0,1.272108843537415,1762.76945717414,2031.4490737704036,-268.6796165962637,1.2,1.0,10.0,10.0,2.0,2.0,1.2,1.0,10.0,10.0,2.0,2.0,18.0,18.0,1,1
4.0,9.0,2.0,67.0,0.0,11.0,4.0,Liverpool,1.0,0.0,4.0,7.0,2.0,33.0,0.0,9.0,3.0,Fulham,1.2,2.0,0.0,1.0,H,2022-08-06,D,0.19999999999999996,0.8198198198198198,0.49329359165424747,1840.3307787196475,1994.8542409456659,-154.5234622260184,1.2,1.0,9.0,11.0,3.0,4.0,1.2,1.0,9.0,11.0,3.0,4.0,18.0,18.0,1,1
1.0,14.0,0.0,61.0,0.0,5.0,0.0,Nott'ham Forest,0.0,3.0,11.0,9.0,2.0,39.0,0.0,23.0,10.0,Newcastle Utd,1.7,0.0,0.0,0.0,D,2022-08-06,H,1.7,4.529411764705883,0.6399345335515548,1899.5248972494726,1714.9753427172018,184.5495545322708,1.7,0.0,23.0,5.0,10.0,0.0,1.7,0.0,23.0,5.0,10.0,0.0,18.0,18.0,1,1
5.0,16.0,0.0,65.0,0.0,15.0,2.0,Aston Villa,1.0,3.0,5.0,18.0,2.0,35.0,0.0,7.0,3.0,Bournemouth,0.6,3.0,0.0,1.0,H,2022-08-06,H,-0.4,0.47019867549668876,0.5391705069124425,1752.0306042874054,1853.1627836918879,-101.13217940448249,0.6,1.0,7.0,15.0,3.0,2.0,0.6,1.0,7.0,15.0,3.0,2.0,18.0,18.0,1,1
4.0,9.0,1.0,60.0,0.0,15.0,6.0,Wolves,1.0,0.0,6.0,13.0,2.0,40.0,0.0,12.0,4.0,Leeds United,0.8,2.0,1.0,1.0,D,2022-08-06,H,-0.19999999999999996,0.8013245033112583,0.6672212978369384,1712.7993362650259,1603.0797539280402,109.7195823369857,0.8,1.0,12.0,15.0,4.0,6.0,0.8,1.0,12.0,15.0,4.0,6.0,18.0,18.0,1,1
2.0,6.0,1.0,58.0,0.0,10.0,2.0,Southampton,1.0,0.0,10.0,11.0,4.0,42.0,0.0,18.0,8.0,Tottenham,1.5,3.0,1.0,2.0,H,2022-08-06,H,0.5,1.7920792079207923,0.7246127366609294,1789.5016562986125,1485.0415513826488,304.4601049159637,1.5,1.0,18.0,10.0,8.0,2.0,1.5,1.0,18.0,10.0,8.0,2.0,18.0,18.0,1,1
16.0,11.0,1.0,62.0,0.0,15.0,6.0,Chelsea,2.0,2.0,4.0,14.0,0.0,38.0,0.0,8.0,4.0,Everton,0.7,3.0,1.0,0.0,A,2022-08-06,A,-1.3,0.5364238410596026,0.6135265700483092,1726.6995064747496,1894.8360852874234,-168.13657881267386,0.7,2.0,8.0,15.0,4.0,6.0,0.7,2.0,8.0,15.0,4.0,6.0,18.0,18.0,1,1
6.0,5.0,2.0,44.0,0.0,8.0,3.0,Brentford,1.0,0.0,5.0,6.0,2.0,56.0,0.0,14.0,5.0,Leicester City,0.6,0.0,0.0,1.0,H,2022-08-07,D,-0.4,1.7407407407407407,1.272108843537415,1582.0828406343953,1822.9185183714126,-240.83567773701725,0.6,1.0,14.0,8.0,5.0,3.0,0.6,1.0,14.0,8.0,5.0,3.0,18.0,18.0,1,1
2.0,12.0,2.0,62.0,0.0,15.0,4.0,Brighton,2.0,1.0,6.0,7.0,1.0,38.0,0.0,17.0,5.0,Manchester Utd,1.4,4.0,2.0,0.0,A,2022-08-07,A,-0.6000000000000001,1.1324503311258278,0.6135265700483092,1739.89943343953,1770.14782868638,-30.248395246850123,1.4,2.0,17.0,15.0,5.0,4.0,1.4,2.0,17.0,15.0,5.0,4.0,18.0,18.0,1,1
4.0,4.0,2.0,75.0,0.0,14.0,2.0,Manchester City,2.0,1.0,1.0,8.0,0.0,25.0,0.0,6.0,1.0,West Ham,0.5,0.0,1.0,0.0,A,2022-08-07,A,-1.5,0.43262411347517726,0.3342210386151798,1647.3033468244073,2000.0555871302647,-352.7522403058574,0.5,2.0,6.0,14.0,1.0,2.0,0.5,2.0,6.0,14.0,1.0,2.0,18.0,18.0,1,1
5.0,12.0,2.0,57.0,0.0,13.0,5.0,Leeds United,2.0,3.0,2.0,10.0,2.0,43.0,0.0,14.0,4.0,Southampton,1.2,1.0,0.0,0.0,D,2022-08-13,D,-0.8,1.0763358778625953,0.7548161120840631,1485.0415513826488,1712.7993362650259,-227.7577848823771,1.2,2.0,14.0,13.0,4.0,5.0,1.2,2.0,14.0,13.0,4.0,5.0,18.0,18.0,1,1
8.0,7.0,1.0,57.0,0.0,15.0,4.0,Everton,2.0,1.0,5.0,9.0,2.0,43.0,0.0,12.0,4.0,Aston Villa,2.3,4.0,0.0,1.0,H,2022-08-13,H,0.2999999999999998,0.8013245033112583,0.7548161120840631,1853.1627836918879,1726.6995064747496,126.46327721713828,2.3,2.0,12.0,15.0,4.0,4.0,2.3,2.0,12.0,15.0,4.0,4.0,18.0,18.0,1,1
2.0,9.0,2.0,50.0,0.0,6.0,2.0,Leicester City,1.0,1.0,6.0,15.0,4.0,50.0,0.0,19.0,7.0,Arsenal,2.7,1.0,0.0,2.0,H,2022-08-13,H,1.7000000000000002,3.131147540983607,1.0,2031.4490737704036,1582.0828406343953,449.3662331360083,2.7,1.0,19.0,6.0,7.0,2.0,2.7,1.0,19.0,6.0,7.0,2.0,18.0,18.0,1,1
1.0,9.0,0.0,67.0,0.0,3.0,1.0,Bournemouth,0.0,3.0,11.0,9.0,4.0,33.0,0.0,19.0,7.0,Manchester City,1.7,0.0,0.0,3.0,H,2022-08-13,H,1.7,6.161290322580645,0.49329359165424747,2000.0555871302647,1752.0306042874054,248.02498284285934,1.7,0.0,19.0,3.0,7.0,1.0,1.7,0.0,19.0,3.0,7.0,1.0,18.0,18.0,1,1
3.0,14.0,0.0,41.0,0.0,9.0,3.0,Fulham,2.0,3.0,5.0,7.0,0.0,59.0,0.0,7.0,1.0,Wolves,0.9,3.0,0.0,0.0,D,2022-08-13,D,-1.1,0.7802197802197802,1.437956204379562,1603.0797539280402,1840.3307787196475,-237.25102479160728,0.9,2.0,7.0,9.0,1.0,3.0,0.9,2.0,7.0,9.0,1.0,3.0,18.0,18.0,1,1
2.0,15.0,0.0,66.0,0.0,15.0,4.0,Manchester Utd,1.0,4.0,8.0,6.0,4.0,34.0,0.0,13.0,7.0,Brentford,1.6,0.0,0.0,4.0,H,2022-08-13,H,0.6000000000000001,0.8675496688741722,0.5158850226928896,1822.9185183714126,1739.89943343953,83.01908493188262,1.6,1.0,13.0,15.0,7.0,4.0,1.6,1.0,13.0,15.0,7.0,4.0,18.0,18.0,1,1
3.0,6.0,0.0,46.0,0.0,4.0,1.0,Newcastle Utd,0.0,3.0,7.0,8.0,0.0,54.0,0.0,13.0,7.0,Brighton,1.5,2.0,0.0,0.0,D,2022-08-13,D,1.5,3.1951219512195124,1.17353579175705,1770.14782868638,1899.5248972494726,-129.3770685630925,1.5,0.0,13.0,4.0,7.0,1.0,1.5,0.0,13.0,4.0,7.0,1.0,18.0,18.0,1,1
7.0,11.0,0.0,57.0,0.0,19.0,5.0,West Ham,2.0,1.0,6.0,10.0,1.0,43.0,0.0,13.0,6.0,Nott'ham Forest,1.3,4.0,0.0,1.0,H,2022-08-14,H,-0.7,0.6858638743455496,0.7548161120840631,1714.9753427172018,1647.3033468244073,67.67199589279448,1.3,2.0,13.0,19.0,6.0,5.0,1.3,2.0,13.0,19.0,6.0,5.0,18.0,18.0,1,1
5.0,9.0,2.0,37.0,0.0,10.0,5.0,Tottenham,1.0,0.0,8.0,9.0,2.0,63.0,0.0,16.0,3.0,Chelsea,1.6,3.0,0.0,1.0,H,2022-08-14,D,0.6000000000000001,1.5940594059405944,1.7008086253369272,1894.8360852874234,1789.5016562986125,105.33442898881094,1.6,1.0,16.0,10.0,3.0,5.0,1.6,1.0,16.0,10.0,3.0,5.0,18.0,18.0,1,1
2.0,8.0,1.0,72.0,0.0,7.0,3.0,Crystal Palace,1.0,4.0,4.0,7.0,1.0,28.0,1.0,24.0,4.0,Liverpool,2.0,2.0,1.0,0.0,A,2022-08-15,D,1.0,3.394366197183099,0.38973647711511794,1994.8542409456659,1762.76945717414,232.08478377152596,2.0,1.0,24.0,7.0,4.0,3.0,2.0,1.0,24.0,7.0,4.0,3.0,18.0,18.0,1,1
2.0,9.0,1.0,51.0,0.0,14.0,5.0,Nott'ham Forest,1.0,2.0,6.0,6.0,1.0,49.0,0.0,19.0,8.0,Everton,1.5,3.0,0.0,0.0,D,2022-08-20,D,0.5,1.3546099290780143,0.9608610567514677,1726.6995064747496,1714.9753427172018,11.724163757547785,1.1,1.5,13.5,14.5,6.0,5.5,1.6,0.5,21.0,9.5,9.0,2.5,14.0,14.0,2,2
6.0,8.0,0.0,50.0,0.0,20.0,3.0,Wolves,1.0,2.0,8.0,10.0,1.0,50.0,0.0,11.0,4.0,Tottenham,1.7,2.0,0.0,0.0,D,2022-08-20,H,0.7,0.5522388059701492,1.0,1789.5016562986125,1603.0797539280402,186.4219023705723,1.6,1.0,14.5,15.0,6.0,2.5,1.25,1.0,11.5,17.5,4.0,4.5,14.0,14.0,2,2
2.0,14.0,1.0,49.0,0.0,13.0,5.0,Aston Villa,1.0,1.0,4.0,16.0,3.0,51.0,0.0,17.0,9.0,Crystal Palace,2.6,2.0,1.0,1.0,D,2022-08-20,H,1.6,1.3053435114503817,1.0407331975560081,1762.76945717414,1853.1627836918879,-90.39332651774794,1.9,1.0,13.5,11.5,5.5,3.5,1.6,1.0,12.0,14.0,6.0,3.5,15.0,14.0,2,2
3.0,7.0,2.0,57.0,0.0,13.0,5.0,Brentford,2.0,2.0,6.0,13.0,3.0,43.0,0.0,18.0,9.0,Fulham,2.4,3.0,1.0,2.0,H,2022-08-20,H,0.3999999999999999,1.3816793893129773,0.7548161120840631,1840.3307787196475,1822.9185183714126,17.412260348234895,1.7999999999999998,1.5,13.5,12.0,6.0,4.5,1.5,1.5,16.0,10.5,7.0,4.0,14.0,13.0,2,2
4.0,10.0,3.0,57.0,0.0,14.0,6.0,Arsenal,1.0,1.0,3.0,12.0,0.0,43.0,0.0,6.0,1.0,Bournemouth,0.3,2.0,2.0,0.0,A,2022-08-20,A,-0.7,0.43262411347517726,0.7548161120840631,1752.0306042874054,2031.4490737704036,-279.41846948299826,0.44999999999999996,1.0,6.5,14.5,2.0,4.0,0.75,1.0,8.0,12.0,1.5,4.0,14.0,15.0,2,2
5.0,15.0,2.0,62.0,0.0,9.0,3.0,Southampton,1.0,3.0,2.0,11.0,1.0,38.0,0.0,6.0,1.0,Leicester City,0.3,2.0,0.0,0.0,D,2022-08-20,A,-0.7,0.6703296703296703,0.6135265700483092,1582.0828406343953,1485.0415513826488,97.04128925174655,0.44999999999999996,1.0,10.0,8.5,3.0,3.0,0.9,1.0,12.0,9.5,4.5,2.5,13.0,14.0,2,2
4.0,7.0,2.0,50.0,0.0,11.0,2.0,Brighton,2.0,0.0,5.0,10.0,0.0,50.0,0.0,13.0,3.0,West Ham,0.8,2.0,1.0,0.0,A,2022-08-21,A,-1.2,1.1801801801801801,1.0,1647.3033468244073,1770.14782868638,-122.84448186197278,0.65,2.0,9.5,12.5,2.0,2.0,1.1,2.0,15.0,13.0,4.0,3.0,14.0,14.0,2,2
6.0,15.0,0.0,61.0,1.0,14.0,3.0,Chelsea,1.0,1.0,4.0,16.0,3.0,39.0,0.0,12.0,6.0,Leeds United,2.1,0.0,0.0,2.0,H,2022-08-21,H,1.1,0.8581560283687943,0.6399345335515548,1712.7993362650259,1894.8360852874234,-182.03674902239754,1.4500000000000002,1.0,12.0,14.5,5.0,4.5,1.4,1.5,10.0,14.5,5.0,4.5,15.0,15.0,2,2
5.0,7.0,3.0,69.0,0.0,21.0,10.0,Manchester City,2.0,2.0,5.0,14.0,3.0,31.0,0.0,12.0,6.0,Newcastle Utd,1.8,4.0,1.0,2.0,H,2022-08-21,D,-0.19999999999999996,0.5734597156398104,0.4500723589001448,1899.5248972494726,2000.0555871302647,-100.53068988079212,1.75,1.0,17.5,13.0,8.0,5.0,1.15,2.0,9.0,17.5,3.5,6.0,15.0,14.0,2,2
8.0,7.0,1.0,30.0,0.0,17.0,5.0,Liverpool,1.0,1.0,6.0,11.0,2.0,70.0,0.0,12.0,4.0,Manchester Utd,1.8,3.0,0.0,1.0,H,2022-08-22,H,0.8,0.7076023391812865,2.3289036544850497,1739.89943343953,1994.8542409456659,-254.95480750613592,1.6,1.5,14.5,16.0,4.5,4.5,1.5,1.0,10.5,14.0,3.5,4.5,15.0,16.0,2,2
5.0,8.0,1.0,58.0,0.0,14.0,7.0,Everton,1.0,2.0,8.0,8.0,1.0,42.0,0.0,19.0,5.0,Brentford,2.1,2.0,1.0,0.0,A,2022-08-27,D,1.1,1.3546099290780143,0.7246127366609294,1822.9185183714126,1726.6995064747496,96.219011896663,1.85,1.0,16.0,14.5,6.0,5.5,2.2,1.5,15.5,14.5,4.5,5.5,14.0,14.0,2,2
3.0,14.0,1.0,51.0,0.0,11.0,6.0,Manchester Utd,1.0,3.0,5.0,4.0,0.0,49.0,0.0,17.0,5.0,Southampton,1.4,0.0,0.0,0.0,D,2022-08-27,A,0.3999999999999999,1.5405405405405408,0.9608610567514677,1485.0415513826488,1739.89943343953,-254.85788205688118,1.2999999999999998,1.5,15.5,12.0,4.5,5.5,1.5,1.0,15.0,13.0,6.0,5.0,14.0,14.0,2,2
11.0,7.0,1.0,45.0,0.0,17.0,5.0,Leicester City,3.0,2.0,3.0,10.0,2.0,55.0,1.0,7.0,3.0,Chelsea,1.8,1.0,0.0,0.0,D,2022-08-27,H,-1.2,0.415204678362573,1.221729490022173,1894.8360852874234,1582.0828406343953,312.7532446530281,1.7000000000000002,2.0,11.5,13.5,3.0,5.0,2.25,2.0,13.0,11.5,5.0,3.5,13.0,14.0,2,2
3.0,14.0,0.0,44.0,0.0,10.0,2.0,Leeds United,2.0,3.0,5.0,10.0,1.0,56.0,0.0,13.0,4.0,Brighton,2.0,2.0,0.0,0.0,D,2022-08-27,H,0.0,1.297029702970297,1.272108843537415,1770.14782868638,1712.7993362650259,57.348492421354194,1.75,1.0,13.0,7.0,5.5,1.5,1.6,2.0,13.5,11.5,4.0,3.5,14.0,14.0,2,2
1.0,5.0,0.0,69.0,0.0,5.0,2.0,Bournemouth,0.0,1.0,8.0,6.0,9.0,31.0,0.0,19.0,12.0,Liverpool,3.3,0.0,0.0,5.0,H,2022-08-27,H,3.3,3.7450980392156867,0.4500723589001448,1994.8542409456659,1752.0306042874054,242.8236366582605,2.65,0.5,21.5,6.0,8.0,2.5,2.5,0.0,19.0,4.0,9.5,1.5,12.0,14.0,2,2
2.0,12.0,1.0,71.0,0.0,11.0,3.0,Fulham,1.0,3.0,9.0,6.0,2.0,29.0,0.0,22.0,8.0,Arsenal,2.6,2.0,0.0,0.0,D,2022-08-27,H,1.6,1.990990990990991,0.409282700421941,2031.4490737704036,1840.3307787196475,191.11829505075616,2.6500000000000004,1.0,20.5,8.5,7.5,2.5,1.75,1.5,14.5,10.0,4.5,3.0,14.0,14.0,2,2
1.0,8.0,2.0,74.0,0.0,2.0,2.0,Crystal Palace,0.0,2.0,6.0,14.0,4.0,26.0,0.0,18.0,5.0,Manchester City,2.2,1.0,2.0,0.0,A,2022-08-27,H,2.2,8.619047619047619,0.35222672064777333,2000.0555871302647,1762.76945717414,237.2861299561248,1.9500000000000002,0.0,18.5,2.5,6.0,1.5,2.1,0.5,21.0,4.5,4.5,2.5,14.0,12.0,2,2
13.0,11.0,1.0,63.0,0.0,21.0,6.0,Newcastle Utd,2.0,1.0,4.0,10.0,1.0,37.0,0.0,10.0,4.0,Wolves,0.7,2.0,0.0,1.0,H,2022-08-28,D,-1.3,0.47867298578199047,0.5879556259904913,1603.0797539280402,1899.5248972494726,-296.4451433214324,0.8,2.0,8.5,15.0,2.5,4.5,1.1,1.0,11.5,12.5,5.5,3.5,15.0,15.0,2,2
2.0,10.0,1.0,58.0,0.0,7.0,2.0,West Ham,1.0,0.0,3.0,10.0,0.0,42.0,0.0,9.0,3.0,Aston Villa,0.5,2.0,0.0,0.0,D,2022-08-28,A,-0.5,1.2816901408450705,0.7246127366609294,1853.1627836918879,1647.3033468244073,205.85943686748055,1.4,1.5,10.5,11.0,3.5,3.0,0.9,1.5,11.0,13.0,4.5,3.5,15.0,14.0,2,2
1.0,13.0,2.0,45.0,0.0,18.0,7.0,Tottenham,2.0,1.0,6.0,11.0,0.0,55.0,0.0,17.0,1.0,Nott'ham Forest,0.9,6.0,1.0,0.0,A,2022-08-28,A,-1.1,0.9447513812154696,1.221729490022173,1714.9753427172018,1789.5016562986125,-74.5263135814107,1.1,2.0,15.0,18.5,3.5,6.0,1.25,1.5,16.5,14.0,2.0,6.0,14.0,14.0,2,2
3.0,11.0,1.0,61.0,0.0,7.0,4.0,Brighton,1.0,1.0,3.0,9.0,2.0,39.0,0.0,10.0,3.0,Fulham,0.7,2.0,0.0,0.0,D,2022-08-30,H,-0.30000000000000004,1.4225352112676057,0.6399345335515548,1840.3307787196475,1770.14782868638,70.18295003326739,1.4333333333333333,1.3333333333333333,12.333333333333334,10.333333333333334,5.0,4.333333333333333,0.9666666666666667,1.6666666666666667,13.333333333333334,11.0,3.6666666666666665,3.3333333333333335,10.0,9.0,3,3
6.0,8.0,1.0,51.0,0.0,9.0,3.0,Brentford,1.0,2.0,4.0,11.0,1.0,49.0,0.0,13.0,4.0,Crystal Palace,1.0,1.0,0.0,0.0,D,2022-08-30,D,0.0,1.4395604395604396,0.9608610567514677,1762.76945717414,1822.9185183714126,-60.14906119727266,1.6000000000000003,1.0,13.333333333333334,10.666666666666666,5.0,3.3333333333333335,1.3333333333333333,1.3333333333333333,15.0,10.0,6.0,3.6666666666666665,10.0,10.0,3,3
3.0,10.0,1.0,67.0,0.0,10.0,4.0,Chelsea,1.0,1.0,5.0,15.0,2.0,33.0,0.0,9.0,7.0,Southampton,1.1,2.0,1.0,2.0,H,2022-08-30,H,0.10000000000000009,0.900990099009901,0.49329359165424747,1485.0415513826488,1894.8360852874234,-409.79453390477465,1.2333333333333334,1.3333333333333333,13.333333333333334,11.333333333333334,5.333333333333333,5.0,1.3,1.3333333333333333,9.666666666666666,13.0,5.666666666666667,4.333333333333333,3.0,9.0,3,3
2.0,9.0,1.0,31.0,0.0,7.0,2.0,Everton,1.0,3.0,10.0,10.0,1.0,69.0,0.0,14.0,5.0,Leeds United,1.0,3.0,1.0,0.0,A,2022-08-30,D,0.0,1.9859154929577465,2.2218649517684885,1712.7993362650259,1726.6995064747496,-13.900170209723683,1.3,1.0,12.666666666666666,12.0,5.0,3.6666666666666665,1.8,1.3333333333333333,15.0,12.0,4.666666666666667,4.333333333333333,9.0,3.0,3,3
5.0,12.0,0.0,65.0,0.0,17.0,4.0,Wolves,2.0,1.0,2.0,12.0,0.0,35.0,0.0,5.0,2.0,Bournemouth,0.4,2.0,0.0,0.0,D,2022-08-31,D,-1.6,0.29824561403508765,0.5391705069124425,1752.0306042874054,1603.0797539280402,148.95085035936518,0.43333333333333335,1.3333333333333333,6.0,15.333333333333334,2.0,4.0,0.9666666666666667,1.3333333333333333,9.333333333333334,17.333333333333332,3.3333333333333335,4.333333333333333,11.0,11.0,3,3
1.0,7.0,0.0,74.0,0.0,8.0,1.0,Nott'ham Forest,1.0,1.0,10.0,9.0,6.0,26.0,0.0,17.0,9.0,Manchester City,3.3,0.0,0.0,3.0,H,2022-08-31,H,2.3,2.111111111111111,0.35222672064777333,2000.0555871302647,1714.9753427172018,285.0802444130629,2.4,0.3333333333333333,18.0,4.333333333333333,7.0,1.3333333333333333,2.1666666666666665,0.6666666666666666,19.666666666666668,9.0,9.0,2.0,4.0,11.0,3,3
3.0,14.0,1.0,59.0,0.0,4.0,3.0,Aston Villa,0.0,3.0,10.0,10.0,2.0,41.0,0.0,22.0,9.0,Arsenal,2.4,2.0,0.0,1.0,H,2022-08-31,H,2.4,5.390243902439026,0.6954314720812182,2031.4490737704036,1853.1627836918879,178.28629007851578,2.566666666666667,0.6666666666666666,21.0,7.0,8.0,2.6666666666666665,1.8666666666666665,0.6666666666666666,15.333333333333334,10.666666666666666,7.0,3.3333333333333335,4.0,11.0,3,3
4.0,9.0,1.0,61.0,0.0,13.0,4.0,Tottenham,1.0,5.0,3.0,10.0,1.0,39.0,0.0,14.0,4.0,West Ham,1.2,2.0,1.0,0.0,A,2022-08-31,D,0.19999999999999996,1.0763358778625953,0.6399345335515548,1647.3033468244073,1789.5016562986125,-142.1983094742052,0.8333333333333334,1.6666666666666667,11.0,12.666666666666666,2.6666666666666665,2.6666666666666665,1.2333333333333334,1.3333333333333333,15.666666666666666,13.666666666666666,2.6666666666666665,5.333333333333333,10.0,3.0,3,3
0.0,10.0,1.0,28.0,0.0,5.0,2.0,Newcastle Utd,1.0,2.0,13.0,9.0,2.0,72.0,0.0,23.0,6.0,Liverpool,1.5,0.0,1.0,0.0,A,2022-08-31,H,0.5,4.529411764705883,2.565836298932384,1994.8542409456659,1899.5248972494726,95.32934369619329,2.2666666666666666,0.6666666666666666,22.0,5.666666666666667,7.333333333333333,2.3333333333333335,1.2333333333333334,1.0,15.333333333333334,10.0,5.666666666666667,3.0,4.0,3.0,3,3
3.0,15.0,1.0,47.0,0.0,9.0,2.0,Manchester Utd,2.0,3.0,1.0,7.0,0.0,53.0,0.0,10.0,2.0,Leicester City,0.7,1.0,1.0,0.0,A,2022-09-01,A,-1.3,1.10989010989011,1.127388535031847,1582.0828406343953,1739.89943343953,-157.81659280513463,0.5333333333333333,1.3333333333333333,10.0,8.666666666666666,2.6666666666666665,2.6666666666666665,1.2333333333333334,1.3333333333333333,13.333333333333334,11.666666666666666,4.666666666666667,4.0,12.0,5.0,3,3
9.0,11.0,0.0,61.0,0.0,23.0,8.0,Liverpool,2.0,2.0,7.0,7.0,0.0,39.0,0.0,14.0,3.0,Everton,1.7,2.0,0.0,0.0,D,2022-09-03,D,-0.30000000000000004,0.6103896103896104,0.6399345335515548,1726.6995064747496,1994.8542409456659,-268.1547344709163,1.3,1.6666666666666667,13.666666666666666,17.333333333333332,5.0,6.333333333333333,1.5666666666666667,1.3333333333333333,11.666666666666666,17.0,3.3333333333333335,5.666666666666667,14.0,12.0,3,3
3.0,6.0,1.0,52.0,0.0,9.0,3.0,Fulham,1.0,4.0,10.0,9.0,2.0,48.0,0.0,23.0,10.0,Tottenham,2.9,3.0,0.0,1.0,H,2022-09-03,H,1.9,2.5384615384615388,0.9232245681381958,1789.5016562986125,1840.3307787196475,-50.82912242103498,2.033333333333333,1.0,17.333333333333332,13.0,7.333333333333333,2.6666666666666665,2.1333333333333333,1.3333333333333333,17.333333333333332,9.666666666666666,6.333333333333333,3.0,14.0,7.0,3,3
6.0,10.0,3.0,48.0,0.0,8.0,3.0,Bournemouth,1.0,1.0,4.0,13.0,2.0,52.0,0.0,11.0,3.0,Nott'ham Forest,1.9,2.0,0.0,2.0,H,2022-09-03,A,0.8999999999999999,1.3703703703703705,1.0831600831600832,1714.9753427172018,1752.0306042874054,-37.055261570203584,1.3666666666666665,1.6666666666666667,13.666666666666666,15.0,3.3333333333333335,5.0,2.3000000000000003,0.3333333333333333,16.333333333333332,5.333333333333333,7.333333333333333,2.0,6.0,7.0,3,3
6.0,14.0,0.0,51.0,0.0,12.0,1.0,Southampton,1.0,2.0,5.0,10.0,1.0,49.0,0.0,7.0,2.0,Wolves,0.8,4.0,0.0,1.0,H,2022-09-03,H,-0.19999999999999996,0.5867768595041322,0.9608610567514677,1603.0797539280402,1485.0415513826488,118.03820254539141,0.7999999999999999,1.6666666666666667,8.0,14.0,2.3333333333333335,3.3333333333333335,0.8666666666666667,1.0,10.333333333333334,10.333333333333334,3.6666666666666665,2.0,6.0,14.0,3,3
5.0,12.0,0.0,52.0,0.0,19.0,9.0,Crystal Palace,1.0,1.0,13.0,19.0,0.0,48.0,0.0,23.0,6.0,Newcastle Utd,2.8,2.0,0.0,0.0,D,2022-09-03,D,1.7999999999999998,1.2094240837696335,0.9232245681381958,1899.5248972494726,1762.76945717414,136.75544007533267,2.1,1.0,19.333333333333332,15.0,7.333333333333333,6.333333333333333,2.3333333333333335,0.6666666666666666,21.666666666666668,9.333333333333334,5.0,4.666666666666667,13.0,7.0,3,3
3.0,11.0,1.0,67.0,0.0,6.0,3.0,West Ham,1.0,2.0,10.0,6.0,2.0,33.0,0.0,8.0,3.0,Chelsea,0.9,4.0,0.0,0.0,D,2022-09-03,H,-0.09999999999999998,1.3278688524590163,0.49329359165424747,1894.8360852874234,1647.3033468244073,247.53273846301613,1.4333333333333333,1.6666666666666667,10.333333333333334,11.0,3.0,4.333333333333333,0.9,1.3333333333333333,10.0,10.666666666666666,4.0,3.3333333333333335,7.0,6.0,3,3
6.0,9.0,2.0,32.0,0.0,17.0,6.0,Leeds United,2.0,2.0,2.0,8.0,5.0,68.0,0.0,14.0,8.0,Brentford,2.3,2.0,1.0,2.0,H,2022-09-03,H,0.2999999999999998,0.8245614035087718,2.1214953271028034,1822.9185183714126,1712.7993362650259,110.11918210638669,2.0,1.3333333333333333,15.333333333333334,15.333333333333334,6.666666666666667,5.666666666666667,1.8333333333333333,2.0,13.666666666666666,13.333333333333334,5.333333333333333,4.333333333333333,7.0,7.0,3,3
4.0,6.0,1.0,71.0,0.0,13.0,4.0,Manchester City,2.0,0.0,1.0,7.0,1.0,29.0,0.0,3.0,1.0,Aston Villa,0.3,2.0,0.0,0.0,D,2022-09-03,D,-1.7,0.2366412213740458,0.409282700421941,1853.1627836918879,2000.0555871302647,-146.89280343837686,1.0333333333333332,1.6666666666666667,8.0,11.666666666666666,2.6666666666666665,3.3333333333333335,0.8666666666666667,2.0,7.0,16.0,2.6666666666666665,5.333333333333333,6.0,13.0,3,3
1.0,8.0,2.0,53.0,0.0,6.0,4.0,Leicester City,1.0,1.0,10.0,6.0,5.0,47.0,0.0,23.0,11.0,Brighton,2.6,1.0,2.0,2.0,D,2022-09-04,H,1.6,3.7868852459016398,0.8870056497175142,1770.14782868638,1582.0828406343953,188.06498805198476,2.033333333333333,1.0,16.333333333333332,6.666666666666667,7.333333333333333,2.3333333333333335,2.3666666666666667,1.6666666666666667,16.333333333333332,9.666666666666666,7.0,3.6666666666666665,8.0,8.0,3,3
5.0,9.0,1.0,60.0,0.0,16.0,3.0,Arsenal,1.0,3.0,2.0,13.0,3.0,40.0,0.0,10.0,6.0,Manchester Utd,1.5,3.0,0.0,1.0,H,2022-09-04,H,0.5,0.6273291925465838,0.6672212978369384,1739.89943343953,2031.4490737704036,-291.5496403308737,1.5666666666666667,1.3333333333333333,13.0,16.0,5.0,4.0,1.0,1.0,8.666666666666666,13.333333333333334,3.0,3.6666666666666665,13.0,15.0,3,3
10.0,10.0,3.0,59.0,0.0,15.0,7.0,Fulham,1.0,4.0,2.0,11.0,2.0,41.0,0.0,11.0,3.0,Nott'ham Forest,1.4,2.0,0.0,1.0,H,2022-09-16,A,0.3999999999999999,0.7350993377483444,0.6954314720812182,1714.9753427172018,1840.3307787196475,-125.35543600244569,1.4000000000000001,1.3333333333333333,13.0,13.666666666666666,2.3333333333333335,5.666666666666667,2.3,1.0,18.666666666666668,11.666666666666666,7.0,4.333333333333333,13.0,13.0,4,4
3.0,13.0,0.0,53.0,0.0,7.0,1.0,Southampton,0.0,1.0,6.0,13.0,1.0,47.0,0.0,11.0,3.0,Aston Villa,1.5,3.0,0.0,1.0,H,2022-09-16,H,1.5,1.563380281690141,0.8870056497175142,1853.1627836918879,1485.0415513826488,368.1212323092391,0.7666666666666666,1.0,7.666666666666667,9.0,2.3333333333333335,2.3333333333333335,0.8666666666666667,0.6666666666666666,8.0,9.333333333333334,2.0,1.6666666666666667,13.0,13.0,4,4
7.0,9.0,3.0,59.0,0.0,16.0,7.0,Manchester City,1.0,1.0,5.0,7.0,0.0,41.0,1.0,6.0,1.0,Wolves,0.4,2.0,2.0,0.0,A,2022-09-17,A,-0.6,0.3788819875776397,0.6954314720812182,1603.0797539280402,2000.0555871302647,-396.9758332022245,0.6333333333333334,1.3333333333333333,7.666666666666667,16.333333333333332,2.3333333333333335,4.666666666666667,0.8333333333333334,1.6666666666666667,7.0,16.666666666666668,2.6666666666666665,7.0,14.0,14.0,4,4
1.0,11.0,1.0,72.0,0.0,10.0,3.0,Bournemouth,1.0,2.0,8.0,10.0,1.0,28.0,0.0,20.0,7.0,Newcastle Utd,1.9,2.0,0.0,0.0,D,2022-09-17,D,0.8999999999999999,1.9900990099009903,0.38973647711511794,1899.5248972494726,1752.0306042874054,147.49429296206722,2.1666666666666665,1.3333333333333333,18.333333333333332,16.666666666666668,6.333333333333333,7.333333333333333,2.3666666666666667,0.6666666666666666,16.666666666666668,7.666666666666667,7.333333333333333,2.6666666666666665,14.0,14.0,4,4
1.0,9.0,2.0,44.0,0.0,19.0,7.0,Leicester City,2.0,2.0,6.0,9.0,6.0,56.0,0.0,16.0,11.0,Tottenham,2.2,1.0,2.0,2.0,D,2022-09-17,H,0.20000000000000018,0.8429319371727749,1.272108843537415,1789.5016562986125,1582.0828406343953,207.41881566421716,2.2666666666666666,1.3333333333333333,16.666666666666668,16.0,8.333333333333334,4.333333333333333,2.2,2.0,15.333333333333334,14.0,8.333333333333334,5.333333333333333,14.0,13.0,4,4
3.0,10.0,3.0,63.0,0.0,13.0,7.0,Arsenal,2.0,2.0,3.0,10.0,0.0,37.0,0.0,5.0,2.0,Brentford,0.5,0.0,2.0,0.0,A,2022-09-18,A,-1.5,0.3893129770992366,0.5879556259904913,1822.9185183714126,2031.4490737704036,-208.53055539899105,1.6333333333333335,1.6666666666666667,12.666666666666666,14.666666666666666,5.0,6.666666666666667,0.7666666666666666,1.3333333333333333,7.0,14.333333333333334,3.0,5.333333333333333,15.0,14.0,4,4
14.0,11.0,0.0,47.0,0.0,14.0,4.0,West Ham,1.0,1.0,5.0,8.0,1.0,53.0,0.0,7.0,2.0,Everton,0.4,3.0,0.0,0.0,D,2022-09-18,H,-0.6,0.5035460992907801,1.127388535031847,1726.6995064747496,1647.3033468244073,79.39615965034227,1.2,1.3333333333333333,13.333333333333334,17.0,4.333333333333333,5.666666666666667,0.6,1.0,8.0,9.0,2.6666666666666665,3.0,15.0,15.0,4,4
2.0,10.0,1.0,64.0,1.0,7.0,3.0,Tottenham,2.0,1.0,5.0,10.0,3.0,36.0,0.0,22.0,9.0,Arsenal,2.4,2.0,1.0,1.0,D,2022-10-01,H,0.3999999999999999,3.1126760563380285,0.5631825273010921,2031.4490737704036,1789.5016562986125,241.94741747179114,2.466666666666667,1.0,22.0,7.333333333333333,8.666666666666666,3.0,1.5,1.6666666666666667,17.666666666666668,12.666666666666666,4.666666666666667,4.666666666666667,31.0,31.0,4,4
8.0,10.0,4.0,67.0,0.0,19.0,10.0,Newcastle Utd,3.0,0.0,1.0,9.0,1.0,33.0,1.0,3.0,1.0,Fulham,0.5,2.0,3.0,0.0,A,2022-10-01,A,-2.5,0.16230366492146597,0.49329359165424747,1840.3307787196475,1899.5248972494726,-59.19411852982512,1.2,2.0,10.333333333333334,13.0,4.333333333333333,6.333333333333333,0.9,2.0,12.0,15.0,3.6666666666666665,6.0,32.0,31.0,4,4
2.0,13.0,3.0,54.0,0.0,6.0,6.0,Brighton,1.0,1.0,9.0,9.0,3.0,46.0,0.0,15.0,7.0,Liverpool,1.5,1.0,2.0,1.0,A,2022-10-01,D,0.5,2.475409836065574,0.8521256931608133,1994.8542409456659,1770.14782868638,224.7064122592858,2.1,0.6666666666666666,19.0,5.333333333333333,8.333333333333334,3.3333333333333335,1.0,1.3333333333333333,12.666666666666666,8.0,4.333333333333333,4.0,31.0,32.0,4,4
2.0,13.0,2.0,36.0,0.0,13.0,3.0,Chelsea,1.0,3.0,5.0,11.0,1.0,64.0,0.0,7.0,3.0,Crystal Palace,0.4,1.0,1.0,1.0,D,2022-10-01,A,-0.6,0.5419847328244275,1.7756232686980606,1762.76945717414,1894.8360852874234,-132.0666281132835,1.3333333333333333,1.0,12.333333333333334,11.666666666666666,5.333333333333333,3.6666666666666665,1.2,1.0,9.333333333333334,12.333333333333334,5.333333333333333,3.3333333333333335,32.0,32.0,4,4
8.0,10.0,0.0,58.0,0.0,13.0,4.0,Brentford,1.0,2.0,7.0,11.0,0.0,42.0,0.0,7.0,1.0,Bournemouth,0.4,1.0,0.0,0.0,D,2022-10-01,D,-0.6,0.5419847328244275,0.7246127366609294,1752.0306042874054,1822.9185183714126,-70.8879140840072,0.3666666666666667,1.3333333333333333,6.0,14.666666666666666,1.3333333333333333,4.666666666666667,1.2666666666666666,1.3333333333333333,12.666666666666666,11.666666666666666,4.666666666666667,4.0,31.0,32.0,4,4
6.0,10.0,2.0,45.0,0.0,12.0,5.0,Everton,2.0,2.0,7.0,11.0,1.0,55.0,0.0,22.0,6.0,Southampton,1.7,2.0,0.0,0.0,D,2022-10-01,A,-0.30000000000000004,1.8264462809917357,1.221729490022173,1485.0415513826488,1726.6995064747496,-241.6579550921008,1.3999999999999997,1.3333333333333333,16.0,11.0,6.0,5.0,1.5999999999999999,1.3333333333333333,18.333333333333332,11.0,5.333333333333333,4.666666666666667,32.0,32.0,4,4
6.0,6.0,0.0,61.0,0.0,15.0,4.0,Wolves,1.0,2.0,1.0,8.0,2.0,39.0,0.0,18.0,5.0,West Ham,0.9,2.0,0.0,1.0,H,2022-10-01,H,-0.09999999999999998,1.1986754966887418,0.6399345335515548,1647.3033468244073,1603.0797539280402,44.22359289636711,0.9666666666666667,1.3333333333333333,15.0,13.0,4.0,3.3333333333333335,1.0,1.3333333333333333,11.333333333333334,17.333333333333332,3.6666666666666665,3.6666666666666665,31.0,31.0,4,4
1.0,9.0,3.0,53.0,0.0,12.0,8.0,Manchester Utd,2.0,3.0,5.0,3.0,6.0,47.0,0.0,22.0,10.0,Manchester City,3.2,0.0,0.0,4.0,H,2022-10-02,H,1.2000000000000002,1.8264462809917357,0.8870056497175142,2000.0555871302647,1739.89943343953,260.15615369073475,2.9,1.0,19.0,7.333333333333333,8.0,3.6666666666666665,1.7666666666666668,1.6666666666666667,16.333333333333332,10.666666666666666,5.666666666666667,5.333333333333333,32.0,31.0,4,4
9.0,12.0,0.0,56.0,0.0,19.0,7.0,Aston Villa,2.0,2.0,2.0,23.0,0.0,44.0,1.0,9.0,1.0,Leeds United,0.4,3.0,0.0,0.0,D,2022-10-02,D,-1.6,0.4764397905759162,0.786096256684492,1712.7993362650259,1853.1627836918879,-140.36344742686197,1.1666666666666665,1.3333333333333333,11.666666666666666,13.333333333333334,4.0,4.0,1.8,1.0,16.0,12.0,6.333333333333333,5.0,33.0,32.0,4,4
6.0,12.0,0.0,49.0,0.0,10.0,3.0,Nott'ham Forest,1.0,4.0,6.0,13.0,4.0,51.0,0.0,17.0,7.0,Leicester City,1.3,2.0,0.0,3.0,H,2022-10-03,H,0.30000000000000004,1.6930693069306932,1.0407331975560081,1582.0828406343953,1714.9753427172018,-132.89250208280646,0.7666666666666666,1.3333333333333333,11.0,9.333333333333334,3.3333333333333335,2.6666666666666665,2.033333333333333,1.0,17.666666666666668,10.666666666666666,8.0,3.0,32.0,33.0,4,4
5.0,9.0,1.0,54.0,0.0,6.0,3.0,Brentford,1.0,1.0,9.0,14.0,5.0,46.0,0.0,16.0,6.0,Newcastle Utd,1.5,0.0,0.0,2.0,H,2022-10-08,H,0.5,2.6393442622950825,0.8521256931608133,1899.5248972494726,1822.9185183714126,76.60637887806001,2.0666666666666664,1.0,19.666666666666668,11.666666666666666,6.333333333333333,5.0,0.9666666666666667,1.0,12.0,9.333333333333334,3.6666666666666665,3.3333333333333335,21.0,7.0,5,5
2.0,16.0,1.0,45.0,0.0,9.0,5.0,Leicester City,1.0,2.0,7.0,8.0,2.0,55.0,0.0,10.0,4.0,Bournemouth,1.1,1.0,1.0,0.0,A,2022-10-08,H,0.10000000000000009,1.10989010989011,1.221729490022173,1752.0306042874054,1582.0828406343953,169.94776365301004,0.6333333333333334,1.3333333333333333,7.333333333333333,13.0,2.3333333333333335,4.333333333333333,1.9666666666666668,1.3333333333333333,16.333333333333332,11.333333333333334,8.666666666666666,5.333333333333333,7.0,21.0,5,5
2.0,8.0,0.0,57.0,0.0,8.0,2.0,Wolves,1.0,0.0,4.0,8.0,3.0,43.0,0.0,20.0,7.0,Chelsea,1.9,2.0,0.0,1.0,H,2022-10-08,H,0.8999999999999999,2.481481481481482,0.7548161120840631,1894.8360852874234,1603.0797539280402,291.75633135938324,1.5333333333333332,1.6666666666666667,11.666666666666666,10.333333333333334,4.333333333333333,3.3333333333333335,1.0666666666666667,1.3333333333333333,14.333333333333334,13.333333333333334,4.666666666666667,3.3333333333333335,35.0,7.0,4,5
1.0,8.0,0.0,65.0,0.0,5.0,0.0,Southampton,0.0,1.0,9.0,4.0,4.0,35.0,0.0,21.0,8.0,Manchester City,2.4,0.0,0.0,2.0,H,2022-10-08,H,2.4,4.137254901960785,0.5391705069124425,2000.0555871302647,1485.0415513826488,515.0140357476159,2.966666666666667,1.0,20.0,8.333333333333334,9.0,3.0,1.5666666666666667,0.3333333333333333,13.0,8.0,4.333333333333333,0.6666666666666666,6.0,22.0,5,5
2.0,14.0,1.0,59.0,0.0,8.0,3.0,Tottenham,1.0,2.0,6.0,9.0,0.0,41.0,0.0,14.0,4.0,Brighton,0.7,1.0,1.0,0.0,A,2022-10-08,A,-0.30000000000000004,1.7407407407407407,0.6954314720812182,1770.14782868638,1789.5016562986125,-19.353827612232408,1.7666666666666666,1.3333333333333333,16.666666666666668,8.0,6.333333333333333,3.0,1.4333333333333333,1.3333333333333333,16.666666666666668,9.333333333333334,5.666666666666667,3.3333333333333335,34.0,7.0,4,5
3.0,23.0,1.0,54.0,0.0,10.0,4.0,Leeds United,1.0,3.0,5.0,13.0,2.0,46.0,0.0,13.0,5.0,Crystal Palace,1.1,3.0,1.0,1.0,D,2022-10-09,H,0.10000000000000009,1.297029702970297,0.8521256931608133,1762.76945717414,1712.7993362650259,49.97012090911403,0.8333333333333335,1.0,11.0,10.666666666666666,4.0,3.3333333333333335,1.8,1.6666666666666667,13.333333333333334,12.333333333333334,5.666666666666667,4.0,8.0,36.0,5,4
2.0,7.0,1.0,50.0,0.0,8.0,2.0,Fulham,1.0,3.0,4.0,9.0,3.0,50.0,0.0,17.0,8.0,West Ham,2.4,1.0,1.0,1.0,D,2022-10-09,H,1.4,2.111111111111111,1.0,1647.3033468244073,1840.3307787196475,-193.02743189524017,1.5,1.0,16.333333333333332,12.0,5.666666666666667,3.3333333333333335,2.233333333333333,1.0,17.0,10.666666666666666,7.0,4.0,8.0,23.0,5,5
4.0,13.0,2.0,60.0,0.0,12.0,4.0,Manchester Utd,1.0,1.0,5.0,7.0,1.0,40.0,0.0,11.0,2.0,Everton,0.6,2.0,2.0,1.0,A,2022-10-09,A,-0.4,0.9173553719008264,0.6672212978369384,1726.6995064747496,1739.89943343953,-13.199926964780389,0.8999999999999999,1.3333333333333333,10.666666666666666,16.333333333333332,2.3333333333333335,5.333333333333333,1.5,1.6666666666666667,14.333333333333334,11.0,4.666666666666667,4.666666666666667,21.0,7.0,5,5
3.0,11.0,2.0,43.0,0.0,8.0,3.0,Liverpool,1.0,2.0,4.0,11.0,3.0,57.0,0.0,11.0,7.0,Arsenal,2.7,1.0,1.0,2.0,H,2022-10-09,H,1.7000000000000002,1.3703703703703705,1.3248259860788862,2031.4490737704036,1994.8542409456659,36.59483282473775,2.5,1.0,18.333333333333332,6.333333333333333,8.333333333333334,3.0,2.066666666666667,1.3333333333333333,12.333333333333334,16.0,4.666666666666667,5.333333333333333,8.0,36.0,5,4
4.0,19.0,1.0,60.0,0.0,12.0,2.0,Aston Villa,1.0,3.0,1.0,13.0,1.0,40.0,0.0,6.0,3.0,Nott'ham Forest,0.3,3.0,1.0,1.0,D,2022-10-10,D,-0.7,0.5041322314049587,0.6672212978369384,1714.9753427172018,1853.1627836918879,-138.18744097468607,1.2,1.0,9.333333333333334,11.666666666666666,3.0,4.0,1.0333333333333334,1.0,12.333333333333334,11.666666666666666,4.333333333333333,4.0,24.0,8.0,5,5
11.0,15.0,0.0,72.0,0.0,21.0,7.0,Brighton,2.0,1.0,2.0,12.0,2.0,28.0,0.0,7.0,3.0,Brentford,1.5,3.0,0.0,1.0,H,2022-10-14,H,-0.5,0.33649289099526064,0.38973647711511794,1822.9185183714126,1770.14782868638,52.770689685032494,1.4333333333333333,2.0,8.666666666666666,17.0,4.333333333333333,6.666666666666667,1.2333333333333334,1.3333333333333333,10.666666666666666,11.333333333333334,4.333333333333333,5.666666666666667,26.0,13.0,5,5
2.0,13.0,0.0,46.0,0.0,8.0,1.0,Crystal Palace,0.0,2.0,9.0,18.0,0.0,54.0,0.0,14.0,5.0,Leicester City,1.0,2.0,0.0,0.0,D,2022-10-15,D,1.0,1.7407407407407407,1.17353579175705,1582.0828406343953,1762.76945717414,-180.6866165397446,1.0,1.0,13.666666666666666,9.0,4.666666666666667,2.0,2.0,0.3333333333333333,18.333333333333332,9.666666666666666,5.333333333333333,4.0,12.0,42.0,5,4
6.0,11.0,2.0,69.0,0.0,10.0,6.0,Bournemouth,1.0,0.0,5.0,9.0,2.0,31.0,0.0,19.0,4.0,Fulham,2.1,2.0,2.0,1.0,A,2022-10-15,D,1.1,1.8910891089108912,0.4500723589001448,1840.3307787196475,1752.0306042874054,88.3001744322421,1.1000000000000003,1.6666666666666667,10.666666666666666,12.0,2.6666666666666665,6.666666666666667,1.9666666666666668,1.0,16.666666666666668,9.333333333333334,4.666666666666667,4.0,14.0,28.0,5,5
5.0,13.0,0.0,58.0,0.0,10.0,2.0,Nott'ham Forest,2.0,2.0,4.0,17.0,1.0,42.0,0.0,9.0,2.0,Wolves,1.3,2.0,0.0,0.0,D,2022-10-15,H,-0.7,0.900990099009901,0.7246127366609294,1603.0797539280402,1714.9753427172018,-111.8955887891616,0.8333333333333334,1.3333333333333333,7.333333333333333,12.666666666666666,1.6666666666666667,3.3333333333333335,1.9666666666666668,1.3333333333333333,14.333333333333334,9.333333333333334,6.0,2.0,28.0,12.0,5,5
1.0,13.0,0.0,62.0,0.0,4.0,0.0,Everton,0.0,4.0,7.0,12.0,2.0,38.0,0.0,21.0,7.0,Tottenham,2.2,1.0,0.0,0.0,D,2022-10-15,H,2.2,5.146341463414635,0.6135265700483092,1789.5016562986125,1726.6995064747496,62.80214982386292,2.433333333333333,1.0,20.0,10.666666666666666,9.333333333333334,3.3333333333333335,1.6333333333333335,1.0,19.0,7.666666666666667,6.0,2.3333333333333335,28.0,14.0,5,5
3.0,11.0,1.0,53.0,0.0,9.0,4.0,Arsenal,1.0,2.0,6.0,10.0,0.0,47.0,0.0,16.0,4.0,Leeds United,1.8,0.0,1.0,0.0,A,2022-10-16,A,0.8,1.7692307692307694,0.8870056497175142,1712.7993362650259,2031.4490737704036,-318.64973750537774,1.0666666666666667,1.3333333333333333,13.0,11.666666666666666,3.3333333333333335,4.333333333333333,1.2666666666666666,1.3333333333333333,10.333333333333334,12.666666666666666,4.0,4.666666666666667,14.0,28.0,5,5
1.0,11.0,2.0,42.0,0.0,8.0,4.0,Chelsea,1.0,3.0,7.0,12.0,0.0,58.0,0.0,18.0,7.0,Aston Villa,1.8,0.0,1.0,0.0,A,2022-10-16,A,0.8,2.234567901234568,1.3800475059382422,1853.1627836918879,1894.8360852874234,-41.67330159553558,1.2,1.0,10.666666666666666,9.333333333333334,3.6666666666666665,3.0,1.1000000000000003,1.0,11.333333333333334,10.333333333333334,5.666666666666667,3.6666666666666665,30.0,15.0,5,5
6.0,7.0,0.0,63.0,0.0,16.0,6.0,Manchester City,1.0,1.0,5.0,10.0,1.0,37.0,0.0,13.0,2.0,Liverpool,2.1,3.0,0.0,0.0,D,2022-10-16,H,1.1,0.8136645962732918,0.5879556259904913,1994.8542409456659,2000.0555871302647,-5.201346184598833,1.7,1.0,17.0,9.0,5.0,4.666666666666667,0.9333333333333332,1.3333333333333333,7.333333333333333,15.0,1.3333333333333333,5.666666666666667,15.0,29.0,5,5
14.0,3.0,1.0,61.0,0.0,25.0,4.0,West Ham,2.0,1.0,4.0,7.0,1.0,39.0,0.0,10.0,8.0,Southampton,0.5,1.0,0.0,1.0,H,2022-10-16,D,-1.5,0.40239043824701193,0.6399345335515548,1485.0415513826488,1647.3033468244073,-162.26179544175852,1.1,1.6666666666666667,13.666666666666666,15.666666666666666,7.0,4.333333333333333,0.6,1.3333333333333333,8.333333333333334,15.0,4.333333333333333,3.6666666666666665,15.0,28.0,5,5
4.0,11.0,0.0,63.0,0.0,9.0,2.0,Newcastle Utd,1.0,1.0,4.0,13.0,0.0,37.0,0.0,15.0,2.0,Manchester Utd,0.8,3.0,0.0,0.0,D,2022-10-16,D,-0.19999999999999996,1.6593406593406594,0.5879556259904913,1739.89943343953,1899.5248972494726,-159.62546380994263,1.3666666666666665,1.0,12.333333333333334,14.0,4.0,3.3333333333333335,0.9333333333333332,1.6666666666666667,13.666666666666666,11.0,3.0,4.666666666666667,42.0,15.0,4,5
1.0,14.0,0.0,70.0,0.0,3.0,0.0,Nott'ham Forest,0.0,1.0,9.0,10.0,0.0,30.0,0.0,19.0,7.0,Brighton,1.7,3.0,0.0,0.0,D,2022-10-18,D,1.7,6.161290322580645,0.4293865905848788,1770.14782868638,1714.9753427172018,55.1724859691783,1.6666666666666667,0.6666666666666666,18.666666666666668,5.666666666666667,7.333333333333333,2.3333333333333335,1.4333333333333333,1.0,15.0,7.666666666666667,5.333333333333333,1.6666666666666667,10.0,3.0,5,6
3.0,18.0,1.0,51.0,0.0,10.0,4.0,Wolves,1.0,1.0,4.0,14.0,2.0,49.0,0.0,14.0,4.0,Crystal Palace,1.2,3.0,1.0,0.0,A,2022-10-18,H,0.19999999999999996,1.396039603960396,0.9608610567514677,1762.76945717414,1603.0797539280402,159.68970324609973,0.9,1.0,11.333333333333334,11.0,4.0,3.6666666666666665,1.3333333333333333,1.0,17.333333333333332,11.0,5.333333333333333,3.3333333333333335,9.0,10.0,6,6
3.0,13.0,1.0,54.0,0.0,9.0,3.0,Southampton,1.0,3.0,7.0,8.0,0.0,46.0,0.0,15.0,3.0,Bournemouth,1.0,1.0,1.0,0.0,A,2022-10-19,A,0.0,1.6593406593406594,0.8521256931608133,1752.0306042874054,1485.0415513826488,266.9890529047566,0.8333333333333334,1.0,10.666666666666666,10.333333333333334,2.6666666666666665,4.0,1.6333333333333335,0.3333333333333333,15.666666666666666,7.0,4.666666666666667,1.3333333333333333,11.0,11.0,6,6
2.0,12.0,0.0,49.0,0.0,1.0,0.0,Everton,0.0,4.0,8.0,9.0,1.0,51.0,0.0,16.0,4.0,Newcastle Utd,1.5,2.0,0.0,1.0,H,2022-10-19,H,1.5,14.636363636363637,1.0407331975560081,1899.5248972494726,1726.6995064747496,172.82539077472302,1.6333333333333335,0.6666666666666666,17.333333333333332,5.666666666666667,5.666666666666667,2.0,1.8,0.6666666666666666,19.666666666666668,5.666666666666667,5.666666666666667,1.6666666666666667,11.0,4.0,6,6
2.0,7.0,0.0,34.0,0.0,14.0,5.0,Chelsea,1.0,0.0,6.0,7.0,0.0,66.0,0.0,8.0,5.0,Brentford,1.3,0.0,0.0,0.0,D,2022-10-19,D,0.30000000000000004,0.5744680851063829,1.9384164222873899,1822.9185183714126,1894.8360852874234,-71.91756691601086,1.0999999999999999,1.6666666666666667,6.666666666666667,16.0,3.3333333333333335,6.333333333333333,1.166666666666667,1.0,11.0,11.666666666666666,5.0,4.0,5.0,3.0,6,6
3.0,8.0,0.0,54.0,0.0,8.0,3.0,West Ham,2.0,0.0,8.0,9.0,1.0,46.0,0.0,22.0,7.0,Liverpool,1.7,0.0,0.0,1.0,H,2022-10-19,H,-0.30000000000000004,2.728395061728395,0.8521256931608133,1994.8542409456659,1647.3033468244073,347.5508941212586,1.7666666666666666,1.3333333333333333,16.666666666666668,10.0,5.333333333333333,5.0,0.8666666666666667,1.6666666666666667,13.0,15.666666666666666,5.666666666666667,3.6666666666666665,3.0,3.0,6,6
3.0,7.0,0.0,52.0,0.0,9.0,2.0,Tottenham,1.0,0.0,8.0,7.0,2.0,48.0,0.0,28.0,10.0,Manchester Utd,1.5,1.0,0.0,0.0,D,2022-10-19,H,0.5,3.087912087912088,0.9232245681381958,1739.89943343953,1789.5016562986125,-49.60222285908253,1.2666666666666668,1.0,17.666666666666668,11.333333333333334,6.0,2.3333333333333335,1.5333333333333332,1.3333333333333333,21.333333333333332,8.0,7.666666666666667,2.6666666666666665,3.0,11.0,5,6
7.0,11.0,0.0,40.0,1.0,12.0,6.0,Aston Villa,1.0,2.0,9.0,11.0,3.0,60.0,0.0,18.0,8.0,Fulham,2.1,0.0,0.0,1.0,H,2022-10-20,H,1.1,1.4958677685950414,1.4987531172069826,1840.3307787196475,1853.1627836918879,-12.832004972240384,1.566666666666667,1.6666666666666667,13.333333333333334,13.666666666666666,4.333333333333333,7.333333333333333,0.9333333333333335,1.3333333333333333,11.0,14.333333333333334,4.0,5.0,5.0,10.0,6,6
9.0,11.0,0.0,46.0,0.0,14.0,2.0,Leeds United,1.0,1.0,2.0,15.0,2.0,54.0,0.0,5.0,1.0,Leicester City,0.8,2.0,0.0,2.0,H,2022-10-20,H,-0.19999999999999996,0.36170212765957444,1.17353579175705,1582.0828406343953,1712.7993362650259,-130.71649563063056,1.0333333333333332,0.6666666666666666,12.0,10.666666666666666,4.333333333333333,2.0,1.4000000000000001,1.3333333333333333,10.666666666666666,13.666666666666666,4.666666666666667,4.0,5.0,11.0,6,5
4.0,14.0,0.0,54.0,0.0,9.0,2.0,Crystal Palace,1.0,4.0,3.0,16.0,3.0,46.0,0.0,9.0,6.0,Everton,1.4,3.0,0.0,1.0,H,2022-10-22,H,0.3999999999999999,1.0,0.8521256931608133,1726.6995064747496,1762.76945717414,-36.06995069939035,0.7999999999999999,1.0,9.0,11.666666666666666,3.3333333333333335,3.3333333333333335,1.7333333333333332,0.6666666666666666,15.333333333333334,12.0,5.666666666666667,4.0,13.0,7.0,6,5
11.0,8.0,0.0,75.0,0.0,15.0,7.0,Liverpool,2.0,1.0,2.0,14.0,1.0,25.0,0.0,10.0,7.0,Nott'ham Forest,1.9,2.0,0.0,0.0,D,2022-10-22,H,-0.10000000000000009,0.6688741721854304,0.3342210386151798,1714.9753427172018,1994.8542409456659,-279.8788982284641,1.2,1.3333333333333333,9.0,14.0,4.333333333333333,5.333333333333333,2.1,1.6666666666666667,11.666666666666666,15.333333333333334,5.666666666666667,6.0,12.0,13.0,6,5
4.0,10.0,1.0,52.0,0.0,13.0,6.0,Manchester Utd,1.0,4.0,6.0,8.0,1.0,48.0,0.0,6.0,2.0,Chelsea,1.1,1.0,0.0,0.0,D,2022-10-22,D,0.10000000000000009,0.46564885496183206,0.9232245681381958,1894.8360852874234,1739.89943343953,154.93665184789347,1.3,1.0,11.333333333333334,9.0,4.0,3.6666666666666665,1.6333333333333335,1.3333333333333333,13.0,12.333333333333334,4.666666666666667,6.0,14.0,13.0,5,6
3.0,12.0,1.0,48.0,0.0,8.0,2.0,Brighton,1.0,3.0,7.0,11.0,3.0,52.0,0.0,10.0,4.0,Manchester City,1.6,1.0,0.0,2.0,H,2022-10-22,H,0.6000000000000001,1.2469135802469136,1.0831600831600832,2000.0555871302647,1770.14782868638,229.90775844388463,2.4,1.0,17.666666666666668,8.333333333333334,7.333333333333333,3.3333333333333335,1.5333333333333332,1.3333333333333333,10.666666666666666,11.666666666666666,4.666666666666667,5.0,14.0,8.0,6,6
2.0,13.0,4.0,60.0,0.0,5.0,4.0,Leicester City,1.0,1.0,9.0,10.0,0.0,40.0,0.0,21.0,5.0,Wolves,2.1,2.0,2.0,0.0,A,2022-10-23,A,1.1,4.137254901960785,0.6672212978369384,1603.0797539280402,1582.0828406343953,20.996913293644866,1.2666666666666668,1.3333333333333333,12.0,10.333333333333334,2.6666666666666665,4.333333333333333,1.8,1.3333333333333333,15.666666666666666,11.0,6.666666666666667,5.333333333333333,8.0,15.0,6,6
6.0,11.0,0.0,45.0,0.0,12.0,3.0,Brentford,1.0,0.0,7.0,14.0,4.0,55.0,0.0,19.0,11.0,Aston Villa,2.8,1.0,0.0,3.0,H,2022-10-23,H,1.7999999999999998,1.578512396694215,1.221729490022173,1853.1627836918879,1822.9185183714126,30.24426532047528,2.033333333333333,0.6666666666666666,16.0,9.0,7.0,2.6666666666666665,1.5666666666666664,1.0,14.0,10.333333333333334,6.0,3.3333333333333335,7.0,15.0,6,6
6.0,8.0,3.0,43.0,0.0,11.0,5.0,Fulham,2.0,1.0,3.0,12.0,2.0,57.0,0.0,14.0,5.0,Leeds United,1.6,1.0,1.0,1.0,D,2022-10-23,A,-0.3999999999999999,1.2702702702702702,1.3248259860788862,1712.7993362650259,1840.3307787196475,-127.53144245462158,1.2666666666666668,1.6666666666666667,13.0,13.0,3.3333333333333335,5.333333333333333,1.8,1.3333333333333333,14.0,11.333333333333334,5.333333333333333,4.666666666666667,7.0,14.0,6,6
4.0,8.0,1.0,59.0,0.0,12.0,3.0,Arsenal,1.0,1.0,9.0,11.0,1.0,41.0,0.0,10.0,3.0,Southampton,0.7,2.0,1.0,0.0,A,2022-10-23,D,-0.30000000000000004,0.8347107438016529,0.6954314720812182,1485.0415513826488,2031.4490737704036,-546.4075223877549,0.9666666666666668,1.6666666666666667,14.0,16.333333333333332,5.666666666666667,4.0,1.0,1.3333333333333333,10.333333333333334,11.333333333333334,3.0,4.666666666666667,7.0,7.0,6,6
7.0,6.0,2.0,47.0,0.0,13.0,5.0,Newcastle Utd,1.0,2.0,6.0,12.0,1.0,53.0,0.0,17.0,5.0,Tottenham,1.6,4.0,2.0,0.0,A,2022-10-23,A,0.6000000000000001,1.3053435114503817,1.127388535031847,1789.5016562986125,1899.5248972494726,-110.0232409508601,2.0,1.0,18.0,12.0,7.666666666666667,4.0,0.9666666666666668,1.6666666666666667,11.666666666666666,13.666666666666666,2.6666666666666665,5.666666666666667,8.0,7.0,6,6
0.0,11.0,0.0,55.0,0.0,5.0,3.0,Bournemouth,0.0,2.0,5.0,9.0,2.0,45.0,0.0,20.0,4.0,West Ham,1.9,0.0,0.0,1.0,H,2022-10-24,H,1.9,3.941176470588236,0.8185117967332124,1647.3033468244073,1752.0306042874054,-104.72725746299807,1.7333333333333332,0.6666666666666666,18.333333333333332,9.333333333333334,5.666666666666667,3.0,1.9666666666666666,0.6666666666666666,19.666666666666668,8.333333333333334,5.0,4.0,15.0,9.0,6,6
4.0,12.0,0.0,44.0,0.0,14.0,4.0,Southampton,1.0,3.0,8.0,13.0,1.0,56.0,0.0,12.0,3.0,Crystal Palace,0.9,3.0,0.0,1.0,H,2022-10-29,H,-0.09999999999999998,0.8581560283687943,1.272108843537415,1762.76945717414,1485.0415513826488,277.72790579149114,1.0666666666666669,1.0,13.0,11.333333333333334,4.0,4.0,1.4333333333333333,0.6666666666666666,16.0,9.333333333333334,4.666666666666667,2.3333333333333335,11.0,10.0,7,7
10.0,10.0,1.0,64.0,0.0,15.0,5.0,Manchester City,1.0,0.0,3.0,5.0,0.0,36.0,0.0,10.0,5.0,Leicester City,0.7,0.0,0.0,0.0,D,2022-10-29,A,-0.30000000000000004,0.6688741721854304,0.5631825273010921,1582.0828406343953,2000.0555871302647,-417.9727464958694,0.8333333333333334,0.6666666666666666,9.666666666666666,12.333333333333334,3.6666666666666665,2.6666666666666665,1.0666666666666667,1.0,9.666666666666666,15.666666666666666,2.6666666666666665,6.0,9.0,13.0,7,6
19.0,5.0,3.0,69.0,0.0,23.0,7.0,Tottenham,2.0,2.0,2.0,10.0,2.0,31.0,0.0,6.0,4.0,Bournemouth,0.5,1.0,0.0,1.0,H,2022-10-29,A,-1.5,0.26406926406926406,0.4500723589001448,1752.0306042874054,1789.5016562986125,-37.47105201120712,0.8666666666666668,1.3333333333333333,10.333333333333334,13.666666666666666,3.6666666666666665,5.0,0.9,1.3333333333333333,16.0,13.333333333333334,6.0,4.0,10.0,10.0,7,7
0.0,11.0,0.0,59.0,0.0,3.0,0.0,Aston Villa,0.0,1.0,3.0,11.0,4.0,41.0,0.0,20.0,7.0,Newcastle Utd,3.4,1.0,0.0,1.0,H,2022-10-29,H,3.4,6.483870967741936,0.6954314720812182,1899.5248972494726,1853.1627836918879,46.362113557584735,2.1333333333333333,0.3333333333333333,17.333333333333332,3.3333333333333335,5.666666666666667,1.0,1.9333333333333336,0.6666666666666666,14.666666666666666,9.0,6.0,2.6666666666666665,10.0,9.0,7,7
4.0,8.0,0.0,56.0,0.0,9.0,4.0,Everton,1.0,1.0,13.0,10.0,0.0,44.0,0.0,24.0,6.0,Fulham,1.9,2.0,0.0,0.0,D,2022-10-29,D,0.8999999999999999,2.6483516483516487,0.786096256684492,1840.3307787196475,1726.6995064747496,113.6312722448979,2.0333333333333337,1.0,20.333333333333332,10.333333333333334,6.0,5.333333333333333,1.8666666666666665,0.3333333333333333,20.333333333333332,4.666666666666667,5.666666666666667,1.3333333333333333,9.0,10.0,7,7
5.0,3.0,2.0,68.0,0.0,14.0,6.0,Leeds United,2.0,1.0,14.0,9.0,1.0,32.0,0.0,22.0,10.0,Liverpool,1.7,0.0,1.0,1.0,D,2022-10-29,A,-0.30000000000000004,1.5673758865248228,0.4713656387665199,1994.8542409456659,1712.7993362650259,282.05490468064,1.8333333333333333,1.6666666666666667,19.0,12.666666666666666,6.333333333333333,5.0,1.2,1.3333333333333333,13.333333333333334,12.666666666666666,5.333333333333333,4.0,10.0,9.0,7,6
7.0,6.0,1.0,41.0,0.0,15.0,7.0,Chelsea,1.0,2.0,8.0,16.0,4.0,59.0,0.0,19.0,9.0,Brighton,2.4,1.0,0.0,3.0,H,2022-10-29,H,1.4,1.2649006622516556,1.437956204379562,1770.14782868638,1894.8360852874234,-124.68825660104335,1.5999999999999999,0.6666666666666666,17.333333333333332,8.666666666666666,6.666666666666667,3.3333333333333335,1.8333333333333333,1.0,15.0,12.333333333333334,7.0,5.333333333333333,11.0,10.0,6,7
6.0,17.0,1.0,58.0,1.0,14.0,4.0,Wolves,1.0,3.0,3.0,10.0,1.0,42.0,0.0,12.0,3.0,Brentford,1.4,3.0,0.0,0.0,D,2022-10-29,D,0.3999999999999999,0.8581560283687943,0.7246127366609294,1822.9185183714126,1603.0797539280402,219.83876444337238,1.4000000000000001,1.3333333333333333,9.0,16.333333333333332,3.6666666666666665,5.333333333333333,1.5,1.0,15.333333333333334,10.666666666666666,4.666666666666667,3.3333333333333335,10.0,11.0,7,7
4.0,8.0,0.0,69.0,0.0,5.0,2.0,Nott'ham Forest,0.0,1.0,9.0,9.0,5.0,31.0,0.0,24.0,10.0,Arsenal,2.3,0.0,0.0,1.0,H,2022-10-30,H,2.3,4.725490196078432,0.4500723589001448,2031.4490737704036,1714.9753427172018,316.47373105320185,2.466666666666667,1.0,19.0,6.666666666666667,8.666666666666666,2.6666666666666665,1.7666666666666666,0.6666666666666666,17.333333333333332,6.0,6.333333333333333,1.3333333333333333,21.0,12.0,6,7
10.0,10.0,0.0,53.0,0.0,13.0,5.0,West Ham,1.0,3.0,5.0,12.0,1.0,47.0,0.0,16.0,3.0,Manchester Utd,1.2,1.0,0.0,1.0,H,2022-10-30,H,0.19999999999999996,1.2290076335877864,0.8870056497175142,1739.89943343953,1647.3033468244073,92.59608661512266,1.1666666666666667,1.0,19.666666666666668,10.333333333333334,5.0,3.0,1.1333333333333333,1.6666666666666667,16.0,15.333333333333334,6.0,4.0,11.0,11.0,6,7
3.0,10.0,3.0,40.0,0.0,9.0,6.0,Bournemouth,2.0,2.0,13.0,16.0,4.0,60.0,0.0,18.0,4.0,Leeds United,2.2,2.0,2.0,1.0,A,2022-11-05,H,0.20000000000000018,1.9890109890109893,1.4987531172069826,1712.7993362650259,1752.0306042874054,-39.23126802237948,1.866666666666667,1.6666666666666667,16.0,9.666666666666666,4.333333333333333,5.0,2.066666666666667,1.0,19.0,8.0,4.0,5.0,13.0,12.0,7,7
3.0,5.0,2.0,49.0,0.0,22.0,8.0,Leicester City,2.0,0.0,8.0,9.0,0.0,51.0,0.0,12.0,2.0,Everton,1.2,0.0,1.0,0.0,A,2022-11-05,A,-0.8,0.5475113122171945,1.0407331975560081,1726.6995064747496,1582.0828406343953,144.61666584035424,1.0666666666666667,1.3333333333333333,10.666666666666666,14.333333333333334,3.3333333333333335,4.666666666666667,1.4666666666666668,1.3333333333333333,14.333333333333334,12.0,3.6666666666666665,5.666666666666667,14.0,13.0,7,7
9.0,11.0,3.0,71.0,0.0,19.0,8.0,Brighton,2.0,0.0,4.0,15.0,2.0,29.0,1.0,8.0,5.0,Wolves,1.2,2.0,2.0,2.0,D,2022-11-05,A,-0.8,0.4240837696335078,0.409282700421941,1603.0797539280402,1770.14782868638,-167.0680747583399,1.5333333333333334,1.6666666666666667,12.666666666666666,11.333333333333334,4.0,4.666666666666667,1.4333333333333333,1.6666666666666667,8.333333333333334,16.0,4.0,5.666666666666667,13.0,14.0,7,7
3.0,11.0,2.0,52.0,0.0,6.0,2.0,Brentford,2.0,2.0,3.0,10.0,2.0,48.0,0.0,15.0,7.0,Nott'ham Forest,1.5,2.0,1.0,1.0,D,2022-11-05,D,-0.5,2.475409836065574,0.9232245681381958,1714.9753427172018,1822.9185183714126,-107.94317565421079,1.2333333333333334,1.6666666666666667,10.333333333333334,11.0,5.666666666666667,3.6666666666666665,1.933333333333333,1.3333333333333333,16.666666666666668,8.0,8.0,2.6666666666666665,14.0,13.0,7,7
0.0,11.0,1.0,70.0,0.0,4.0,2.0,Fulham,1.0,4.0,9.0,6.0,2.0,30.0,1.0,16.0,5.0,Manchester City,2.1,2.0,1.0,1.0,D,2022-11-05,H,1.1,3.9268292682926838,0.4293865905848788,2000.0555871302647,1840.3307787196475,159.72480841061724,2.033333333333333,0.6666666666666666,15.666666666666666,5.666666666666667,5.666666666666667,1.3333333333333333,2.033333333333333,1.3333333333333333,15.666666666666666,7.666666666666667,6.0,3.0,14.0,13.0,7,7
6.0,13.0,1.0,55.0,0.0,14.0,2.0,Arsenal,2.0,2.0,4.0,20.0,0.0,45.0,0.0,5.0,1.0,Chelsea,0.3,5.0,0.0,0.0,D,2022-11-06,A,-1.7,0.36170212765957444,0.8185117967332124,1894.8360852874234,2031.4490737704036,-136.6129884829802,1.0999999999999999,1.3333333333333333,10.333333333333334,11.666666666666666,3.3333333333333335,3.3333333333333335,0.9333333333333332,1.3333333333333333,10.333333333333334,11.666666666666666,2.6666666666666665,3.0,15.0,14.0,6,7
2.0,10.0,4.0,45.0,0.0,7.0,4.0,Newcastle Utd,1.0,0.0,8.0,7.0,1.0,55.0,0.0,16.0,5.0,Southampton,1.7,1.0,1.0,0.0,A,2022-11-06,A,0.7,2.2676056338028174,1.221729490022173,1485.0415513826488,1899.5248972494726,-414.4833458668238,0.9666666666666667,1.3333333333333333,12.0,14.666666666666666,5.333333333333333,3.6666666666666665,1.3666666666666665,1.0,16.0,9.666666666666666,4.0,3.6666666666666665,14.0,14.0,7,7
5.0,7.0,2.0,58.0,0.0,15.0,6.0,Crystal Palace,1.0,1.0,2.0,10.0,1.0,42.0,0.0,5.0,2.0,West Ham,0.3,1.0,1.0,1.0,D,2022-11-06,A,-0.7,0.33774834437086093,0.7246127366609294,1647.3033468244073,1762.76945717414,-115.46611034973262,1.5333333333333332,0.6666666666666666,14.0,9.333333333333334,4.666666666666667,3.6666666666666665,0.8999999999999999,0.6666666666666666,9.333333333333334,10.666666666666666,4.333333333333333,3.0,13.0,15.0,7,6
5.0,12.0,1.0,58.0,0.0,8.0,3.0,Manchester Utd,1.0,3.0,3.0,6.0,3.0,42.0,0.0,6.0,4.0,Aston Villa,0.6,3.0,1.0,2.0,H,2022-11-06,H,-0.4,0.7530864197530864,0.7246127366609294,1853.1627836918879,1739.89943343953,113.2633502523579,1.7333333333333334,1.0,14.333333333333334,9.333333333333334,7.333333333333333,3.3333333333333335,0.7666666666666667,1.0,7.666666666666667,11.0,2.6666666666666665,4.333333333333333,14.0,15.0,7,7
3.0,8.0,2.0,53.0,0.0,13.0,6.0,Liverpool,1.0,0.0,5.0,10.0,1.0,47.0,0.0,14.0,5.0,Tottenham,1.2,0.0,2.0,0.0,A,2022-11-06,A,0.19999999999999996,1.0763358778625953,0.8870056497175142,1789.5016562986125,1994.8542409456659,-205.3525846470534,1.6666666666666667,0.6666666666666666,17.333333333333332,10.0,5.666666666666667,3.6666666666666665,1.9333333333333333,1.3333333333333333,11.666666666666666,12.0,6.333333333333333,5.333333333333333,14.0,15.0,7,6
2.0,8.0,2.0,54.0,0.0,9.0,6.0,Leicester City,2.0,1.0,7.0,9.0,0.0,46.0,0.0,18.0,6.0,West Ham,1.4,3.0,1.0,0.0,A,2022-11-12,A,-0.6000000000000001,1.9890109890109893,0.8521256931608133,1647.3033468244073,1582.0828406343953,65.22050619001197,1.2,1.0,14.333333333333334,9.666666666666666,4.0,5.0,1.5666666666666667,1.6666666666666667,17.0,12.0,4.333333333333333,6.0,6.0,7.0,8,8
2.0,7.0,2.0,74.0,0.0,10.0,8.0,Brentford,1.0,2.0,10.0,9.0,1.0,26.0,0.0,29.0,6.0,Manchester City,1.6,2.0,1.0,1.0,D,2022-11-12,A,0.6000000000000001,2.8811881188118815,0.35222672064777333,2000.0555871302647,1822.9185183714126,177.13706875885214,1.7666666666666668,1.0,18.333333333333332,7.333333333333333,5.0,4.0,1.9666666666666666,1.3333333333333333,21.0,9.333333333333334,8.0,4.333333333333333,7.0,7.0,8,8
2.0,7.0,3.0,55.0,1.0,12.0,5.0,Leeds United,1.0,1.0,9.0,8.0,4.0,45.0,0.0,14.0,8.0,Tottenham,1.8,1.0,2.0,1.0,A,2022-11-12,H,0.8,1.1652892561983472,0.8185117967332124,1789.5016562986125,1712.7993362650259,76.7023200335866,1.5333333333333332,1.0,15.0,12.666666666666666,6.0,5.333333333333333,1.4333333333333333,1.3333333333333333,13.666666666666666,13.333333333333334,6.333333333333333,4.333333333333333,6.0,14.0,8,7
5.0,13.0,0.0,68.0,0.0,8.0,0.0,Crystal Palace,1.0,4.0,1.0,11.0,1.0,32.0,0.0,9.0,2.0,Nott'ham Forest,1.1,1.0,0.0,0.0,D,2022-11-12,H,0.10000000000000009,1.123456790123457,0.4713656387665199,1714.9753427172018,1762.76945717414,-47.79411445693813,1.5,1.6666666666666667,11.333333333333334,9.666666666666666,5.333333333333333,3.0,0.9333333333333332,1.0,7.666666666666667,10.666666666666666,3.3333333333333335,2.6666666666666665,7.0,6.0,8,7
4.0,6.0,2.0,62.0,0.0,14.0,4.0,Arsenal,2.0,2.0,6.0,5.0,0.0,38.0,0.0,11.0,2.0,Wolves,0.7,3.0,0.0,0.0,D,2022-11-12,A,-1.3,0.7872340425531915,0.6135265700483092,1603.0797539280402,2031.4490737704036,-428.36931984236344,1.3333333333333333,1.6666666666666667,13.333333333333334,12.666666666666666,4.0,5.333333333333333,0.5666666666666667,1.6666666666666667,8.666666666666666,13.333333333333334,2.0,3.0,7.0,6.0,8,8
3.0,11.0,0.0,49.0,0.0,5.0,2.0,Chelsea,0.0,2.0,5.0,14.0,1.0,51.0,0.0,10.0,3.0,Newcastle Utd,1.0,3.0,0.0,0.0,D,2022-11-12,H,1.0,1.9803921568627452,1.0407331975560081,1899.5248972494726,1894.8360852874234,4.688811962049158,1.9666666666666668,0.0,15.333333333333334,3.0,4.666666666666667,0.6666666666666666,1.5666666666666667,0.6666666666666666,12.333333333333334,11.333333333333334,5.666666666666667,4.666666666666667,14.0,14.0,8,8
0.0,8.0,1.0,60.0,0.0,9.0,5.0,Southampton,1.0,2.0,6.0,8.0,3.0,40.0,0.0,15.0,7.0,Liverpool,1.9,0.0,1.0,3.0,H,2022-11-12,H,0.8999999999999999,1.6593406593406594,0.6672212978369384,1994.8542409456659,1485.0415513826488,509.8126895630171,1.7666666666666666,1.6666666666666667,19.666666666666668,10.333333333333334,8.0,4.666666666666667,1.2666666666666666,1.0,14.0,10.666666666666666,4.333333333333333,4.0,14.0,14.0,8,8
5.0,8.0,0.0,36.0,0.0,15.0,3.0,Everton,1.0,0.0,3.0,12.0,3.0,64.0,0.0,16.0,9.0,Bournemouth,2.4,2.0,0.0,2.0,H,2022-11-12,H,1.4,1.066225165562914,1.7756232686980606,1752.0306042874054,1726.6995064747496,25.3310978126558,1.2999999999999998,1.3333333333333333,12.333333333333334,15.666666666666666,5.333333333333333,4.333333333333333,1.933333333333333,0.6666666666666666,18.666666666666668,8.333333333333334,6.333333333333333,2.3333333333333335,14.0,14.0,8,8
4.0,11.0,2.0,65.0,0.0,8.0,2.0,Aston Villa,2.0,7.0,11.0,14.0,1.0,35.0,0.0,7.0,2.0,Brighton,0.6,2.0,1.0,1.0,D,2022-11-13,A,-1.4,0.8765432098765432,0.5391705069124425,1770.14782868638,1853.1627836918879,-83.01495500550777,1.5666666666666664,1.0,15.0,8.666666666666666,6.0,3.0,2.0333333333333337,1.0,15.0,7.666666666666667,5.666666666666667,2.6666666666666665,15.0,15.0,7,8
3.0,10.0,2.0,47.0,0.0,14.0,9.0,Manchester Utd,3.0,1.0,10.0,9.0,1.0,53.0,0.0,14.0,7.0,Fulham,1.4,1.0,1.0,0.0,A,2022-11-13,A,-1.6,1.0,1.127388535031847,1840.3307787196475,1739.89943343953,100.43134528011751,1.8,1.6666666666666667,18.666666666666668,11.666666666666666,7.0,6.333333333333333,1.0333333333333334,1.6666666666666667,8.666666666666666,11.666666666666666,4.333333333333333,6.0,15.0,7.0,8,8
2.0,22.0,2.0,42.0,0.0,7.0,4.0,Wolves,1.0,6.0,2.0,9.0,1.0,58.0,0.0,12.0,6.0,Everton,1.7,1.0,1.0,1.0,D,2022-12-26,A,0.7,1.704225352112676,1.3800475059382422,1726.6995064747496,1603.0797539280402,123.61975254670938,1.4333333333333333,1.3333333333333333,11.0,12.666666666666666,4.666666666666667,4.666666666666667,1.4333333333333333,1.0,12.666666666666666,10.333333333333334,4.333333333333333,4.0,51.0,58.0,8,8
5.0,10.0,2.0,61.0,0.0,16.0,8.0,Tottenham,1.0,1.0,6.0,11.0,2.0,39.0,0.0,9.0,5.0,Brentford,2.0,3.0,0.0,1.0,H,2022-12-26,D,1.0,0.5652173913043478,0.6399345335515548,1822.9185183714126,1789.5016562986125,33.416862072800086,1.5666666666666667,1.0,9.666666666666666,14.666666666666666,4.333333333333333,5.666666666666667,1.3333333333333333,1.3333333333333333,14.333333333333334,16.0,6.333333333333333,5.666666666666667,58.0,58.0,8,8
2.0,10.0,3.0,66.0,0.0,7.0,4.0,Brighton,1.0,2.0,4.0,9.0,1.0,34.0,0.0,14.0,4.0,Southampton,1.9,1.0,2.0,0.0,A,2022-12-26,A,0.8999999999999999,1.9859154929577465,0.5158850226928896,1485.0415513826488,1770.14782868638,-285.1062773037313,1.4333333333333333,1.0,13.333333333333334,8.666666666666666,4.0,3.6666666666666665,1.5666666666666667,1.3333333333333333,10.666666666666666,11.333333333333334,4.333333333333333,4.666666666666667,50.0,51.0,8,8
8.0,15.0,3.0,64.0,0.0,23.0,11.0,Fulham,3.0,0.0,1.0,12.0,0.0,36.0,2.0,4.0,0.0,Crystal Palace,0.4,0.0,1.0,0.0,A,2022-12-26,A,-2.6,0.17748917748917747,0.5631825273010921,1762.76945717414,1840.3307787196475,-77.56132154550755,0.8333333333333335,1.6666666666666667,10.0,15.666666666666666,2.3333333333333335,6.333333333333333,1.366666666666667,2.0,11.333333333333334,12.666666666666666,3.3333333333333335,6.0,58.0,51.0,8,8
6.0,12.0,3.0,52.0,0.0,16.0,9.0,Liverpool,3.0,0.0,0.0,7.0,1.0,48.0,0.0,12.0,6.0,Aston Villa,1.4,0.0,2.0,0.0,A,2022-12-26,A,-1.6,0.7515527950310558,0.9232245681381958,1853.1627836918879,1994.8542409456659,-141.69145725377803,1.5999999999999999,1.6666666666666667,12.333333333333334,12.0,7.0,5.0,1.5,2.0,12.0,14.666666666666666,6.0,7.333333333333333,50.0,50.0,8,7
5.0,17.0,1.0,66.0,0.0,8.0,4.0,West Ham,1.0,2.0,7.0,13.0,3.0,34.0,0.0,16.0,5.0,Arsenal,2.1,0.0,1.0,0.0,A,2022-12-26,H,1.1,1.9876543209876545,0.5158850226928896,2031.4490737704036,1647.3033468244073,384.14572694599633,2.3666666666666667,0.6666666666666666,17.0,7.0,7.333333333333333,3.0,1.6666666666666667,1.3333333333333333,18.0,9.666666666666666,5.0,4.0,57.0,57.0,7,8
5.0,6.0,3.0,40.0,0.0,12.0,5.0,Newcastle Utd,2.0,0.0,5.0,9.0,0.0,60.0,0.0,8.0,2.0,Leicester City,0.5,0.0,3.0,0.0,A,2022-12-26,A,-1.5,0.6694214876033058,1.4987531172069826,1582.0828406343953,1899.5248972494726,-317.44205661507726,0.6666666666666666,1.3333333333333333,7.666666666666667,13.666666666666666,2.6666666666666665,4.0,1.2666666666666668,1.3333333333333333,13.666666666666666,10.666666666666666,4.0,4.666666666666667,58.0,50.0,8,8
8.0,10.0,0.0,60.0,0.0,9.0,4.0,Bournemouth,1.0,0.0,6.0,8.0,2.0,40.0,0.0,15.0,5.0,Chelsea,1.8,0.0,0.0,2.0,H,2022-12-27,H,0.8,1.6593406593406594,0.6672212978369384,1894.8360852874234,1752.0306042874054,142.80548100001806,1.0666666666666667,1.3333333333333333,8.666666666666666,12.0,2.6666666666666665,4.0,1.9666666666666666,1.0,17.666666666666668,7.666666666666667,4.333333333333333,4.333333333333333,51.0,52.0,7,8
9.0,4.0,0.0,65.0,0.0,8.0,3.0,Nott'ham Forest,1.0,1.0,9.0,13.0,3.0,35.0,0.0,17.0,8.0,Manchester Utd,2.4,3.0,0.0,2.0,H,2022-12-27,H,1.4,2.111111111111111,0.5391705069124425,1739.89943343953,1714.9753427172018,24.924090722328174,1.7,1.0,20.333333333333332,10.0,7.0,3.3333333333333335,2.1333333333333333,0.3333333333333333,20.0,5.333333333333333,8.333333333333334,1.6666666666666667,58.0,58.0,7,8
5.0,14.0,3.0,69.0,0.0,26.0,9.0,Manchester City,4.0,3.0,3.0,11.0,1.0,31.0,0.0,9.0,1.0,Leeds United,0.6,3.0,1.0,0.0,A,2022-12-28,A,-3.4,0.34865900383141757,0.4500723589001448,1712.7993362650259,2000.0555871302647,-287.2562508652388,1.4666666666666668,2.6666666666666665,13.666666666666666,15.333333333333334,3.3333333333333335,6.666666666666667,1.1333333333333333,2.0,10.666666666666666,19.0,2.6666666666666665,6.666666666666667,53.0,60.0,8,7
1.0,5.0,2.0,37.0,0.0,9.0,6.0,Brentford,2.0,0.0,8.0,9.0,0.0,63.0,0.0,20.0,5.0,West Ham,1.3,1.0,2.0,0.0,A,2022-12-30,A,-0.7,2.208791208791209,1.7008086253369272,1647.3033468244073,1822.9185183714126,-175.61517154700527,1.0,1.6666666666666667,14.333333333333334,11.0,4.333333333333333,6.0,1.4666666666666668,1.6666666666666667,21.333333333333332,8.333333333333334,6.0,5.333333333333333,48.0,48.0,9,9
5.0,15.0,1.0,57.0,0.0,7.0,2.0,Leicester City,1.0,1.0,4.0,8.0,2.0,43.0,0.0,21.0,5.0,Liverpool,2.2,0.0,1.0,2.0,H,2022-12-30,H,1.2000000000000002,2.9718309859154934,0.7548161120840631,1994.8542409456659,1582.0828406343953,412.77140031127055,1.9333333333333333,1.3333333333333333,19.333333333333332,10.0,7.333333333333333,4.333333333333333,1.6000000000000003,1.6666666666666667,17.0,12.666666666666666,4.333333333333333,5.333333333333333,48.0,48.0,9,9
4.0,13.0,1.0,62.0,0.0,9.0,3.0,Southampton,1.0,1.0,4.0,8.0,2.0,38.0,0.0,8.0,2.0,Fulham,1.5,0.0,0.0,1.0,H,2022-12-31,H,0.5,0.8901098901098901,0.6135265700483092,1840.3307787196475,1485.0415513826488,355.2892273369987,1.6000000000000003,1.6666666666666667,15.333333333333334,10.666666666666666,5.0,5.333333333333333,1.4333333333333333,1.0,11.666666666666666,10.666666666666666,4.0,4.0,48.0,49.0,9,9
3.0,19.0,0.0,60.0,0.0,8.0,1.0,Leeds United,0.0,5.0,9.0,13.0,0.0,40.0,0.0,16.0,5.0,Newcastle Utd,2.2,3.0,0.0,0.0,D,2022-12-31,D,2.2,1.9876543209876545,0.6672212978369384,1899.5248972494726,1712.7993362650259,186.7255609844467,2.1999999999999997,0.0,15.333333333333334,5.333333333333333,5.0,1.0,1.9000000000000001,1.0,17.333333333333332,11.333333333333334,7.666666666666667,4.0,49.0,49.0,9,8
5.0,11.0,1.0,54.0,0.0,16.0,6.0,Manchester Utd,2.0,3.0,7.0,11.0,0.0,46.0,0.0,10.0,3.0,Wolves,0.7,1.0,0.0,0.0,D,2022-12-31,A,-1.3,0.6273291925465838,0.8521256931608133,1603.0797539280402,1739.89943343953,-136.81967951148977,0.8666666666666666,2.0,9.666666666666666,16.333333333333332,3.3333333333333335,6.0,0.9,2.0,10.0,12.666666666666666,4.666666666666667,6.0,49.0,48.0,9,9
7.0,11.0,2.0,41.0,0.0,15.0,6.0,Crystal Palace,2.0,1.0,2.0,17.0,0.0,59.0,0.0,6.0,2.0,Bournemouth,0.6,4.0,2.0,0.0,A,2022-12-31,A,-1.4,0.40397350993377484,1.437956204379562,1752.0306042874054,1762.76945717414,-10.738852886734549,1.1666666666666665,1.6666666666666667,9.333333333333334,17.666666666666668,5.0,5.333333333333333,0.6666666666666666,1.3333333333333333,6.666666666666667,12.666666666666666,2.0,4.0,49.0,49.0,9,8
4.0,11.0,4.0,32.0,0.0,14.0,7.0,Arsenal,3.0,3.0,7.0,7.0,2.0,68.0,0.0,9.0,5.0,Brighton,1.2,3.0,2.0,0.0,A,2022-12-31,A,-1.8,0.6453900709219859,2.1214953271028034,1770.14782868638,2031.4490737704036,-261.30124508402355,1.3999999999999997,2.0,11.666666666666666,12.333333333333334,5.333333333333333,5.333333333333333,0.7333333333333334,2.3333333333333335,8.333333333333334,14.0,2.6666666666666665,4.333333333333333,48.0,49.0,8,9
1.0,14.0,1.0,74.0,0.0,2.0,1.0,Everton,0.0,4.0,7.0,13.0,1.0,26.0,0.0,16.0,3.0,Manchester City,1.7,3.0,0.0,1.0,H,2022-12-31,D,1.7,7.666666666666667,0.35222672064777333,2000.0555871302647,1726.6995064747496,273.35608065551514,1.8,0.6666666666666666,20.333333333333332,5.333333333333333,4.666666666666667,3.6666666666666665,1.9999999999999998,0.6666666666666666,18.666666666666668,8.666666666666666,6.0,2.6666666666666665,49.0,49.0,9,9
3.0,10.0,2.0,41.0,0.0,13.0,4.0,Aston Villa,1.0,3.0,5.0,15.0,0.0,59.0,0.0,6.0,2.0,Tottenham,0.7,4.0,0.0,0.0,D,2023-01-01,A,-0.30000000000000004,0.46564885496183206,1.437956204379562,1789.5016562986125,1853.1627836918879,-63.661127393275365,1.2333333333333334,1.0,11.333333333333334,12.666666666666666,5.0,5.0,1.5666666666666667,1.0,11.0,8.0,3.6666666666666665,2.0,50.0,49.0,9,9
2.0,14.0,1.0,71.0,0.0,7.0,2.0,Chelsea,1.0,2.0,1.0,16.0,1.0,29.0,0.0,12.0,5.0,Nott'ham Forest,1.4,2.0,1.0,0.0,A,2023-01-01,D,0.3999999999999999,1.704225352112676,0.409282700421941,1714.9753427172018,1894.8360852874234,-179.86074257022165,1.3333333333333333,1.3333333333333333,12.0,7.0,4.666666666666667,1.3333333333333333,1.6000000000000003,0.6666666666666666,13.666666666666666,9.0,5.666666666666667,3.6666666666666665,50.0,50.0,9,9
9.0,8.0,1.0,72.0,0.0,16.0,6.0,Liverpool,1.0,3.0,4.0,5.0,3.0,28.0,0.0,10.0,7.0,Brentford,1.6,1.0,0.0,2.0,H,2023-01-02,H,0.6000000000000001,0.6273291925465838,0.38973647711511794,1822.9185183714126,1994.8542409456659,-171.9357225742533,1.6666666666666667,1.0,10.333333333333334,15.333333333333334,5.0,6.0,1.4000000000000001,1.6666666666666667,12.0,15.0,6.0,7.0,7.0,7.0,9,8
3.0,11.0,1.0,39.0,0.0,11.0,2.0,Fulham,2.0,6.0,6.0,12.0,0.0,61.0,0.0,15.0,6.0,Leicester City,1.7,2.0,1.0,0.0,A,2023-01-03,A,-0.30000000000000004,1.3603603603603605,1.5626598465473145,1582.0828406343953,1840.3307787196475,-258.24793808525214,0.9666666666666667,1.6666666666666667,11.0,12.666666666666666,4.333333333333333,4.0,1.4000000000000001,2.0,11.666666666666666,12.666666666666666,3.6666666666666665,5.0,8.0,8.0,9,9
2.0,10.0,4.0,51.0,0.0,19.0,8.0,Brighton,2.0,1.0,5.0,8.0,1.0,49.0,0.0,10.0,4.0,Everton,1.3,3.0,1.0,0.0,A,2023-01-03,A,-0.7,0.5287958115183246,0.9608610567514677,1726.6995064747496,1770.14782868638,-43.44832221163051,1.4000000000000001,1.6666666666666667,11.333333333333334,16.0,4.0,6.666666666666667,1.4666666666666668,1.6666666666666667,10.666666666666666,15.0,4.333333333333333,6.666666666666667,8.0,8.0,9,9
5.0,16.0,0.0,66.0,0.0,8.0,1.0,Newcastle Utd,1.0,4.0,5.0,10.0,0.0,34.0,0.0,17.0,4.0,Arsenal,1.1,4.0,0.0,0.0,D,2023-01-03,D,0.10000000000000009,2.111111111111111,0.5158850226928896,2031.4490737704036,1899.5248972494726,131.92417652093104,1.8333333333333333,0.6666666666666666,19.0,7.0,6.333333333333333,2.3333333333333335,1.1,1.3333333333333333,13.666666666666666,9.0,3.6666666666666665,3.3333333333333335,8.0,8.0,8,9
5.0,7.0,0.0,58.0,0.0,7.0,4.0,Bournemouth,1.0,3.0,6.0,13.0,3.0,42.0,0.0,18.0,6.0,Manchester Utd,2.2,0.0,0.0,1.0,H,2023-01-03,H,1.2000000000000002,2.5492957746478875,0.7246127366609294,1739.89943343953,1752.0306042874054,-12.13117084787541,1.9333333333333333,1.0,17.0,9.333333333333334,5.666666666666667,4.0,2.066666666666667,1.3333333333333333,17.0,8.333333333333334,5.0,4.666666666666667,7.0,7.0,8,9
2.0,17.0,1.0,37.0,0.0,11.0,1.0,Nott'ham Forest,1.0,2.0,6.0,14.0,0.0,63.0,0.0,8.0,0.0,Southampton,0.5,2.0,1.0,0.0,A,2023-01-04,A,-0.5,0.7297297297297297,1.7008086253369272,1485.0415513826488,1714.9753427172018,-229.933791334553,1.3666666666666665,1.0,12.666666666666666,8.333333333333334,3.0,3.0,1.7333333333333332,0.6666666666666666,16.333333333333332,8.0,6.0,2.0,9.0,8.0,9,9
1.0,18.0,2.0,38.0,0.0,15.0,2.0,West Ham,1.0,1.0,8.0,11.0,2.0,62.0,0.0,14.0,6.0,Leeds United,1.6,3.0,1.0,1.0,D,2023-01-04,D,0.6000000000000001,0.9337748344370861,1.6299212598425197,1712.7993362650259,1647.3033468244073,65.49598944061859,1.4666666666666668,2.3333333333333335,13.666666666666666,16.666666666666668,3.6666666666666665,5.666666666666667,1.6333333333333335,1.0,15.333333333333334,12.0,4.666666666666667,3.6666666666666665,7.0,9.0,9,9
4.0,8.0,4.0,53.0,0.0,14.0,6.0,Tottenham,1.0,2.0,10.0,11.0,0.0,47.0,0.0,19.0,4.0,Crystal Palace,0.8,1.0,0.0,0.0,D,2023-01-04,A,-0.19999999999999996,1.3546099290780143,0.8870056497175142,1762.76945717414,1789.5016562986125,-26.732199124472572,0.7000000000000002,1.6666666666666667,11.666666666666666,17.0,2.3333333333333335,7.0,1.0999999999999999,1.3333333333333333,11.333333333333334,17.666666666666668,4.333333333333333,7.0,9.0,9.0,9,9
8.0,12.0,1.0,56.0,0.0,10.0,3.0,Wolves,1.0,3.0,7.0,6.0,1.0,44.0,0.0,13.0,4.0,Aston Villa,1.8,1.0,1.0,0.0,A,2023-01-04,D,0.8,1.297029702970297,0.786096256684492,1853.1627836918879,1603.0797539280402,250.08302976384766,1.2666666666666666,1.6666666666666667,10.333333333333334,11.333333333333334,4.666666666666667,5.0,1.6333333333333335,1.0,12.333333333333334,10.333333333333334,4.333333333333333,3.6666666666666665,9.0,9.0,9,9
2.0,9.0,1.0,52.0,0.0,12.0,3.0,Manchester City,2.0,0.0,3.0,9.0,0.0,48.0,0.0,8.0,2.0,Chelsea,0.4,2.0,0.0,0.0,D,2023-01-05,A,-1.6,0.6694214876033058,0.9232245681381958,1894.8360852874234,2000.0555871302647,-105.21950184284128,0.8333333333333334,1.6666666666666667,9.333333333333334,11.666666666666666,2.6666666666666665,3.0,0.5666666666666667,2.3333333333333335,9.0,17.666666666666668,2.6666666666666665,5.666666666666667,9.0,8.0,8,8
7.0,16.0,1.0,48.0,1.0,20.0,10.0,Chelsea,2.0,3.0,5.0,12.0,2.0,52.0,0.0,8.0,3.0,Fulham,1.0,4.0,0.0,1.0,H,2023-01-12,H,-1.0,0.4029850746268656,1.0831600831600832,1840.3307787196475,1894.8360852874234,-54.50530656777596,1.3000000000000003,2.0,10.0,14.333333333333334,4.0,7.333333333333333,1.1333333333333333,1.0,10.0,10.666666666666666,3.6666666666666665,4.666666666666667,12.0,11.0,10,10
11.0,8.0,1.0,52.0,0.0,16.0,4.0,Leeds United,2.0,2.0,0.0,12.0,2.0,48.0,0.0,11.0,5.0,Aston Villa,1.2,2.0,0.0,1.0,H,2023-01-13,H,-0.8,0.6894409937888198,0.9232245681381958,1853.1627836918879,1712.7993362650259,140.36344742686197,1.4666666666666668,2.0,12.0,14.0,5.0,5.333333333333333,1.7333333333333334,1.0,13.666666666666666,12.0,6.0,3.3333333333333335,9.0,13.0,10,9
4.0,19.0,2.0,52.0,0.0,13.0,5.0,Southampton,1.0,3.0,6.0,7.0,1.0,48.0,0.0,12.0,4.0,Everton,1.4,0.0,0.0,1.0,H,2023-01-14,A,0.3999999999999999,0.9236641221374046,0.9232245681381958,1726.6995064747496,1485.0415513826488,241.6579550921008,1.4666666666666666,1.3333333333333333,11.333333333333334,13.0,4.666666666666667,5.666666666666667,1.5999999999999999,1.0,11.666666666666666,10.333333333333334,4.333333333333333,4.333333333333333,11.0,14.0,10,10
3.0,9.0,0.0,50.0,0.0,7.0,2.0,Bournemouth,1.0,1.0,5.0,5.0,2.0,50.0,0.0,12.0,4.0,Brentford,1.4,1.0,0.0,1.0,H,2023-01-14,H,0.3999999999999999,1.704225352112676,1.0,1822.9185183714126,1752.0306042874054,70.8879140840072,1.6666666666666667,1.0,10.333333333333334,13.0,5.333333333333333,5.333333333333333,1.8,1.0,15.0,7.666666666666667,5.0,3.3333333333333335,12.0,11.0,10,10
2.0,5.0,1.0,70.0,0.0,5.0,1.0,Manchester City,1.0,0.0,1.0,15.0,2.0,30.0,0.0,8.0,4.0,Manchester Utd,1.7,3.0,0.0,0.0,D,2023-01-14,H,0.7,1.5882352941176472,0.4293865905848788,1739.89943343953,2000.0555871302647,-260.15615369073475,2.1,1.0,14.333333333333334,6.666666666666667,6.0,2.6666666666666665,0.9,2.3333333333333335,8.333333333333334,14.333333333333334,2.3333333333333335,4.333333333333333,11.0,9.0,9,9
5.0,12.0,0.0,39.0,0.0,6.0,1.0,Leicester City,1.0,2.0,3.0,11.0,2.0,61.0,0.0,15.0,5.0,Nott'ham Forest,2.4,1.0,0.0,0.0,D,2023-01-14,H,1.4,2.475409836065574,1.5626598465473145,1714.9753427172018,1582.0828406343953,132.89250208280646,1.633333333333333,1.0,12.0,7.0,4.0,1.0,2.0,1.3333333333333333,18.0,7.333333333333333,5.333333333333333,3.0,13.0,15.0,10,10
3.0,7.0,0.0,58.0,0.0,16.0,4.0,West Ham,1.0,2.0,4.0,10.0,1.0,42.0,0.0,17.0,4.0,Wolves,0.9,0.0,0.0,0.0,D,2023-01-14,H,-0.09999999999999998,1.062111801242236,0.7246127366609294,1603.0797539280402,1647.3033468244073,-44.22359289636711,0.7666666666666666,1.6666666666666667,12.666666666666666,15.333333333333334,3.0,4.666666666666667,1.5333333333333332,1.0,15.666666666666666,13.0,5.0,3.3333333333333335,14.0,10.0,10,10
1.0,15.0,0.0,39.0,0.0,6.0,2.0,Liverpool,1.0,3.0,7.0,8.0,3.0,61.0,0.0,16.0,9.0,Brighton,1.9,1.0,0.0,0.0,D,2023-01-14,H,0.8999999999999999,2.6393442622950825,1.5626598465473145,1770.14782868638,1994.8542409456659,-224.7064122592858,1.2333333333333332,2.0,10.666666666666666,9.333333333333334,5.333333333333333,3.6666666666666665,1.633333333333333,1.6666666666666667,12.666666666666666,12.666666666666666,7.333333333333333,5.666666666666667,14.0,12.0,9,9
3.0,15.0,2.0,49.0,0.0,14.0,5.0,Arsenal,2.0,2.0,4.0,16.0,0.0,51.0,0.0,17.0,7.0,Tottenham,1.6,4.0,2.0,0.0,A,2023-01-15,A,-0.3999999999999999,1.2127659574468086,1.0407331975560081,1789.5016562986125,2031.4490737704036,-241.94741747179114,1.3666666666666665,1.3333333333333333,12.333333333333334,13.0,5.666666666666667,4.666666666666667,1.1666666666666667,2.3333333333333335,12.333333333333334,14.0,4.666666666666667,5.333333333333333,14.0,15.0,10,10
5.0,14.0,0.0,62.0,0.0,5.0,0.0,Fulham,1.0,3.0,10.0,6.0,1.0,38.0,0.0,20.0,5.0,Newcastle Utd,2.2,1.0,0.0,0.0,D,2023-01-15,H,1.2000000000000002,3.941176470588236,0.6135265700483092,1899.5248972494726,1840.3307787196475,59.19411852982512,1.8,0.3333333333333333,15.333333333333334,6.0,4.333333333333333,1.0,1.4333333333333336,2.0,13.0,13.0,3.6666666666666665,4.333333333333333,15.0,12.0,10,10
7.0,17.0,0.0,39.0,0.0,10.0,5.0,Crystal Palace,1.0,5.0,11.0,10.0,1.0,61.0,0.0,15.0,5.0,Chelsea,1.5,2.0,0.0,0.0,D,2023-01-15,H,0.5,1.495049504950495,1.5626598465473145,1894.8360852874234,1762.76945717414,132.0666281132835,1.2333333333333334,1.3333333333333333,12.666666666666666,10.333333333333334,4.0,4.0,1.0666666666666667,1.3333333333333333,10.0,11.0,3.0,3.6666666666666665,10.0,15.0,9,9
3.0,10.0,1.0,60.0,0.0,15.0,4.0,Manchester Utd,2.0,2.0,3.0,9.0,1.0,40.0,0.0,10.0,5.0,Crystal Palace,0.5,1.0,1.0,0.0,A,2023-01-18,D,-1.5,0.6688741721854304,0.6672212978369384,1762.76945717414,1739.89943343953,22.87002373460996,0.5666666666666669,2.0,11.0,17.333333333333332,3.0,7.0,0.8666666666666666,2.3333333333333335,11.333333333333334,15.0,5.0,6.333333333333333,14.0,18.0,10,10
3.0,14.0,2.0,58.0,0.0,9.0,3.0,Tottenham,1.0,2.0,8.0,10.0,4.0,42.0,0.0,16.0,6.0,Manchester City,2.3,1.0,2.0,0.0,A,2023-01-19,H,1.2999999999999998,1.7692307692307694,0.7246127366609294,2000.0555871302647,1789.5016562986125,210.55393083165222,1.8666666666666665,0.6666666666666666,20.333333333333332,7.0,5.0,4.0,1.7,1.0,14.666666666666666,13.0,5.0,5.666666666666667,19.0,15.0,10,10
5.0,9.0,0.0,48.0,0.0,11.0,2.0,Chelsea,2.0,1.0,5.0,16.0,0.0,52.0,0.0,15.0,3.0,Liverpool,1.4,3.0,0.0,0.0,D,2023-01-21,D,-0.6000000000000001,1.3603603603603605,1.0831600831600832,1994.8542409456659,1894.8360852874234,100.01815565824245,1.8333333333333333,1.3333333333333333,17.0,9.0,5.0,3.0,1.2666666666666666,1.6666666666666667,11.666666666666666,12.666666666666666,3.6666666666666665,4.666666666666667,22.0,9.0,10,11
2.0,9.0,1.0,63.0,0.0,16.0,5.0,Aston Villa,1.0,2.0,2.0,19.0,0.0,37.0,0.0,8.0,5.0,Southampton,0.6,1.0,0.0,0.0,D,2023-01-21,A,-0.4,0.5031055900621118,0.5879556259904913,1485.0415513826488,1853.1627836918879,-368.1212323092391,1.0,1.0,10.0,11.333333333333334,3.0,3.3333333333333335,0.6333333333333333,1.3333333333333333,7.0,12.333333333333334,3.0,3.6666666666666665,17.0,20.0,10,10
6.0,7.0,1.0,43.0,0.0,20.0,5.0,Nott'ham Forest,2.0,2.0,4.0,10.0,1.0,57.0,0.0,16.0,4.0,Bournemouth,1.4,1.0,0.0,1.0,H,2023-01-21,D,-0.6000000000000001,0.8009950248756219,1.3248259860788862,1752.0306042874054,1714.9753427172018,37.055261570203584,1.4666666666666666,1.6666666666666667,12.666666666666666,16.666666666666668,5.0,4.666666666666667,1.433333333333333,1.3333333333333333,13.666666666666666,13.0,4.0,3.0,21.0,17.0,10,10
6.0,9.0,2.0,63.0,0.0,13.0,4.0,Brighton,2.0,1.0,5.0,9.0,2.0,37.0,0.0,9.0,2.0,Leicester City,0.9,0.0,1.0,1.0,D,2023-01-21,D,-1.1,0.6946564885496184,0.5879556259904913,1582.0828406343953,1770.14782868638,-188.06498805198476,1.0333333333333334,2.0,10.666666666666666,12.0,3.3333333333333335,3.6666666666666665,1.3666666666666665,1.6666666666666667,11.0,13.0,3.3333333333333335,5.333333333333333,18.0,18.0,10,10
9.0,6.0,0.0,33.0,0.0,5.0,2.0,Everton,1.0,1.0,4.0,9.0,2.0,67.0,0.0,11.0,4.0,West Ham,2.2,1.0,0.0,2.0,H,2023-01-21,H,1.2000000000000002,2.1764705882352944,2.027190332326284,1647.3033468244073,1726.6995064747496,-79.39615965034227,1.6333333333333335,1.6666666666666667,16.333333333333332,7.666666666666667,5.0,4.666666666666667,2.1,0.6666666666666666,14.333333333333334,7.333333333333333,5.333333333333333,2.0,22.0,21.0,10,10
15.0,7.0,0.0,60.0,0.0,16.0,7.0,Newcastle Utd,1.0,2.0,3.0,13.0,0.0,40.0,0.0,6.0,1.0,Crystal Palace,0.3,4.0,0.0,0.0,D,2023-01-21,D,-0.7,0.3788819875776397,0.6672212978369384,1762.76945717414,1899.5248972494726,-136.75544007533267,0.5333333333333335,1.3333333333333333,11.666666666666666,15.0,3.3333333333333335,5.666666666666667,0.6333333333333334,1.3333333333333333,10.333333333333334,12.0,2.3333333333333335,4.333333333333333,3.0,18.0,11,10
3.0,18.0,0.0,42.0,0.0,6.0,0.0,Brentford,0.0,2.0,2.0,10.0,0.0,58.0,0.0,9.0,5.0,Leeds United,0.5,2.0,0.0,0.0,D,2023-01-22,D,0.5,1.4918032786885247,1.3800475059382422,1712.7993362650259,1822.9185183714126,-110.11918210638669,0.9,1.6666666666666667,10.666666666666666,15.666666666666666,4.0,3.6666666666666665,1.1333333333333335,1.0,19.333333333333332,8.333333333333334,5.333333333333333,4.666666666666667,18.0,23.0,10,10
7.0,10.0,0.0,55.0,0.0,10.0,1.0,Wolves,1.0,2.0,5.0,10.0,3.0,45.0,0.0,13.0,7.0,Manchester City,2.8,1.0,0.0,1.0,H,2023-01-22,H,1.7999999999999998,1.297029702970297,0.8185117967332124,2000.0555871302647,1603.0797539280402,396.9758332022245,2.2666666666666666,0.6666666666666666,15.0,7.0,5.333333333333333,1.6666666666666667,2.1,1.0,12.666666666666666,9.0,5.666666666666667,2.6666666666666665,3.0,18.0,11,10
4.0,9.0,2.0,57.0,0.0,6.0,4.0,Manchester Utd,0.0,2.0,12.0,8.0,3.0,43.0,0.0,25.0,5.0,Arsenal,3.1,1.0,1.0,1.0,D,2023-01-22,H,3.1,4.114754098360656,0.7548161120840631,2031.4490737704036,1739.89943343953,291.5496403308737,2.1,0.6666666666666666,19.333333333333332,7.333333333333333,4.666666666666667,3.0,1.4333333333333336,1.3333333333333333,15.0,12.333333333333334,4.333333333333333,4.666666666666667,19.0,4.0,9,11
8.0,10.0,1.0,46.0,0.0,10.0,3.0,Tottenham,1.0,3.0,3.0,10.0,0.0,54.0,0.0,10.0,5.0,Fulham,1.0,1.0,1.0,0.0,A,2023-01-23,A,0.0,1.0,1.17353579175705,1840.3307787196475,1789.5016562986125,50.82912242103498,1.166666666666667,1.3333333333333333,8.666666666666666,13.0,3.3333333333333335,5.333333333333333,1.3666666666666665,1.0,15.0,11.0,5.0,4.0,11.0,4.0,11,11
2.0,12.0,0.0,34.0,0.0,10.0,4.0,Fulham,1.0,4.0,6.0,16.0,0.0,66.0,0.0,12.0,3.0,Chelsea,1.3,1.0,0.0,0.0,D,2023-02-03,D,0.30000000000000004,1.198019801980198,1.9384164222873899,1894.8360852874234,1840.3307787196475,54.50530656777596,1.0666666666666667,1.3333333333333333,11.666666666666666,10.666666666666666,3.3333333333333335,4.0,1.7333333333333334,1.3333333333333333,15.666666666666666,8.666666666666666,4.666666666666667,2.0,19.0,19.0,10,11
5.0,8.0,0.0,70.0,0.0,15.0,3.0,Arsenal,1.0,1.0,7.0,13.0,1.0,30.0,0.0,12.0,4.0,Everton,1.7,4.0,0.0,0.0,D,2023-02-04,H,0.7,0.8013245033112583,0.4293865905848788,1726.6995064747496,2031.4490737704036,-304.74956729565406,1.4666666666666668,1.3333333333333333,11.333333333333334,15.666666666666666,4.0,5.333333333333333,1.5,2.0,12.666666666666666,14.333333333333334,5.333333333333333,5.0,21.0,20.0,11,11
4.0,9.0,0.0,49.0,0.0,14.0,6.0,Southampton,1.0,2.0,4.0,10.0,3.0,51.0,0.0,14.0,4.0,Brentford,2.0,1.0,0.0,2.0,H,2023-02-04,H,1.0,1.0,1.0407331975560081,1822.9185183714126,1485.0415513826488,337.8769669887638,1.6666666666666667,1.0,12.0,12.333333333333334,5.0,4.666666666666667,1.6333333333333335,1.0,11.333333333333334,12.0,3.3333333333333335,4.666666666666667,21.0,21.0,11,11
7.0,7.0,0.0,59.0,0.0,22.0,4.0,Liverpool,2.0,1.0,2.0,9.0,3.0,41.0,0.0,12.0,6.0,Wolves,2.0,1.0,0.0,2.0,H,2023-02-04,H,0.0,0.5475113122171945,0.6954314720812182,1603.0797539280402,1994.8542409456659,-391.7744870176257,1.2,1.6666666666666667,13.0,18.0,4.333333333333333,4.666666666666667,1.8333333333333333,1.3333333333333333,12.666666666666666,14.666666666666666,7.333333333333333,4.0,21.0,21.0,11,10
5.0,9.0,1.0,52.0,0.0,10.0,3.0,Crystal Palace,1.0,2.0,5.0,9.0,2.0,48.0,1.0,14.0,5.0,Manchester Utd,2.0,1.0,0.0,1.0,H,2023-02-04,H,1.0,1.396039603960396,0.9232245681381958,1739.89943343953,1762.76945717414,-22.87002373460996,1.9666666666666668,1.0,13.333333333333334,7.333333333333333,5.0,2.6666666666666665,1.3666666666666665,1.3333333333333333,11.666666666666666,11.666666666666666,4.0,4.666666666666667,21.0,20.0,10,10
3.0,10.0,4.0,62.0,0.0,9.0,5.0,Leicester City,3.0,2.0,11.0,10.0,2.0,38.0,0.0,19.0,4.0,Aston Villa,1.7,0.0,3.0,2.0,A,2023-02-04,A,-1.3,2.098901098901099,0.6135265700483092,1853.1627836918879,1582.0828406343953,271.0799430574925,1.5666666666666667,2.0,14.333333333333334,11.666666666666666,4.333333333333333,4.0,2.1,1.6666666666666667,18.333333333333332,7.333333333333333,4.666666666666667,2.6666666666666665,22.0,21.0,11,11
3.0,7.0,0.0,71.0,0.0,12.0,2.0,Bournemouth,1.0,1.0,7.0,14.0,1.0,29.0,0.0,20.0,6.0,Brighton,2.2,3.0,0.0,0.0,D,2023-02-04,H,1.2000000000000002,1.6611570247933887,0.409282700421941,1770.14782868638,1752.0306042874054,18.117224398974713,1.7666666666666666,1.6666666666666667,15.0,10.666666666666666,6.666666666666667,3.6666666666666665,1.9333333333333336,1.0,16.666666666666668,8.666666666666666,5.333333333333333,2.6666666666666665,21.0,21.0,10,11
2.0,13.0,1.0,62.0,0.0,10.0,1.0,West Ham,1.0,1.0,4.0,11.0,1.0,38.0,0.0,8.0,2.0,Newcastle Utd,1.0,2.0,1.0,1.0,D,2023-02-04,D,0.0,0.801980198019802,0.6135265700483092,1899.5248972494726,1647.3033468244073,252.2215504250653,1.8,0.6666666666666666,14.666666666666666,7.666666666666667,4.0,0.6666666666666666,1.1666666666666667,1.0,13.0,13.666666666666666,4.0,2.3333333333333335,20.0,21.0,11,11
2.0,14.0,0.0,30.0,0.0,10.0,4.0,Leeds United,1.0,2.0,0.0,15.0,1.0,70.0,0.0,6.0,2.0,Nott'ham Forest,0.4,4.0,0.0,1.0,H,2023-02-05,H,-0.6,0.6039603960396039,2.3289036544850497,1714.9753427172018,1712.7993362650259,2.1760064521758977,1.4000000000000001,1.0,11.0,7.666666666666667,4.0,2.3333333333333335,1.2666666666666668,1.0,11.0,11.333333333333334,4.0,3.0,22.0,23.0,11,10
6.0,14.0,0.0,64.0,0.0,15.0,5.0,Manchester City,1.0,3.0,4.0,19.0,1.0,36.0,1.0,12.0,3.0,Tottenham,1.4,2.0,0.0,1.0,H,2023-02-05,H,0.3999999999999999,0.8013245033112583,0.5631825273010921,1789.5016562986125,2000.0555871302647,-210.55393083165222,1.2333333333333334,1.3333333333333333,11.666666666666666,14.0,4.0,4.666666666666667,1.1666666666666667,1.3333333333333333,9.333333333333334,10.666666666666666,3.0,3.0,21.0,22.0,11,10
5.0,11.0,2.0,66.0,0.0,8.0,2.0,Leeds United,1.0,3.0,6.0,7.0,2.0,34.0,0.0,24.0,7.0,Manchester Utd,2.0,1.0,1.0,0.0,A,2023-02-08,D,1.0,2.975308641975309,0.5158850226928896,1739.89943343953,1712.7993362650259,27.10009717450407,1.9000000000000001,1.0,15.333333333333334,7.666666666666667,5.333333333333333,2.0,1.2,1.3333333333333333,13.666666666666666,11.333333333333334,4.666666666666667,3.3333333333333335,4.0,3.0,11,11
4.0,11.0,0.0,50.0,0.0,10.0,1.0,Nott'ham Forest,1.0,1.0,5.0,9.0,2.0,50.0,0.0,16.0,3.0,Fulham,1.5,0.0,0.0,1.0,H,2023-02-11,H,0.5,1.5940594059405944,1.0,1840.3307787196475,1714.9753427172018,125.35543600244569,1.166666666666667,1.3333333333333333,11.333333333333334,13.333333333333334,3.6666666666666665,4.666666666666667,1.133333333333333,1.3333333333333333,13.333333333333334,13.666666666666666,2.3333333333333335,2.3333333333333335,19.0,21.0,12,11
4.0,9.0,1.0,69.0,0.0,9.0,2.0,Brentford,2.0,2.0,7.0,9.0,1.0,31.0,0.0,23.0,7.0,Arsenal,1.6,0.0,0.0,0.0,D,2023-02-11,D,-0.3999999999999999,2.5384615384615388,0.4500723589001448,2031.4490737704036,1822.9185183714126,208.53055539899105,1.9333333333333336,1.0,21.666666666666668,7.666666666666667,5.333333333333333,2.3333333333333335,1.1333333333333335,1.3333333333333333,17.333333333333332,8.0,5.666666666666667,2.6666666666666665,20.0,20.0,10,11
5.0,9.0,1.0,51.0,0.0,11.0,4.0,Tottenham,1.0,2.0,1.0,14.0,4.0,49.0,0.0,15.0,7.0,Leicester City,1.7,5.0,1.0,3.0,H,2023-02-11,H,0.7,1.3603603603603605,0.9608610567514677,1582.0828406343953,1789.5016562986125,-207.41881566421716,1.4333333333333333,1.6666666666666667,13.0,11.666666666666666,5.0,3.3333333333333335,1.6666666666666667,1.0,13.666666666666666,10.0,6.0,3.3333333333333335,21.0,19.0,11,12
6.0,10.0,1.0,66.0,0.0,15.0,7.0,Newcastle Utd,1.0,3.0,4.0,8.0,1.0,34.0,0.0,11.0,5.0,Bournemouth,1.5,2.0,1.0,1.0,D,2023-02-11,D,0.5,0.7350993377483444,0.5158850226928896,1752.0306042874054,1899.5248972494726,-147.49429296206722,1.1666666666666665,1.6666666666666667,11.0,16.666666666666668,3.6666666666666665,6.0,0.9666666666666668,1.0,11.333333333333334,13.0,3.3333333333333335,5.0,21.0,21.0,11,11
6.0,11.0,1.0,73.0,0.0,17.0,7.0,Brighton,3.0,1.0,1.0,10.0,1.0,27.0,0.0,6.0,1.0,Crystal Palace,1.1,4.0,0.0,0.0,D,2023-02-11,D,-1.9,0.35672514619883033,0.37072503419972647,1762.76945717414,1770.14782868638,-7.3783715122401645,0.6333333333333335,2.0,7.333333333333333,16.0,2.3333333333333335,6.0,1.1,2.3333333333333335,8.333333333333334,16.333333333333332,2.3333333333333335,6.333333333333333,21.0,21.0,12,11
2.0,14.0,2.0,59.0,1.0,11.0,2.0,Wolves,1.0,2.0,5.0,12.0,1.0,41.0,0.0,17.0,2.0,Southampton,1.1,2.0,0.0,1.0,H,2023-02-11,A,0.10000000000000009,1.5405405405405408,0.6954314720812182,1485.0415513826488,1603.0797539280402,-118.03820254539141,0.7333333333333334,1.0,11.0,12.666666666666666,2.3333333333333335,2.6666666666666665,1.8999999999999997,1.0,14.333333333333334,10.333333333333334,4.333333333333333,2.0,21.0,20.0,11,11
6.0,11.0,1.0,71.0,0.0,12.0,4.0,Chelsea,1.0,1.0,5.0,9.0,1.0,29.0,0.0,10.0,2.0,West Ham,1.3,1.0,1.0,1.0,D,2023-02-11,D,0.30000000000000004,0.8347107438016529,0.409282700421941,1647.3033468244073,1894.8360852874234,-247.53273846301613,1.5999999999999999,1.3333333333333333,13.666666666666666,8.666666666666666,3.6666666666666665,4.0,1.2333333333333334,1.6666666666666667,11.0,14.333333333333334,2.6666666666666665,5.333333333333333,21.0,21.0,11,12
3.0,13.0,2.0,66.0,0.0,11.0,5.0,Manchester Utd,1.0,1.0,7.0,10.0,0.0,34.0,0.0,16.0,6.0,Leeds United,1.8,2.0,0.0,0.0,D,2023-02-12,A,0.8,1.4504504504504507,0.5158850226928896,1712.7993362650259,1739.89943343953,-27.10009717450407,1.3,0.6666666666666666,13.0,10.666666666666666,5.666666666666667,2.3333333333333335,1.8,1.0,17.0,10.666666666666666,5.333333333333333,4.333333333333333,21.0,21.0,11,12
4.0,14.0,1.0,67.0,0.0,6.0,2.0,Aston Villa,0.0,2.0,8.0,13.0,3.0,33.0,0.0,17.0,9.0,Manchester City,3.3,1.0,0.0,3.0,H,2023-02-12,H,3.3,2.8032786885245904,0.49329359165424747,2000.0555871302647,1853.1627836918879,146.89280343837686,2.7999999999999994,0.6666666666666666,15.333333333333334,8.333333333333334,7.333333333333333,2.0,1.5333333333333332,0.6666666666666666,10.333333333333334,11.666666666666666,5.333333333333333,3.6666666666666665,21.0,22.0,12,11
3.0,16.0,0.0,59.0,0.0,6.0,1.0,Everton,0.0,3.0,3.0,8.0,2.0,41.0,0.0,15.0,6.0,Liverpool,2.3,1.0,0.0,1.0,H,2023-02-13,H,2.3,2.475409836065574,0.6954314720812182,1994.8542409456659,1726.6995064747496,268.1547344709163,1.9666666666666668,1.0,17.0,8.0,4.666666666666667,1.6666666666666667,2.0666666666666664,0.3333333333333333,14.0,4.333333333333333,4.333333333333333,1.3333333333333333,23.0,23.0,11,11
3.0,15.0,3.0,37.0,0.0,9.0,6.0,Manchester City,2.0,3.0,1.0,11.0,1.0,63.0,0.0,10.0,1.0,Arsenal,1.6,2.0,1.0,1.0,D,2023-02-15,A,-0.3999999999999999,1.10989010989011,1.7008086253369272,2031.4490737704036,2000.0555871302647,31.393486640138917,2.1,1.3333333333333333,19.333333333333332,8.0,4.333333333333333,4.0,1.5666666666666667,1.3333333333333333,10.0,9.666666666666666,2.6666666666666665,4.0,4.0,10.0,11,11
6.0,8.0,1.0,59.0,0.0,10.0,4.0,Crystal Palace,1.0,2.0,2.0,10.0,1.0,41.0,0.0,12.0,5.0,Brentford,0.9,2.0,0.0,0.0,D,2023-02-18,D,-0.09999999999999998,1.198019801980198,0.6954314720812182,1822.9185183714126,1762.76945717414,60.14906119727266,1.4333333333333333,1.0,12.666666666666666,10.333333333333334,4.333333333333333,4.0,1.4666666666666666,1.0,13.666666666666666,10.0,5.0,4.0,14.0,14.0,12,11
9.0,4.0,4.0,67.0,0.0,20.0,5.0,Arsenal,3.0,1.0,2.0,13.0,2.0,33.0,0.0,7.0,5.0,Aston Villa,0.5,2.0,1.0,2.0,H,2023-02-18,A,-2.5,0.3532338308457711,0.49329359165424747,1853.1627836918879,2031.4490737704036,-178.28629007851578,1.1333333333333335,2.6666666666666665,12.333333333333334,15.0,4.666666666666667,4.666666666666667,1.2666666666666666,2.0,12.0,16.333333333333332,5.333333333333333,4.333333333333333,14.0,14.0,12,12
2.0,14.0,1.0,65.0,0.0,5.0,2.0,Fulham,0.0,5.0,10.0,12.0,0.0,35.0,0.0,21.0,7.0,Brighton,2.2,0.0,0.0,0.0,D,2023-02-18,A,2.2,4.137254901960785,0.5391705069124425,1770.14782868638,1840.3307787196475,-70.18295003326739,2.1,0.6666666666666666,19.0,7.666666666666667,7.333333333333333,2.0,1.9000000000000001,0.6666666666666666,17.666666666666668,6.666666666666667,5.0,2.0,14.0,15.0,11,12
4.0,6.0,0.0,51.0,0.0,8.0,0.0,Leeds United,1.0,3.0,6.0,8.0,1.0,49.0,0.0,15.0,6.0,Everton,1.4,2.0,0.0,0.0,D,2023-02-18,H,0.3999999999999999,1.8641975308641976,0.9608610567514677,1726.6995064747496,1712.7993362650259,13.900170209723683,1.5,1.0,13.0,12.0,4.666666666666667,2.6666666666666665,1.2666666666666668,1.0,15.0,8.666666666666666,5.0,2.0,14.0,10.0,12,12
2.0,24.0,1.0,62.0,0.0,8.0,5.0,Southampton,1.0,6.0,8.0,16.0,0.0,38.0,0.0,17.0,5.0,Chelsea,1.6,3.0,1.0,0.0,A,2023-02-18,A,0.6000000000000001,2.111111111111111,0.6135265700483092,1894.8360852874234,1485.0415513826488,409.79453390477465,1.4666666666666668,1.0,14.666666666666666,9.333333333333334,4.333333333333333,4.666666666666667,1.6666666666666667,1.0,14.333333333333334,11.666666666666666,4.333333333333333,5.333333333333333,15.0,14.0,11,12
10.0,6.0,1.0,73.0,0.0,26.0,6.0,Manchester City,2.0,0.0,0.0,8.0,1.0,27.0,0.0,4.0,1.0,Nott'ham Forest,0.9,1.0,1.0,0.0,A,2023-02-18,D,-1.1,0.15708812260536395,0.37072503419972647,1714.9753427172018,2000.0555871302647,-285.0802444130629,1.2333333333333332,1.3333333333333333,8.333333333333334,14.0,2.6666666666666665,3.6666666666666665,1.3,1.6666666666666667,8.666666666666666,16.666666666666668,1.6666666666666667,5.666666666666667,13.0,3.0,12,12
7.0,8.0,2.0,38.0,0.0,13.0,7.0,Liverpool,2.0,1.0,6.0,3.0,0.0,62.0,1.0,14.0,4.0,Newcastle Utd,2.0,1.0,2.0,0.0,A,2023-02-18,A,0.0,1.0763358778625953,1.6299212598425197,1899.5248972494726,1994.8542409456659,-95.32934369619329,1.7333333333333334,1.3333333333333333,14.0,9.333333333333334,3.6666666666666665,2.6666666666666665,1.9666666666666666,1.6666666666666667,14.0,13.666666666666666,6.333333333333333,4.333333333333333,14.0,14.0,12,11
2.0,10.0,1.0,68.0,0.0,5.0,1.0,Bournemouth,1.0,3.0,12.0,12.0,0.0,32.0,0.0,15.0,4.0,Wolves,1.3,3.0,0.0,0.0,D,2023-02-18,A,0.30000000000000004,2.9607843137254903,0.4713656387665199,1603.0797539280402,1752.0306042874054,-148.95085035936518,1.3999999999999997,1.3333333333333333,14.666666666666666,14.333333333333334,4.666666666666667,3.0,1.6333333333333335,1.0,15.666666666666666,8.0,4.666666666666667,1.6666666666666667,14.0,14.0,12,12
6.0,9.0,0.0,57.0,0.0,19.0,3.0,Leicester City,2.0,2.0,6.0,9.0,3.0,43.0,0.0,26.0,8.0,Manchester Utd,4.4,0.0,0.0,1.0,H,2023-02-19,H,2.4000000000000004,1.3664921465968587,0.7548161120840631,1739.89943343953,1582.0828406343953,157.81659280513463,2.8000000000000003,1.3333333333333333,21.333333333333332,12.333333333333334,6.666666666666667,2.6666666666666665,2.8333333333333335,2.0,20.0,11.333333333333334,5.666666666666667,3.0,11.0,15.0,12,12
7.0,10.0,0.0,57.0,0.0,6.0,1.0,West Ham,1.0,1.0,4.0,16.0,2.0,43.0,0.0,16.0,6.0,Tottenham,1.5,2.0,0.0,0.0,D,2023-02-19,H,0.5,2.6393442622950825,0.7548161120840631,1789.5016562986125,1647.3033468244073,142.1983094742052,1.5,1.3333333333333333,15.0,11.666666666666666,5.333333333333333,3.6666666666666665,1.1333333333333333,1.0,13.666666666666666,10.666666666666666,4.0,2.0,14.0,15.0,12,12
3.0,17.0,1.0,51.0,0.0,8.0,2.0,Wolves,1.0,0.0,4.0,12.0,1.0,49.0,0.0,10.0,5.0,Fulham,0.5,2.0,1.0,0.0,A,2023-02-24,D,-0.5,1.2469135802469136,0.9608610567514677,1840.3307787196475,1603.0797539280402,237.25102479160728,1.0000000000000002,1.0,12.0,9.333333333333334,4.333333333333333,2.0,1.4666666666666668,1.0,13.333333333333334,9.666666666666666,4.666666666666667,1.6666666666666667,13.0,13.0,13,12
1.0,12.0,2.0,53.0,0.0,9.0,5.0,Aston Villa,2.0,1.0,5.0,12.0,0.0,47.0,0.0,15.0,5.0,Everton,1.6,2.0,0.0,0.0,D,2023-02-25,A,-0.3999999999999999,1.6593406593406594,0.8870056497175142,1726.6995064747496,1853.1627836918879,-126.46327721713828,1.5666666666666664,1.3333333333333333,14.0,10.666666666666666,5.0,2.6666666666666665,1.8333333333333333,1.0,13.333333333333334,10.333333333333334,6.333333333333333,4.0,7.0,13.0,13,12
2.0,13.0,0.0,61.0,0.0,8.0,2.0,Southampton,0.0,4.0,9.0,15.0,1.0,39.0,0.0,14.0,4.0,Leeds United,0.9,2.0,0.0,0.0,D,2023-02-25,H,0.9,1.7407407407407407,0.6399345335515548,1712.7993362650259,1485.0415513826488,227.7577848823771,1.0666666666666667,0.3333333333333333,13.0,8.333333333333334,5.0,2.3333333333333335,1.5,0.6666666666666666,15.0,10.0,4.333333333333333,4.333333333333333,13.0,7.0,12,13
8.0,9.0,1.0,65.0,0.0,10.0,2.0,Arsenal,1.0,1.0,0.0,14.0,0.0,35.0,0.0,1.0,0.0,Leicester City,0.0,0.0,0.0,0.0,D,2023-02-25,A,-1.0,0.10891089108910892,0.5391705069124425,1582.0828406343953,2031.4490737704036,-449.3662331360083,0.8666666666666667,1.3333333333333333,8.333333333333334,11.333333333333334,3.0,3.3333333333333335,0.7333333333333334,1.6666666666666667,6.666666666666667,15.0,3.0,3.3333333333333335,14.0,7.0,12,13
6.0,9.0,4.0,65.0,0.0,20.0,5.0,Manchester City,2.0,2.0,4.0,10.0,1.0,35.0,0.0,13.0,2.0,Bournemouth,1.0,2.0,3.0,0.0,A,2023-02-25,A,-1.0,0.6517412935323382,0.5391705069124425,1752.0306042874054,2000.0555871302647,-248.02498284285934,1.2999999999999998,1.6666666666666667,13.333333333333334,18.333333333333332,3.6666666666666665,5.666666666666667,1.1666666666666667,2.0,9.0,18.333333333333332,1.3333333333333333,5.666666666666667,14.0,7.0,12,13
3.0,14.0,0.0,63.0,0.0,12.0,4.0,Liverpool,1.0,5.0,5.0,11.0,0.0,37.0,0.0,6.0,0.0,Crystal Palace,0.7,2.0,0.0,0.0,D,2023-02-25,D,-0.30000000000000004,0.5041322314049587,0.5879556259904913,1762.76945717414,1994.8542409456659,-232.08478377152596,0.7000000000000002,1.6666666666666667,6.0,15.0,0.6666666666666666,6.0,1.5666666666666667,1.6666666666666667,10.666666666666666,15.666666666666666,3.3333333333333335,5.0,14.0,7.0,13,12
3.0,5.0,0.0,49.0,0.0,8.0,3.0,Nott'ham Forest,0.0,0.0,12.0,8.0,4.0,51.0,0.0,18.0,5.0,West Ham,2.7,0.0,0.0,0.0,D,2023-02-25,H,2.7,2.234567901234568,1.0407331975560081,1647.3033468244073,1714.9753427172018,-67.67199589279448,2.066666666666667,0.6666666666666666,13.0,8.333333333333334,3.6666666666666665,3.0,1.8666666666666665,1.0,16.666666666666668,12.666666666666666,4.0,3.0,14.0,14.0,12,12
4.0,10.0,0.0,41.0,0.0,10.0,2.0,Chelsea,0.0,3.0,4.0,10.0,2.0,59.0,0.0,8.0,3.0,Tottenham,0.8,2.0,0.0,0.0,D,2023-02-26,H,0.8,0.801980198019802,1.437956204379562,1789.5016562986125,1894.8360852874234,-105.33442898881094,1.2333333333333334,0.6666666666666666,12.0,10.333333333333334,4.0,2.6666666666666665,1.1666666666666667,1.0,11.0,11.0,2.6666666666666665,2.6666666666666665,7.0,15.0,13,13
1.0,12.0,0.0,73.0,0.0,8.0,5.0,Everton,1.0,2.0,5.0,5.0,4.0,27.0,0.0,15.0,5.0,Arsenal,2.4,0.0,0.0,2.0,H,2023-03-01,H,1.4,1.8641975308641976,0.37072503419972647,2031.4490737704036,1726.6995064747496,304.74956729565406,1.8666666666666665,1.6666666666666667,16.0,8.666666666666666,4.333333333333333,4.333333333333333,2.2999999999999994,0.6666666666666666,13.666666666666666,6.333333333333333,5.0,2.6666666666666665,14.0,16.0,12,12
2.0,14.0,0.0,57.0,0.0,4.0,1.0,Wolves,1.0,3.0,5.0,13.0,2.0,43.0,0.0,15.0,6.0,Liverpool,2.6,2.0,0.0,0.0,D,2023-03-01,H,1.6,3.682926829268293,0.7548161120840631,1994.8542409456659,1603.0797539280402,391.7744870176257,2.1,1.0,15.0,7.0,5.0,1.3333333333333333,1.4000000000000001,1.0,14.0,7.666666666666667,4.333333333333333,1.6666666666666667,16.0,5.0,12,13
4.0,13.0,0.0,56.0,0.0,5.0,2.0,Newcastle Utd,0.0,4.0,8.0,8.0,2.0,44.0,0.0,11.0,3.0,Manchester City,1.3,2.0,0.0,1.0,H,2023-03-04,H,1.3,2.1764705882352944,0.786096256684492,2000.0555871302647,1899.5248972494726,100.53068988079212,2.4666666666666663,0.3333333333333333,13.666666666666666,7.0,6.333333333333333,1.6666666666666667,1.0333333333333334,0.6666666666666666,9.333333333333334,12.0,3.0,5.333333333333333,20.0,21.0,13,12
7.0,7.0,0.0,57.0,0.0,11.0,2.0,Leeds United,1.0,0.0,5.0,10.0,1.0,43.0,0.0,13.0,3.0,Chelsea,1.5,2.0,0.0,0.0,D,2023-03-04,H,0.5,1.1801801801801801,0.7548161120840631,1894.8360852874234,1712.7993362650259,182.03674902239754,1.4666666666666668,1.0,14.0,9.666666666666666,3.6666666666666665,3.6666666666666665,1.6333333333333335,1.0,17.333333333333332,9.0,5.333333333333333,1.3333333333333333,14.0,14.0,12,13
4.0,11.0,0.0,65.0,0.0,11.0,0.0,Leicester City,2.0,2.0,3.0,12.0,1.0,35.0,0.0,11.0,5.0,Southampton,1.4,4.0,0.0,1.0,H,2023-03-04,H,-0.6000000000000001,1.0,0.5391705069124425,1485.0415513826488,1582.0828406343953,-97.04128925174655,1.0333333333333334,1.3333333333333333,12.0,12.666666666666666,4.0,2.3333333333333335,2.5,2.3333333333333335,18.666666666666668,13.0,5.666666666666667,2.6666666666666665,21.0,13.0,12,13
4.0,17.0,0.0,58.0,1.0,3.0,0.0,Crystal Palace,0.0,3.0,2.0,14.0,1.0,42.0,0.0,8.0,1.0,Aston Villa,1.2,2.0,0.0,1.0,H,2023-03-04,H,1.2,2.6129032258064515,0.7246127366609294,1853.1627836918879,1762.76945717414,90.39332651774794,1.1333333333333333,2.0,11.333333333333334,10.666666666666666,3.3333333333333335,3.3333333333333335,1.3666666666666665,0.6666666666666666,11.333333333333334,7.666666666666667,3.6666666666666665,2.3333333333333335,14.0,14.0,13,12
3.0,8.0,0.0,65.0,0.0,3.0,2.0,West Ham,0.0,3.0,7.0,6.0,4.0,35.0,0.0,20.0,9.0,Brighton,3.5,0.0,0.0,1.0,H,2023-03-04,H,3.5,6.483870967741936,0.5391705069124425,1770.14782868638,1647.3033468244073,122.84448186197278,2.6333333333333333,0.3333333333333333,20.333333333333332,6.666666666666667,7.333333333333333,2.0,2.0,0.6666666666666666,14.666666666666666,6.333333333333333,5.666666666666667,1.3333333333333333,14.0,13.0,12,13
1.0,8.0,2.0,79.0,0.0,4.0,4.0,Bournemouth,1.0,2.0,17.0,6.0,3.0,21.0,0.0,31.0,9.0,Arsenal,2.1,0.0,1.0,0.0,A,2023-03-04,H,1.1,7.585365853658538,0.2667509481668774,2031.4490737704036,1752.0306042874054,279.41846948299826,2.033333333333333,1.3333333333333333,18.666666666666668,7.0,5.0,5.0,1.8666666666666665,1.0,22.0,7.0,6.333333333333333,2.3333333333333335,3.0,14.0,13,13
8.0,18.0,0.0,54.0,0.0,21.0,6.0,Tottenham,1.0,1.0,4.0,11.0,1.0,46.0,0.0,8.0,5.0,Wolves,0.5,1.0,0.0,0.0,D,2023-03-04,H,-0.5,0.3838862559241706,0.8521256931608133,1603.0797539280402,1789.5016562986125,-186.4219023705723,1.2666666666666666,1.3333333333333333,11.666666666666666,16.0,5.0,3.6666666666666665,1.0666666666666667,1.0,11.0,14.0,5.666666666666667,4.333333333333333,14.0,21.0,13,13
3.0,17.0,2.0,57.0,0.0,10.0,3.0,Everton,2.0,5.0,3.0,11.0,2.0,43.0,0.0,10.0,4.0,Nott'ham Forest,0.8,3.0,2.0,1.0,A,2023-03-05,D,-1.2,1.0,0.7548161120840631,1714.9753427172018,1726.6995064747496,-11.724163757547785,0.7000000000000001,1.6666666666666667,6.666666666666667,15.333333333333334,2.3333333333333335,4.333333333333333,1.833333333333333,1.0,13.333333333333334,8.0,5.0,3.0,15.0,4.0,13,13
3.0,14.0,0.0,41.0,0.0,8.0,4.0,Manchester Utd,1.0,3.0,4.0,13.0,7.0,59.0,0.0,18.0,8.0,Liverpool,2.8,2.0,0.0,1.0,H,2023-03-05,H,1.7999999999999998,2.234567901234568,1.437956204379562,1994.8542409456659,1739.89943343953,254.95480750613592,2.566666666666667,0.6666666666666666,16.0,6.0,6.666666666666667,2.0,2.566666666666667,0.6666666666666666,19.666666666666668,8.333333333333334,6.333333333333333,4.333333333333333,4.0,21.0,13,13
3.0,17.0,2.0,37.0,0.0,9.0,5.0,Fulham,1.0,3.0,2.0,12.0,3.0,63.0,0.0,14.0,6.0,Brentford,2.1,0.0,1.0,1.0,D,2023-03-06,H,1.1,1.5494505494505495,1.7008086253369272,1822.9185183714126,1840.3307787196475,-17.412260348234895,1.6666666666666667,1.0,13.333333333333334,11.0,5.0,5.0,1.8666666666666665,0.6666666666666666,15.666666666666666,8.0,5.333333333333333,3.6666666666666665,16.0,16.0,13,13
8.0,9.0,0.0,69.0,0.0,15.0,6.0,Liverpool,2.0,1.0,3.0,7.0,1.0,31.0,0.0,5.0,2.0,Bournemouth,0.9,2.0,0.0,1.0,H,2023-03-11,H,-1.1,0.33774834437086093,0.4500723589001448,1752.0306042874054,1994.8542409456659,-242.8236366582605,1.133333333333333,1.6666666666666667,9.666666666666666,16.666666666666668,3.0,6.0,1.2,1.6666666666666667,8.333333333333334,13.333333333333334,2.0,5.666666666666667,14.0,14.0,13,13
10.0,13.0,1.0,55.0,0.0,9.0,5.0,Nott'ham Forest,2.0,1.0,2.0,13.0,3.0,45.0,0.0,15.0,7.0,Tottenham,2.0,3.0,0.0,2.0,H,2023-03-11,H,0.0,1.6593406593406594,0.8185117967332124,1789.5016562986125,1714.9753427172018,74.5263135814107,1.4333333333333333,1.0,13.0,8.333333333333334,5.333333333333333,2.6666666666666665,2.0666666666666664,1.0,16.333333333333332,9.0,5.0,3.0,13.0,14.0,14,13
8.0,12.0,0.0,67.0,0.0,12.0,4.0,Brentford,2.0,1.0,5.0,11.0,1.0,33.0,0.0,13.0,6.0,Everton,1.0,2.0,0.0,1.0,H,2023-03-11,H,-1.0,1.0826446280991735,0.49329359165424747,1726.6995064747496,1822.9185183714126,-96.219011896663,1.3333333333333333,1.6666666666666667,14.333333333333334,9.666666666666666,5.666666666666667,3.0,1.0333333333333334,1.3333333333333333,15.0,9.0,6.0,2.0,14.0,28.0,14,12
5.0,11.0,3.0,52.0,0.0,12.0,6.0,Chelsea,2.0,2.0,2.0,10.0,1.0,48.0,1.0,17.0,7.0,Leicester City,2.4,1.0,2.0,1.0,A,2023-03-11,A,0.3999999999999999,1.413223140495868,0.9232245681381958,1582.0828406343953,1894.8360852874234,-312.7532446530281,1.3666666666666665,1.3333333333333333,11.0,11.0,4.666666666666667,4.0,1.5,1.0,11.666666666666666,11.333333333333334,4.0,4.0,14.0,13.0,13,14
7.0,9.0,2.0,62.0,0.0,14.0,2.0,Brighton,3.0,1.0,4.0,12.0,2.0,38.0,0.0,12.0,4.0,Leeds United,0.9,1.0,1.0,1.0,D,2023-03-11,D,-2.1,0.8581560283687943,0.6135265700483092,1712.7993362650259,1770.14782868638,-57.348492421354194,1.2,1.3333333333333333,14.0,11.0,4.666666666666667,3.0,0.9666666666666667,2.6666666666666665,9.0,14.666666666666666,2.3333333333333335,4.333333333333333,14.0,28.0,13,12
6.0,17.0,1.0,67.0,0.0,14.0,4.0,Manchester City,2.0,2.0,2.0,11.0,0.0,33.0,0.0,4.0,0.0,Crystal Palace,0.2,2.0,0.0,0.0,D,2023-03-11,A,-1.8,0.2907801418439716,0.49329359165424747,1762.76945717414,2000.0555871302647,-237.2861299561248,0.6666666666666669,2.0,5.333333333333333,14.333333333333334,0.3333333333333333,5.0,0.7000000000000001,2.0,7.0,20.0,1.0,5.0,14.0,14.0,14,14
2.0,6.0,1.0,59.0,0.0,12.0,4.0,Aston Villa,2.0,0.0,13.0,8.0,1.0,41.0,0.0,17.0,6.0,West Ham,2.1,1.0,1.0,1.0,D,2023-03-12,D,0.10000000000000009,1.413223140495868,0.6954314720812182,1647.3033468244073,1853.1627836918879,-205.85943686748055,2.033333333333333,1.0,15.0,10.666666666666666,4.333333333333333,3.6666666666666665,2.3333333333333335,1.3333333333333333,16.333333333333332,9.0,6.666666666666667,3.6666666666666665,15.0,15.0,13,13
8.0,9.0,3.0,55.0,0.0,15.0,7.0,Arsenal,2.0,1.0,4.0,10.0,0.0,45.0,0.0,12.0,2.0,Fulham,0.8,0.0,3.0,0.0,A,2023-03-12,A,-1.2,0.8013245033112583,0.8185117967332124,1840.3307787196475,2031.4490737704036,-191.11829505075616,0.9333333333333336,1.3333333333333333,12.666666666666666,11.0,3.3333333333333335,3.3333333333333335,0.43333333333333335,2.0,6.666666666666667,15.0,2.3333333333333335,4.666666666666667,16.0,15.0,14,14
3.0,10.0,1.0,43.0,0.0,7.0,4.0,Wolves,1.0,2.0,10.0,11.0,2.0,57.0,0.0,19.0,8.0,Newcastle Utd,1.8,1.0,0.0,1.0,H,2023-03-12,H,0.8,2.690140845070423,1.3248259860788862,1899.5248972494726,1603.0797539280402,296.4451433214324,1.5999999999999999,1.3333333333333333,13.666666666666666,10.0,4.666666666666667,4.0,1.6333333333333335,1.0,14.666666666666666,6.333333333333333,6.333333333333333,2.3333333333333335,22.0,11.0,13,14
8.0,9.0,0.0,47.0,0.0,17.0,4.0,Southampton,1.0,0.0,7.0,12.0,0.0,53.0,0.0,10.0,4.0,Manchester Utd,0.8,2.0,0.0,0.0,D,2023-03-12,D,-0.19999999999999996,0.5906432748538011,1.127388535031847,1739.89943343953,1485.0415513826488,254.85788205688118,2.4,1.3333333333333333,20.0,14.666666666666666,6.333333333333333,3.0,1.1,0.6666666666666666,13.666666666666666,11.0,4.333333333333333,3.6666666666666665,21.0,15.0,13,14
3.0,10.0,2.0,34.0,0.0,11.0,5.0,Brentford,2.0,2.0,3.0,14.0,0.0,66.0,0.0,7.0,1.0,Southampton,0.5,1.0,1.0,0.0,A,2023-03-15,A,-1.5,0.6396396396396397,1.9384164222873899,1485.0415513826488,1822.9185183714126,-337.8769669887638,1.0,1.6666666666666667,11.666666666666666,11.0,2.6666666666666665,2.3333333333333335,1.0333333333333334,2.0,14.333333333333334,10.666666666666666,4.666666666666667,3.6666666666666665,11.0,4.0,13,13
4.0,20.0,0.0,57.0,0.0,11.0,3.0,Crystal Palace,1.0,2.0,1.0,13.0,1.0,43.0,0.0,11.0,5.0,Brighton,0.6,1.0,0.0,1.0,H,2023-03-15,H,-0.4,1.0,0.7548161120840631,1770.14782868638,1762.76945717414,7.3783715122401645,2.1,0.3333333333333333,17.333333333333332,6.333333333333333,7.0,2.3333333333333335,0.8999999999999999,0.6666666666666666,10.333333333333334,8.0,3.6666666666666665,2.3333333333333335,11.0,11.0,13,13
7.0,9.0,2.0,61.0,0.0,15.0,4.0,Newcastle Utd,2.0,1.0,3.0,17.0,1.0,39.0,0.0,5.0,3.0,Nott'ham Forest,0.4,5.0,1.0,1.0,D,2023-03-17,A,-1.6,0.33774834437086093,0.6399345335515548,1714.9753427172018,1899.5248972494726,-184.5495545322708,0.7000000000000001,2.0,6.333333333333333,17.0,2.6666666666666665,4.333333333333333,1.0666666666666667,1.0,9.0,11.666666666666666,3.6666666666666665,4.333333333333333,12.0,13.0,14,13
3.0,8.0,3.0,49.0,0.0,17.0,3.0,Tottenham,2.0,1.0,10.0,13.0,3.0,51.0,0.0,19.0,7.0,Southampton,2.4,1.0,1.0,0.0,A,2023-03-18,D,0.3999999999999999,1.1169590643274854,1.0407331975560081,1485.0415513826488,1789.5016562986125,-304.4601049159637,1.4333333333333333,2.0,12.333333333333334,13.0,4.333333333333333,2.6666666666666665,1.5333333333333332,1.3333333333333333,14.0,16.333333333333332,6.333333333333333,4.333333333333333,3.0,14.0,14,14
2.0,12.0,2.0,68.0,0.0,12.0,3.0,Everton,1.0,2.0,8.0,8.0,2.0,32.0,0.0,20.0,7.0,Chelsea,2.3,2.0,0.0,0.0,D,2023-03-18,D,1.2999999999999998,1.6611570247933887,0.4713656387665199,1894.8360852874234,1726.6995064747496,168.13657881267386,1.8,1.0,16.666666666666668,10.333333333333334,5.0,3.3333333333333335,1.833333333333333,1.3333333333333333,15.0,10.0,5.333333333333333,3.6666666666666665,14.0,13.0,13,14
4.0,9.0,4.0,65.0,0.0,11.0,4.0,Leeds United,2.0,5.0,5.0,15.0,2.0,35.0,1.0,23.0,8.0,Wolves,2.7,3.0,1.0,0.0,A,2023-03-18,A,0.7000000000000002,2.081081081081081,0.5391705069124425,1603.0797539280402,1712.7993362650259,-109.7195823369857,1.5,1.3333333333333333,15.333333333333334,12.333333333333334,5.666666666666667,3.6666666666666665,1.8666666666666665,1.3333333333333333,17.0,10.0,5.666666666666667,2.0,14.0,14.0,14,14
4.0,11.0,1.0,53.0,0.0,14.0,1.0,Leicester City,1.0,2.0,8.0,10.0,1.0,47.0,1.0,11.0,2.0,Brentford,0.6,1.0,0.0,1.0,H,2023-03-18,D,-0.4,0.7872340425531915,0.8870056497175142,1822.9185183714126,1582.0828406343953,240.83567773701725,1.2,1.0,12.333333333333334,11.0,4.333333333333333,3.3333333333333335,2.1333333333333337,1.6666666666666667,16.0,14.666666666666666,5.0,1.3333333333333333,12.0,14.0,14,14
6.0,13.0,0.0,56.0,0.0,10.0,3.0,Bournemouth,1.0,4.0,9.0,8.0,3.0,44.0,0.0,20.0,9.0,Aston Villa,3.5,1.0,0.0,1.0,H,2023-03-18,H,2.5,1.9900990099009903,0.786096256684492,1853.1627836918879,1752.0306042874054,101.13217940448249,1.7333333333333334,1.3333333333333333,11.666666666666666,11.0,5.0,2.6666666666666665,2.3000000000000003,1.0,22.0,6.333333333333333,7.333333333333333,2.6666666666666665,14.0,14.0,14,14
4.0,10.0,1.0,62.0,0.0,8.0,4.0,Crystal Palace,1.0,1.0,5.0,8.0,4.0,38.0,0.0,15.0,5.0,Arsenal,1.6,0.0,0.0,2.0,H,2023-03-19,H,0.6000000000000001,1.8641975308641976,0.6135265700483092,2031.4490737704036,1762.76945717414,268.6796165962637,2.0333333333333337,1.0,20.333333333333332,6.666666666666667,6.333333333333333,4.333333333333333,1.1333333333333333,0.6666666666666666,11.333333333333334,7.333333333333333,3.6666666666666665,2.3333333333333335,15.0,4.0,14,14
1.0,12.0,1.0,68.0,0.0,4.0,1.0,Liverpool,0.0,1.0,7.0,9.0,4.0,32.0,0.0,17.0,8.0,Manchester City,2.9,1.0,1.0,1.0,D,2023-04-01,H,2.9,4.170731707317074,0.4713656387665199,2000.0555871302647,1994.8542409456659,5.201346184598833,2.5,0.0,15.0,5.0,6.666666666666667,1.6666666666666667,1.5,1.0,9.333333333333334,10.333333333333334,3.3333333333333335,3.6666666666666665,28.0,21.0,14,14
3.0,13.0,1.0,66.0,0.0,7.0,5.0,Leeds United,1.0,2.0,4.0,11.0,4.0,34.0,0.0,13.0,6.0,Arsenal,3.8,0.0,0.0,1.0,H,2023-04-01,H,2.8,1.8450704225352113,0.5158850226928896,2031.4490737704036,1712.7993362650259,318.64973750537774,2.5,1.0,19.666666666666668,6.333333333333333,6.666666666666667,4.333333333333333,2.6666666666666665,1.3333333333333333,16.333333333333332,9.666666666666666,5.666666666666667,3.6666666666666665,13.0,14.0,15,15
3.0,13.0,1.0,57.0,0.0,10.0,2.0,Fulham,1.0,4.0,4.0,15.0,2.0,43.0,0.0,12.0,7.0,Bournemouth,2.6,1.0,1.0,0.0,A,2023-04-01,H,1.6,1.198019801980198,0.7548161120840631,1752.0306042874054,1840.3307787196475,-88.3001744322421,1.5,1.6666666666666667,10.0,15.0,3.6666666666666665,4.333333333333333,2.3000000000000003,0.6666666666666666,15.666666666666666,8.0,6.666666666666667,3.0,21.0,26.0,14,14
1.0,16.0,1.0,52.0,0.0,3.0,2.0,Leicester City,0.0,4.0,10.0,12.0,2.0,48.0,0.0,31.0,9.0,Crystal Palace,2.3,3.0,0.0,0.0,D,2023-04-01,H,2.3,10.03225806451613,0.9232245681381958,1762.76945717414,1582.0828406343953,180.6866165397446,1.0666666666666667,1.0,13.666666666666666,9.666666666666666,3.0,3.3333333333333335,1.4333333333333336,1.0,17.666666666666668,9.333333333333334,5.333333333333333,1.0,21.0,14.0,15,15
0.0,10.0,3.0,72.0,0.0,7.0,5.0,Brentford,2.0,1.0,14.0,16.0,3.0,28.0,0.0,33.0,15.0,Brighton,4.2,2.0,2.0,2.0,D,2023-04-01,D,2.2,4.661971830985916,0.38973647711511794,1770.14782868638,1822.9185183714126,-52.770689685032494,2.766666666666667,1.0,21.333333333333332,7.0,9.666666666666666,3.3333333333333335,1.9000000000000001,2.0,17.666666666666668,10.0,7.333333333333333,4.666666666666667,17.0,17.0,14,14
3.0,13.0,1.0,71.0,0.0,8.0,1.0,Wolves,1.0,5.0,4.0,14.0,1.0,29.0,0.0,17.0,7.0,Nott'ham Forest,1.3,3.0,0.0,1.0,H,2023-04-01,D,0.30000000000000004,2.111111111111111,0.409282700421941,1714.9753427172018,1603.0797539280402,111.8955887891616,0.8333333333333334,1.6666666666666667,10.666666666666666,11.0,4.666666666666667,2.6666666666666665,1.9000000000000001,1.0,17.0,6.333333333333333,7.0,2.0,15.0,20.0,15,15
2.0,16.0,2.0,31.0,0.0,5.0,2.0,Aston Villa,1.0,3.0,13.0,14.0,0.0,69.0,0.0,27.0,8.0,Chelsea,2.1,3.0,1.0,0.0,A,2023-04-01,A,1.1,5.313725490196079,2.2218649517684885,1894.8360852874234,1853.1627836918879,41.67330159553558,1.9666666666666668,1.0,20.0,9.333333333333334,6.0,2.3333333333333335,1.9333333333333336,1.6666666666666667,19.666666666666668,8.666666666666666,6.333333333333333,3.6666666666666665,14.0,20.0,14,14
3.0,11.0,0.0,43.0,0.0,9.0,3.0,Southampton,0.0,2.0,5.0,10.0,1.0,57.0,0.0,12.0,2.0,West Ham,1.4,0.0,0.0,1.0,H,2023-04-02,H,1.4,1.3296703296703296,1.3248259860788862,1647.3033468244073,1485.0415513826488,162.26179544175852,2.066666666666667,0.6666666666666666,15.666666666666666,9.666666666666666,4.333333333333333,3.3333333333333335,1.0333333333333334,0.3333333333333333,12.0,11.333333333333334,3.3333333333333335,3.0,21.0,21.0,14,15
4.0,12.0,0.0,54.0,0.0,6.0,1.0,Manchester Utd,0.0,0.0,7.0,8.0,2.0,46.0,0.0,22.0,6.0,Newcastle Utd,3.7,0.0,0.0,0.0,D,2023-04-02,H,3.7,3.6229508196721314,0.8521256931608133,1899.5248972494726,1739.89943343953,159.62546380994263,2.5,1.0,18.333333333333332,8.666666666666666,6.0,4.0,2.766666666666667,0.6666666666666666,18.666666666666668,8.333333333333334,6.666666666666667,3.3333333333333335,21.0,28.0,14,14
3.0,14.0,1.0,61.0,1.0,8.0,2.0,Tottenham,1.0,3.0,3.0,10.0,1.0,39.0,1.0,15.0,6.0,Everton,0.9,0.0,0.0,0.0,D,2023-04-03,D,-0.09999999999999998,1.8641975308641976,0.6399345335515548,1726.6995064747496,1789.5016562986125,-62.80214982386292,1.1666666666666667,1.6666666666666667,14.333333333333334,9.666666666666666,5.666666666666667,3.6666666666666665,1.2666666666666664,1.3333333333333333,14.0,15.333333333333334,6.0,3.6666666666666665,23.0,16.0,15,15
4.0,13.0,1.0,39.0,0.0,13.0,1.0,Nott'ham Forest,1.0,4.0,11.0,11.0,2.0,61.0,0.0,21.0,6.0,Leeds United,1.8,1.0,1.0,2.0,H,2023-04-04,H,0.8,1.6106870229007635,1.5626598465473145,1712.7993362650259,1714.9753427172018,-2.1760064521758977,1.2,1.3333333333333333,15.666666666666666,11.666666666666666,4.666666666666667,1.6666666666666667,2.1666666666666665,1.0,18.0,10.0,6.0,3.0,24.0,24.0,14,14
8.0,14.0,2.0,64.0,0.0,15.0,5.0,Aston Villa,1.0,0.0,4.0,10.0,1.0,36.0,1.0,9.0,4.0,Leicester City,0.5,2.0,1.0,1.0,D,2023-04-04,A,-0.5,0.6026490066225165,0.5631825273010921,1582.0828406343953,1853.1627836918879,-271.0799430574925,0.9666666666666667,1.3333333333333333,9.0,12.333333333333334,3.6666666666666665,4.333333333333333,1.566666666666667,1.3333333333333333,17.666666666666668,10.666666666666666,6.0,3.6666666666666665,24.0,3.0,14,15
5.0,5.0,2.0,63.0,0.0,16.0,6.0,Brighton,3.0,1.0,5.0,11.0,0.0,37.0,0.0,14.0,3.0,Bournemouth,1.7,1.0,1.0,0.0,A,2023-04-04,A,-1.3,0.8757763975155278,0.5879556259904913,1752.0306042874054,1770.14782868638,-18.117224398974713,1.7333333333333332,2.0,10.333333333333334,13.666666666666666,4.0,4.666666666666667,1.2333333333333334,3.0,10.666666666666666,15.666666666666666,2.6666666666666665,5.0,3.0,24.0,15,13
5.0,17.0,0.0,51.0,0.0,7.0,4.0,Liverpool,0.0,4.0,3.0,6.0,0.0,49.0,0.0,12.0,3.0,Chelsea,2.2,1.0,0.0,0.0,D,2023-04-04,D,2.2,1.704225352112676,0.9608610567514677,1894.8360852874234,1994.8542409456659,-100.01815565824245,2.1999999999999997,0.6666666666666666,19.666666666666668,8.0,6.0,3.0,2.0,0.6666666666666666,11.333333333333334,8.666666666666666,4.333333333333333,3.6666666666666665,3.0,3.0,15,15
6.0,12.0,5.0,58.0,0.0,15.0,8.0,Newcastle Utd,3.0,1.0,7.0,11.0,1.0,42.0,0.0,7.0,2.0,West Ham,1.0,2.0,2.0,1.0,A,2023-04-05,A,-2.0,0.47019867549668876,0.7246127366609294,1647.3033468244073,1899.5248972494726,-252.2215504250653,1.5,1.6666666666666667,12.0,12.0,3.3333333333333335,5.0,0.9,1.6666666666666667,7.666666666666667,11.666666666666666,2.6666666666666665,4.666666666666667,3.0,19.0,15,14
3.0,13.0,0.0,64.0,0.0,6.0,1.0,Brentford,1.0,2.0,12.0,8.0,1.0,36.0,0.0,18.0,3.0,Manchester Utd,1.2,3.0,0.0,1.0,H,2023-04-05,H,0.19999999999999996,2.9672131147540988,0.5631825273010921,1739.89943343953,1822.9185183714126,-83.01908493188262,2.1333333333333333,1.3333333333333333,18.0,14.0,5.0,2.6666666666666665,1.9666666666666668,1.6666666666666667,19.333333333333332,8.0,6.333333333333333,3.6666666666666665,24.0,4.0,14,15
4.0,9.0,0.0,63.0,0.0,15.0,1.0,Everton,1.0,0.0,10.0,10.0,2.0,37.0,0.0,29.0,11.0,Manchester Utd,3.4,0.0,0.0,1.0,H,2023-04-08,H,2.4,1.9271523178807948,0.5879556259904913,1739.89943343953,1726.6995064747496,13.199926964780389,1.8,1.0,19.0,12.666666666666666,6.0,2.0,2.1666666666666665,1.3333333333333333,19.666666666666668,12.333333333333334,7.333333333333333,2.3333333333333335,3.0,21.0,15,15
4.0,12.0,1.0,76.0,0.0,9.0,5.0,West Ham,1.0,1.0,11.0,10.0,0.0,24.0,0.0,16.0,3.0,Fulham,0.7,1.0,1.0,0.0,A,2023-04-08,A,-0.30000000000000004,1.7692307692307694,0.3166885676741131,1840.3307787196475,1647.3033468244073,193.02743189524017,0.666666666666667,1.3333333333333333,12.666666666666666,10.666666666666666,3.3333333333333335,4.666666666666667,1.9000000000000001,0.6666666666666666,17.333333333333332,6.0,6.0,2.6666666666666665,27.0,35.0,15,14
8.0,10.0,0.0,62.0,0.0,13.0,1.0,Chelsea,1.0,5.0,8.0,14.0,1.0,38.0,0.0,9.0,4.0,Wolves,0.6,2.0,0.0,1.0,H,2023-04-08,H,-0.4,0.6946564885496184,0.6135265700483092,1603.0797539280402,1894.8360852874234,-291.75633135938324,1.2666666666666668,1.3333333333333333,13.333333333333334,15.0,5.666666666666667,3.6666666666666665,1.2666666666666668,1.0,11.333333333333334,11.666666666666666,4.666666666666667,3.0,21.0,28.0,15,15
7.0,15.0,1.0,65.0,0.0,17.0,4.0,Brighton,1.0,1.0,3.0,15.0,2.0,35.0,0.0,9.0,3.0,Tottenham,0.8,3.0,1.0,1.0,D,2023-04-08,H,-0.19999999999999996,0.5321637426900584,0.5391705069124425,1789.5016562986125,1770.14782868638,19.353827612232408,1.2,1.0,10.666666666666666,12.0,4.333333333333333,3.6666666666666665,1.1333333333333335,2.3333333333333335,11.666666666666666,15.666666666666666,3.3333333333333335,4.0,28.0,4.0,15,14
6.0,13.0,1.0,49.0,0.0,19.0,7.0,Bournemouth,2.0,3.0,6.0,10.0,0.0,51.0,0.0,14.0,4.0,Leicester City,0.6,0.0,1.0,0.0,A,2023-04-08,A,-1.4,0.7382198952879581,1.0407331975560081,1582.0828406343953,1752.0306042874054,-169.94776365301004,1.1666666666666667,1.6666666666666667,13.333333333333334,15.333333333333334,5.0,6.0,2.066666666666667,1.3333333333333333,21.666666666666668,11.0,7.333333333333333,4.666666666666667,4.0,21.0,15,15
5.0,15.0,2.0,58.0,0.0,10.0,4.0,Newcastle Utd,1.0,0.0,6.0,10.0,1.0,42.0,0.0,12.0,6.0,Brentford,2.6,0.0,0.0,1.0,H,2023-04-08,A,1.6,1.198019801980198,0.7246127366609294,1822.9185183714126,1899.5248972494726,-76.60637887806001,1.7666666666666668,1.0,12.333333333333334,11.0,4.666666666666667,3.3333333333333335,1.3333333333333333,2.0,8.0,13.333333333333334,3.6666666666666665,5.333333333333333,21.0,3.0,15,15
8.0,17.0,0.0,63.0,0.0,6.0,2.0,Nott'ham Forest,0.0,4.0,1.0,7.0,2.0,37.0,0.0,8.0,3.0,Aston Villa,1.3,3.0,0.0,0.0,D,2023-04-08,H,1.3,1.3278688524590163,0.5879556259904913,1853.1627836918879,1714.9753427172018,138.18744097468607,2.0,0.3333333333333333,12.0,6.333333333333333,4.333333333333333,1.6666666666666667,1.7,1.0,14.666666666666666,9.333333333333334,5.333333333333333,2.6666666666666665,21.0,4.0,15,15
10.0,10.0,4.0,73.0,0.0,13.0,8.0,Manchester City,3.0,2.0,0.0,6.0,1.0,27.0,0.0,4.0,1.0,Southampton,0.4,0.0,1.0,0.0,A,2023-04-08,A,-2.6,0.3129770992366412,0.37072503419972647,1485.0415513826488,2000.0555871302647,-515.0140357476159,1.0999999999999999,2.3333333333333335,10.0,13.666666666666666,3.0,5.333333333333333,0.5333333333333333,2.3333333333333335,7.0,15.666666666666666,1.0,5.666666666666667,21.0,28.0,15,15
4.0,8.0,5.0,52.0,0.0,16.0,8.0,Crystal Palace,3.0,1.0,2.0,11.0,1.0,48.0,0.0,11.0,7.0,Leeds United,0.9,3.0,1.0,1.0,D,2023-04-09,A,-2.1,0.6894409937888198,0.9232245681381958,1712.7993362650259,1762.76945717414,-49.97012090911403,1.2,2.3333333333333335,14.666666666666666,14.333333333333334,5.666666666666667,3.6666666666666665,1.0333333333333332,1.6666666666666667,12.333333333333334,11.666666666666666,5.666666666666667,5.0,5.0,21.0,15,15
4.0,11.0,2.0,41.0,0.0,9.0,5.0,Arsenal,1.0,4.0,5.0,11.0,2.0,59.0,0.0,21.0,6.0,Liverpool,3.9,4.0,2.0,1.0,A,2023-04-09,D,2.9,2.318681318681319,1.437956204379562,1994.8542409456659,2031.4490737704036,-36.59483282473775,3.1,1.0,18.0,7.0,6.666666666666667,3.3333333333333335,1.5666666666666667,1.3333333333333333,11.333333333333334,11.333333333333334,2.6666666666666665,4.666666666666667,35.0,28.0,14,15
2.0,15.0,0.0,48.0,0.0,8.0,2.0,Newcastle Utd,1.0,1.0,7.0,13.0,3.0,52.0,0.0,16.0,6.0,Aston Villa,1.9,1.0,0.0,1.0,H,2023-04-15,H,0.8999999999999999,1.9876543209876545,1.0831600831600832,1853.1627836918879,1899.5248972494726,-46.362113557584735,2.2333333333333334,0.6666666666666666,14.666666666666666,8.0,6.0,2.3333333333333335,1.8333333333333333,1.6666666666666667,11.666666666666666,11.0,4.666666666666667,4.666666666666667,7.0,7.0,16,16
2.0,13.0,2.0,42.0,0.0,9.0,2.0,Crystal Palace,1.0,1.0,6.0,6.0,0.0,58.0,0.0,11.0,4.0,Southampton,0.8,3.0,0.0,0.0,D,2023-04-15,A,-0.19999999999999996,1.2197802197802199,1.3800475059382422,1485.0415513826488,1762.76945717414,-277.72790579149114,1.2,2.0,11.333333333333334,13.0,4.0,4.333333333333333,1.0999999999999999,1.6666666666666667,12.333333333333334,11.0,5.333333333333333,4.666666666666667,7.0,6.0,16,16
2.0,8.0,1.0,70.0,0.0,10.0,4.0,Leicester City,2.0,1.0,6.0,8.0,3.0,30.0,0.0,12.0,4.0,Manchester City,1.6,1.0,0.0,3.0,H,2023-04-15,H,-0.3999999999999999,1.198019801980198,0.4293865905848788,2000.0555871302647,1582.0828406343953,417.9727464958694,1.9333333333333336,0.6666666666666666,13.333333333333334,6.333333333333333,5.0,2.3333333333333335,1.5000000000000002,1.0,18.0,9.0,5.0,2.3333333333333335,14.0,14.0,15,16
8.0,6.0,3.0,54.0,0.0,21.0,7.0,Fulham,2.0,2.0,4.0,10.0,1.0,46.0,0.0,15.0,7.0,Everton,1.4,3.0,1.0,1.0,D,2023-04-15,A,-0.6000000000000001,0.7156398104265402,0.8521256931608133,1726.6995064747496,1840.3307787196475,-113.6312722448979,1.0999999999999999,1.6666666666666667,14.333333333333334,13.666666666666666,6.333333333333333,4.333333333333333,2.033333333333333,1.3333333333333333,13.666666666666666,13.333333333333334,6.666666666666667,4.666666666666667,12.0,14.0,16,15
8.0,11.0,2.0,57.0,0.0,26.0,10.0,Brighton,3.0,2.0,2.0,11.0,1.0,43.0,0.0,8.0,2.0,Chelsea,0.5,2.0,1.0,1.0,D,2023-04-15,A,-2.5,0.31034482758620685,0.7548161120840631,1894.8360852874234,1770.14782868638,124.68825660104335,1.6000000000000003,1.3333333333333333,15.666666666666666,12.666666666666666,4.333333333333333,5.333333333333333,1.0,2.3333333333333335,10.333333333333334,19.666666666666668,2.6666666666666665,6.666666666666667,11.0,7.0,16,15
2.0,8.0,0.0,50.0,0.0,10.0,3.0,Brentford,1.0,1.0,5.0,12.0,2.0,50.0,0.0,11.0,9.0,Wolves,0.8,1.0,0.0,1.0,H,2023-04-15,H,-0.19999999999999996,1.099009900990099,1.0,1603.0797539280402,1822.9185183714126,-219.83876444337238,1.3666666666666665,1.3333333333333333,14.333333333333334,11.333333333333334,7.0,2.6666666666666665,2.066666666666667,1.3333333333333333,20.666666666666668,7.666666666666667,9.0,3.0,7.0,10.0,16,16
1.0,9.0,3.0,58.0,0.0,6.0,6.0,Bournemouth,1.0,2.0,8.0,8.0,2.0,42.0,0.0,24.0,8.0,Tottenham,2.2,1.0,1.0,1.0,D,2023-04-15,A,1.2000000000000002,3.950819672131148,0.7246127366609294,1789.5016562986125,1752.0306042874054,37.47105201120712,1.6666666666666667,1.3333333333333333,16.0,10.666666666666666,6.0,5.0,2.1,1.3333333333333333,19.333333333333332,11.666666666666666,7.0,5.333333333333333,7.0,7.0,16,16
2.0,8.0,2.0,70.0,0.0,11.0,5.0,Arsenal,3.0,2.0,7.0,11.0,2.0,30.0,0.0,16.0,3.0,West Ham,1.8,1.0,2.0,1.0,A,2023-04-16,D,-1.2,1.4504504504504507,0.4293865905848788,1647.3033468244073,2031.4490737704036,-384.14572694599633,1.4000000000000001,2.0,11.666666666666666,11.666666666666666,2.3333333333333335,5.333333333333333,2.1666666666666665,2.0,16.333333333333332,11.666666666666666,3.6666666666666665,5.666666666666667,11.0,7.0,16,16
9.0,9.0,2.0,68.0,0.0,22.0,8.0,Manchester Utd,4.0,2.0,4.0,9.0,0.0,32.0,0.0,6.0,0.0,Nott'ham Forest,0.7,2.0,1.0,0.0,A,2023-04-16,A,-3.3,0.2760180995475113,0.4713656387665199,1714.9753427172018,1739.89943343953,-24.924090722328174,0.8000000000000002,2.3333333333333335,9.333333333333334,15.0,3.3333333333333335,4.333333333333333,2.4000000000000004,1.6666666666666667,15.333333333333334,12.0,4.666666666666667,4.333333333333333,15.0,14.0,16,15
2.0,12.0,6.0,73.0,0.0,13.0,7.0,Liverpool,3.0,1.0,4.0,6.0,1.0,27.0,0.0,13.0,3.0,Leeds United,1.4,0.0,2.0,0.0,A,2023-04-17,A,-1.6,1.0,0.37072503419972647,1712.7993362650259,1994.8542409456659,-282.05490468064,1.3666666666666665,2.3333333333333335,15.0,14.0,5.333333333333333,5.333333333333333,2.1666666666666665,1.0,14.0,8.0,4.666666666666667,4.0,8.0,13.0,16,16
2.0,14.0,3.0,74.0,0.0,8.0,6.0,Southampton,1.0,5.0,7.0,10.0,3.0,26.0,0.0,25.0,6.0,Arsenal,2.4,1.0,2.0,1.0,A,2023-04-21,D,1.4,3.098765432098766,0.35222672064777333,2031.4490737704036,1485.0415513826488,546.4075223877549,2.6,1.0,17.666666666666668,7.666666666666667,5.666666666666667,5.0,1.5333333333333332,0.6666666666666666,15.666666666666666,11.333333333333334,4.0,4.333333333333333,20.0,19.0,16,16
6.0,15.0,1.0,50.0,0.0,10.0,2.0,Leeds United,1.0,4.0,8.0,10.0,2.0,50.0,0.0,12.0,5.0,Fulham,1.7,1.0,0.0,0.0,D,2023-04-22,H,0.7,1.198019801980198,1.0,1840.3307787196475,1712.7993362650259,127.53144245462158,1.066666666666667,1.3333333333333333,13.333333333333334,11.333333333333334,3.3333333333333335,4.666666666666667,2.733333333333333,1.3333333333333333,16.0,9.333333333333334,6.333333333333333,3.6666666666666665,14.0,21.0,16,16
4.0,8.0,1.0,56.0,0.0,14.0,2.0,Aston Villa,2.0,2.0,8.0,12.0,1.0,44.0,0.0,6.0,5.0,Brentford,2.7,3.0,0.0,0.0,D,2023-04-22,D,0.7000000000000002,0.43262411347517726,0.786096256684492,1822.9185183714126,1853.1627836918879,-30.24426532047528,1.9666666666666668,1.3333333333333333,9.666666666666666,12.666666666666666,4.333333333333333,2.3333333333333335,1.7666666666666668,1.3333333333333333,14.0,11.333333333333334,5.666666666666667,3.0,14.0,18.0,16,16
1.0,14.0,0.0,56.0,1.0,10.0,5.0,Everton,0.0,1.0,8.0,12.0,0.0,44.0,0.0,12.0,2.0,Crystal Palace,0.5,1.0,0.0,0.0,D,2023-04-22,D,0.5,1.198019801980198,0.786096256684492,1762.76945717414,1726.6995064747496,36.06995069939035,1.0,0.6666666666666666,15.666666666666666,9.0,3.6666666666666665,3.6666666666666665,2.0666666666666664,0.6666666666666666,20.333333333333332,12.333333333333334,6.666666666666667,3.0,21.0,14.0,16,16
3.0,12.0,2.0,80.0,0.0,11.0,5.0,Nott'ham Forest,1.0,1.0,9.0,9.0,3.0,20.0,0.0,18.0,6.0,Liverpool,2.8,0.0,0.0,0.0,D,2023-04-22,H,1.7999999999999998,1.6306306306306309,0.25093632958801504,1994.8542409456659,1714.9753427172018,279.8788982284641,3.1666666666666665,1.0,19.0,9.333333333333334,6.666666666666667,4.666666666666667,1.9666666666666666,0.6666666666666666,15.666666666666666,10.0,5.0,2.6666666666666665,13.0,14.0,15,16
7.0,16.0,1.0,58.0,0.0,16.0,3.0,Wolves,1.0,3.0,1.0,17.0,2.0,42.0,0.0,15.0,8.0,Leicester City,2.4,1.0,1.0,1.0,D,2023-04-22,H,1.4,0.9378881987577639,0.7246127366609294,1582.0828406343953,1603.0797539280402,-20.996913293644866,1.1666666666666667,1.3333333333333333,12.666666666666666,16.666666666666668,5.333333333333333,5.0,1.8333333333333333,1.0,17.0,10.333333333333334,7.666666666666667,2.6666666666666665,14.0,21.0,16,16
5.0,8.0,4.0,36.0,0.0,18.0,10.0,West Ham,2.0,2.0,8.0,7.0,0.0,64.0,0.0,17.0,5.0,Bournemouth,1.5,1.0,3.0,0.0,A,2023-04-23,A,-0.5,0.9447513812154696,1.7756232686980606,1752.0306042874054,1647.3033468244073,104.72725746299807,1.933333333333333,2.0,14.333333333333334,14.666666666666666,5.0,6.0,1.9000000000000001,1.0,17.666666666666668,10.0,5.666666666666667,5.666666666666667,19.0,15.0,16,15
3.0,13.0,1.0,56.0,0.0,11.0,3.0,Tottenham,1.0,3.0,9.0,7.0,6.0,44.0,0.0,25.0,8.0,Newcastle Utd,3.7,0.0,0.0,5.0,H,2023-04-23,H,2.7,2.2612612612612613,0.786096256684492,1899.5248972494726,1789.5016562986125,110.0232409508601,3.0666666666666664,0.6666666666666666,22.0,8.0,7.333333333333333,2.6666666666666665,2.3333333333333335,1.3333333333333333,19.666666666666668,12.0,7.0,2.6666666666666665,21.0,20.0,15,16
11.0,14.0,0.0,59.0,0.0,14.0,4.0,Crystal Palace,1.0,4.0,6.0,13.0,2.0,41.0,0.0,9.0,3.0,Wolves,1.4,5.0,0.0,1.0,H,2023-04-25,H,0.3999999999999999,0.6453900709219859,0.6954314720812182,1603.0797539280402,1762.76945717414,-159.68970324609973,0.9333333333333331,1.0,9.666666666666666,12.333333333333334,5.333333333333333,2.6666666666666665,1.0333333333333332,1.6666666666666667,10.333333333333334,13.0,4.666666666666667,4.666666666666667,10.0,10.0,17,17
2.0,18.0,0.0,51.0,0.0,1.0,0.0,Fulham,0.0,2.0,8.0,6.0,1.0,49.0,0.0,14.0,3.0,Aston Villa,1.0,3.0,0.0,1.0,H,2023-04-25,H,1.0,12.818181818181817,0.9608610567514677,1853.1627836918879,1840.3307787196475,12.832004972240384,1.4000000000000001,0.3333333333333333,12.666666666666666,5.0,4.0,1.3333333333333333,1.6666666666666667,1.0,13.666666666666666,10.666666666666666,5.666666666666667,3.0,10.0,10.0,17,16
6.0,15.0,1.0,59.0,0.0,15.0,3.0,Leicester City,2.0,2.0,3.0,14.0,1.0,41.0,0.0,13.0,3.0,Leeds United,1.5,4.0,0.0,1.0,H,2023-04-25,D,-0.5,0.8675496688741722,0.6954314720812182,1712.7993362650259,1582.0828406343953,130.71649563063056,1.2666666666666666,2.6666666666666665,12.333333333333334,14.666666666666666,4.333333333333333,6.0,1.8,1.3333333333333333,18.666666666666668,9.333333333333334,5.333333333333333,3.0,8.0,10.0,17,17
7.0,8.0,1.0,74.0,0.0,17.0,7.0,Brighton,2.0,0.0,2.0,7.0,3.0,26.0,0.0,12.0,5.0,Nott'ham Forest,2.4,2.0,1.0,1.0,D,2023-04-26,H,0.3999999999999999,0.7076023391812865,0.35222672064777333,1714.9753427172018,1770.14782868638,-55.1724859691783,1.4666666666666668,2.3333333333333335,11.666666666666666,15.666666666666666,4.0,5.333333333333333,1.2333333333333334,2.0,9.666666666666666,20.0,3.3333333333333335,7.0,10.0,11.0,17,16
2.0,13.0,2.0,29.0,0.0,7.0,1.0,Brentford,1.0,2.0,5.0,5.0,0.0,71.0,0.0,15.0,4.0,Chelsea,1.3,1.0,1.0,0.0,A,2023-04-26,A,0.30000000000000004,2.126760563380282,2.4432989690721647,1894.8360852874234,1822.9185183714126,71.91756691601086,1.3333333333333333,1.3333333333333333,11.666666666666666,13.333333333333334,3.0,5.0,1.0999999999999999,1.0,14.666666666666666,7.666666666666667,5.333333333333333,1.6666666666666667,11.0,11.0,17,17
6.0,8.0,2.0,72.0,0.0,20.0,4.0,Liverpool,2.0,0.0,3.0,6.0,1.0,28.0,0.0,7.0,2.0,West Ham,0.8,0.0,1.0,1.0,D,2023-04-26,A,-1.2,0.3532338308457711,0.38973647711511794,1647.3033468244073,1994.8542409456659,-347.5508941212586,1.2,2.6666666666666665,10.0,15.333333333333334,2.3333333333333335,5.666666666666667,1.4666666666666668,1.6666666666666667,10.666666666666666,13.333333333333334,2.6666666666666665,5.0,10.0,9.0,17,17
3.0,13.0,1.0,52.0,0.0,8.0,2.0,Arsenal,1.0,1.0,1.0,13.0,4.0,48.0,0.0,14.0,9.0,Manchester City,2.5,3.0,0.0,2.0,H,2023-04-26,H,1.5,1.7407407407407407,0.9232245681381958,2000.0555871302647,2031.4490737704036,-31.393486640138917,2.3333333333333335,1.0,14.333333333333334,7.333333333333333,7.0,2.3333333333333335,2.733333333333333,1.6666666666666667,17.0,9.333333333333334,6.0,4.0,11.0,10.0,16,17
4.0,11.0,1.0,43.0,0.0,16.0,2.0,Bournemouth,1.0,3.0,6.0,9.0,0.0,57.0,0.0,11.0,2.0,Southampton,0.5,0.0,0.0,0.0,D,2023-04-27,A,-0.5,0.6894409937888198,1.3248259860788862,1485.0415513826488,1752.0306042874054,-266.9890529047566,0.5666666666666668,1.6666666666666667,8.666666666666666,12.666666666666666,2.3333333333333335,4.0,1.0999999999999999,1.3333333333333333,16.333333333333332,13.666666666666666,4.666666666666667,5.0,12.0,12.0,17,17
14.0,6.0,4.0,60.0,0.0,15.0,8.0,Newcastle Utd,2.0,1.0,3.0,8.0,1.0,40.0,0.0,13.0,5.0,Everton,0.9,2.0,1.0,0.0,A,2023-04-27,A,-1.1,0.8675496688741722,0.6672212978369384,1726.6995064747496,1899.5248972494726,-172.82539077472302,1.0666666666666667,1.6666666666666667,14.333333333333334,14.666666666666666,6.0,5.666666666666667,1.8,1.3333333333333333,13.666666666666666,11.0,5.666666666666667,4.666666666666667,12.0,12.0,17,17
8.0,7.0,2.0,60.0,0.0,17.0,8.0,Manchester Utd,2.0,2.0,6.0,8.0,2.0,40.0,0.0,18.0,7.0,Tottenham,2.5,1.0,2.0,0.0,A,2023-04-27,D,0.5,1.0584795321637426,0.6672212978369384,1789.5016562986125,1739.89943343953,49.60222285908253,1.8333333333333333,1.3333333333333333,17.0,13.333333333333334,6.0,6.0,2.3000000000000003,2.0,15.333333333333334,15.0,4.333333333333333,5.666666666666667,12.0,11.0,17,16
5.0,17.0,3.0,59.0,0.0,8.0,4.0,West Ham,2.0,2.0,8.0,9.0,4.0,41.0,0.0,16.0,6.0,Crystal Palace,2.1,1.0,2.0,3.0,H,2023-04-29,H,0.10000000000000009,1.9876543209876545,0.6954314720812182,1762.76945717414,1647.3033468244073,115.46611034973262,1.6333333333333335,0.6666666666666666,19.666666666666668,7.0,5.666666666666667,3.6666666666666665,1.4333333333333333,1.6666666666666667,16.333333333333332,11.666666666666666,4.666666666666667,6.333333333333333,7.0,6.0,17,16
0.0,13.0,1.0,68.0,0.0,5.0,3.0,Nott'ham Forest,1.0,2.0,6.0,6.0,2.0,32.0,0.0,14.0,8.0,Brentford,1.6,1.0,1.0,0.0,A,2023-04-29,H,0.6000000000000001,2.764705882352941,0.4713656387665199,1822.9185183714126,1714.9753427172018,107.94317565421079,2.3000000000000003,1.3333333333333333,10.666666666666666,9.666666666666666,6.333333333333333,3.0,1.8999999999999997,0.6666666666666666,13.333333333333334,7.333333333333333,5.666666666666667,3.3333333333333335,7.0,7.0,17,17
5.0,11.0,0.0,57.0,0.0,10.0,2.0,Wolves,1.0,1.0,2.0,14.0,6.0,43.0,0.0,22.0,8.0,Brighton,3.3,1.0,0.0,4.0,H,2023-04-29,H,2.3,2.1881188118811883,0.7548161120840631,1770.14782868638,1603.0797539280402,167.0680747583399,2.6999999999999997,1.3333333333333333,22.0,9.333333333333334,9.333333333333334,3.3333333333333335,2.3333333333333335,1.0,18.0,11.333333333333334,7.666666666666667,2.0,28.0,7.0,15,17
5.0,10.0,2.0,62.0,0.0,12.0,9.0,Manchester City,3.0,3.0,2.0,9.0,1.0,38.0,0.0,4.0,1.0,Fulham,0.2,1.0,2.0,1.0,A,2023-04-30,A,-2.8,0.33884297520661155,0.6135265700483092,1840.3307787196475,2000.0555871302647,-159.72480841061724,0.866666666666667,1.6666666666666667,10.666666666666666,10.333333333333334,3.0,5.333333333333333,0.2666666666666667,2.6666666666666665,4.0,13.0,0.6666666666666666,7.0,8.0,22.0,17,16
4.0,7.0,0.0,57.0,0.0,7.0,1.0,Aston Villa,1.0,0.0,1.0,16.0,1.0,43.0,0.0,14.0,6.0,Manchester Utd,1.2,2.0,0.0,1.0,H,2023-04-30,H,0.19999999999999996,1.9859154929577465,0.7548161120840631,1739.89943343953,1853.1627836918879,-113.2633502523579,1.9333333333333333,1.0,20.333333333333332,9.333333333333334,6.666666666666667,1.0,1.4666666666666668,1.3333333333333333,9.666666666666666,12.0,5.0,2.6666666666666665,22.0,8.0,16,17
2.0,10.0,1.0,63.0,0.0,4.0,3.0,Southampton,1.0,4.0,11.0,7.0,3.0,37.0,0.0,22.0,5.0,Newcastle Utd,4.3,1.0,1.0,0.0,A,2023-04-30,H,3.3,5.390243902439026,0.5879556259904913,1899.5248972494726,1485.0415513826488,414.4833458668238,3.9,0.6666666666666666,23.0,7.0,6.333333333333333,2.3333333333333335,2.6999999999999997,0.6666666666666666,19.666666666666668,7.0,4.333333333333333,4.0,7.0,9.0,16,17
6.0,14.0,1.0,42.0,0.0,15.0,6.0,Leeds United,2.0,0.0,2.0,12.0,4.0,58.0,0.0,12.0,7.0,Bournemouth,1.9,1.0,1.0,2.0,H,2023-04-30,H,-0.10000000000000009,0.8013245033112583,1.3800475059382422,1752.0306042874054,1712.7993362650259,39.23126802237948,1.7,2.3333333333333335,14.333333333333334,16.333333333333332,5.0,7.333333333333333,2.466666666666667,1.3333333333333333,12.333333333333334,10.666666666666666,6.0,4.333333333333333,7.0,8.0,17,17
2.0,6.0,3.0,67.0,0.0,10.0,7.0,Tottenham,2.0,2.0,5.0,12.0,4.0,33.0,0.0,12.0,4.0,Liverpool,2.2,3.0,1.0,3.0,H,2023-04-30,H,0.20000000000000018,1.198019801980198,0.49329359165424747,1994.8542409456659,1789.5016562986125,205.3525846470534,2.966666666666667,1.3333333333333333,17.0,10.0,5.333333333333333,5.666666666666667,2.2666666666666666,1.3333333333333333,17.333333333333332,9.666666666666666,6.0,4.0,8.0,7.0,16,17
9.0,12.0,2.0,46.0,0.0,23.0,8.0,Everton,3.0,1.0,2.0,10.0,2.0,54.0,0.0,15.0,6.0,Leicester City,3.4,4.0,1.0,2.0,H,2023-05-01,D,0.3999999999999999,0.6536796536796536,1.17353579175705,1582.0828406343953,1726.6995064747496,-144.61666584035424,2.1333333333333333,2.0,14.666666666666666,19.333333333333332,6.0,6.0,2.433333333333333,1.3333333333333333,18.666666666666668,16.0,6.333333333333333,4.666666666666667,9.0,9.0,17,17
2.0,10.0,1.0,55.0,0.0,7.0,4.0,Chelsea,1.0,2.0,7.0,10.0,3.0,45.0,0.0,16.0,10.0,Arsenal,1.7,0.0,0.0,3.0,H,2023-05-02,H,0.7,2.2676056338028174,0.8185117967332124,2031.4490737704036,1894.8360852874234,136.6129884829802,2.6333333333333333,1.0,18.0,7.333333333333333,7.333333333333333,5.0,1.5666666666666664,1.3333333333333333,14.0,10.666666666666666,7.0,3.6666666666666665,11.0,24.0,17,16
5.0,8.0,0.0,57.0,0.0,9.0,3.0,Fulham,1.0,0.0,7.0,10.0,1.0,43.0,0.0,15.0,3.0,Liverpool,1.8,0.0,0.0,1.0,H,2023-05-03,H,0.8,1.6593406593406594,0.7548161120840631,1994.8542409456659,1840.3307787196475,154.5234622260184,2.2666666666666666,1.3333333333333333,15.0,10.0,4.333333333333333,5.0,1.4000000000000001,1.0,14.666666666666666,10.333333333333334,4.333333333333333,3.3333333333333335,3.0,8.0,17,17
3.0,8.0,0.0,69.0,0.0,6.0,2.0,West Ham,0.0,1.0,6.0,8.0,3.0,31.0,0.0,16.0,7.0,Manchester City,2.3,0.0,0.0,0.0,D,2023-05-03,H,2.3,2.6393442622950825,0.4500723589001448,2000.0555871302647,1647.3033468244073,352.7522403058574,2.1333333333333333,1.0,14.0,8.0,6.666666666666667,2.6666666666666665,1.9666666666666666,1.3333333333333333,16.333333333333332,10.666666666666666,6.0,5.333333333333333,7.0,4.0,17,17
6.0,14.0,0.0,41.0,0.0,16.0,5.0,Manchester Utd,1.0,4.0,8.0,10.0,1.0,59.0,0.0,22.0,6.0,Brighton,2.3,4.0,0.0,0.0,D,2023-05-04,H,1.2999999999999998,1.3726708074534162,1.437956204379562,1770.14782868638,1739.89943343953,30.248395246850123,3.266666666666667,1.3333333333333333,25.666666666666668,11.0,9.666666666666666,4.0,1.8333333333333337,2.3333333333333335,15.333333333333334,18.333333333333332,4.333333333333333,7.0,5.0,7.0,16,17
7.0,11.0,3.0,65.0,0.0,11.0,5.0,Chelsea,1.0,3.0,7.0,9.0,1.0,35.0,0.0,10.0,4.0,Bournemouth,1.2,1.0,1.0,1.0,D,2023-05-06,A,0.19999999999999996,0.9099099099099099,0.5391705069124425,1752.0306042874054,1894.8360852874234,-142.80548100001806,1.5333333333333332,1.6666666666666667,13.0,14.666666666666666,5.333333333333333,7.0,1.1666666666666667,1.0,11.666666666666666,10.333333333333334,6.0,3.3333333333333335,6.0,4.0,18,17
1.0,16.0,1.0,80.0,0.0,4.0,2.0,Leeds United,0.0,3.0,10.0,3.0,2.0,20.0,0.0,18.0,6.0,Manchester City,2.6,0.0,0.0,2.0,H,2023-05-06,H,2.6,4.414634146341464,0.25093632958801504,2000.0555871302647,1712.7993362650259,287.2562508652388,2.466666666666667,0.3333333333333333,16.0,6.0,7.333333333333333,2.0,2.0666666666666664,1.0,14.0,9.666666666666666,6.0,3.3333333333333335,3.0,6.0,18,18
3.0,10.0,0.0,54.0,0.0,5.0,1.0,Brentford,0.0,2.0,7.0,19.0,1.0,46.0,0.0,15.0,5.0,Liverpool,2.2,4.0,0.0,1.0,H,2023-05-06,H,2.2,2.9607843137254903,0.8521256931608133,1994.8542409456659,1822.9185183714126,171.9357225742533,2.066666666666667,1.0,14.0,8.0,4.0,3.6666666666666665,1.4333333333333333,0.6666666666666666,13.666666666666666,7.333333333333333,6.0,1.6666666666666667,3.0,10.0,18,18
6.0,9.0,0.0,62.0,0.0,16.0,3.0,Aston Villa,2.0,3.0,5.0,20.0,1.0,38.0,0.0,6.0,2.0,Wolves,0.8,3.0,0.0,1.0,H,2023-05-06,H,-1.2,0.3788819875776397,0.6135265700483092,1603.0797539280402,1853.1627836918879,-250.08302976384766,0.9999999999999997,1.3333333333333333,8.666666666666666,13.333333333333334,4.666666666666667,3.3333333333333335,1.5666666666666667,1.6666666666666667,8.666666666666666,12.333333333333334,4.333333333333333,2.0,11.0,6.0,18,18
4.0,14.0,0.0,56.0,0.0,7.0,2.0,Crystal Palace,0.0,5.0,8.0,15.0,1.0,44.0,0.0,8.0,3.0,Tottenham,0.9,3.0,0.0,1.0,H,2023-05-06,H,0.9,1.1408450704225352,0.786096256684492,1789.5016562986125,1762.76945717414,26.732199124472572,1.866666666666667,1.0,16.666666666666668,10.0,6.0,5.333333333333333,1.0333333333333332,0.6666666666666666,9.333333333333334,10.0,3.3333333333333335,2.6666666666666665,9.0,11.0,18,18
4.0,12.0,2.0,45.0,0.0,10.0,6.0,Arsenal,1.0,1.0,9.0,16.0,0.0,55.0,0.0,12.0,5.0,Newcastle Utd,1.3,2.0,1.0,0.0,A,2023-05-07,A,0.30000000000000004,1.198019801980198,1.221729490022173,1899.5248972494726,2031.4490737704036,-131.92417652093104,3.1,1.0,19.666666666666668,8.333333333333334,6.0,4.0,1.8666666666666665,1.6666666666666667,14.0,9.666666666666666,5.666666666666667,4.333333333333333,7.0,11.0,17,18
6.0,9.0,0.0,65.0,0.0,19.0,4.0,Manchester Utd,1.0,2.0,5.0,4.0,1.0,35.0,0.0,15.0,4.0,West Ham,1.3,0.0,0.0,1.0,H,2023-05-07,H,0.30000000000000004,0.7905759162303664,0.5391705069124425,1647.3033468244073,1739.89943343953,-92.59608661512266,1.3,2.0,12.666666666666666,16.666666666666668,3.0,4.333333333333333,2.0333333333333337,1.3333333333333333,18.333333333333332,17.333333333333332,5.666666666666667,5.666666666666667,11.0,3.0,18,18
7.0,15.0,3.0,57.0,0.0,18.0,9.0,Leicester City,3.0,3.0,2.0,13.0,5.0,43.0,0.0,17.0,7.0,Fulham,1.6,0.0,0.0,3.0,H,2023-05-08,H,-1.4,0.9447513812154696,0.7548161120840631,1840.3307787196475,1582.0828406343953,258.24793808525214,1.166666666666667,2.3333333333333335,11.0,13.333333333333334,4.333333333333333,6.666666666666667,1.566666666666667,2.3333333333333335,14.0,14.333333333333334,4.666666666666667,5.333333333333333,8.0,13.0,18,18
1.0,13.0,5.0,78.0,0.0,10.0,5.0,Everton,2.0,5.0,15.0,11.0,1.0,22.0,0.0,23.0,5.0,Brighton,3.2,1.0,3.0,0.0,A,2023-05-08,A,1.2000000000000002,2.2871287128712874,0.2829705505761844,1770.14782868638,1726.6995064747496,43.44832221163051,2.9333333333333336,1.3333333333333333,22.333333333333332,12.0,6.333333333333333,4.0,2.3666666666666667,1.6666666666666667,16.666666666666668,14.333333333333334,4.333333333333333,6.0,4.0,7.0,17,18
11.0,10.0,3.0,36.0,0.0,19.0,5.0,Southampton,3.0,0.0,2.0,16.0,4.0,64.0,0.0,9.0,4.0,Nott'ham Forest,1.8,1.0,1.0,3.0,H,2023-05-08,H,-1.2,0.4764397905759162,1.7756232686980606,1714.9753427172018,1485.0415513826488,229.933791334553,1.633333333333333,3.0,9.0,19.333333333333332,3.0,6.666666666666667,2.8333333333333335,1.6666666666666667,18.666666666666668,10.333333333333334,5.0,4.666666666666667,12.0,8.0,18,18
6.0,14.0,2.0,64.0,0.0,18.0,5.0,Newcastle Utd,2.0,2.0,2.0,16.0,2.0,36.0,1.0,9.0,4.0,Leeds United,2.0,3.0,1.0,1.0,D,2023-05-13,D,0.0,0.5027624309392265,0.5631825273010921,1712.7993362650259,1899.5248972494726,-186.7255609844467,1.6333333333333335,2.3333333333333335,11.666666666666666,15.333333333333334,3.3333333333333335,5.0,1.5999999999999999,1.6666666666666667,12.666666666666666,13.666666666666666,5.0,5.0,18.0,16.0,18,18
7.0,9.0,0.0,48.0,0.0,5.0,0.0,Wolves,0.0,2.0,11.0,9.0,2.0,52.0,0.0,27.0,9.0,Manchester Utd,3.2,3.0,0.0,1.0,H,2023-05-13,H,3.2,5.313725490196079,1.0831600831600832,1739.89943343953,1603.0797539280402,136.81967951148977,2.6,0.6666666666666666,23.333333333333332,9.0,8.666666666666666,0.6666666666666666,2.9666666666666663,0.6666666666666666,21.333333333333332,10.333333333333334,8.333333333333334,1.6666666666666667,13.0,14.0,17,18
5.0,15.0,2.0,75.0,0.0,11.0,2.0,Nott'ham Forest,1.0,1.0,2.0,13.0,2.0,25.0,0.0,14.0,6.0,Chelsea,1.2,3.0,1.0,0.0,A,2023-05-13,D,0.19999999999999996,1.2702702702702702,0.3342210386151798,1894.8360852874234,1714.9753427172018,179.86074257022165,1.0,1.6666666666666667,12.333333333333334,14.666666666666666,4.0,4.333333333333333,1.8666666666666663,1.0,15.333333333333334,9.0,6.666666666666667,3.3333333333333335,17.0,14.0,18,18
8.0,12.0,2.0,64.0,0.0,9.0,4.0,Fulham,1.0,0.0,1.0,17.0,0.0,36.0,0.0,5.0,1.0,Southampton,0.4,2.0,0.0,0.0,D,2023-05-13,A,-0.6,0.5604395604395604,0.5631825273010921,1485.0415513826488,1840.3307787196475,-355.2892273369987,0.5666666666666668,1.0,9.0,11.333333333333334,2.3333333333333335,2.6666666666666665,1.0666666666666667,0.6666666666666666,11.333333333333334,6.333333333333333,2.3333333333333335,2.3333333333333335,16.0,10.0,18,18
2.0,12.0,0.0,59.0,0.0,5.0,0.0,Bournemouth,0.0,2.0,11.0,5.0,2.0,41.0,0.0,17.0,5.0,Crystal Palace,1.5,0.0,0.0,1.0,H,2023-05-13,H,1.5,3.3529411764705888,0.6954314720812182,1762.76945717414,1752.0306042874054,10.738852886734549,1.366666666666667,0.6666666666666666,15.0,7.666666666666667,4.333333333333333,3.0,1.3999999999999997,0.6666666666666666,17.333333333333332,9.0,5.0,2.6666666666666665,14.0,16.0,18,18
3.0,14.0,1.0,48.0,0.0,5.0,2.0,Tottenham,1.0,3.0,8.0,9.0,2.0,52.0,0.0,8.0,4.0,Aston Villa,1.2,3.0,0.0,1.0,H,2023-05-13,H,0.19999999999999996,1.5882352941176472,1.0831600831600832,1853.1627836918879,1789.5016562986125,63.661127393275365,1.3666666666666665,0.6666666666666666,12.666666666666666,4.666666666666667,4.333333333333333,1.3333333333333333,2.3666666666666667,1.3333333333333333,15.0,8.666666666666666,5.333333333333333,4.0,18.0,13.0,18,18
5.0,5.0,0.0,53.0,0.0,4.0,4.0,West Ham,0.0,0.0,7.0,5.0,2.0,47.0,0.0,24.0,10.0,Brentford,3.4,1.0,0.0,2.0,H,2023-05-14,H,3.4,5.878048780487806,0.8870056497175142,1822.9185183714126,1647.3033468244073,175.61517154700527,2.566666666666667,1.0,14.666666666666666,7.666666666666667,7.666666666666667,3.0,2.5999999999999996,0.6666666666666666,18.666666666666668,6.0,7.666666666666667,3.3333333333333335,15.0,11.0,18,18
6.0,4.0,3.0,63.0,0.0,9.0,4.0,Manchester City,1.0,0.0,8.0,12.0,0.0,37.0,0.0,7.0,3.0,Everton,1.6,1.0,2.0,0.0,A,2023-05-14,A,0.6000000000000001,0.7802197802197802,0.5879556259904913,1726.6995064747496,2000.0555871302647,-273.35608065551514,1.3,1.6666666666666667,11.666666666666666,15.0,5.0,6.333333333333333,0.7333333333333334,2.3333333333333335,5.0,11.333333333333334,1.6666666666666667,7.0,17.0,14.0,18,17
2.0,17.0,3.0,41.0,0.0,12.0,6.0,Brighton,2.0,2.0,5.0,13.0,0.0,59.0,0.0,14.0,2.0,Arsenal,0.9,1.0,0.0,0.0,D,2023-05-14,A,-1.1,1.1652892561983472,1.437956204379562,2031.4490737704036,1770.14782868638,261.30124508402355,1.6666666666666667,1.3333333333333333,18.333333333333332,9.0,6.0,5.333333333333333,1.2666666666666668,2.3333333333333335,11.333333333333334,18.333333333333332,3.0,7.666666666666667,12.0,18.0,18,17
4.0,17.0,3.0,66.0,0.0,16.0,5.0,Liverpool,2.0,1.0,4.0,11.0,0.0,34.0,0.0,4.0,4.0,Leicester City,0.4,2.0,2.0,0.0,A,2023-05-15,A,-1.6,0.2546583850931677,0.5158850226928896,1582.0828406343953,1994.8542409456659,-412.77140031127055,2.066666666666667,2.0,11.333333333333334,18.333333333333332,6.0,5.333333333333333,0.8666666666666667,2.3333333333333335,8.0,16.333333333333332,3.0,5.333333333333333,14.0,19.0,18,18
1.0,16.0,1.0,35.0,0.0,8.0,2.0,Brighton,1.0,4.0,6.0,17.0,4.0,65.0,0.0,22.0,9.0,Newcastle Utd,3.6,2.0,0.0,2.0,H,2023-05-18,H,2.6,2.728395061728395,1.8547008547008546,1899.5248972494726,1770.14782868638,129.3770685630925,3.0666666666666664,1.0,18.666666666666668,7.333333333333333,6.333333333333333,3.6666666666666665,2.3000000000000003,1.6666666666666667,16.0,12.333333333333334,5.333333333333333,5.0,11.0,4.0,18,18
4.0,12.0,2.0,49.0,0.0,11.0,5.0,Crystal Palace,2.0,0.0,7.0,13.0,2.0,51.0,0.0,11.0,4.0,Fulham,1.7,3.0,1.0,1.0,D,2023-05-20,D,-0.30000000000000004,1.0,1.0407331975560081,1840.3307787196475,1762.76945717414,77.56132154550755,1.166666666666667,2.6666666666666665,10.666666666666666,13.666666666666666,4.0,7.666666666666667,1.3333333333333333,1.0,9.333333333333334,10.666666666666666,3.3333333333333335,3.6666666666666665,12.0,14.0,19,19
6.0,7.0,1.0,59.0,0.0,20.0,5.0,Manchester Utd,1.0,0.0,3.0,6.0,0.0,41.0,0.0,10.0,4.0,Bournemouth,1.0,1.0,1.0,0.0,A,2023-05-20,A,0.0,0.5024875621890547,0.6954314720812182,1752.0306042874054,1739.89943343953,12.13117084787541,1.3666666666666665,1.3333333333333333,10.666666666666666,15.333333333333334,5.0,5.333333333333333,1.5333333333333334,1.0,15.666666666666666,18.333333333333332,4.666666666666667,4.666666666666667,14.0,13.0,19,19
2.0,9.0,3.0,61.0,0.0,11.0,4.0,Brentford,1.0,1.0,8.0,11.0,1.0,39.0,0.0,22.0,8.0,Tottenham,1.7,1.0,0.0,1.0,H,2023-05-20,A,0.7,1.990990990990991,0.6399345335515548,1789.5016562986125,1822.9185183714126,-33.416862072800086,1.7,1.0,16.0,11.666666666666666,6.0,4.666666666666667,1.7333333333333334,0.6666666666666666,17.333333333333332,7.666666666666667,5.666666666666667,2.0,14.0,14.0,19,19
6.0,12.0,0.0,81.0,0.0,11.0,3.0,Arsenal,1.0,2.0,3.0,11.0,1.0,19.0,0.0,6.0,2.0,Nott'ham Forest,0.6,3.0,0.0,1.0,H,2023-05-20,H,-0.4,0.5495495495495495,0.23551171393341558,1714.9753427172018,2031.4490737704036,-316.47373105320185,1.5999999999999999,2.0,9.0,15.666666666666666,3.6666666666666665,5.0,1.4666666666666668,1.0,10.666666666666666,9.666666666666666,5.333333333333333,3.6666666666666665,12.0,13.0,19,19
4.0,13.0,1.0,66.0,0.0,6.0,3.0,Aston Villa,1.0,5.0,9.0,16.0,1.0,34.0,0.0,10.0,5.0,Liverpool,0.7,3.0,1.0,0.0,A,2023-05-20,D,-0.30000000000000004,1.6557377049180328,0.5158850226928896,1994.8542409456659,1853.1627836918879,141.69145725377803,1.5666666666666667,0.6666666666666666,13.333333333333334,6.666666666666667,4.333333333333333,2.3333333333333335,0.9,1.3333333333333333,10.0,9.666666666666666,4.333333333333333,2.3333333333333335,14.0,14.0,19,19
7.0,10.0,1.0,52.0,0.0,19.0,4.0,Everton,2.0,1.0,1.0,18.0,1.0,48.0,0.0,13.0,5.0,Wolves,1.6,5.0,0.0,1.0,H,2023-05-20,D,-0.3999999999999999,0.6858638743455496,0.9232245681381958,1603.0797539280402,1726.6995064747496,-123.61975254670938,1.2666666666666666,1.6666666666666667,9.333333333333334,16.333333333333332,3.3333333333333335,3.6666666666666665,2.733333333333333,2.3333333333333335,17.0,17.333333333333332,5.333333333333333,5.666666666666667,14.0,12.0,19,19
5.0,11.0,1.0,59.0,0.0,12.0,3.0,Leeds United,1.0,3.0,9.0,6.0,3.0,41.0,0.0,19.0,9.0,West Ham,2.1,1.0,1.0,1.0,D,2023-05-21,H,1.1,1.578512396694215,0.6954314720812182,1647.3033468244073,1712.7993362650259,-65.49598944061859,1.4000000000000001,1.3333333333333333,13.666666666666666,17.0,5.0,3.6666666666666665,2.1999999999999997,1.0,16.333333333333332,10.333333333333334,7.333333333333333,3.6666666666666665,14.0,15.0,19,19
3.0,9.0,1.0,63.0,0.0,5.0,1.0,Southampton,1.0,5.0,4.0,8.0,3.0,37.0,0.0,26.0,8.0,Brighton,2.5,2.0,0.0,2.0,H,2023-05-21,H,1.5,5.11764705882353,0.5879556259904913,1770.14782868638,1485.0415513826488,285.1062773037313,2.6666666666666665,1.3333333333333333,23.666666666666668,10.333333333333334,6.333333333333333,3.6666666666666665,2.8666666666666667,1.6666666666666667,19.0,9.333333333333334,5.666666666666667,3.0,13.0,13.0,18,19
2.0,9.0,0.0,64.0,0.0,13.0,6.0,Chelsea,1.0,2.0,5.0,12.0,1.0,36.0,0.0,15.0,2.0,Manchester City,1.2,0.0,0.0,1.0,H,2023-05-21,H,0.19999999999999996,1.1526717557251909,0.5631825273010921,2000.0555871302647,1894.8360852874234,105.21950184284128,2.0333333333333337,0.3333333333333333,16.333333333333332,7.666666666666667,5.0,3.3333333333333335,1.3666666666666665,1.0,13.666666666666666,10.333333333333334,5.333333333333333,5.0,15.0,15.0,19,18
1.0,5.0,0.0,77.0,0.0,1.0,1.0,Leicester City,0.0,0.0,12.0,9.0,0.0,23.0,0.0,23.0,4.0,Newcastle Utd,2.1,2.0,0.0,0.0,D,2023-05-22,D,2.1,21.0,0.2996108949416343,1899.5248972494726,1582.0828406343953,317.44205661507726,2.3333333333333335,0.6666666666666666,19.0,6.333333333333333,6.0,3.0,1.7333333333333336,1.6666666666666667,17.666666666666668,11.333333333333334,4.666666666666667,4.333333333333333,4.0,14.0,19,19
1.0,11.0,1.0,60.0,0.0,13.0,4.0,Manchester City,2.0,1.0,5.0,16.0,1.0,40.0,0.0,20.0,7.0,Brighton,2.2,2.0,1.0,1.0,D,2023-05-24,D,0.20000000000000018,1.5343511450381682,0.6672212978369384,1770.14782868638,2000.0555871302647,-229.90775844388463,2.6333333333333333,1.6666666666666667,23.0,9.333333333333334,6.666666666666667,3.3333333333333335,1.3333333333333333,2.0,10.333333333333334,11.333333333333334,3.6666666666666665,5.666666666666667,3.0,10.0,19,18
4.0,6.0,1.0,42.0,0.0,14.0,5.0,Chelsea,2.0,1.0,3.0,12.0,4.0,58.0,0.0,18.0,9.0,Manchester Utd,5.2,1.0,0.0,2.0,H,2023-05-25,H,3.2,1.2836879432624115,1.3800475059382422,1739.89943343953,1894.8360852874234,-154.93665184789347,3.2000000000000006,1.0,19.666666666666668,8.666666666666666,8.0,2.0,2.533333333333333,1.3333333333333333,14.333333333333334,12.666666666666666,5.0,5.333333333333333,12.0,4.0,18,19
5.0,10.0,1.0,52.0,0.0,16.0,3.0,West Ham,1.0,1.0,3.0,8.0,2.0,48.0,0.0,13.0,4.0,Leicester City,1.4,1.0,0.0,1.0,H,2023-05-28,H,0.3999999999999999,0.8136645962732918,0.9232245681381958,1582.0828406343953,1647.3033468244073,-65.22050619001197,1.7333333333333332,2.0,10.666666666666666,18.333333333333332,4.666666666666667,5.333333333333333,2.3666666666666667,0.3333333333333333,17.666666666666668,8.666666666666666,7.0,3.0,13.0,14.0,19,19
3.0,12.0,0.0,62.0,0.0,7.0,2.0,Bournemouth,1.0,3.0,9.0,11.0,1.0,38.0,0.0,13.0,6.0,Everton,1.0,1.0,0.0,0.0,D,2023-05-28,H,0.0,1.8450704225352113,0.6135265700483092,1726.6995064747496,1752.0306042874054,-25.3310978126558,1.1666666666666667,1.3333333333333333,11.0,10.333333333333334,4.666666666666667,4.666666666666667,0.9999999999999999,0.6666666666666666,13.666666666666666,9.333333333333334,4.333333333333333,1.3333333333333333,14.0,15.0,19,19
4.0,13.0,1.0,66.0,0.0,7.0,4.0,Nott'ham Forest,1.0,2.0,5.0,9.0,1.0,34.0,0.0,16.0,4.0,Crystal Palace,1.4,0.0,1.0,0.0,A,2023-05-28,D,0.3999999999999999,2.2676056338028174,0.5158850226928896,1762.76945717414,1714.9753427172018,47.79411445693813,1.6666666666666667,1.0,16.333333333333332,6.666666666666667,5.0,2.6666666666666665,1.3999999999999997,1.0,14.666666666666666,7.666666666666667,6.0,3.0,15.0,15.0,19,19
9.0,10.0,4.0,69.0,0.0,30.0,8.0,Liverpool,4.0,2.0,2.0,4.0,4.0,31.0,0.0,15.0,10.0,Southampton,1.8,0.0,2.0,2.0,D,2023-05-28,D,-2.2,0.5016611295681063,0.4500723589001448,1485.0415513826488,1994.8542409456659,-509.8126895630171,0.9,2.0,10.333333333333334,18.333333333333332,4.333333333333333,4.666666666666667,1.0,2.6666666666666665,8.666666666666666,22.0,5.333333333333333,5.666666666666667,15.0,13.0,19,19
4.0,8.0,0.0,65.0,0.0,17.0,3.0,Manchester City,2.0,0.0,3.0,12.0,1.0,35.0,0.0,11.0,4.0,Brentford,1.3,4.0,0.0,0.0,D,2023-05-28,H,-0.7,0.6491228070175438,0.5391705069124425,1822.9185183714126,2000.0555871302647,-177.13706875885214,2.1,1.0,16.333333333333332,8.666666666666666,7.333333333333333,3.3333333333333335,1.7000000000000002,1.6666666666666667,12.666666666666666,13.0,4.666666666666667,3.6666666666666665,14.0,4.0,19,19
3.0,16.0,1.0,59.0,0.0,8.0,4.0,Brighton,1.0,4.0,4.0,15.0,2.0,41.0,0.0,12.0,5.0,Aston Villa,2.8,4.0,1.0,2.0,H,2023-05-28,H,1.7999999999999998,1.4938271604938271,0.6954314720812182,1853.1627836918879,1770.14782868638,83.01495500550777,1.6666666666666667,0.6666666666666666,11.333333333333334,4.666666666666667,4.0,2.0,2.4333333333333336,1.3333333333333333,16.0,9.333333333333334,5.333333333333333,4.0,15.0,10.0,19,19
4.0,10.0,1.0,53.0,0.0,10.0,3.0,Fulham,2.0,2.0,5.0,14.0,2.0,47.0,0.0,21.0,8.0,Manchester Utd,2.9,1.0,1.0,1.0,D,2023-05-28,H,0.8999999999999999,2.089108910891089,0.8870056497175142,1739.89943343953,1840.3307787196475,-100.43134528011751,3.766666666666666,1.3333333333333333,22.0,9.666666666666666,8.666666666666666,2.6666666666666665,1.7,1.3333333333333333,13.666666666666666,9.333333333333334,4.0,3.3333333333333335,3.0,15.0,19,19
4.0,11.0,0.0,51.0,0.0,6.0,0.0,Wolves,1.0,0.0,8.0,8.0,5.0,49.0,0.0,14.0,8.0,Arsenal,2.8,0.0,0.0,3.0,H,2023-05-28,H,1.7999999999999998,2.3114754098360657,0.9608610567514677,2031.4490737704036,1603.0797539280402,428.36931984236344,1.8,1.3333333333333333,14.666666666666666,8.333333333333334,6.666666666666667,3.3333333333333335,3.1,0.6666666666666666,21.0,7.0,8.333333333333334,0.6666666666666666,14.0,15.0,19,19
3.0,5.0,4.0,48.0,0.0,11.0,7.0,Tottenham,2.0,0.0,12.0,7.0,1.0,52.0,0.0,19.0,2.0,Leeds United,1.5,3.0,1.0,0.0,A,2023-05-28,A,-0.5,1.720720720720721,1.0831600831600832,1712.7993362650259,1789.5016562986125,-76.7023200335866,1.6666666666666667,2.0,13.666666666666666,14.666666666666666,3.0,5.0,1.633333333333333,1.6666666666666667,13.0,8.666666666666666,3.3333333333333335,5.333333333333333,15.0,15.0,19,19
3.0,11.0,1.0,36.0,0.0,13.0,4.0,Newcastle Utd,2.0,0.0,10.0,9.0,1.0,64.0,0.0,22.0,5.0,Chelsea,2.2,0.0,1.0,1.0,D,2023-05-28,D,0.20000000000000018,1.687022900763359,1.7756232686980606,1894.8360852874234,1899.5248972494726,-4.688811962049158,1.5666666666666667,1.3333333333333333,17.0,10.333333333333334,5.0,2.3333333333333335,1.7,2.0,14.666666666666666,15.333333333333334,4.666666666666667,5.666666666666667,15.0,15.0,19,19
5.0,8.0,3.0,65.0,0.0,17.0,8.0,Manchester City,2.0,0.0,6.0,11.0,0.0,35.0,1.0,6.0,1.0,Burnley,0.3,0.0,2.0,0.0,A,2023-08-11,A,-1.7,0.35672514619883033,0.5391705069124425,1549.692909742844,2000.0555871302647,-450.3626773874207,0.3,2.0,6.0,17.0,1.0,8.0,1.2666666666666668,2.0,12.333333333333334,15.666666666666666,4.0,5.0,18.0,75.0,1,20
3.0,12.0,1.0,78.0,0.0,6.0,2.0,Nott'ham Forest,1.0,2.0,8.0,12.0,2.0,22.0,0.0,15.0,7.0,Arsenal,0.8,2.0,0.0,2.0,H,2023-08-12,H,-0.19999999999999996,2.475409836065574,0.2829705505761844,2031.4490737704036,1714.9753427172018,316.47373105320185,1.5,1.3333333333333333,14.333333333333334,8.0,5.666666666666667,2.6666666666666665,1.133333333333333,1.0,15.0,8.0,5.666666666666667,2.6666666666666665,76.0,76.0,20,20
4.0,6.0,1.0,58.0,0.0,9.0,2.0,Fulham,2.0,2.0,10.0,12.0,0.0,42.0,0.0,19.0,9.0,Everton,2.7,0.0,0.0,0.0,D,2023-08-12,A,0.7000000000000002,2.098901098901099,0.7246127366609294,1726.6995064747496,1840.3307787196475,-113.6312722448979,1.7666666666666668,1.3333333333333333,13.0,8.333333333333334,6.0,2.6666666666666665,2.0,1.6666666666666667,15.0,9.333333333333334,6.0,3.0,76.0,76.0,20,20
7.0,12.0,1.0,70.0,0.0,9.0,3.0,Luton Town,2.0,2.0,6.0,11.0,4.0,30.0,0.0,27.0,12.0,Brighton,4.0,2.0,0.0,1.0,H,2023-08-12,H,2.0,2.978021978021978,0.4293865905848788,1770.14782868638,1565.7206662720498,204.42716241433027,2.9,1.6666666666666667,24.333333333333332,9.0,9.0,2.6666666666666665,4.0,2.0,27.0,9.0,12.0,3.0,80.0,18.0,20,1
5.0,11.0,1.0,68.0,0.0,24.0,8.0,Crystal Palace,2.0,0.0,5.0,18.0,0.0,32.0,0.0,8.0,1.0,Sheffield Utd,0.5,3.0,0.0,0.0,D,2023-08-12,A,-1.5,0.33609958506224064,0.4713656387665199,1490.3584167174945,1762.76945717414,-272.4110404566454,0.5,2.0,8.0,24.0,1.0,8.0,1.0333333333333332,1.3333333333333333,9.0,14.0,2.6666666666666665,5.0,18.0,84.0,1,20
4.0,14.0,1.0,38.0,0.0,16.0,3.0,West Ham,1.0,4.0,10.0,9.0,1.0,62.0,0.0,14.0,5.0,Bournemouth,1.3,1.0,0.0,0.0,D,2023-08-12,D,0.30000000000000004,0.8757763975155278,1.6299212598425197,1752.0306042874054,1647.3033468244073,104.72725746299807,1.1666666666666667,1.0,11.333333333333334,15.666666666666666,4.333333333333333,4.333333333333333,2.033333333333333,0.6666666666666666,17.0,12.0,6.333333333333333,3.3333333333333335,84.0,76.0,20,20
5.0,17.0,1.0,52.0,0.0,16.0,6.0,Aston Villa,2.0,4.0,6.0,12.0,5.0,48.0,0.0,17.0,13.0,Newcastle Utd,3.3,4.0,1.0,2.0,H,2023-08-12,H,1.2999999999999998,1.062111801242236,0.9232245681381958,1899.5248972494726,1853.1627836918879,46.362113557584735,3.0,1.0,20.666666666666668,8.333333333333334,8.666666666666666,3.0,1.5999999999999999,1.6666666666666667,11.0,12.666666666666666,6.666666666666667,4.0,82.0,84.0,20,20
6.0,13.0,2.0,69.0,0.0,18.0,6.0,Tottenham,1.0,4.0,3.0,12.0,2.0,31.0,0.0,11.0,6.0,Brentford,2.2,1.0,2.0,2.0,D,2023-08-13,D,1.2000000000000002,0.6132596685082872,0.4500723589001448,1822.9185183714126,1789.5016562986125,33.416862072800086,2.3,1.0,15.333333333333334,13.0,6.666666666666667,4.333333333333333,1.633333333333333,1.3333333333333333,12.666666666666666,11.333333333333334,4.0,5.0,77.0,77.0,20,20
4.0,12.0,1.0,35.0,0.0,13.0,1.0,Liverpool,1.0,3.0,4.0,5.0,1.0,65.0,0.0,10.0,4.0,Chelsea,1.4,3.0,1.0,1.0,D,2023-08-13,D,0.3999999999999999,0.7709923664122137,1.8547008547008546,1894.8360852874234,1994.8542409456659,-100.01815565824245,1.6000000000000003,1.3333333333333333,15.333333333333334,12.333333333333334,5.0,2.3333333333333335,1.2,2.3333333333333335,9.666666666666666,19.666666666666668,6.0,4.666666666666667,77.0,77.0,20,20
7.0,10.0,0.0,51.0,0.0,23.0,6.0,Wolves,2.0,3.0,8.0,14.0,1.0,49.0,0.0,15.0,3.0,Manchester Utd,2.2,2.0,0.0,0.0,D,2023-08-14,H,0.20000000000000018,0.6536796536796536,0.9608610567514677,1739.89943343953,1603.0797539280402,136.81967951148977,3.4333333333333336,2.0,18.0,15.666666666666666,6.666666666666667,4.666666666666667,2.733333333333333,1.0,18.666666666666668,11.333333333333334,6.666666666666667,2.0,78.0,78.0,20,20
7.0,9.0,1.0,50.0,0.0,7.0,3.0,Sheffield Utd,1.0,3.0,6.0,5.0,2.0,50.0,0.0,16.0,4.0,Nott'ham Forest,1.4,2.0,0.0,1.0,H,2023-08-18,H,0.3999999999999999,2.2676056338028174,1.0,1714.9753427172018,1490.3584167174945,224.6169259997073,1.2666666666666666,1.6666666666666667,10.333333333333334,12.333333333333334,3.3333333333333335,3.6666666666666665,1.4,1.0,16.0,7.0,4.0,3.0,90.0,18.0,20,1
3.0,11.0,4.0,53.0,0.0,16.0,8.0,Brighton,2.0,6.0,5.0,14.0,1.0,47.0,1.0,16.0,5.0,Wolves,2.1,3.0,1.0,0.0,A,2023-08-19,A,0.10000000000000009,1.0,0.8870056497175142,1603.0797539280402,1770.14782868638,-167.0680747583399,1.5,2.0,11.666666666666666,17.0,4.0,5.0,2.8333333333333335,1.3333333333333333,16.666666666666668,10.666666666666666,6.333333333333333,4.666666666666667,91.0,83.0,20,20
5.0,12.0,3.0,45.0,0.0,17.0,8.0,Brentford,4.0,2.0,5.0,13.0,0.0,55.0,1.0,10.0,2.0,Fulham,0.5,2.0,1.0,0.0,A,2023-08-19,A,-3.5,0.5906432748538011,1.221729490022173,1840.3307787196475,1822.9185183714126,17.412260348234895,1.2666666666666668,3.0,12.666666666666666,15.333333333333334,4.333333333333333,7.333333333333333,1.4666666666666668,1.6666666666666667,15.666666666666666,11.0,5.0,4.333333333333333,91.0,91.0,20,20
2.0,13.0,1.0,64.0,0.0,13.0,5.0,Bournemouth,1.0,3.0,10.0,11.0,3.0,36.0,1.0,26.0,10.0,Liverpool,3.0,1.0,1.0,2.0,H,2023-08-19,H,2.0,1.9923664122137406,0.5631825273010921,1994.8542409456659,1752.0306042874054,242.8236366582605,1.9666666666666668,0.6666666666666666,17.0,8.0,6.666666666666667,3.0,1.8333333333333333,0.6666666666666666,18.666666666666668,8.333333333333334,7.0,2.3333333333333335,91.0,83.0,20,20
6.0,8.0,0.0,45.0,0.0,22.0,6.0,Manchester Utd,2.0,3.0,5.0,9.0,2.0,55.0,0.0,17.0,6.0,Tottenham,1.7,1.0,0.0,0.0,D,2023-08-19,H,-0.30000000000000004,0.7737556561085973,1.221729490022173,1789.5016562986125,1739.89943343953,49.60222285908253,1.4333333333333333,1.0,15.666666666666666,13.333333333333334,5.666666666666667,4.0,1.3333333333333337,1.3333333333333333,14.0,20.333333333333332,4.666666666666667,5.0,91.0,91.0,20,20
0.0,11.0,0.0,59.0,0.0,7.0,1.0,Newcastle Utd,0.0,5.0,3.0,12.0,1.0,41.0,0.0,14.0,4.0,Manchester City,1.0,1.0,0.0,1.0,H,2023-08-19,H,1.0,1.9859154929577465,0.6954314720812182,2000.0555871302647,1899.5248972494726,100.53068988079212,1.5999999999999999,0.3333333333333333,15.666666666666666,8.0,4.0,3.0,1.7333333333333332,1.3333333333333333,15.0,12.666666666666666,4.333333333333333,3.3333333333333335,90.0,83.0,20,20
6.0,12.0,0.0,60.0,0.0,9.0,2.0,Everton,1.0,4.0,7.0,8.0,4.0,40.0,0.0,13.0,7.0,Aston Villa,2.9,3.0,0.0,2.0,H,2023-08-20,H,1.9,1.4395604395604396,0.6672212978369384,1853.1627836918879,1726.6995064747496,126.46327721713828,2.3,1.0,11.0,7.333333333333333,5.333333333333333,2.6666666666666665,2.5666666666666664,1.6666666666666667,16.333333333333332,12.666666666666666,5.666666666666667,3.6666666666666665,84.0,92.0,20,20
9.0,9.0,1.0,75.0,0.0,17.0,4.0,Chelsea,3.0,3.0,3.0,12.0,3.0,25.0,1.0,12.0,6.0,West Ham,1.8,2.0,1.0,1.0,D,2023-08-20,H,-1.2,0.7076023391812865,0.3342210386151798,1647.3033468244073,1894.8360852874234,-247.53273846301613,1.7333333333333334,1.6666666666666667,15.333333333333334,16.0,6.333333333333333,3.6666666666666665,2.733333333333334,2.0,15.0,14.666666666666666,5.666666666666667,5.0,91.0,87.0,20,20
8.0,10.0,1.0,53.0,1.0,14.0,3.0,Arsenal,2.0,1.0,1.0,14.0,0.0,47.0,0.0,14.0,2.0,Crystal Palace,1.0,2.0,0.0,0.0,D,2023-08-21,A,-1.0,1.0,0.8870056497175142,1762.76945717414,2031.4490737704036,-268.6796165962637,1.3,1.0,15.666666666666666,8.666666666666666,3.6666666666666665,2.3333333333333335,0.9666666666666667,1.3333333333333333,10.666666666666666,11.666666666666666,3.0,4.0,85.0,93.0,20,20
4.0,12.0,0.0,67.0,0.0,11.0,1.0,Luton Town,0.0,3.0,6.0,15.0,3.0,33.0,0.0,19.0,8.0,Chelsea,2.2,2.0,0.0,1.0,H,2023-08-25,H,2.2,1.720720720720721,0.49329359165424747,1894.8360852874234,1565.7206662720498,329.1154190153736,1.9333333333333336,1.0,17.0,12.333333333333334,5.666666666666667,2.0,3.1,1.0,23.0,10.0,10.0,2.0,12.0,13.0,21,2
0.0,14.0,1.0,53.0,0.0,11.0,2.0,Wolves,1.0,4.0,7.0,10.0,0.0,47.0,0.0,15.0,7.0,Everton,1.3,3.0,0.0,0.0,D,2023-08-26,A,0.30000000000000004,1.3603603603603605,0.8870056497175142,1726.6995064747496,1603.0797539280402,123.61975254670938,1.6666666666666667,1.3333333333333333,15.666666666666666,9.0,7.333333333333333,2.0,2.1,1.3333333333333333,14.666666666666666,13.333333333333334,6.0,2.6666666666666665,14.0,12.0,21,21
3.0,11.0,2.0,66.0,1.0,9.0,4.0,Nott'ham Forest,1.0,4.0,11.0,13.0,3.0,34.0,0.0,18.0,9.0,Manchester Utd,2.8,4.0,2.0,1.0,A,2023-08-26,H,1.7999999999999998,1.9890109890109893,0.5158850226928896,1739.89943343953,1714.9753427172018,24.924090722328174,2.6333333333333333,1.6666666666666667,18.0,14.0,6.666666666666667,4.333333333333333,1.6666666666666663,1.0,16.333333333333332,7.333333333333333,6.666666666666667,3.3333333333333335,12.0,14.0,21,21
2.0,11.0,2.0,56.0,0.0,17.0,6.0,Tottenham,2.0,3.0,6.0,18.0,0.0,44.0,0.0,11.0,3.0,Bournemouth,0.7,1.0,1.0,0.0,A,2023-08-26,A,-1.3,0.6491228070175438,0.786096256684492,1752.0306042874054,1789.5016562986125,-37.47105201120712,0.9999999999999999,1.3333333333333333,11.666666666666666,17.666666666666668,4.0,4.666666666666667,1.4666666666666666,1.6666666666666667,13.666666666666666,15.333333333333334,3.6666666666666665,6.333333333333333,14.0,13.0,21,21
3.0,5.0,2.0,71.0,1.0,8.0,3.0,Fulham,1.0,3.0,8.0,6.0,2.0,29.0,0.0,19.0,11.0,Arsenal,3.2,0.0,1.0,0.0,A,2023-08-26,D,2.2,2.358024691358025,0.409282700421941,2031.4490737704036,1840.3307787196475,191.11829505075616,2.266666666666667,1.0,16.0,6.666666666666667,8.666666666666666,1.6666666666666667,2.9333333333333336,1.6666666666666667,19.666666666666668,9.0,9.333333333333334,2.6666666666666665,14.0,14.0,21,21
4.0,9.0,3.0,78.0,0.0,12.0,3.0,West Ham,3.0,3.0,17.0,10.0,1.0,22.0,0.0,25.0,10.0,Brighton,1.5,1.0,1.0,0.0,A,2023-08-26,A,-1.5,2.074380165289256,0.2829705505761844,1770.14782868638,1647.3033468244073,122.84448186197278,2.566666666666667,2.3333333333333335,24.0,11.333333333333334,9.666666666666666,3.3333333333333335,1.4000000000000001,1.6666666666666667,17.333333333333332,14.666666666666666,6.333333333333333,3.0,14.0,14.0,21,21
6.0,15.0,1.0,60.0,0.0,15.0,5.0,Crystal Palace,1.0,0.0,8.0,9.0,1.0,40.0,0.0,12.0,1.0,Brentford,1.0,0.0,0.0,1.0,H,2023-08-26,D,0.0,0.8013245033112583,0.6672212978369384,1822.9185183714126,1762.76945717414,60.14906119727266,1.5,1.3333333333333333,11.333333333333334,16.666666666666668,3.6666666666666665,4.666666666666667,1.0666666666666667,1.6666666666666667,10.333333333333334,16.666666666666668,2.0,6.0,13.0,14.0,21,21
12.0,2.0,2.0,79.0,0.0,30.0,9.0,Manchester City,4.0,0.0,1.0,11.0,1.0,21.0,0.0,6.0,2.0,Sheffield Utd,0.7,3.0,0.0,0.0,D,2023-08-27,A,-3.3,0.20265780730897007,0.2667509481668774,1490.3584167174945,2000.0555871302647,-509.6971704127702,0.6,3.0,7.0,27.0,1.5,8.5,0.7666666666666666,2.6666666666666665,7.666666666666667,21.333333333333332,2.3333333333333335,6.666666666666667,15.0,16.0,2,21
6.0,11.0,3.0,43.0,0.0,16.0,6.0,Aston Villa,3.0,0.0,4.0,12.0,1.0,57.0,0.0,9.0,2.0,Burnley,0.7,2.0,2.0,0.0,A,2023-08-27,A,-2.3,0.5652173913043478,1.3248259860788862,1549.692909742844,1853.1627836918879,-303.46987394904386,0.5,2.5,7.5,16.5,1.5,7.0,1.5666666666666667,2.0,12.0,12.666666666666666,6.666666666666667,5.0,16.0,15.0,2,21
9.0,10.0,2.0,59.0,1.0,9.0,4.0,Liverpool,1.0,2.0,5.0,16.0,1.0,41.0,0.0,23.0,8.0,Newcastle Utd,2.0,1.0,0.0,1.0,H,2023-08-27,A,1.0,2.5384615384615388,0.6954314720812182,1899.5248972494726,1994.8542409456659,-95.32934369619329,2.466666666666667,1.0,21.0,8.666666666666666,8.333333333333334,3.6666666666666665,1.7333333333333332,2.0,16.0,17.333333333333332,7.333333333333333,4.333333333333333,15.0,14.0,21,21
6.0,13.0,2.0,61.0,0.0,9.0,3.0,West Ham,1.0,1.0,9.0,8.0,1.0,39.0,0.0,16.0,1.0,Luton Town,1.4,1.0,1.0,0.0,A,2023-09-01,A,0.3999999999999999,1.7692307692307694,0.6399345335515548,1565.7206662720498,1647.3033468244073,-81.58268055235749,1.4,1.0,16.0,9.0,1.0,3.0,1.4000000000000001,1.6666666666666667,18.333333333333332,12.333333333333334,5.333333333333333,3.0,18.0,6.0,1,22
6.0,13.0,2.0,54.0,0.0,16.0,6.0,Everton,3.0,2.0,4.0,11.0,2.0,46.0,0.0,13.0,8.0,Sheffield Utd,1.2,1.0,1.0,2.0,H,2023-09-02,D,-1.8,0.8136645962732918,0.8521256931608133,1490.3584167174945,1726.6995064747496,-236.34108975725508,0.7999999999999999,3.0,9.0,23.333333333333332,3.6666666666666665,7.666666666666667,1.9000000000000001,2.0,13.0,14.666666666666666,6.666666666666667,4.0,6.0,13.0,3,21
2.0,13.0,2.0,60.0,0.0,12.0,5.0,Bournemouth,2.0,2.0,5.0,6.0,2.0,40.0,0.0,21.0,7.0,Brentford,2.9,1.0,1.0,1.0,D,2023-09-02,D,0.8999999999999999,1.7438016528925622,0.6672212978369384,1822.9185183714126,1752.0306042874054,70.8879140840072,2.033333333333333,1.3333333333333333,14.666666666666666,15.0,4.666666666666667,5.333333333333333,2.3,1.3333333333333333,20.0,10.666666666666666,7.666666666666667,4.0,7.0,14.0,22,21
5.0,12.0,1.0,68.0,0.0,6.0,4.0,Fulham,1.0,4.0,4.0,12.0,5.0,32.0,0.0,7.0,5.0,Manchester City,2.2,2.0,1.0,2.0,H,2023-09-02,H,1.2000000000000002,1.1639344262295082,0.4713656387665199,2000.0555871302647,1840.3307787196475,159.72480841061724,1.4666666666666668,0.6666666666666666,12.0,8.666666666666666,3.6666666666666665,3.6666666666666665,2.6999999999999997,1.3333333333333333,15.0,7.666666666666667,8.333333333333334,3.0,14.0,7.0,21,22
0.0,9.0,1.0,75.0,0.0,7.0,3.0,Nott'ham Forest,1.0,4.0,8.0,10.0,0.0,25.0,0.0,21.0,2.0,Chelsea,2.3,3.0,0.0,0.0,D,2023-09-02,A,1.2999999999999998,2.9718309859154934,0.3342210386151798,1894.8360852874234,1714.9753427172018,179.86074257022165,1.9666666666666668,0.6666666666666666,16.666666666666668,10.333333333333334,4.666666666666667,1.6666666666666667,1.9666666666666666,1.0,18.0,7.333333333333333,6.0,3.0,8.0,7.0,22,22
4.0,9.0,5.0,53.0,0.0,20.0,10.0,Tottenham,2.0,3.0,7.0,15.0,2.0,47.0,0.0,16.0,4.0,Burnley,1.3,4.0,2.0,1.0,A,2023-09-02,A,-0.7,0.8009950248756219,0.8870056497175142,1549.692909742844,1789.5016562986125,-239.8087465557685,0.7666666666666666,2.3333333333333335,10.333333333333334,17.666666666666668,2.3333333333333335,8.0,1.3999999999999997,1.6666666666666667,12.666666666666666,18.333333333333332,4.333333333333333,7.333333333333333,6.0,7.0,3,22
3.0,17.0,1.0,44.0,0.0,9.0,2.0,Newcastle Utd,1.0,4.0,5.0,14.0,3.0,56.0,0.0,15.0,6.0,Brighton,1.3,4.0,0.0,1.0,H,2023-09-02,H,0.30000000000000004,1.6593406593406594,1.272108843537415,1770.14782868638,1899.5248972494726,-129.3770685630925,2.2666666666666666,2.0,22.333333333333332,10.0,9.333333333333334,2.6666666666666665,1.5,1.0,17.0,9.666666666666666,5.0,2.3333333333333335,7.0,14.0,22,21
2.0,12.0,2.0,43.0,0.0,12.0,4.0,Wolves,1.0,3.0,4.0,12.0,3.0,57.0,0.0,16.0,11.0,Crystal Palace,2.1,1.0,0.0,0.0,D,2023-09-03,H,1.1,1.3305785123966944,1.3248259860788862,1762.76945717414,1603.0797539280402,159.68970324609973,1.5,1.3333333333333333,15.333333333333334,11.0,5.666666666666667,3.6666666666666665,1.866666666666667,1.3333333333333333,15.333333333333334,15.333333333333334,7.0,4.0,13.0,8.0,21,22
3.0,7.0,0.0,63.0,0.0,9.0,3.0,Aston Villa,1.0,1.0,7.0,12.0,3.0,37.0,0.0,17.0,4.0,Liverpool,2.5,0.0,0.0,2.0,H,2023-09-03,H,1.5,1.8791208791208793,0.5879556259904913,1994.8542409456659,1853.1627836918879,141.69145725377803,2.066666666666667,1.0,17.666666666666668,9.333333333333334,6.333333333333333,3.6666666666666665,2.1666666666666665,2.0,14.333333333333334,13.666666666666666,6.333333333333333,5.0,15.0,7.0,21,22
3.0,7.0,1.0,55.0,0.0,10.0,2.0,Manchester Utd,1.0,3.0,12.0,8.0,3.0,45.0,0.0,17.0,5.0,Arsenal,2.3,2.0,1.0,1.0,D,2023-09-03,H,1.2999999999999998,1.6930693069306932,0.8185117967332124,2031.4490737704036,1739.89943343953,291.5496403308737,2.1,1.0,17.0,8.0,7.666666666666667,2.3333333333333335,1.666666666666667,1.3333333333333333,14.666666666666666,17.333333333333332,5.0,4.333333333333333,8.0,15.0,22,21
11.0,11.0,3.0,68.0,0.0,29.0,15.0,Manchester City,4.0,2.0,4.0,7.0,1.0,32.0,0.0,6.0,3.0,West Ham,0.9,3.0,0.0,1.0,H,2023-09-16,A,-3.1,0.20962199312714774,0.4713656387665199,1647.3033468244073,2000.0555871302647,-352.7522403058574,1.5999999999999999,2.6666666666666665,12.333333333333334,19.333333333333332,6.0,7.333333333333333,0.6333333333333333,3.3333333333333335,6.0,25.333333333333332,2.0,10.666666666666666,27.0,20.0,21,22
4.0,4.0,3.0,65.0,0.0,16.0,6.0,Liverpool,3.0,3.0,4.0,10.0,1.0,35.0,0.0,11.0,2.0,Wolves,0.6,1.0,0.0,1.0,H,2023-09-16,A,-2.4,0.6894409937888198,0.5391705069124425,1603.0797539280402,1994.8542409456659,-391.7744870176257,1.4333333333333333,2.3333333333333335,13.333333333333334,17.0,4.0,6.0,1.3333333333333333,1.6666666666666667,14.666666666666666,12.666666666666666,4.666666666666667,3.6666666666666665,28.0,20.0,21,22
2.0,14.0,0.0,77.0,0.0,7.0,2.0,Luton Town,1.0,2.0,6.0,6.0,1.0,23.0,0.0,13.0,2.0,Fulham,1.0,2.0,0.0,0.0,D,2023-09-16,H,0.0,1.8450704225352113,0.2996108949416343,1840.3307787196475,1565.7206662720498,274.61011244759766,1.066666666666667,2.3333333333333335,11.333333333333334,11.666666666666666,2.6666666666666665,5.0,2.4,1.0,19.666666666666668,9.0,7.333333333333333,2.0,28.0,22.0,21,3
2.0,14.0,1.0,70.0,1.0,7.0,5.0,Sheffield Utd,1.0,5.0,15.0,13.0,2.0,30.0,0.0,28.0,10.0,Tottenham,2.1,6.0,0.0,0.0,D,2023-09-16,H,1.1,3.95774647887324,0.4293865905848788,1789.5016562986125,1490.3584167174945,299.143239581118,1.8333333333333333,1.3333333333333333,22.333333333333332,13.333333333333334,8.0,5.0,1.75,1.0,22.0,7.0,7.0,4.0,28.0,29.0,21,2
1.0,9.0,3.0,44.0,0.0,10.0,8.0,Brighton,2.0,2.0,8.0,8.0,1.0,56.0,0.0,14.0,4.0,Manchester Utd,1.0,2.0,1.0,0.0,A,2023-09-16,A,-1.0,1.396039603960396,1.272108843537415,1739.89943343953,1770.14782868638,-30.248395246850123,2.0,1.6666666666666667,15.666666666666666,14.0,5.333333333333333,6.0,1.9666666666666668,1.6666666666666667,14.0,11.333333333333334,4.666666666666667,6.666666666666667,21.0,28.0,22,21
3.0,12.0,0.0,56.0,0.0,11.0,2.0,Brentford,1.0,5.0,8.0,8.0,1.0,44.0,0.0,9.0,2.0,Newcastle Utd,1.4,3.0,0.0,0.0,D,2023-09-16,H,0.3999999999999999,0.8198198198198198,0.786096256684492,1899.5248972494726,1822.9185183714126,76.60637887806001,2.2333333333333334,1.3333333333333333,16.333333333333332,12.0,7.666666666666667,4.0,1.2,2.0,13.666666666666666,13.0,4.0,4.666666666666667,20.0,28.0,22,21
2.0,9.0,1.0,66.0,0.0,6.0,3.0,Crystal Palace,1.0,3.0,4.0,13.0,3.0,34.0,0.0,16.0,5.0,Aston Villa,3.0,5.0,0.0,0.0,D,2023-09-16,H,2.0,2.6393442622950825,0.5158850226928896,1853.1627836918879,1762.76945717414,90.39332651774794,2.9,1.0,13.666666666666666,7.666666666666667,5.666666666666667,3.0,1.5,1.3333333333333333,12.0,15.0,2.3333333333333335,5.333333333333333,27.0,21.0,21,22
7.0,20.0,0.0,64.0,0.0,14.0,6.0,Chelsea,2.0,5.0,1.0,15.0,0.0,36.0,0.0,13.0,4.0,Bournemouth,1.0,1.0,0.0,0.0,D,2023-09-17,D,-1.0,0.9290780141843972,0.5631825273010921,1752.0306042874054,1894.8360852874234,-142.80548100001806,0.9999999999999999,1.6666666666666667,12.666666666666666,15.666666666666666,4.0,5.0,2.6666666666666674,2.3333333333333335,14.333333333333334,15.0,6.333333333333333,5.0,22.0,28.0,22,21
11.0,10.0,1.0,74.0,0.0,13.0,4.0,Arsenal,1.0,1.0,1.0,12.0,0.0,26.0,0.0,8.0,1.0,Everton,0.3,1.0,0.0,0.0,D,2023-09-17,A,-0.7,0.6183206106870229,0.35222672064777333,1726.6995064747496,2031.4490737704036,-304.74956729565406,1.4333333333333333,1.3333333333333333,14.0,11.0,5.666666666666667,2.6666666666666665,0.6333333333333333,1.3333333333333333,9.333333333333334,12.666666666666666,1.6666666666666667,3.3333333333333335,22.0,27.0,22,21
4.0,10.0,1.0,46.0,1.0,10.0,3.0,Burnley,1.0,3.0,5.0,16.0,1.0,54.0,0.0,14.0,4.0,Nott'ham Forest,0.7,2.0,1.0,0.0,A,2023-09-18,D,-0.30000000000000004,1.396039603960396,1.17353579175705,1714.9753427172018,1549.692909742844,165.2824329743578,0.8999999999999999,1.0,12.0,9.333333333333334,3.3333333333333335,3.0,0.7,1.0,14.0,10.0,4.0,3.0,31.0,18.0,21,1
2.0,15.0,0.0,49.0,0.0,10.0,5.0,Fulham,1.0,2.0,3.0,10.0,0.0,51.0,0.0,7.0,3.0,Crystal Palace,0.3,3.0,0.0,0.0,D,2023-09-23,D,-0.7,0.7029702970297029,1.0407331975560081,1762.76945717414,1840.3307787196475,-77.56132154550755,1.1333333333333335,1.3333333333333333,12.333333333333334,12.0,5.333333333333333,4.0,1.9000000000000004,1.0,11.0,8.0,6.333333333333333,4.0,20.0,21.0,22,23
4.0,12.0,3.0,57.0,0.0,18.0,6.0,Everton,2.0,2.0,1.0,9.0,1.0,43.0,0.0,12.0,2.0,Brentford,1.0,2.0,1.0,1.0,D,2023-09-23,A,-1.0,0.6685082872928176,0.7548161120840631,1822.9185183714126,1726.6995064747496,96.219011896663,1.6333333333333335,1.6666666666666667,15.0,15.0,3.3333333333333335,5.333333333333333,1.7,2.0,12.666666666666666,14.333333333333334,5.666666666666667,4.666666666666667,21.0,21.0,23,22
1.0,17.0,1.0,43.0,1.0,3.0,3.0,Wolves,1.0,2.0,10.0,12.0,1.0,57.0,0.0,20.0,4.0,Luton Town,2.1,0.0,0.0,0.0,D,2023-09-23,D,1.1,6.483870967741936,1.3248259860788862,1565.7206662720498,1603.0797539280402,-37.35908765599038,1.75,1.0,18.0,6.0,2.5,3.0,1.8333333333333333,1.0,17.0,8.666666666666666,7.333333333333333,3.0,22.0,20.0,2,23
6.0,17.0,0.0,57.0,0.0,10.0,3.0,Nott'ham Forest,1.0,7.0,6.0,5.0,2.0,43.0,1.0,7.0,4.0,Manchester City,1.3,3.0,0.0,2.0,H,2023-09-23,H,0.30000000000000004,0.7029702970297029,0.7548161120840631,2000.0555871302647,1714.9753427172018,285.0802444130629,1.5,0.6666666666666666,9.333333333333334,7.666666666666667,4.333333333333333,2.6666666666666665,2.1333333333333333,1.0,15.333333333333334,8.666666666666666,5.0,3.3333333333333335,21.0,21.0,22,23
5.0,12.0,1.0,39.0,0.0,11.0,4.0,Manchester Utd,1.0,2.0,9.0,6.0,0.0,61.0,0.0,12.0,4.0,Burnley,1.1,1.0,1.0,0.0,A,2023-09-23,A,0.10000000000000009,1.09009009009009,1.5626598465473145,1549.692909742844,1739.89943343953,-190.20652369668596,1.0333333333333334,2.0,12.333333333333334,15.666666666666666,3.3333333333333335,6.666666666666667,1.7000000000000004,1.3333333333333333,15.333333333333334,14.333333333333334,5.0,4.0,21.0,20.0,4,22
11.0,11.0,1.0,47.0,0.0,15.0,7.0,Aston Villa,1.0,3.0,5.0,9.0,0.0,53.0,0.0,10.0,4.0,Chelsea,1.3,2.0,0.0,0.0,D,2023-09-24,A,0.30000000000000004,0.6688741721854304,1.127388535031847,1894.8360852874234,1853.1627836918879,41.67330159553558,1.9333333333333333,0.6666666666666666,16.666666666666668,11.0,4.666666666666667,3.6666666666666665,1.5,1.6666666666666667,12.0,13.333333333333334,3.3333333333333335,5.333333333333333,22.0,21.0,23,23
4.0,19.0,2.0,47.0,0.0,13.0,5.0,Tottenham,1.0,4.0,11.0,12.0,2.0,53.0,0.0,13.0,6.0,Arsenal,1.8,3.0,1.0,1.0,D,2023-09-24,D,0.8,1.0,1.127388535031847,2031.4490737704036,1789.5016562986125,241.94741747179114,2.4333333333333336,1.0,16.333333333333332,10.333333333333334,7.333333333333333,3.3333333333333335,1.2666666666666664,1.6666666666666667,13.333333333333334,16.666666666666668,4.333333333333333,7.0,21.0,22.0,23,23
4.0,13.0,1.0,63.0,0.0,11.0,4.0,West Ham,1.0,2.0,7.0,12.0,3.0,37.0,0.0,22.0,7.0,Liverpool,3.0,0.0,1.0,1.0,D,2023-09-24,H,2.0,1.990990990990991,0.5879556259904913,1994.8542409456659,1647.3033468244073,347.5508941212586,2.8333333333333335,1.0,21.666666666666668,11.0,7.0,4.0,1.9666666666666668,1.6666666666666667,21.0,10.666666666666666,6.0,3.3333333333333335,21.0,23.0,22,23
4.0,17.0,1.0,61.0,0.0,12.0,4.0,Bournemouth,1.0,3.0,4.0,12.0,3.0,39.0,0.0,13.0,4.0,Brighton,1.9,3.0,1.0,1.0,D,2023-09-24,H,0.8999999999999999,1.0826446280991735,0.6399345335515548,1770.14782868638,1752.0306042874054,18.117224398974713,1.5666666666666667,1.6666666666666667,17.666666666666668,11.0,6.666666666666667,3.0,2.5999999999999996,1.3333333333333333,20.0,12.333333333333334,7.0,4.666666666666667,22.0,22.0,23,22
6.0,8.0,8.0,58.0,0.0,22.0,15.0,Newcastle Utd,4.0,0.0,2.0,12.0,0.0,42.0,0.0,9.0,1.0,Sheffield Utd,0.9,3.0,3.0,0.0,A,2023-09-24,A,-3.1,0.4117647058823529,0.7246127366609294,1490.3584167174945,1899.5248972494726,-409.1664805319781,0.9333333333333332,3.6666666666666665,9.333333333333334,22.666666666666668,3.6666666666666665,10.0,1.0666666666666667,1.6666666666666667,12.666666666666666,12.666666666666666,3.6666666666666665,6.0,22.0,22.0,4,22
4.0,8.0,1.0,77.0,0.0,8.0,2.0,Crystal Palace,1.0,2.0,10.0,10.0,0.0,23.0,0.0,19.0,4.0,Manchester Utd,1.3,3.0,1.0,0.0,A,2023-09-30,A,0.30000000000000004,2.358024691358025,0.2996108949416343,1739.89943343953,1762.76945717414,-22.87002373460996,1.7,1.3333333333333333,17.0,9.0,5.666666666666667,4.666666666666667,1.7666666666666666,1.0,15.666666666666666,9.666666666666666,3.3333333333333335,3.3333333333333335,14.0,14.0,23,23
6.0,12.0,1.0,68.0,0.0,23.0,8.0,Manchester City,1.0,4.0,0.0,18.0,2.0,32.0,0.0,3.0,1.0,Wolves,0.4,5.0,0.0,1.0,H,2023-09-30,H,-0.6,0.1341991341991342,0.4713656387665199,1603.0797539280402,2000.0555871302647,-396.9758332022245,1.033333333333333,2.0,10.0,18.333333333333332,2.6666666666666665,7.333333333333333,0.6666666666666666,3.0,5.0,27.333333333333332,2.0,10.666666666666666,14.0,14.0,22,23
3.0,21.0,1.0,61.0,0.0,11.0,3.0,Brighton,2.0,4.0,1.0,19.0,6.0,39.0,0.0,19.0,9.0,Aston Villa,1.6,4.0,0.0,3.0,H,2023-09-30,H,-0.3999999999999999,1.720720720720721,0.6399345335515548,1853.1627836918879,1770.14782868638,83.01495500550777,2.5,1.3333333333333333,16.0,8.666666666666666,7.0,2.6666666666666665,1.566666666666667,2.0,16.333333333333332,12.333333333333334,6.0,6.333333333333333,14.0,14.0,22,22
4.0,9.0,0.0,52.0,0.0,16.0,2.0,Sheffield Utd,1.0,1.0,7.0,6.0,2.0,48.0,0.0,20.0,9.0,West Ham,2.1,1.0,0.0,2.0,H,2023-09-30,H,1.1,1.2484472049689441,0.9232245681381958,1647.3033468244073,1490.3584167174945,156.9449301069128,1.5999999999999999,2.6666666666666665,12.666666666666666,20.666666666666668,6.0,7.0,1.8666666666666665,1.0,21.333333333333332,10.0,7.666666666666667,3.3333333333333335,14.0,14.0,22,3
6.0,10.0,4.0,57.0,0.0,15.0,8.0,Arsenal,3.0,1.0,6.0,11.0,0.0,43.0,0.0,8.0,1.0,Bournemouth,0.6,0.0,2.0,0.0,A,2023-09-30,A,-2.4,0.5364238410596026,0.7548161120840631,1752.0306042874054,2031.4490737704036,-279.41846948299826,0.7666666666666665,2.3333333333333335,10.666666666666666,15.333333333333334,2.6666666666666665,6.666666666666667,0.6333333333333333,2.0,10.0,14.0,1.3333333333333333,5.0,13.0,13.0,23,22
5.0,17.0,1.0,36.0,2.0,12.0,4.0,Liverpool,1.0,4.0,12.0,11.0,2.0,64.0,0.0,24.0,8.0,Tottenham,2.2,5.0,1.0,1.0,D,2023-09-30,H,1.2000000000000002,1.991735537190083,1.7756232686980606,1789.5016562986125,1994.8542409456659,-205.3525846470534,2.0,1.3333333333333333,23.0,13.666666666666666,8.0,5.0,1.6000000000000003,1.6666666666666667,19.333333333333332,12.333333333333334,6.0,4.666666666666667,14.0,14.0,22,23
3.0,15.0,0.0,53.0,0.0,8.0,2.0,Burnley,1.0,3.0,5.0,7.0,2.0,47.0,0.0,20.0,8.0,Newcastle Utd,3.1,1.0,0.0,1.0,H,2023-09-30,H,2.1,2.481481481481482,0.8870056497175142,1899.5248972494726,1549.692909742844,349.8319875066286,2.1666666666666665,1.0,17.333333333333332,9.333333333333334,6.0,2.6666666666666665,1.9,1.0,17.0,9.0,6.0,2.5,14.0,12.0,23,2
6.0,10.0,2.0,67.0,0.0,9.0,2.0,Luton Town,1.0,1.0,3.0,8.0,1.0,33.0,0.0,23.0,5.0,Everton,2.9,0.0,2.0,1.0,A,2023-09-30,A,1.9,2.5384615384615388,0.49329359165424747,1726.6995064747496,1565.7206662720498,160.97884020269976,1.5,1.0,15.333333333333334,11.0,4.333333333333333,2.6666666666666665,2.033333333333333,0.6666666666666666,18.333333333333332,9.0,5.0,1.6666666666666667,13.0,14.0,23,4
11.0,10.0,1.0,59.0,0.0,18.0,5.0,Brentford,2.0,2.0,1.0,6.0,1.0,41.0,1.0,6.0,1.0,Nott'ham Forest,0.5,1.0,0.0,0.0,D,2023-10-01,D,-1.5,0.33701657458563533,0.6954314720812182,1714.9753427172018,1822.9185183714126,-107.94317565421079,0.8666666666666666,1.3333333333333333,12.0,11.666666666666666,3.0,3.6666666666666665,0.7999999999999999,2.3333333333333335,8.333333333333334,15.333333333333334,1.6666666666666667,5.0,13.0,15.0,22,22
1.0,12.0,2.0,56.0,0.0,11.0,4.0,Chelsea,2.0,4.0,8.0,15.0,0.0,44.0,0.0,10.0,3.0,Fulham,1.1,1.0,2.0,0.0,A,2023-10-02,A,-0.8999999999999999,0.9099099099099099,0.786096256684492,1840.3307787196475,1894.8360852874234,-54.50530656777596,0.866666666666667,2.3333333333333335,11.0,11.666666666666666,2.3333333333333335,4.666666666666667,1.3,2.3333333333333335,11.666666666666666,14.0,4.333333333333333,4.666666666666667,16.0,15.0,22,22
6.0,6.0,2.0,49.0,0.0,14.0,4.0,Burnley,1.0,2.0,7.0,14.0,1.0,51.0,0.0,18.0,3.0,Luton Town,1.3,4.0,1.0,0.0,A,2023-10-03,A,0.30000000000000004,1.2836879432624115,1.0407331975560081,1565.7206662720498,1549.692909742844,16.027756529205817,1.5999999999999999,1.0,18.0,8.666666666666666,2.6666666666666665,3.3333333333333335,1.7000000000000002,1.0,17.333333333333332,10.666666666666666,5.0,3.0,10.0,3.0,3,3
5.0,17.0,1.0,64.0,0.0,11.0,3.0,Brentford,1.0,5.0,7.0,10.0,2.0,36.0,0.0,21.0,8.0,Manchester Utd,1.4,0.0,1.0,0.0,A,2023-10-07,H,0.3999999999999999,1.900900900900901,0.5631825273010921,1739.89943343953,1822.9185183714126,-83.01908493188262,1.2333333333333334,1.3333333333333333,18.0,9.666666666666666,5.333333333333333,4.333333333333333,1.0999999999999999,1.3333333333333333,12.0,13.333333333333334,3.6666666666666665,3.3333333333333335,7.0,6.0,24,23
6.0,7.0,1.0,66.0,1.0,15.0,4.0,Tottenham,2.0,1.0,5.0,16.0,0.0,34.0,0.0,12.0,2.0,Luton Town,0.8,2.0,0.0,0.0,D,2023-10-07,A,-1.2,0.8013245033112583,0.5158850226928896,1565.7206662720498,1789.5016562986125,-223.78099002656268,1.4000000000000001,1.3333333333333333,16.666666666666668,10.666666666666666,3.0,3.6666666666666665,1.2999999999999996,1.6666666666666667,13.666666666666666,16.0,4.0,6.333333333333333,4.0,13.0,4,24
3.0,8.0,4.0,62.0,0.0,9.0,5.0,Chelsea,2.0,4.0,7.0,11.0,1.0,38.0,0.0,10.0,3.0,Burnley,0.7,2.0,1.0,1.0,D,2023-10-07,A,-1.3,1.10989010989011,0.6135265700483092,1549.692909742844,1894.8360852874234,-345.14317554457944,1.0333333333333334,1.6666666666666667,12.666666666666666,13.333333333333334,3.6666666666666665,6.333333333333333,0.9333333333333335,2.0,11.0,11.333333333333334,3.3333333333333335,5.0,14.0,5.0,5,23
4.0,10.0,1.0,60.0,0.0,5.0,2.0,Sheffield Utd,1.0,2.0,9.0,8.0,3.0,40.0,0.0,20.0,6.0,Fulham,2.2,1.0,0.0,0.0,D,2023-10-07,H,1.2000000000000002,3.941176470588236,0.6672212978369384,1840.3307787196475,1490.3584167174945,349.972362002153,1.4333333333333336,1.3333333333333333,14.333333333333334,7.666666666666667,3.6666666666666665,2.6666666666666665,2.1333333333333333,1.0,22.666666666666668,9.333333333333334,8.333333333333334,3.0,5.0,7.0,23,4
7.0,12.0,0.0,52.0,0.0,16.0,5.0,Nott'ham Forest,1.0,1.0,3.0,7.0,0.0,48.0,0.0,8.0,2.0,Crystal Palace,0.8,0.0,0.0,0.0,D,2023-10-07,D,-0.19999999999999996,0.5031055900621118,0.9232245681381958,1762.76945717414,1714.9753427172018,47.79411445693813,1.0666666666666669,1.0,10.333333333333334,12.666666666666666,5.333333333333333,4.666666666666667,1.4666666666666666,1.0,12.0,11.0,2.6666666666666665,3.6666666666666665,14.0,14.0,23,24
7.0,15.0,0.0,52.0,0.0,11.0,4.0,Bournemouth,1.0,2.0,8.0,14.0,3.0,48.0,0.0,25.0,8.0,Everton,2.4,1.0,0.0,2.0,H,2023-10-07,H,1.4,2.2612612612612613,0.9232245681381958,1726.6995064747496,1752.0306042874054,-25.3310978126558,1.8666666666666665,1.0,18.666666666666668,11.0,4.666666666666667,3.3333333333333335,2.4,1.3333333333333333,19.666666666666668,11.666666666666666,6.333333333333333,4.333333333333333,7.0,13.0,24,23
2.0,18.0,2.0,64.0,0.0,10.0,3.0,Newcastle Utd,2.0,3.0,4.0,11.0,2.0,36.0,0.0,5.0,3.0,West Ham,1.2,3.0,0.0,1.0,H,2023-10-08,D,-0.8,0.504950495049505,0.5631825273010921,1647.3033468244073,1899.5248972494726,-252.2215504250653,1.4000000000000001,2.3333333333333335,10.333333333333334,18.333333333333332,5.0,6.666666666666667,1.1333333333333333,2.3333333333333335,9.666666666666666,13.666666666666666,3.3333333333333335,6.666666666666667,8.0,14.0,23,23
10.0,9.0,1.0,53.0,0.0,18.0,4.0,Aston Villa,2.0,2.0,2.0,19.0,1.0,47.0,1.0,8.0,3.0,Wolves,1.7,2.0,0.0,0.0,D,2023-10-08,D,-0.30000000000000004,0.4475138121546961,0.8870056497175142,1603.0797539280402,1853.1627836918879,-250.08302976384766,0.8999999999999998,2.0,7.333333333333333,19.0,2.0,6.0,1.8333333333333333,1.3333333333333333,11.666666666666666,14.0,3.6666666666666665,4.666666666666667,8.0,14.0,23,24
1.0,20.0,2.0,54.0,0.0,14.0,4.0,Liverpool,2.0,2.0,8.0,12.0,2.0,46.0,0.0,14.0,3.0,Brighton,2.3,1.0,2.0,1.0,A,2023-10-08,D,0.2999999999999998,1.0,0.8521256931608133,1770.14782868638,1994.8542409456659,-224.7064122592858,1.8333333333333333,1.3333333333333333,14.0,11.666666666666666,4.333333333333333,3.3333333333333335,1.7,2.0,16.333333333333332,14.0,4.333333333333333,4.666666666666667,14.0,8.0,24,24
4.0,7.0,0.0,51.0,0.0,4.0,1.0,Manchester City,1.0,3.0,5.0,8.0,1.0,49.0,0.0,12.0,2.0,Arsenal,0.4,2.0,0.0,0.0,D,2023-10-08,H,-0.6,2.951219512195122,0.9608610567514677,2031.4490737704036,2000.0555871302647,31.393486640138917,1.5,1.0,14.0,9.0,4.333333333333333,2.6666666666666665,0.5666666666666668,2.0,7.0,18.666666666666668,2.0,8.0,14.0,8.0,24,24
5.0,12.0,0.0,50.0,1.0,6.0,1.0,Burnley,1.0,2.0,5.0,14.0,3.0,50.0,0.0,23.0,10.0,Brentford,3.1,5.0,0.0,1.0,H,2023-10-21,H,2.1,3.7868852459016398,1.0,1822.9185183714126,1549.692909742844,273.2256086285686,2.3333333333333335,1.6666666666666667,18.666666666666668,12.0,6.333333333333333,4.0,2.5,1.0,20.333333333333332,9.333333333333334,7.0,2.3333333333333335,28.0,18.0,24,4
4.0,9.0,0.0,77.0,1.0,6.0,1.0,Everton,0.0,1.0,12.0,9.0,2.0,23.0,0.0,26.0,6.0,Liverpool,2.2,1.0,0.0,0.0,D,2023-10-21,H,2.2,4.278688524590164,0.2996108949416343,1994.8542409456659,1726.6995064747496,268.1547344709163,2.566666666666667,0.6666666666666666,21.666666666666668,8.666666666666666,5.666666666666667,2.6666666666666665,1.4666666666666668,1.6666666666666667,17.0,13.333333333333334,5.333333333333333,4.333333333333333,27.0,28.0,23,23
2.0,11.0,2.0,57.0,0.0,13.0,4.0,Luton Town,2.0,0.0,4.0,12.0,2.0,43.0,0.0,19.0,8.0,Nott'ham Forest,2.9,3.0,0.0,0.0,D,2023-10-21,D,0.8999999999999999,1.4580152671755726,0.7548161120840631,1714.9753427172018,1565.7206662720498,149.25467644515197,1.3666666666666665,1.6666666666666667,13.0,13.666666666666666,4.333333333333333,4.0,2.2666666666666666,1.3333333333333333,18.333333333333332,9.666666666666666,5.0,2.6666666666666665,20.0,21.0,23,5
12.0,10.0,2.0,65.0,0.0,20.0,7.0,Wolves,2.0,6.0,3.0,15.0,1.0,35.0,1.0,7.0,4.0,Bournemouth,0.6,2.0,0.0,1.0,H,2023-10-21,A,-1.4,0.3532338308457711,0.5391705069124425,1752.0306042874054,1603.0797539280402,148.95085035936518,0.7333333333333331,2.3333333333333335,9.333333333333334,16.333333333333332,3.0,7.0,1.6000000000000003,1.3333333333333333,14.333333333333334,11.666666666666666,6.333333333333333,4.666666666666667,21.0,28.0,24,24
8.0,12.0,0.0,59.0,0.0,17.0,3.0,Crystal Palace,1.0,3.0,6.0,7.0,4.0,41.0,0.0,10.0,7.0,Newcastle Utd,2.4,2.0,0.0,3.0,H,2023-10-21,H,1.4,0.5906432748538011,0.6954314720812182,1899.5248972494726,1762.76945717414,136.75544007533267,2.3000000000000003,1.0,13.0,12.0,5.666666666666667,2.3333333333333335,2.233333333333333,1.0,15.0,10.333333333333334,5.333333333333333,2.6666666666666665,21.0,21.0,24,24
7.0,14.0,2.0,56.0,0.0,13.0,3.0,Arsenal,1.0,3.0,2.0,7.0,2.0,44.0,0.0,11.0,5.0,Chelsea,1.3,3.0,0.0,1.0,H,2023-10-21,D,0.30000000000000004,0.8473282442748091,0.786096256684492,1894.8360852874234,2031.4490737704036,-136.6129884829802,1.6333333333333335,1.0,14.0,11.666666666666666,3.6666666666666665,4.333333333333333,0.7333333333333334,1.6666666666666667,9.0,13.666666666666666,2.3333333333333335,5.0,27.0,21.0,24,23
2.0,11.0,1.0,55.0,0.0,5.0,3.0,Brighton,1.0,2.0,2.0,9.0,2.0,45.0,1.0,10.0,6.0,Manchester City,0.8,2.0,0.0,2.0,H,2023-10-21,H,-0.19999999999999996,1.9803921568627452,0.8185117967332124,2000.0555871302647,1770.14782868638,229.90775844388463,1.4333333333333333,1.0,8.0,7.0,5.0,3.3333333333333335,1.1333333333333335,1.6666666666666667,14.333333333333334,8.666666666666666,6.333333333333333,4.666666666666667,28.0,21.0,23,23
4.0,10.0,2.0,62.0,0.0,14.0,5.0,Manchester Utd,1.0,1.0,5.0,12.0,1.0,38.0,0.0,12.0,6.0,Sheffield Utd,1.4,3.0,1.0,1.0,D,2023-10-21,A,0.3999999999999999,0.8581560283687943,0.6135265700483092,1490.3584167174945,1739.89943343953,-249.54101672203547,1.1666666666666665,2.6666666666666665,11.333333333333334,17.333333333333332,5.0,8.666666666666666,1.6000000000000003,1.0,13.666666666666666,11.666666666666666,5.0,3.6666666666666665,27.0,28.0,5,23
7.0,15.0,1.0,58.0,0.0,14.0,4.0,West Ham,1.0,1.0,8.0,9.0,4.0,42.0,0.0,15.0,7.0,Aston Villa,1.9,0.0,0.0,1.0,H,2023-10-22,H,0.8999999999999999,1.070921985815603,0.7246127366609294,1853.1627836918879,1647.3033468244073,205.85943686748055,2.1666666666666665,1.3333333333333333,16.666666666666668,10.333333333333334,7.0,3.3333333333333335,2.1,1.0,17.666666666666668,11.333333333333334,5.0,3.6666666666666665,22.0,28.0,23,24
5.0,14.0,0.0,55.0,0.0,10.0,3.0,Fulham,1.0,0.0,3.0,10.0,2.0,45.0,0.0,15.0,5.0,Tottenham,1.5,2.0,0.0,1.0,H,2023-10-23,H,0.5,1.495049504950495,0.8185117967332124,1789.5016562986125,1840.3307787196475,-50.82912242103498,1.9333333333333336,1.0,22.333333333333332,9.666666666666666,7.666666666666667,4.0,1.3333333333333333,1.0,9.666666666666666,8.666666666666666,4.333333333333333,4.0,23.0,30.0,23,24
2.0,11.0,2.0,75.0,0.0,10.0,1.0,Tottenham,1.0,1.0,11.0,19.0,1.0,25.0,0.0,13.0,3.0,Crystal Palace,0.6,2.0,0.0,0.0,D,2023-10-27,A,-0.4,1.297029702970297,0.3342210386151798,1762.76945717414,1789.5016562986125,-26.732199124472572,0.5666666666666669,1.0,9.333333333333334,12.0,2.6666666666666665,3.6666666666666665,1.0666666666666664,1.3333333333333333,12.666666666666666,12.666666666666666,3.6666666666666665,3.3333333333333335,20.0,20.0,24,25
1.0,13.0,0.0,67.0,0.0,2.0,0.0,Sheffield Utd,0.0,3.0,6.0,9.0,5.0,33.0,0.0,13.0,8.0,Arsenal,2.8,0.0,0.0,1.0,H,2023-10-28,H,2.8,6.238095238095237,0.49329359165424747,2031.4490737704036,1490.3584167174945,541.0906570529091,1.6666666666666667,0.6666666666666666,12.666666666666666,6.333333333333333,5.333333333333333,2.0,2.3666666666666667,0.6666666666666666,17.666666666666668,7.666666666666667,7.666666666666667,1.3333333333333333,20.0,21.0,25,5
1.0,7.0,2.0,32.0,0.0,7.0,5.0,Brentford,2.0,4.0,10.0,12.0,0.0,68.0,0.0,17.0,2.0,Chelsea,1.9,1.0,0.0,0.0,D,2023-10-28,A,-0.10000000000000009,2.4084507042253525,2.1214953271028034,1894.8360852874234,1822.9185183714126,71.91756691601086,1.5,1.3333333333333333,12.666666666666666,11.666666666666666,3.6666666666666665,5.0,1.2666666666666666,1.6666666666666667,14.666666666666666,12.0,3.6666666666666665,4.333333333333333,7.0,21.0,25,24
7.0,15.0,2.0,57.0,0.0,13.0,5.0,Newcastle Utd,2.0,4.0,8.0,13.0,2.0,43.0,0.0,11.0,6.0,Wolves,0.9,1.0,2.0,1.0,A,2023-10-28,D,-1.1,0.8473282442748091,0.7548161120840631,1603.0797539280402,1899.5248972494726,-296.4451433214324,0.9999999999999999,1.6666666666666667,7.333333333333333,18.0,3.3333333333333335,5.666666666666667,0.9999999999999999,2.6666666666666665,8.333333333333334,15.0,3.3333333333333335,7.666666666666667,20.0,20.0,24,24
5.0,12.0,1.0,45.0,0.0,6.0,3.0,Burnley,1.0,3.0,10.0,9.0,2.0,55.0,0.0,13.0,6.0,Bournemouth,1.1,2.0,1.0,1.0,D,2023-10-28,H,0.10000000000000009,2.1475409836065573,1.221729490022173,1752.0306042874054,1549.692909742844,202.33769454456137,0.7666666666666666,2.0,9.333333333333334,13.666666666666666,3.6666666666666665,6.0,1.8333333333333333,1.0,18.0,8.666666666666666,6.333333333333333,2.6666666666666665,7.0,7.0,25,5
3.0,11.0,1.0,64.0,0.0,10.0,4.0,Everton,1.0,1.0,4.0,7.0,0.0,36.0,0.0,12.0,2.0,West Ham,0.7,4.0,0.0,0.0,D,2023-10-29,A,-0.30000000000000004,1.198019801980198,0.5631825273010921,1647.3033468244073,1726.6995064747496,-79.39615965034227,1.3333333333333333,1.3333333333333333,12.333333333333334,12.0,4.666666666666667,3.0,1.2999999999999998,1.0,16.666666666666668,11.333333333333334,3.3333333333333335,3.6666666666666665,21.0,8.0,24,24
3.0,8.0,1.0,71.0,0.0,10.0,5.0,Fulham,1.0,3.0,7.0,12.0,1.0,29.0,0.0,18.0,7.0,Brighton,1.4,0.0,0.0,1.0,H,2023-10-29,D,0.3999999999999999,1.7920792079207923,0.409282700421941,1770.14782868638,1840.3307787196475,-70.18295003326739,1.8666666666666665,1.3333333333333333,15.0,12.0,4.666666666666667,4.333333333333333,1.0666666666666667,1.0,13.333333333333334,10.0,5.0,4.333333333333333,21.0,6.0,25,25
3.0,13.0,0.0,72.0,0.0,9.0,1.0,Nott'ham Forest,0.0,3.0,8.0,9.0,3.0,28.0,0.0,21.0,8.0,Liverpool,3.2,2.0,0.0,2.0,H,2023-10-29,H,3.2,2.318681318681319,0.38973647711511794,1994.8542409456659,1714.9753427172018,279.8788982284641,2.8000000000000003,0.3333333333333333,23.0,8.666666666666666,7.0,2.0,1.7666666666666666,0.6666666666666666,12.0,11.666666666666666,4.666666666666667,3.0,8.0,22.0,24,25
4.0,10.0,1.0,70.0,0.0,7.0,1.0,Luton Town,1.0,2.0,6.0,11.0,3.0,30.0,0.0,17.0,6.0,Aston Villa,2.3,3.0,0.0,1.0,H,2023-10-29,H,1.2999999999999998,2.4084507042253525,0.4293865905848788,1853.1627836918879,1565.7206662720498,287.44211741983804,1.9333333333333333,1.3333333333333333,17.0,10.666666666666666,7.333333333333333,2.6666666666666665,2.6999999999999997,1.3333333333333333,19.666666666666668,9.666666666666666,6.333333333333333,2.3333333333333335,7.0,8.0,24,6
12.0,4.0,3.0,60.0,0.0,21.0,10.0,Manchester City,4.0,1.0,7.0,9.0,0.0,40.0,0.0,7.0,3.0,Manchester Utd,0.9,4.0,1.0,0.0,A,2023-10-29,A,-3.1,0.33649289099526064,0.6672212978369384,1739.89943343953,2000.0555871302647,-260.15615369073475,1.2,2.0,15.666666666666666,13.333333333333334,5.0,5.0,0.5666666666666668,2.0,7.333333333333333,16.0,2.0,6.333333333333333,22.0,21.0,25,25
1.0,12.0,2.0,33.0,0.0,4.0,3.0,Crystal Palace,1.0,5.0,12.0,9.0,0.0,67.0,0.0,17.0,5.0,Burnley,1.1,0.0,1.0,0.0,A,2023-11-04,A,0.10000000000000009,4.170731707317074,2.027190332326284,1549.692909742844,1762.76945717414,-213.07654743129592,0.9666666666666668,1.3333333333333333,13.0,8.0,4.0,4.0,1.5999999999999996,1.0,15.333333333333334,9.666666666666666,5.333333333333333,2.6666666666666665,28.0,14.0,6,25
3.0,14.0,2.0,58.0,0.0,12.0,2.0,West Ham,2.0,4.0,4.0,12.0,3.0,42.0,0.0,16.0,4.0,Brentford,1.5,1.0,2.0,1.0,A,2023-11-04,H,-0.5,1.3305785123966944,0.7246127366609294,1822.9185183714126,1647.3033468244073,175.61517154700527,1.8666666666666665,1.6666666666666667,17.0,12.0,5.333333333333333,3.0,2.1333333333333333,1.3333333333333333,17.666666666666668,12.333333333333334,6.0,3.3333333333333335,14.0,13.0,25,25
4.0,10.0,1.0,61.0,0.0,10.0,3.0,Wolves,1.0,3.0,4.0,13.0,2.0,39.0,0.0,11.0,2.0,Sheffield Utd,1.0,2.0,0.0,0.0,D,2023-11-04,H,0.0,1.099009900990099,0.6399345335515548,1490.3584167174945,1603.0797539280402,-112.7213372105457,1.0999999999999999,2.0,10.666666666666666,15.333333333333334,3.0,7.666666666666667,1.2333333333333334,1.3333333333333333,12.666666666666666,11.0,3.3333333333333335,4.333333333333333,14.0,14.0,6,25
4.0,15.0,1.0,55.0,0.0,12.0,5.0,Manchester Utd,1.0,2.0,9.0,9.0,0.0,45.0,0.0,18.0,3.0,Fulham,1.0,5.0,0.0,0.0,D,2023-11-04,A,0.0,1.4958677685950414,0.8185117967332124,1840.3307787196475,1739.89943343953,100.43134528011751,1.4333333333333336,1.3333333333333333,16.0,9.333333333333334,4.0,3.6666666666666665,1.166666666666667,1.0,14.0,12.333333333333334,4.333333333333333,4.666666666666667,28.0,14.0,24,24
3.0,5.0,1.0,79.0,0.0,7.0,2.0,Brighton,1.0,2.0,3.0,15.0,1.0,21.0,0.0,10.0,4.0,Everton,0.7,4.0,0.0,1.0,H,2023-11-04,D,-0.30000000000000004,1.4225352112676057,0.2667509481668774,1726.6995064747496,1770.14782868638,-43.44832221163051,2.0,1.0,19.333333333333332,9.0,5.666666666666667,2.6666666666666665,1.0333333333333334,1.3333333333333333,13.0,7.666666666666667,6.333333333333333,2.6666666666666665,28.0,14.0,25,24
11.0,9.0,0.0,58.0,0.0,14.0,1.0,Arsenal,1.0,1.0,0.0,14.0,1.0,42.0,0.0,9.0,2.0,Newcastle Utd,1.0,5.0,0.0,0.0,D,2023-11-04,H,0.0,0.6453900709219859,0.7246127366609294,1899.5248972494726,2031.4490737704036,-131.92417652093104,2.1666666666666665,1.0,13.0,13.0,5.666666666666667,2.0,0.9666666666666667,1.6666666666666667,9.333333333333334,14.0,2.6666666666666665,4.0,14.0,14.0,25,24
1.0,9.0,1.0,65.0,0.0,5.0,1.0,Bournemouth,1.0,1.0,12.0,8.0,6.0,35.0,0.0,21.0,8.0,Manchester City,1.9,0.0,0.0,3.0,H,2023-11-04,H,0.8999999999999999,4.137254901960785,0.5391705069124425,2000.0555871302647,1752.0306042874054,248.02498284285934,1.3333333333333333,1.0,12.666666666666666,6.666666666666667,6.0,2.3333333333333335,2.0666666666666664,1.0,19.666666666666668,9.333333333333334,6.666666666666667,3.0,14.0,28.0,24,24
10.0,9.0,0.0,73.0,0.0,13.0,3.0,Aston Villa,1.0,1.0,0.0,6.0,2.0,27.0,0.0,5.0,3.0,Nott'ham Forest,0.4,1.0,0.0,1.0,H,2023-11-05,H,-0.6,0.3893129770992366,0.37072503419972647,1714.9753427172018,1853.1627836918879,-138.18744097468607,1.2666666666666664,1.6666666666666667,10.0,14.666666666666666,4.0,4.0,1.1333333333333333,1.3333333333333333,7.666666666666667,15.333333333333334,3.3333333333333335,4.666666666666667,15.0,28.0,24,25
7.0,13.0,1.0,73.0,0.0,24.0,6.0,Liverpool,3.0,1.0,4.0,7.0,1.0,27.0,0.0,8.0,5.0,Luton Town,0.8,1.0,0.0,0.0,D,2023-11-05,D,-2.2,0.33609958506224064,0.37072503419972647,1565.7206662720498,1994.8542409456659,-429.13357467361607,0.9666666666666668,2.0,12.666666666666666,17.666666666666668,3.3333333333333335,4.666666666666667,1.7666666666666668,2.0,15.333333333333334,16.666666666666668,5.333333333333333,4.666666666666667,29.0,28.0,5,25
6.0,21.0,4.0,40.0,0.0,17.0,8.0,Chelsea,4.0,5.0,1.0,12.0,1.0,60.0,2.0,8.0,5.0,Tottenham,0.9,1.0,1.0,1.0,D,2023-11-06,A,-3.1,0.4736842105263157,1.4987531172069826,1789.5016562986125,1894.8360852874234,-105.33442898881094,1.5333333333333334,2.0,15.666666666666666,13.0,6.0,5.0,0.9,2.6666666666666665,9.333333333333334,12.333333333333334,3.6666666666666665,5.666666666666667,14.0,30.0,24,24
3.0,15.0,1.0,58.0,0.0,6.0,2.0,Tottenham,1.0,3.0,11.0,19.0,2.0,42.0,0.0,17.0,4.0,Wolves,2.1,4.0,1.0,0.0,A,2023-11-11,H,1.1,2.8032786885245904,0.7246127366609294,1603.0797539280402,1789.5016562986125,-186.4219023705723,1.5666666666666664,1.6666666666666667,12.0,12.333333333333334,4.333333333333333,3.6666666666666665,1.1666666666666663,1.3333333333333333,14.0,10.333333333333334,3.0,2.3333333333333335,14.0,15.0,25,26
3.0,11.0,0.0,64.0,0.0,10.0,4.0,Luton Town,0.0,2.0,11.0,9.0,1.0,36.0,0.0,15.0,4.0,Manchester Utd,2.2,0.0,0.0,0.0,D,2023-11-11,H,2.2,1.495049504950495,0.5631825273010921,1739.89943343953,1565.7206662720498,174.17876716748015,1.5,1.6666666666666667,14.333333333333334,14.0,5.0,5.666666666666667,2.4666666666666663,1.0,17.0,10.0,6.0,3.0,13.0,13.0,26,7
2.0,18.0,3.0,67.0,0.0,8.0,4.0,Everton,2.0,4.0,9.0,9.0,2.0,33.0,0.0,13.0,4.0,Crystal Palace,2.2,1.0,1.0,1.0,D,2023-11-11,A,0.20000000000000018,1.617283950617284,0.49329359165424747,1762.76945717414,1726.6995064747496,36.06995069939035,1.2000000000000002,1.3333333333333333,11.333333333333334,11.333333333333334,3.0,3.3333333333333335,1.7,1.0,17.0,8.0,4.0,3.0,15.0,13.0,25,25
3.0,9.0,1.0,63.0,0.0,8.0,5.0,Burnley,0.0,1.0,3.0,8.0,3.0,37.0,1.0,16.0,6.0,Arsenal,1.8,0.0,0.0,1.0,H,2023-11-11,H,1.8,1.9876543209876545,0.5879556259904913,2031.4490737704036,1549.692909742844,481.75616402755963,1.666666666666667,0.3333333333333333,13.666666666666666,4.666666666666667,5.333333333333333,2.0,2.0000000000000004,0.6666666666666666,17.333333333333332,6.666666666666667,7.333333333333333,3.0,14.0,14.0,26,6
5.0,4.0,0.0,52.0,0.0,8.0,5.0,Newcastle Utd,1.0,1.0,6.0,10.0,2.0,48.0,0.0,19.0,10.0,Bournemouth,2.4,2.0,0.0,0.0,D,2023-11-11,H,1.4,2.358024691358025,0.9232245681381958,1752.0306042874054,1899.5248972494726,-147.49429296206722,1.3666666666666665,1.3333333333333333,13.0,11.333333333333334,6.666666666666667,5.0,1.5,1.6666666666666667,11.666666666666666,10.333333333333334,6.333333333333333,4.333333333333333,14.0,14.0,26,25
8.0,12.0,0.0,58.0,0.0,16.0,3.0,Brentford,2.0,2.0,6.0,16.0,3.0,42.0,0.0,17.0,10.0,Liverpool,1.7,1.0,0.0,1.0,H,2023-11-12,H,-0.30000000000000004,1.062111801242236,0.7246127366609294,1994.8542409456659,1822.9185183714126,171.9357225742533,2.3666666666666667,0.6666666666666666,21.333333333333332,10.333333333333334,8.0,1.6666666666666667,1.6666666666666667,1.6666666666666667,18.333333333333332,11.333333333333334,6.666666666666667,3.6666666666666665,14.0,15.0,25,25
3.0,16.0,1.0,61.0,0.0,9.0,1.0,Sheffield Utd,1.0,2.0,6.0,13.0,1.0,39.0,1.0,11.0,6.0,Brighton,1.5,3.0,0.0,1.0,H,2023-11-12,D,0.5,1.2197802197802199,0.6399345335515548,1770.14782868638,1490.3584167174945,279.7894119688856,1.7333333333333332,1.3333333333333333,14.333333333333334,11.0,5.333333333333333,3.3333333333333335,2.1666666666666665,0.6666666666666666,14.666666666666666,5.333333333333333,6.666666666666667,1.0,14.0,15.0,26,6
3.0,15.0,4.0,55.0,0.0,15.0,10.0,Manchester City,3.0,3.0,3.0,12.0,4.0,45.0,0.0,17.0,9.0,Chelsea,2.9,5.0,2.0,2.0,D,2023-11-12,D,-0.10000000000000009,1.1324503311258278,0.8185117967332124,1894.8360852874234,2000.0555871302647,-105.21950184284128,2.033333333333333,2.0,15.0,11.666666666666666,5.333333333333333,6.0,1.4000000000000001,2.6666666666666665,12.0,13.333333333333334,4.666666666666667,7.0,15.0,14.0,26,26
4.0,12.0,2.0,54.0,0.0,10.0,5.0,Nott'ham Forest,2.0,2.0,9.0,9.0,3.0,46.0,0.0,16.0,6.0,West Ham,1.8,2.0,1.0,1.0,D,2023-11-12,H,-0.19999999999999996,1.5940594059405944,0.8521256931608133,1647.3033468244073,1714.9753427172018,-67.67199589279448,1.2333333333333332,1.6666666666666667,11.0,10.0,3.6666666666666665,4.0,1.9333333333333333,1.0,15.0,11.666666666666666,5.333333333333333,3.6666666666666665,14.0,14.0,25,26
2.0,17.0,1.0,51.0,0.0,9.0,5.0,Fulham,1.0,5.0,2.0,4.0,3.0,49.0,0.0,12.0,6.0,Aston Villa,3.0,2.0,0.0,2.0,H,2023-11-12,H,2.0,1.3296703296703296,0.9608610567514677,1853.1627836918879,1840.3307787196475,12.832004972240384,2.4,1.0,14.666666666666666,10.0,6.333333333333333,3.3333333333333335,1.9666666666666668,1.0,15.0,9.666666666666666,6.0,4.333333333333333,14.0,14.0,25,26
6.0,11.0,1.0,59.0,0.0,8.0,3.0,Liverpool,1.0,3.0,9.0,9.0,1.0,41.0,0.0,16.0,5.0,Manchester City,1.3,1.0,0.0,1.0,H,2023-11-25,D,0.30000000000000004,1.9876543209876545,0.6954314720812182,2000.0555871302647,1994.8542409456659,5.201346184598833,1.333333333333333,1.0,15.666666666666666,6.0,6.333333333333333,2.3333333333333335,1.4666666666666668,2.0,12.666666666666666,15.333333333333334,4.333333333333333,4.333333333333333,21.0,20.0,25,26
7.0,8.0,3.0,54.0,0.0,23.0,11.0,Bournemouth,3.0,1.0,4.0,6.0,1.0,46.0,0.0,10.0,2.0,Sheffield Utd,0.8,4.0,2.0,0.0,A,2023-11-25,A,-2.2,0.4372294372294372,0.8521256931608133,1490.3584167174945,1752.0306042874054,-261.6721875699109,1.0666666666666667,1.6666666666666667,11.0,15.666666666666666,3.3333333333333335,6.333333333333333,1.7,1.6666666666666667,18.666666666666668,13.0,6.0,5.333333333333333,21.0,21.0,7,25
2.0,19.0,1.0,54.0,1.0,7.0,4.0,Chelsea,1.0,4.0,4.0,13.0,4.0,46.0,0.0,14.0,5.0,Newcastle Utd,2.4,4.0,1.0,1.0,D,2023-11-25,H,1.4,1.9859154929577465,0.8521256931608133,1899.5248972494726,1894.8360852874234,4.688811962049158,1.9333333333333333,1.0,11.0,12.666666666666666,4.666666666666667,2.6666666666666665,1.3333333333333333,2.3333333333333335,10.666666666666666,11.0,4.333333333333333,5.666666666666667,21.0,19.0,26,25
5.0,12.0,1.0,61.0,0.0,16.0,8.0,Crystal Palace,2.0,1.0,4.0,15.0,2.0,39.0,0.0,8.0,3.0,Luton Town,0.9,6.0,0.0,0.0,D,2023-11-25,H,-1.1,0.5031055900621118,0.6399345335515548,1565.7206662720498,1762.76945717414,-197.0487909020901,0.8333333333333334,2.3333333333333335,9.333333333333334,18.333333333333332,3.3333333333333335,6.0,1.4666666666666666,1.3333333333333333,11.666666666666666,12.333333333333334,5.0,4.666666666666667,20.0,21.0,6,26
5.0,7.0,2.0,50.0,0.0,11.0,3.0,West Ham,1.0,3.0,4.0,11.0,1.0,50.0,0.0,11.0,5.0,Burnley,1.3,1.0,0.0,0.0,D,2023-11-25,A,0.30000000000000004,1.0,1.0,1549.692909742844,1647.3033468244073,-97.6104370815633,1.0333333333333334,1.3333333333333333,12.666666666666666,8.0,4.333333333333333,3.6666666666666665,1.5666666666666667,1.3333333333333333,14.0,12.333333333333334,5.333333333333333,3.0,21.0,21.0,7,26
4.0,7.0,3.0,53.0,1.0,11.0,5.0,Brighton,1.0,4.0,6.0,12.0,2.0,47.0,0.0,18.0,5.0,Nott'ham Forest,1.9,2.0,2.0,1.0,A,2023-11-25,A,0.8999999999999999,1.6306306306306309,0.8870056497175142,1714.9753427172018,1770.14782868638,-55.1724859691783,1.7333333333333332,1.3333333333333333,14.0,12.333333333333334,5.333333333333333,4.0,1.1333333333333335,1.0,12.666666666666666,7.666666666666667,5.0,3.3333333333333335,20.0,21.0,25,25
8.0,7.0,1.0,63.0,0.0,15.0,4.0,Arsenal,2.0,1.0,1.0,9.0,0.0,37.0,0.0,9.0,3.0,Brentford,1.1,1.0,0.0,0.0,D,2023-11-25,A,-0.8999999999999999,0.6026490066225165,0.5879556259904913,1822.9185183714126,2031.4490737704036,-208.53055539899105,1.8999999999999997,1.6666666666666667,16.0,11.0,5.666666666666667,2.3333333333333335,1.1333333333333333,1.3333333333333333,9.666666666666666,14.0,3.3333333333333335,2.6666666666666665,21.0,21.0,26,25
3.0,13.0,2.0,38.0,0.0,15.0,5.0,Aston Villa,2.0,4.0,9.0,11.0,1.0,62.0,0.0,18.0,8.0,Tottenham,2.3,0.0,1.0,1.0,D,2023-11-26,A,0.2999999999999998,1.1986754966887418,1.6299212598425197,1789.5016562986125,1853.1627836918879,-63.661127393275365,1.5666666666666667,2.3333333333333335,13.666666666666666,14.0,6.0,5.333333333333333,1.4666666666666666,1.6666666666666667,10.333333333333334,15.333333333333334,4.666666666666667,4.0,20.0,21.0,25,26
5.0,8.0,3.0,49.0,0.0,9.0,4.0,Manchester Utd,2.0,0.0,6.0,10.0,0.0,51.0,0.0,24.0,6.0,Everton,2.4,3.0,1.0,0.0,A,2023-11-26,A,0.3999999999999999,2.6483516483516487,1.0407331975560081,1726.6995064747496,1739.89943343953,-13.199926964780389,1.8333333333333333,1.3333333333333333,19.666666666666668,9.0,6.0,3.3333333333333335,1.6000000000000003,1.3333333333333333,18.0,11.666666666666666,5.0,4.666666666666667,22.0,22.0,26,25
2.0,13.0,2.0,60.0,0.0,10.0,6.0,Wolves,1.0,2.0,6.0,13.0,3.0,40.0,0.0,12.0,6.0,Fulham,2.9,2.0,1.0,1.0,D,2023-11-27,H,1.9,1.198019801980198,0.6672212978369384,1840.3307787196475,1603.0797539280402,237.25102479160728,2.0333333333333337,1.0,16.666666666666668,9.0,5.0,4.333333333333333,1.5,1.3333333333333333,10.0,13.333333333333334,4.0,5.333333333333333,23.0,23.0,25,26
0.0,10.0,1.0,57.0,0.0,6.0,3.0,Wolves,1.0,2.0,4.0,10.0,2.0,43.0,0.0,19.0,6.0,Arsenal,2.8,1.0,0.0,2.0,H,2023-12-02,H,1.7999999999999998,3.131147540983607,0.7548161120840631,2031.4490737704036,1603.0797539280402,428.36931984236344,2.466666666666667,0.3333333333333333,16.0,5.333333333333333,6.666666666666667,2.6666666666666665,2.233333333333333,1.0,14.0,8.666666666666666,4.666666666666667,4.0,21.0,5.0,27,27
5.0,8.0,1.0,68.0,0.0,7.0,1.0,Luton Town,0.0,2.0,7.0,10.0,3.0,32.0,0.0,27.0,6.0,Brentford,3.1,1.0,0.0,0.0,D,2023-12-02,H,3.1,3.8169014084507045,0.4713656387665199,1822.9185183714126,1565.7206662720498,257.19785209936276,1.9000000000000001,1.3333333333333333,17.333333333333332,11.333333333333334,4.333333333333333,2.3333333333333335,2.533333333333333,0.3333333333333333,19.666666666666668,8.0,5.333333333333333,2.0,7.0,21.0,27,8
1.0,12.0,0.0,63.0,1.0,6.0,3.0,Sheffield Utd,0.0,5.0,6.0,9.0,5.0,37.0,0.0,19.0,7.0,Burnley,1.8,2.0,0.0,2.0,H,2023-12-02,H,1.8,3.131147540983607,0.5879556259904913,1549.692909742844,1490.3584167174945,59.3344930253495,1.4000000000000001,0.6666666666666666,15.666666666666666,7.0,5.666666666666667,3.0,2.033333333333333,0.3333333333333333,14.333333333333334,5.666666666666667,7.0,1.3333333333333333,7.0,20.0,8,7
3.0,14.0,1.0,61.0,0.0,12.0,3.0,Everton,1.0,0.0,4.0,15.0,0.0,39.0,0.0,13.0,2.0,Nott'ham Forest,0.7,1.0,0.0,0.0,D,2023-12-02,A,-0.30000000000000004,1.0826446280991735,0.6399345335515548,1714.9753427172018,1726.6995064747496,-11.724163757547785,0.9999999999999997,1.0,12.0,12.0,3.3333333333333335,3.6666666666666665,1.2,1.3333333333333333,12.666666666666666,10.0,2.6666666666666665,3.6666666666666665,7.0,21.0,26,26
3.0,13.0,0.0,42.0,0.0,8.0,1.0,Manchester Utd,1.0,2.0,7.0,6.0,1.0,58.0,0.0,22.0,4.0,Newcastle Utd,2.4,1.0,0.0,0.0,D,2023-12-02,H,1.4,2.728395061728395,1.3800475059382422,1899.5248972494726,1739.89943343953,159.62546380994263,1.9333333333333333,1.0,15.0,9.666666666666666,3.6666666666666665,2.0,1.9333333333333336,1.3333333333333333,21.333333333333332,9.666666666666666,4.333333333333333,3.3333333333333335,7.0,6.0,27,26
7.0,12.0,2.0,62.0,0.0,11.0,3.0,Aston Villa,1.0,3.0,7.0,16.0,2.0,38.0,0.0,15.0,7.0,Bournemouth,2.0,5.0,1.0,1.0,D,2023-12-03,D,1.0,1.3603603603603605,0.6135265700483092,1752.0306042874054,1853.1627836918879,-101.13217940448249,1.8333333333333333,1.0,15.666666666666666,8.333333333333334,7.666666666666667,3.6666666666666665,1.5666666666666664,1.3333333333333333,12.666666666666666,13.0,6.0,3.6666666666666665,22.0,7.0,27,27
4.0,7.0,3.0,61.0,0.0,9.0,5.0,Fulham,1.0,0.0,3.0,6.0,4.0,39.0,0.0,26.0,12.0,Liverpool,2.1,0.0,2.0,2.0,D,2023-12-03,H,1.1,2.8681318681318686,0.6399345335515548,1994.8542409456659,1840.3307787196475,154.5234622260184,2.3333333333333335,1.0,21.333333333333332,11.333333333333334,10.0,3.0,2.1666666666666665,1.0,18.666666666666668,9.333333333333334,8.333333333333334,5.0,21.0,21.0,26,27
8.0,12.0,2.0,68.0,0.0,18.0,9.0,Brighton,1.0,5.0,5.0,16.0,3.0,32.0,1.0,8.0,5.0,Chelsea,2.1,3.0,1.0,2.0,H,2023-12-03,H,1.1,0.4475138121546961,0.4713656387665199,1894.8360852874234,1770.14782868638,124.68825660104335,2.3,2.0,14.0,13.333333333333334,5.333333333333333,8.0,1.566666666666667,1.0,12.0,12.0,4.666666666666667,5.333333333333333,21.0,8.0,27,26
3.0,7.0,1.0,45.0,0.0,9.0,2.0,Crystal Palace,1.0,0.0,2.0,17.0,1.0,55.0,0.0,9.0,3.0,West Ham,1.1,2.0,0.0,1.0,H,2023-12-03,D,0.10000000000000009,1.0,1.221729490022173,1647.3033468244073,1762.76945717414,-115.46611034973262,1.2,1.3333333333333333,12.333333333333334,9.666666666666666,3.6666666666666665,3.6666666666666665,1.033333333333333,1.3333333333333333,11.333333333333334,9.666666666666666,3.6666666666666665,4.333333333333333,21.0,8.0,26,27
8.0,14.0,3.0,55.0,0.0,8.0,4.0,Tottenham,1.0,4.0,10.0,14.0,3.0,45.0,0.0,18.0,4.0,Manchester City,2.6,4.0,1.0,2.0,H,2023-12-03,D,1.6,2.234567901234568,0.8185117967332124,2000.0555871302647,1789.5016562986125,210.55393083165222,1.9333333333333333,1.0,18.333333333333332,7.0,5.666666666666667,2.6666666666666665,1.7666666666666666,1.0,16.0,8.0,3.6666666666666665,2.3333333333333335,8.0,22.0,26,27
8.0,15.0,0.0,51.0,0.0,12.0,3.0,Burnley,1.0,4.0,6.0,11.0,1.0,49.0,0.0,7.0,4.0,Wolves,0.8,2.0,0.0,1.0,H,2023-12-05,H,-0.19999999999999996,0.5867768595041322,0.9608610567514677,1603.0797539280402,1549.692909742844,53.386844185196196,1.2666666666666666,1.3333333333333333,11.666666666666666,10.333333333333334,4.666666666666667,3.3333333333333335,1.2333333333333334,0.6666666666666666,12.0,8.666666666666666,5.333333333333333,3.6666666666666665,24.0,24.0,26,7
8.0,7.0,4.0,66.0,0.0,23.0,9.0,Arsenal,2.0,1.0,3.0,14.0,3.0,34.0,0.0,6.0,4.0,Luton Town,0.5,2.0,2.0,1.0,A,2023-12-05,A,-1.5,0.26406926406926406,0.5158850226928896,1565.7206662720498,2031.4490737704036,-465.7284074983538,0.7333333333333334,2.3333333333333335,7.333333333333333,21.0,4.0,7.666666666666667,0.8666666666666667,1.6666666666666667,8.0,17.333333333333332,3.0,4.666666666666667,10.0,10.0,7,26
12.0,8.0,2.0,75.0,0.0,15.0,8.0,Liverpool,2.0,3.0,2.0,12.0,0.0,25.0,0.0,6.0,1.0,Sheffield Utd,1.0,2.0,1.0,0.0,A,2023-12-06,A,-1.0,0.40397350993377484,0.3342210386151798,1490.3584167174945,1994.8542409456659,-504.4958242281714,0.9333333333333332,2.0,9.0,16.0,1.6666666666666667,7.333333333333333,1.0333333333333334,2.0,10.0,15.666666666666666,3.6666666666666665,5.666666666666667,11.0,11.0,8,27
3.0,8.0,1.0,61.0,0.0,8.0,2.0,Brentford,2.0,1.0,7.0,10.0,2.0,39.0,0.0,18.0,7.0,Brighton,1.5,3.0,1.0,1.0,D,2023-12-06,H,-0.5,2.234567901234568,0.6399345335515548,1770.14782868638,1822.9185183714126,-52.770689685032494,1.4666666666666668,1.3333333333333333,15.666666666666666,9.0,6.666666666666667,2.6666666666666665,1.7,2.0,17.333333333333332,10.333333333333334,6.333333333333333,3.3333333333333335,24.0,24.0,27,26
9.0,17.0,2.0,59.0,0.0,11.0,4.0,Bournemouth,2.0,3.0,3.0,10.0,0.0,41.0,0.0,16.0,3.0,Crystal Palace,1.0,1.0,1.0,0.0,A,2023-12-06,A,-1.0,1.4504504504504507,0.6954314720812182,1762.76945717414,1752.0306042874054,10.738852886734549,1.2666666666666668,1.6666666666666667,14.0,9.666666666666666,3.3333333333333335,3.0,1.2333333333333332,2.0,15.666666666666666,13.0,4.333333333333333,5.333333333333333,25.0,11.0,26,26
1.0,10.0,0.0,63.0,0.0,4.0,1.0,Nott'ham Forest,0.0,1.0,6.0,7.0,5.0,37.0,0.0,14.0,6.0,Fulham,2.5,0.0,0.0,2.0,H,2023-12-06,H,2.5,3.439024390243903,0.5879556259904913,1840.3307787196475,1714.9753427172018,125.35543600244569,2.1333333333333333,0.6666666666666666,14.666666666666666,8.666666666666666,5.0,4.0,2.5,0.6666666666666666,17.0,7.666666666666667,6.666666666666667,2.3333333333333335,9.0,24.0,26,27
0.0,13.0,0.0,54.0,0.0,2.0,2.0,Manchester City,1.0,2.0,6.0,13.0,1.0,46.0,0.0,22.0,7.0,Aston Villa,2.3,2.0,0.0,0.0,D,2023-12-06,H,1.2999999999999998,10.523809523809524,0.8521256931608133,1853.1627836918879,2000.0555871302647,-146.89280343837686,2.533333333333333,1.0,17.0,6.0,6.333333333333333,2.6666666666666665,2.033333333333333,2.6666666666666665,15.333333333333334,12.666666666666666,6.333333333333333,7.333333333333333,24.0,24.0,26,27
4.0,12.0,1.0,45.0,0.0,13.0,3.0,Chelsea,2.0,0.0,12.0,12.0,2.0,55.0,0.0,28.0,9.0,Manchester Utd,4.1,4.0,1.0,1.0,D,2023-12-06,H,2.0999999999999996,2.1450381679389317,1.221729490022173,1739.89943343953,1894.8360852874234,-154.93665184789347,2.4,2.0,16.666666666666668,14.666666666666666,5.333333333333333,5.666666666666667,2.4666666666666663,2.3333333333333335,16.666666666666668,12.333333333333334,6.333333333333333,5.0,25.0,11.0,27,26
2.0,8.0,0.0,62.0,0.0,13.0,3.0,Newcastle Utd,2.0,0.0,5.0,18.0,3.0,38.0,0.0,21.0,6.0,Everton,3.3,3.0,0.0,0.0,D,2023-12-07,H,1.2999999999999998,1.6106870229007635,0.6135265700483092,1726.6995064747496,1899.5248972494726,-172.82539077472302,2.1333333333333333,1.6666666666666667,18.333333333333332,9.666666666666666,5.333333333333333,3.0,2.1999999999999997,1.6666666666666667,17.0,11.333333333333334,7.333333333333333,4.333333333333333,11.0,26.0,27,26
4.0,12.0,2.0,74.0,0.0,11.0,5.0,West Ham,2.0,3.0,8.0,11.0,1.0,26.0,0.0,23.0,7.0,Tottenham,1.8,3.0,0.0,1.0,H,2023-12-07,A,-0.19999999999999996,2.081081081081081,0.35222672064777333,1789.5016562986125,1647.3033468244073,142.1983094742052,1.6666666666666667,2.6666666666666665,16.333333333333332,14.333333333333334,6.666666666666667,6.0,1.5333333333333332,1.6666666666666667,16.666666666666668,11.333333333333334,5.333333333333333,3.3333333333333335,11.0,12.0,26,27
5.0,17.0,2.0,76.0,0.0,14.0,2.0,Liverpool,1.0,2.0,6.0,17.0,1.0,24.0,1.0,8.0,4.0,Crystal Palace,1.7,5.0,0.0,0.0,D,2023-12-09,A,0.7,0.5744680851063829,0.3166885676741131,1762.76945717414,1994.8542409456659,-232.08478377152596,1.6333333333333335,1.6666666666666667,12.333333333333334,11.0,3.6666666666666665,3.3333333333333335,1.3333333333333333,1.3333333333333333,10.0,12.333333333333334,3.3333333333333335,4.333333333333333,3.0,3.0,27,28
4.0,13.0,0.0,59.0,0.0,10.0,4.0,Brentford,1.0,1.0,3.0,14.0,1.0,41.0,0.0,9.0,4.0,Sheffield Utd,0.8,5.0,0.0,1.0,H,2023-12-09,H,-0.19999999999999996,0.900990099009901,0.6954314720812182,1490.3584167174945,1822.9185183714126,-332.5601016539181,0.8666666666666667,2.0,8.333333333333334,16.0,2.3333333333333335,7.666666666666667,1.3333333333333333,1.6666666666666667,14.666666666666666,11.333333333333334,7.0,3.0,3.0,3.0,9,27
1.0,8.0,1.0,72.0,0.0,6.0,3.0,Burnley,1.0,4.0,9.0,5.0,1.0,28.0,0.0,29.0,11.0,Brighton,2.6,0.0,1.0,0.0,A,2023-12-09,D,1.6,4.770491803278689,0.38973647711511794,1770.14782868638,1549.692909742844,220.4549189435361,1.8666666666666665,1.3333333333333333,19.333333333333332,7.666666666666667,8.0,2.0,1.7333333333333334,0.6666666666666666,17.333333333333332,8.666666666666666,7.0,3.6666666666666665,3.0,4.0,28,8
3.0,11.0,1.0,68.0,0.0,8.0,2.0,Nott'ham Forest,1.0,1.0,4.0,9.0,1.0,32.0,0.0,10.0,4.0,Wolves,1.2,0.0,1.0,1.0,D,2023-12-09,D,0.19999999999999996,1.2469135802469136,0.4713656387665199,1603.0797539280402,1714.9753427172018,-111.8955887891616,1.3666666666666665,1.0,11.333333333333334,8.666666666666666,4.0,2.3333333333333335,1.833333333333333,1.0,13.333333333333334,7.333333333333333,5.333333333333333,2.6666666666666665,4.0,3.0,27,28
4.0,10.0,3.0,68.0,0.0,10.0,4.0,Bournemouth,2.0,1.0,10.0,7.0,0.0,32.0,0.0,20.0,3.0,Manchester Utd,1.1,3.0,1.0,0.0,A,2023-12-09,A,-0.8999999999999999,1.9900990099009903,0.4713656387665199,1739.89943343953,1752.0306042874054,-12.13117084787541,2.466666666666667,1.3333333333333333,21.0,11.0,5.333333333333333,3.6666666666666665,0.9666666666666665,2.3333333333333335,15.333333333333334,14.666666666666666,2.6666666666666665,6.333333333333333,3.0,3.0,28,27
3.0,11.0,0.0,61.0,0.0,12.0,5.0,Arsenal,1.0,2.0,3.0,16.0,1.0,39.0,0.0,10.0,3.0,Aston Villa,0.6,4.0,0.0,1.0,H,2023-12-09,H,-0.4,0.8347107438016529,0.6399345335515548,1853.1627836918879,2031.4490737704036,-178.28629007851578,1.9666666666666666,1.0,14.666666666666666,7.666666666666667,5.333333333333333,4.0,0.7333333333333334,1.6666666666666667,8.333333333333334,16.666666666666668,3.3333333333333335,6.0,3.0,4.0,27,27
3.0,6.0,2.0,65.0,0.0,18.0,6.0,Manchester City,1.6,1.0,6.0,16.0,1.0,35.0,0.0,4.0,2.0,Luton Town,0.3,2.0,0.0,1.0,H,2023-12-10,A,-1.3,0.22651933701657453,0.5391705069124425,1565.7206662720498,2000.0555871302647,-434.3349208582149,0.5666666666666667,1.8666666666666665,6.0,19.0,3.0,7.666666666666667,1.8333333333333333,1.8666666666666665,14.333333333333334,11.666666666666666,6.0,6.0,5.0,4.0,8,28
6.0,10.0,0.0,63.0,0.0,9.0,5.0,West Ham,1.0,1.0,3.0,5.0,5.0,37.0,0.0,14.0,8.0,Fulham,2.3,2.0,0.0,3.0,H,2023-12-10,H,1.2999999999999998,1.5494505494505495,0.5879556259904913,1840.3307787196475,1647.3033468244073,193.02743189524017,2.566666666666667,0.6666666666666666,13.333333333333334,7.666666666666667,6.666666666666667,4.0,1.8,1.3333333333333333,16.0,10.333333333333334,6.666666666666667,4.333333333333333,4.0,3.0,27,28
8.0,12.0,0.0,71.0,0.0,16.0,4.0,Chelsea,1.0,2.0,4.0,12.0,2.0,29.0,0.0,9.0,5.0,Everton,1.2,2.0,0.0,0.0,D,2023-12-10,H,0.19999999999999996,0.5652173913043478,0.409282700421941,1726.6995064747496,1894.8360852874234,-168.13657881267386,2.3,1.6666666666666667,18.0,12.666666666666666,5.666666666666667,3.6666666666666665,2.566666666666667,1.3333333333333333,17.0,12.0,6.333333333333333,3.6666666666666665,3.0,4.0,28,27
6.0,12.0,1.0,44.0,0.0,9.0,3.0,Newcastle Utd,2.0,3.0,3.0,10.0,4.0,56.0,0.0,23.0,12.0,Tottenham,3.8,1.0,0.0,2.0,H,2023-12-10,H,1.7999999999999998,2.5384615384615388,1.272108843537415,1789.5016562986125,1899.5248972494726,-110.0232409508601,2.6333333333333333,2.0,21.333333333333332,11.666666666666666,9.0,4.333333333333333,3.1666666666666665,1.6666666666666667,21.0,10.0,9.333333333333334,3.6666666666666665,3.0,3.0,27,27
4.0,11.0,2.0,66.0,1.0,12.0,6.0,Tottenham,2.0,4.0,6.0,16.0,0.0,34.0,0.0,15.0,1.0,Nott'ham Forest,1.3,2.0,1.0,0.0,A,2023-12-15,A,-0.7,1.2479338842975207,0.5158850226928896,1714.9753427172018,1789.5016562986125,-74.5263135814107,1.2999999999999998,1.3333333333333333,15.333333333333334,11.666666666666666,2.6666666666666665,4.666666666666667,1.9999999999999998,1.3333333333333333,16.666666666666668,8.666666666666666,3.0,4.0,13.0,12.0,27,28
6.0,14.0,0.0,78.0,0.0,6.0,1.0,Sheffield Utd,0.0,3.0,7.0,9.0,2.0,22.0,0.0,15.0,6.0,Chelsea,3.1,1.0,0.0,0.0,D,2023-12-16,H,3.1,2.475409836065574,0.2829705505761844,1894.8360852874234,1490.3584167174945,404.47766856992894,2.6999999999999997,1.3333333333333333,13.333333333333334,13.0,6.666666666666667,6.666666666666667,2.1333333333333333,0.3333333333333333,15.0,7.0,6.333333333333333,1.6666666666666667,13.0,14.0,28,8
1.0,12.0,0.0,70.0,1.0,6.0,4.0,Fulham,0.0,2.0,5.0,7.0,3.0,30.0,0.0,27.0,10.0,Newcastle Utd,3.5,0.0,0.0,0.0,D,2023-12-16,H,3.5,4.442622950819673,0.4293865905848788,1899.5248972494726,1840.3307787196475,59.19411852982512,2.766666666666667,0.6666666666666666,21.0,7.0,6.333333333333333,3.0,2.8666666666666667,0.6666666666666666,21.666666666666668,8.0,9.333333333333334,4.666666666666667,14.0,13.0,28,28
1.0,9.0,2.0,74.0,0.0,5.0,2.0,Crystal Palace,2.0,1.0,6.0,12.0,2.0,26.0,0.0,19.0,9.0,Manchester City,1.6,1.0,0.0,1.0,H,2023-12-16,D,-0.3999999999999999,3.7450980392156867,0.35222672064777333,2000.0555871302647,1762.76945717414,237.2861299561248,1.8333333333333333,1.3333333333333333,17.666666666666668,7.0,6.0,3.0,1.1999999999999997,1.6666666666666667,12.0,10.0,5.0,4.0,13.0,13.0,27,28
6.0,8.0,2.0,39.0,0.0,9.0,6.0,Everton,1.0,1.0,8.0,9.0,0.0,61.0,0.0,14.0,2.0,Burnley,0.7,0.0,2.0,0.0,A,2023-12-16,A,-0.30000000000000004,1.5494505494505495,1.5626598465473145,1549.692909742844,1726.6995064747496,-177.00659673190557,1.2666666666666666,0.6666666666666666,14.666666666666666,8.666666666666666,4.666666666666667,4.0,1.1999999999999997,1.3333333333333333,13.333333333333334,9.666666666666666,2.6666666666666665,4.333333333333333,14.0,14.0,9,27
6.0,15.0,0.0,55.0,0.0,14.0,3.0,Wolves,1.0,1.0,6.0,12.0,3.0,45.0,0.0,13.0,4.0,West Ham,1.1,3.0,0.0,2.0,H,2023-12-17,H,0.10000000000000009,0.9290780141843972,0.8185117967332124,1647.3033468244073,1603.0797539280402,44.22359289636711,1.3333333333333333,1.3333333333333333,12.666666666666666,11.0,4.333333333333333,3.3333333333333335,2.2666666666666666,1.0,14.666666666666666,10.0,5.333333333333333,4.0,14.0,15.0,27,28
1.0,9.0,0.0,49.0,0.0,6.0,1.0,Brighton,1.0,3.0,10.0,11.0,2.0,51.0,0.0,26.0,9.0,Arsenal,2.3,1.0,0.0,0.0,D,2023-12-17,H,1.2999999999999998,4.278688524590164,1.0407331975560081,2031.4490737704036,1770.14782868638,261.30124508402355,2.3000000000000003,0.6666666666666666,20.333333333333332,6.666666666666667,7.0,3.0,2.1,1.0,17.333333333333332,11.666666666666666,6.333333333333333,5.0,15.0,14.0,28,27
12.0,6.0,2.0,66.0,1.0,15.0,5.0,Aston Villa,1.0,4.0,7.0,19.0,1.0,34.0,1.0,4.0,3.0,Brentford,0.5,6.0,0.0,1.0,H,2023-12-17,A,-0.5,0.271523178807947,0.5158850226928896,1822.9185183714126,1853.1627836918879,-30.24426532047528,1.5666666666666667,1.0,13.333333333333334,12.333333333333334,4.0,3.3333333333333335,1.5999999999999996,1.3333333333333333,12.333333333333334,13.666666666666666,6.0,4.333333333333333,15.0,14.0,28,28
0.0,8.0,0.0,32.0,1.0,6.0,1.0,Manchester Utd,1.0,4.0,12.0,13.0,0.0,68.0,0.0,34.0,8.0,Liverpool,2.3,2.0,0.0,0.0,D,2023-12-17,D,1.2999999999999998,5.59016393442623,2.1214953271028034,1994.8542409456659,1739.89943343953,254.95480750613592,2.033333333333333,1.3333333333333333,25.666666666666668,10.333333333333334,10.0,3.0,2.3666666666666667,1.3333333333333333,26.666666666666668,7.666666666666667,6.0,2.0,14.0,15.0,27,27
1.0,11.0,1.0,65.0,0.0,18.0,6.0,Brighton,1.0,2.0,3.0,12.0,1.0,35.0,0.0,11.0,3.0,Crystal Palace,1.3,5.0,0.0,1.0,H,2023-12-21,D,0.30000000000000004,0.6132596685082872,0.5391705069124425,1762.76945717414,1770.14782868638,-7.3783715122401645,1.3333333333333333,1.3333333333333333,11.666666666666666,14.333333333333334,3.3333333333333335,4.0,1.9000000000000001,1.0,15.0,14.0,5.666666666666667,5.333333333333333,12.0,4.0,28,28
1.0,16.0,1.0,77.0,0.0,5.0,2.0,Sheffield Utd,1.0,3.0,9.0,11.0,1.0,23.0,0.0,12.0,4.0,Aston Villa,0.9,3.0,0.0,0.0,D,2023-12-22,D,-0.09999999999999998,2.372549019607843,0.2996108949416343,1853.1627836918879,1490.3584167174945,362.80436697439336,1.2666666666666666,1.0,14.666666666666666,6.333333333333333,4.666666666666667,3.0,1.9333333333333333,0.3333333333333333,15.333333333333334,5.666666666666667,5.666666666666667,2.0,13.0,6.0,28,9
8.0,18.0,1.0,61.0,0.0,18.0,8.0,Everton,2.0,4.0,3.0,6.0,2.0,39.0,0.0,13.0,6.0,Tottenham,1.5,1.0,0.0,2.0,H,2023-12-23,H,-0.5,0.723756906077348,0.6399345335515548,1789.5016562986125,1726.6995064747496,62.80214982386292,2.3666666666666667,2.0,19.666666666666668,12.666666666666666,8.333333333333334,5.333333333333333,0.9666666666666663,1.3333333333333333,13.333333333333334,13.0,3.3333333333333335,5.666666666666667,13.0,7.0,28,28
5.0,14.0,1.0,48.0,0.0,13.0,2.0,Arsenal,1.0,5.0,4.0,13.0,1.0,52.0,0.0,13.0,3.0,Liverpool,1.0,2.0,1.0,1.0,D,2023-12-23,D,0.0,1.0,1.0831600831600832,1994.8542409456659,2031.4490737704036,-36.59483282473775,1.7999999999999998,1.0,24.333333333333332,9.333333333333334,7.666666666666667,2.6666666666666665,0.7000000000000001,1.3333333333333333,9.666666666666666,16.0,3.3333333333333335,5.333333333333333,6.0,14.0,28,28
4.0,15.0,0.0,65.0,0.0,11.0,3.0,Manchester Utd,1.0,3.0,4.0,13.0,2.0,35.0,0.0,12.0,5.0,West Ham,1.2,2.0,0.0,0.0,D,2023-12-23,H,0.19999999999999996,1.09009009009009,0.5391705069124425,1647.3033468244073,1739.89943343953,-92.59608661512266,1.1333333333333333,1.0,11.333333333333334,11.333333333333334,4.0,2.6666666666666665,1.966666666666667,1.0,22.666666666666668,8.333333333333334,5.666666666666667,1.6666666666666667,6.0,6.0,28,28
6.0,17.0,2.0,66.0,0.0,7.0,2.0,Burnley,0.0,1.0,8.0,5.0,0.0,34.0,0.0,19.0,5.0,Fulham,1.3,2.0,0.0,0.0,D,2023-12-23,A,1.3,2.690140845070423,0.5158850226928896,1840.3307787196475,1549.692909742844,290.6378689768035,2.0333333333333337,0.3333333333333333,15.666666666666666,6.666666666666667,6.333333333333333,2.6666666666666665,1.5666666666666667,0.6666666666666666,18.333333333333332,8.333333333333334,6.666666666666667,2.6666666666666665,13.0,14.0,28,9
6.0,10.0,3.0,66.0,0.0,18.0,7.0,Bournemouth,2.0,3.0,6.0,10.0,2.0,34.0,1.0,11.0,5.0,Nott'ham Forest,1.0,0.0,0.0,0.0,D,2023-12-23,A,-1.0,0.6132596685082872,0.5158850226928896,1714.9753427172018,1752.0306042874054,-37.055261570203584,0.9999999999999999,1.6666666666666667,13.0,14.0,2.6666666666666665,5.333333333333333,1.0333333333333332,2.0,15.666666666666666,13.0,3.6666666666666665,5.0,8.0,14.0,28,28
7.0,5.0,0.0,65.0,0.0,15.0,2.0,Newcastle Utd,1.0,1.0,6.0,11.0,1.0,35.0,0.0,16.0,5.0,Luton Town,1.4,2.0,0.0,1.0,H,2023-12-23,H,0.3999999999999999,1.066225165562914,0.5391705069124425,1565.7206662720498,1899.5248972494726,-333.8042309774228,0.7333333333333333,1.5333333333333332,8.666666666666666,18.666666666666668,3.6666666666666665,5.666666666666667,2.8333333333333335,1.6666666666666667,20.0,12.333333333333334,7.666666666666667,2.6666666666666665,13.0,13.0,9,28
6.0,9.0,1.0,68.0,0.0,16.0,5.0,Chelsea,2.0,5.0,10.0,11.0,2.0,32.0,0.0,14.0,6.0,Wolves,1.3,3.0,0.0,0.0,D,2023-12-24,H,-0.7,0.8757763975155278,0.4713656387665199,1603.0797539280402,1894.8360852874234,-291.75633135938324,1.0999999999999999,1.3333333333333333,10.333333333333334,12.0,4.666666666666667,3.3333333333333335,2.1999999999999997,1.6666666666666667,17.0,15.0,6.666666666666667,4.0,15.0,14.0,28,28
2.0,11.0,3.0,62.0,0.0,15.0,6.0,Nott'ham Forest,4.0,3.0,10.0,10.0,1.0,38.0,0.0,19.0,7.0,Newcastle Utd,2.4,3.0,1.0,1.0,D,2023-12-26,A,-1.6,1.2649006622516556,0.6135265700483092,1899.5248972494726,1714.9753427172018,184.5495545322708,2.766666666666666,1.6666666666666667,22.666666666666668,9.666666666666666,7.0,3.6666666666666665,2.0333333333333328,1.6666666666666667,14.333333333333334,9.0,5.666666666666667,3.0,10.0,17.0,29,29
6.0,10.0,2.0,46.0,0.0,10.0,4.0,Aston Villa,2.0,3.0,3.0,10.0,3.0,54.0,0.0,13.0,7.0,Manchester Utd,1.1,1.0,2.0,0.0,A,2023-12-26,H,-0.8999999999999999,1.297029702970297,1.17353579175705,1739.89943343953,1853.1627836918879,-113.2633502523579,2.1,2.0,20.333333333333332,11.0,6.333333333333333,3.6666666666666665,1.2,1.3333333333333333,10.666666666666666,12.0,5.666666666666667,4.0,17.0,9.0,29,29
5.0,10.0,0.0,57.0,0.0,8.0,3.0,Fulham,0.0,2.0,6.0,10.0,3.0,43.0,0.0,16.0,4.0,Bournemouth,1.8,0.0,0.0,1.0,H,2023-12-26,H,1.8,1.9876543209876545,0.7548161120840631,1752.0306042874054,1840.3307787196475,-88.3001744322421,2.0666666666666664,0.6666666666666666,16.666666666666668,9.0,7.0,3.6666666666666665,2.466666666666667,0.3333333333333333,23.0,7.666666666666667,8.666666666666666,4.0,23.0,10.0,28,29
4.0,10.0,2.0,68.0,0.0,19.0,10.0,Liverpool,2.0,1.0,4.0,7.0,0.0,32.0,0.0,9.0,0.0,Burnley,0.8,2.0,1.0,0.0,A,2023-12-26,A,-1.2,0.4764397905759162,0.4713656387665199,1549.692909742844,1994.8542409456659,-445.1613312028219,1.0999999999999999,1.0,14.0,11.333333333333334,3.0,6.333333333333333,1.1666666666666667,1.6666666666666667,7.666666666666667,16.0,1.6666666666666667,6.666666666666667,10.0,17.0,10,29
4.0,13.0,3.0,49.0,0.0,12.0,4.0,Luton Town,1.0,0.0,9.0,13.0,2.0,51.0,0.0,21.0,6.0,Sheffield Utd,2.4,5.0,1.0,0.0,A,2023-12-26,A,1.4,1.7438016528925622,1.0407331975560081,1490.3584167174945,1565.7206662720498,-75.36224955455532,1.4000000000000001,1.3333333333333333,12.0,12.333333333333334,3.6666666666666665,5.333333333333333,2.566666666666667,0.3333333333333333,21.0,9.666666666666666,5.333333333333333,3.0,17.0,24.0,10,9
2.0,14.0,4.0,60.0,0.0,11.0,5.0,Wolves,2.0,1.0,8.0,5.0,1.0,40.0,0.0,14.0,4.0,Brentford,2.2,1.0,3.0,1.0,A,2023-12-27,A,0.20000000000000018,1.2702702702702702,0.6672212978369384,1822.9185183714126,1603.0797539280402,219.83876444337238,1.9333333333333336,1.0,15.0,11.0,4.333333333333333,3.6666666666666665,2.033333333333333,1.3333333333333333,15.333333333333334,10.333333333333334,4.666666666666667,3.6666666666666665,10.0,10.0,29,29
3.0,16.0,1.0,37.0,0.0,13.0,5.0,Crystal Palace,1.0,2.0,4.0,13.0,2.0,63.0,0.0,9.0,4.0,Chelsea,2.6,3.0,1.0,1.0,D,2023-12-27,H,1.6,0.6946564885496184,1.7008086253369272,1894.8360852874234,1762.76945717414,132.0666281132835,2.6,0.6666666666666666,10.666666666666666,12.333333333333334,5.0,5.0,1.7666666666666664,1.3333333333333333,12.333333333333334,9.0,5.333333333333333,3.0,11.0,11.0,29,29
4.0,5.0,3.0,72.0,0.0,23.0,9.0,Manchester City,2.0,2.0,8.0,13.0,1.0,28.0,0.0,7.0,2.0,Everton,1.0,4.0,0.0,1.0,H,2023-12-27,A,-1.0,0.30735930735930733,0.38973647711511794,1726.6995064747496,2000.0555871302647,-273.35608065551514,1.8333333333333333,1.6666666666666667,12.333333333333334,17.333333333333332,4.333333333333333,5.333333333333333,1.2,1.5333333333333332,11.0,14.333333333333334,3.6666666666666665,5.666666666666667,17.0,17.0,29,29
6.0,6.0,2.0,45.0,0.0,19.0,3.0,Tottenham,2.0,2.0,7.0,18.0,4.0,55.0,0.0,15.0,9.0,Brighton,3.2,3.0,0.0,2.0,H,2023-12-28,H,1.2000000000000002,0.7905759162303664,1.221729490022173,1770.14782868638,1789.5016562986125,-19.353827612232408,2.4333333333333336,1.6666666666666667,20.666666666666668,11.0,9.0,2.6666666666666665,2.3666666666666667,1.6666666666666667,16.0,13.0,4.666666666666667,4.333333333333333,19.0,13.0,29,29
3.0,8.0,2.0,73.0,0.0,6.0,3.0,West Ham,1.0,0.0,10.0,8.0,0.0,27.0,0.0,30.0,8.0,Arsenal,2.7,2.0,1.0,0.0,A,2023-12-28,A,1.7000000000000002,4.9344262295081975,0.37072503419972647,2031.4490737704036,1647.3033468244073,384.14572694599633,2.6,1.0,25.0,6.0,7.666666666666667,2.3333333333333335,2.266666666666667,1.3333333333333333,22.333333333333332,8.666666666666666,7.666666666666667,4.333333333333333,11.0,18.0,29,29
2.0,21.0,3.0,48.0,0.0,12.0,8.0,Chelsea,2.0,2.0,7.0,14.0,2.0,52.0,0.0,15.0,6.0,Luton Town,2.3,2.0,2.0,0.0,A,2023-12-30,A,0.2999999999999998,1.2479338842975207,1.0831600831600832,1565.7206662720498,1894.8360852874234,-329.1154190153736,1.3333333333333333,1.5333333333333332,11.666666666666666,15.0,4.333333333333333,5.333333333333333,1.5999999999999999,1.6666666666666667,12.666666666666666,14.666666666666666,5.666666666666667,5.666666666666667,7.0,6.0,10,29
4.0,10.0,1.0,54.0,0.0,9.0,4.0,Brentford,1.0,1.0,7.0,14.0,3.0,46.0,0.0,13.0,6.0,Crystal Palace,1.0,0.0,1.0,2.0,H,2023-12-30,H,0.0,1.4395604395604396,0.8521256931608133,1762.76945717414,1822.9185183714126,-60.14906119727266,1.3333333333333333,1.0,10.666666666666666,13.666666666666666,4.333333333333333,4.0,1.0999999999999999,1.3333333333333333,13.333333333333334,9.0,5.666666666666667,3.3333333333333335,9.0,21.0,29,28
2.0,14.0,0.0,53.0,0.0,10.0,0.0,Everton,0.0,3.0,5.0,9.0,3.0,47.0,0.0,12.0,6.0,Wolves,1.9,2.0,0.0,1.0,H,2023-12-30,H,1.9,1.198019801980198,0.8870056497175142,1603.0797539280402,1726.6995064747496,-123.61975254670938,1.4666666666666666,1.0,12.0,11.333333333333334,5.333333333333333,2.3333333333333335,1.3666666666666665,1.0,13.0,12.333333333333334,4.666666666666667,4.666666666666667,6.0,7.0,29,29
2.0,6.0,0.0,80.0,0.0,4.0,2.0,Sheffield Utd,0.0,1.0,12.0,5.0,2.0,20.0,0.0,18.0,4.0,Manchester City,2.2,1.0,0.0,1.0,H,2023-12-30,H,2.2,4.414634146341464,0.25093632958801504,2000.0555871302647,1490.3584167174945,509.6971704127702,2.1333333333333333,1.0,18.333333333333332,5.666666666666667,5.666666666666667,2.6666666666666665,2.066666666666667,0.3333333333333333,15.0,5.0,4.666666666666667,1.6666666666666667,14.0,8.0,28,10
2.0,14.0,2.0,64.0,1.0,9.0,5.0,Burnley,1.0,1.0,6.0,9.0,3.0,36.0,0.0,19.0,7.0,Aston Villa,3.2,4.0,1.0,2.0,H,2023-12-30,H,2.2,2.098901098901099,0.5631825273010921,1853.1627836918879,1549.692909742844,303.46987394904386,1.5666666666666667,1.0,13.666666666666666,8.666666666666666,4.666666666666667,4.0,2.3666666666666667,0.6666666666666666,22.333333333333332,7.333333333333333,7.666666666666667,3.3333333333333335,8.0,7.0,29,10
5.0,11.0,1.0,56.0,0.0,10.0,5.0,Manchester Utd,1.0,4.0,4.0,9.0,2.0,44.0,0.0,8.0,2.0,Nott'ham Forest,0.7,2.0,0.0,0.0,D,2023-12-30,H,-0.30000000000000004,0.801980198019802,0.786096256684492,1714.9753427172018,1739.89943343953,-24.924090722328174,1.0,1.6666666666666667,11.333333333333334,13.333333333333334,2.6666666666666665,6.0,1.4000000000000004,1.0,18.0,9.0,5.0,3.0,7.0,7.0,29,29
4.0,10.0,1.0,60.0,0.0,13.0,3.0,Arsenal,2.0,1.0,5.0,11.0,2.0,40.0,0.0,15.0,4.0,Fulham,1.2,4.0,1.0,1.0,D,2023-12-31,H,-0.8,1.1526717557251909,0.6672212978369384,1840.3307787196475,2031.4490737704036,-191.11829505075616,1.6000000000000003,1.0,16.0,9.666666666666666,5.666666666666667,3.3333333333333335,0.9333333333333332,1.3333333333333333,12.666666666666666,12.666666666666666,3.3333333333333335,3.3333333333333335,8.0,8.0,29,29
13.0,18.0,1.0,50.0,0.0,24.0,4.0,Bournemouth,2.0,3.0,4.0,9.0,3.0,50.0,0.0,12.0,6.0,Tottenham,2.3,3.0,0.0,1.0,H,2023-12-31,H,0.2999999999999998,0.5020746887966805,1.0,1789.5016562986125,1752.0306042874054,37.47105201120712,2.533333333333333,2.0,16.0,17.0,8.0,5.0,1.4666666666666666,2.0,14.333333333333334,17.333333333333332,4.666666666666667,5.0,8.0,8.0,29,29
3.0,15.0,2.0,39.0,0.0,5.0,3.0,Newcastle Utd,1.0,5.0,7.0,16.0,4.0,61.0,0.0,34.0,15.0,Liverpool,7.0,3.0,0.0,0.0,D,2024-01-01,H,6.0,6.686274509803923,1.5626598465473145,1994.8542409456659,1899.5248972494726,95.32934369619329,3.4333333333333336,1.0,27.0,8.0,8.666666666666666,2.0,4.066666666666666,1.3333333333333333,24.333333333333332,9.666666666666666,10.666666666666666,2.6666666666666665,9.0,9.0,29,29
0.0,6.0,0.0,68.0,0.0,22.0,8.0,Brighton,2.0,0.0,2.0,4.0,0.0,32.0,0.0,6.0,2.0,West Ham,0.7,1.0,0.0,0.0,D,2024-01-02,D,-1.3,0.2760180995475113,0.4713656387665199,1647.3033468244073,1770.14782868638,-122.84448186197278,1.0,1.3333333333333333,10.333333333333334,15.666666666666666,3.6666666666666665,4.666666666666667,1.4333333333333336,1.3333333333333333,14.333333333333334,15.333333333333334,4.666666666666667,5.0,10.0,12.0,29,29
8.0,12.0,1.0,61.0,0.0,14.0,5.0,Luton Town,1.0,0.0,2.0,7.0,1.0,39.0,0.0,13.0,7.0,Burnley,1.1,1.0,0.0,1.0,H,2024-01-12,D,0.10000000000000009,0.9290780141843972,0.6399345335515548,1549.692909742844,1565.7206662720498,-16.027756529205817,0.8666666666666667,1.3333333333333333,12.0,14.0,3.0,7.0,2.1999999999999997,0.6666666666666666,20.333333333333332,11.0,6.333333333333333,3.3333333333333335,17.0,17.0,11,10
4.0,9.0,0.0,45.0,0.0,14.0,4.0,Fulham,1.0,1.0,6.0,13.0,1.0,55.0,0.0,17.0,3.0,Chelsea,2.2,5.0,0.0,1.0,H,2024-01-13,H,1.2000000000000002,1.2127659574468086,1.221729490022173,1894.8360852874234,1840.3307787196475,54.50530656777596,2.6333333333333333,0.6666666666666666,13.666666666666666,11.0,4.333333333333333,3.3333333333333335,2.5000000000000004,0.3333333333333333,20.0,9.333333333333334,5.666666666666667,3.6666666666666665,17.0,18.0,30,30
13.0,7.0,3.0,72.0,0.0,27.0,11.0,Manchester City,3.0,2.0,3.0,7.0,2.0,28.0,0.0,12.0,5.0,Newcastle Utd,1.3,1.0,1.0,2.0,H,2024-01-13,A,-1.7,0.4464944649446494,0.38973647711511794,1899.5248972494726,2000.0555871302647,-100.53068988079212,2.4,2.3333333333333335,19.333333333333332,16.0,7.333333333333333,7.0,0.8666666666666667,2.1999999999999997,7.666666666666667,22.666666666666668,3.0,8.666666666666666,18.0,17.0,30,30
5.0,14.0,0.0,68.0,0.0,16.0,5.0,Aston Villa,1.0,4.0,4.0,13.0,0.0,32.0,0.0,10.0,2.0,Everton,1.1,1.0,0.0,0.0,D,2024-01-14,D,0.10000000000000009,0.6273291925465838,0.4713656387665199,1726.6995064747496,1853.1627836918879,-126.46327721713828,1.1000000000000003,1.3333333333333333,8.666666666666666,18.333333333333332,3.0,6.0,0.9,1.3333333333333333,9.0,13.666666666666666,4.0,4.666666666666667,18.0,19.0,30,30
13.0,5.0,2.0,37.0,0.0,16.0,6.0,Tottenham,1.0,1.0,8.0,8.0,2.0,63.0,0.0,9.0,2.0,Manchester Utd,0.8,2.0,1.0,2.0,H,2024-01-14,D,-0.19999999999999996,0.5652173913043478,1.7008086253369272,1739.89943343953,1789.5016562986125,-49.60222285908253,1.0,1.6666666666666667,14.0,12.0,4.0,4.666666666666667,1.7666666666666666,1.6666666666666667,13.0,15.666666666666666,4.0,5.0,19.0,17.0,30,30
7.0,12.0,0.0,60.0,0.0,12.0,5.0,Crystal Palace,0.0,0.0,6.0,8.0,5.0,40.0,0.0,21.0,6.0,Arsenal,3.3,0.0,0.0,2.0,H,2024-01-20,H,3.3,1.7438016528925622,0.6672212978369384,2031.4490737704036,1762.76945717414,268.6796165962637,2.766666666666667,0.6666666666666666,25.666666666666668,8.0,7.666666666666667,3.0,2.5,1.0,16.333333333333332,10.0,6.333333333333333,4.0,23.0,24.0,30,30
4.0,14.0,2.0,48.0,0.0,12.0,3.0,Nott'ham Forest,1.0,3.0,6.0,10.0,3.0,52.0,0.0,11.0,5.0,Brentford,1.2,1.0,1.0,1.0,D,2024-01-20,H,0.19999999999999996,0.9173553719008264,1.0831600831600832,1822.9185183714126,1714.9753427172018,107.94317565421079,1.3,1.3333333333333333,9.666666666666666,12.666666666666666,4.0,4.333333333333333,1.5999999999999996,2.0,13.333333333333334,11.666666666666666,5.333333333333333,3.6666666666666665,24.0,25.0,30,30
1.0,10.0,2.0,43.0,1.0,16.0,5.0,West Ham,2.0,1.0,4.0,11.0,2.0,57.0,1.0,21.0,6.0,Sheffield Utd,2.5,3.0,1.0,1.0,D,2024-01-21,D,0.5,1.31055900621118,1.3248259860788862,1490.3584167174945,1647.3033468244073,-156.9449301069128,1.8999999999999997,1.3333333333333333,17.0,12.666666666666666,5.333333333333333,4.333333333333333,2.5,1.3333333333333333,21.666666666666668,10.333333333333334,7.333333333333333,4.333333333333333,26.0,24.0,11,30
5.0,12.0,4.0,60.0,0.0,14.0,7.0,Liverpool,2.0,2.0,8.0,9.0,0.0,40.0,0.0,11.0,1.0,Bournemouth,1.4,1.0,0.0,0.0,D,2024-01-21,A,-0.6000000000000001,0.7872340425531915,0.6672212978369384,1752.0306042874054,1994.8542409456659,-242.8236366582605,1.7333333333333332,1.0,14.0,11.0,4.0,4.333333333333333,1.3,1.6666666666666667,9.333333333333334,15.666666666666666,1.6666666666666667,6.333333333333333,26.0,26.0,29,30
2.0,13.0,0.0,72.0,0.0,8.0,3.0,Wolves,1.0,4.0,8.0,10.0,0.0,28.0,0.0,11.0,4.0,Brighton,1.0,1.0,0.0,0.0,D,2024-01-22,D,0.0,1.3703703703703705,0.38973647711511794,1770.14782868638,1603.0797539280402,167.0680747583399,2.266666666666667,1.3333333333333333,18.333333333333332,11.0,8.0,3.0,1.4333333333333336,1.3333333333333333,12.666666666666666,11.0,4.0,3.6666666666666665,25.0,26.0,30,30
11.0,7.0,2.0,73.0,0.0,19.0,3.0,Arsenal,1.0,1.0,2.0,6.0,1.0,27.0,0.0,9.0,3.0,Nott'ham Forest,0.5,0.0,0.0,0.0,D,2024-01-30,A,-0.5,0.4764397905759162,0.37072503419972647,1714.9753427172018,2031.4490737704036,-316.47373105320185,0.7333333333333331,1.3333333333333333,9.333333333333334,15.666666666666666,3.3333333333333335,5.0,0.8999999999999999,1.3333333333333333,12.333333333333334,15.0,3.3333333333333335,2.6666666666666665,31.0,30.0,30,30
4.0,14.0,0.0,59.0,0.0,9.0,2.0,Brighton,1.0,2.0,7.0,13.0,4.0,41.0,0.0,18.0,8.0,Luton Town,3.1,2.0,0.0,3.0,H,2024-01-30,H,2.1,1.9890109890109893,0.6954314720812182,1565.7206662720498,1770.14782868638,-204.42716241433027,2.2666666666666666,1.3333333333333333,16.333333333333332,12.0,6.333333333333333,4.0,1.7000000000000002,1.3333333333333333,11.666666666666666,16.333333333333332,4.333333333333333,5.333333333333333,31.0,28.0,11,30
6.0,13.0,0.0,70.0,0.0,21.0,4.0,Everton,2.0,2.0,15.0,6.0,0.0,30.0,0.0,25.0,6.0,Fulham,1.6,1.0,0.0,0.0,D,2024-01-30,D,-0.3999999999999999,1.1895734597156398,0.4293865905848788,1840.3307787196475,1726.6995064747496,113.6312722448979,1.3666666666666671,1.3333333333333333,19.666666666666668,13.666666666666666,5.0,3.0,1.6666666666666663,1.3333333333333333,16.666666666666668,16.333333333333332,6.0,4.0,30.0,31.0,30,30
1.0,18.0,2.0,53.0,0.0,9.0,5.0,Sheffield Utd,1.0,4.0,11.0,8.0,3.0,47.0,0.0,12.0,4.0,Crystal Palace,1.1,1.0,2.0,2.0,D,2024-01-30,H,0.10000000000000009,1.3296703296703296,0.8870056497175142,1762.76945717414,1490.3584167174945,272.4110404566454,1.1333333333333335,1.0,12.0,12.0,4.333333333333333,5.0,1.3999999999999997,0.6666666666666666,14.0,6.0,4.0,3.0,31.0,31.0,30,11
7.0,12.0,3.0,39.0,0.0,14.0,5.0,Newcastle Utd,3.0,1.0,8.0,14.0,1.0,61.0,0.0,12.0,6.0,Aston Villa,1.4,4.0,2.0,0.0,A,2024-01-30,A,-1.6,0.8581560283687943,1.5626598465473145,1853.1627836918879,1899.5248972494726,-46.362113557584735,1.8333333333333333,1.6666666666666667,14.333333333333334,9.333333333333334,5.666666666666667,4.0,3.266666666666666,1.6666666666666667,20.666666666666668,11.333333333333334,8.666666666666666,3.3333333333333335,31.0,29.0,30,30
3.0,13.0,1.0,74.0,0.0,8.0,3.0,Burnley,1.0,2.0,7.0,3.0,3.0,26.0,0.0,14.0,4.0,Manchester City,1.7,2.0,0.0,2.0,H,2024-01-31,H,0.7,1.7407407407407407,0.35222672064777333,2000.0555871302647,1549.692909742844,450.3626773874207,1.8333333333333333,1.0,17.0,5.666666666666667,5.666666666666667,2.3333333333333335,2.066666666666667,0.6666666666666666,17.333333333333332,8.0,5.333333333333333,3.3333333333333335,32.0,32.0,29,11
3.0,15.0,2.0,67.0,0.0,9.0,5.0,Brentford,2.0,3.0,5.0,13.0,3.0,33.0,0.0,19.0,5.0,Tottenham,2.9,2.0,1.0,0.0,A,2024-01-31,H,0.8999999999999999,2.098901098901099,0.49329359165424747,1789.5016562986125,1822.9185183714126,-33.416862072800086,2.233333333333333,2.0,14.666666666666666,17.0,5.666666666666667,5.666666666666667,1.5666666666666667,1.3333333333333333,13.666666666666666,9.333333333333334,5.0,4.333333333333333,31.0,32.0,30,29
1.0,16.0,1.0,50.0,0.0,4.0,3.0,Chelsea,1.0,4.0,8.0,15.0,4.0,50.0,0.0,28.0,13.0,Liverpool,2.9,2.0,0.0,2.0,H,2024-01-31,H,1.9,6.853658536585367,1.0,1994.8542409456659,1894.8360852874234,100.01815565824245,3.633333333333333,1.0,25.0,7.333333333333333,10.333333333333334,2.6666666666666665,2.1666666666666665,1.6666666666666667,19.0,10.666666666666666,8.333333333333334,5.333333333333333,30.0,32.0,30,30
5.0,11.0,1.0,48.0,0.0,9.0,4.0,Bournemouth,1.0,3.0,1.0,13.0,1.0,52.0,0.0,9.0,3.0,West Ham,1.4,1.0,1.0,0.0,A,2024-02-01,D,0.3999999999999999,1.0,1.0831600831600832,1647.3033468244073,1752.0306042874054,-104.72725746299807,1.0999999999999999,1.3333333333333333,9.0,14.0,3.3333333333333335,5.0,1.5666666666666664,1.6666666666666667,10.666666666666666,17.0,4.666666666666667,5.0,30.0,32.0,30,30
5.0,10.0,4.0,47.0,0.0,21.0,8.0,Manchester Utd,3.0,5.0,4.0,10.0,3.0,53.0,0.0,16.0,7.0,Wolves,2.1,2.0,2.0,0.0,A,2024-02-01,A,-0.8999999999999999,0.7630331753554502,1.127388535031847,1603.0797539280402,1739.89943343953,-136.81967951148977,1.7666666666666666,1.6666666666666667,14.0,15.666666666666666,6.333333333333333,4.333333333333333,1.3333333333333337,1.6666666666666667,12.0,14.0,4.666666666666667,5.333333333333333,33.0,33.0,30,30
2.0,14.0,1.0,68.0,0.0,7.0,5.0,Crystal Palace,0.0,3.0,3.0,8.0,4.0,32.0,0.0,13.0,6.0,Brighton,1.4,1.0,0.0,3.0,H,2024-02-03,H,1.4,1.8450704225352113,0.4713656387665199,1770.14782868638,1762.76945717414,7.3783715122401645,1.866666666666667,1.0,13.0,11.333333333333334,6.333333333333333,3.6666666666666665,2.433333333333333,0.3333333333333333,14.333333333333334,10.666666666666666,5.333333333333333,5.0,12.0,14.0,31,31
5.0,14.0,2.0,57.0,0.0,9.0,6.0,Tottenham,1.0,0.0,9.0,8.0,2.0,43.0,0.0,14.0,5.0,Everton,2.6,3.0,2.0,1.0,A,2024-02-03,D,1.6,1.5494505494505495,0.7548161120840631,1726.6995064747496,1789.5016562986125,-62.80214982386292,1.5666666666666667,1.3333333333333333,10.333333333333334,16.0,3.0,6.666666666666667,2.1999999999999997,1.3333333333333333,12.666666666666666,14.666666666666666,5.333333333333333,5.0,20.0,20.0,31,31
2.0,16.0,4.0,55.0,0.0,11.0,8.0,Luton Town,2.0,2.0,8.0,13.0,4.0,45.0,0.0,19.0,6.0,Newcastle Utd,2.3,2.0,2.0,2.0,D,2024-02-03,D,0.2999999999999998,1.720720720720721,0.8185117967332124,1899.5248972494726,1565.7206662720498,333.8042309774228,2.0,3.0,16.666666666666668,17.666666666666668,6.0,8.333333333333334,1.9333333333333333,1.3333333333333333,17.666666666666668,12.333333333333334,6.333333333333333,5.666666666666667,21.0,22.0,31,11
4.0,7.0,5.0,63.0,0.0,14.0,10.0,Aston Villa,2.0,0.0,3.0,10.0,0.0,37.0,0.0,10.0,5.0,Sheffield Utd,1.4,1.0,4.0,0.0,A,2024-02-03,A,-0.6000000000000001,0.7163120567375887,0.5879556259904913,1490.3584167174945,1853.1627836918879,-362.80436697439336,2.1,1.6666666666666667,17.333333333333332,14.0,5.666666666666667,6.333333333333333,1.2,1.6666666666666667,11.0,13.333333333333334,4.666666666666667,6.333333333333333,13.0,20.0,12,31
13.0,7.0,2.0,56.0,0.0,15.0,7.0,Fulham,2.0,2.0,2.0,11.0,2.0,44.0,0.0,12.0,4.0,Burnley,1.8,2.0,2.0,0.0,A,2024-02-03,D,-0.19999999999999996,0.8013245033112583,0.786096256684492,1549.692909742844,1840.3307787196475,-290.6378689768035,1.2333333333333334,1.6666666666666667,11.333333333333334,16.0,3.6666666666666665,7.333333333333333,1.9333333333333333,1.0,15.0,12.333333333333334,3.6666666666666665,4.666666666666667,22.0,21.0,12,31
1.0,11.0,4.0,64.0,0.0,14.0,7.0,Wolves,2.0,2.0,10.0,15.0,2.0,36.0,0.0,15.0,6.0,Chelsea,1.7,3.0,2.0,1.0,A,2024-02-04,A,-0.30000000000000004,1.070921985815603,0.5631825273010921,1894.8360852874234,1603.0797539280402,291.75633135938324,2.166666666666667,1.3333333333333333,13.666666666666666,13.666666666666666,4.333333333333333,5.333333333333333,1.6333333333333335,1.6666666666666667,13.333333333333334,11.0,4.666666666666667,5.0,22.0,13.0,31,31
6.0,12.0,1.0,45.0,0.0,8.0,6.0,Nott'ham Forest,1.0,2.0,11.0,19.0,1.0,55.0,1.0,9.0,2.0,Bournemouth,1.3,3.0,1.0,1.0,D,2024-02-04,D,0.30000000000000004,1.123456790123457,1.221729490022173,1752.0306042874054,1714.9753427172018,37.055261570203584,1.5,1.0,12.0,10.0,2.3333333333333335,5.333333333333333,1.6333333333333329,2.0,13.0,11.666666666666666,4.666666666666667,5.0,14.0,15.0,30,31
8.0,5.0,0.0,51.0,0.0,22.0,3.0,West Ham,1.0,1.0,5.0,10.0,3.0,49.0,0.0,12.0,5.0,Manchester Utd,0.7,0.0,0.0,1.0,H,2024-02-04,H,-0.30000000000000004,0.5475113122171945,0.9608610567514677,1739.89943343953,1647.3033468244073,92.59608661512266,0.8666666666666667,1.3333333333333333,11.333333333333334,16.0,4.666666666666667,4.333333333333333,1.9666666666666668,1.3333333333333333,21.0,14.666666666666666,6.333333333333333,3.6666666666666665,21.0,14.0,31,31
4.0,11.0,1.0,43.0,1.0,10.0,1.0,Liverpool,0.0,2.0,2.0,11.0,3.0,57.0,0.0,15.0,7.0,Arsenal,3.5,6.0,1.0,1.0,D,2024-02-04,H,3.5,1.495049504950495,1.3248259860788862,2031.4490737704036,1994.8542409456659,36.59483282473775,3.1666666666666665,0.3333333333333333,22.0,9.333333333333334,7.0,3.0,1.9000000000000001,1.3333333333333333,11.666666666666666,14.333333333333334,2.6666666666666665,6.0,15.0,14.0,31,31
13.0,4.0,3.0,72.0,0.0,25.0,15.0,Manchester City,2.0,0.0,8.0,2.0,1.0,28.0,0.0,9.0,3.0,Brentford,1.0,1.0,1.0,1.0,D,2024-02-05,A,-1.0,0.3625498007968127,0.38973647711511794,1822.9185183714126,2000.0555871302647,-177.13706875885214,1.4666666666666668,1.6666666666666667,11.333333333333334,16.0,4.0,7.666666666666667,1.1,2.3333333333333335,9.333333333333334,25.0,3.3333333333333335,11.666666666666666,16.0,23.0,31,31
0.0,11.0,0.0,72.0,0.0,5.0,1.0,Everton,0.0,2.0,9.0,6.0,2.0,28.0,0.0,19.0,3.0,Manchester City,1.6,0.0,0.0,0.0,D,2024-02-10,H,1.6,3.7450980392156867,0.38973647711511794,2000.0555871302647,1726.6995064747496,273.35608065551514,1.8333333333333333,0.3333333333333333,17.0,5.666666666666667,3.6666666666666665,2.0,1.7,0.6666666666666666,18.666666666666668,12.0,5.0,1.6666666666666667,10.0,11.0,30,31
14.0,11.0,1.0,49.0,0.0,25.0,4.0,Bournemouth,2.0,2.0,1.0,11.0,3.0,51.0,0.0,7.0,6.0,Fulham,1.6,1.0,0.0,2.0,H,2024-02-10,H,-0.3999999999999999,0.2828685258964143,1.0407331975560081,1840.3307787196475,1752.0306042874054,88.3001744322421,1.466666666666667,2.0,15.666666666666666,19.666666666666668,5.333333333333333,3.6666666666666665,1.7666666666666664,1.6666666666666667,9.333333333333334,19.333333333333332,5.0,4.0,11.0,9.0,31,31
3.0,13.0,1.0,70.0,0.0,9.0,4.0,Burnley,1.0,2.0,9.0,11.0,3.0,30.0,0.0,25.0,10.0,Liverpool,2.8,3.0,1.0,1.0,D,2024-02-10,H,1.7999999999999998,2.7582417582417587,0.4293865905848788,1994.8542409456659,1549.692909742844,445.1613312028219,4.233333333333333,1.0,29.0,6.0,12.666666666666666,3.3333333333333335,2.5666666666666664,1.0,19.333333333333332,8.666666666666666,7.0,4.0,10.0,10.0,31,12
4.0,9.0,2.0,29.0,0.0,9.0,6.0,Brentford,2.0,3.0,7.0,11.0,0.0,71.0,0.0,17.0,5.0,Wolves,1.0,2.0,1.0,0.0,A,2024-02-10,A,-1.0,1.8791208791208793,2.4432989690721647,1603.0797539280402,1822.9185183714126,-219.83876444337238,1.6666666666666667,1.6666666666666667,15.0,13.333333333333334,6.0,4.666666666666667,1.6333333333333335,1.6666666666666667,16.333333333333332,9.0,5.333333333333333,5.0,9.0,10.0,31,30
4.0,6.0,3.0,61.0,0.0,7.0,5.0,Newcastle Utd,1.0,2.0,4.0,9.0,2.0,39.0,0.0,13.0,3.0,Nott'ham Forest,1.5,1.0,2.0,2.0,D,2024-02-10,A,0.5,1.8450704225352113,0.6399345335515548,1714.9753427172018,1899.5248972494726,-184.5495545322708,0.8999999999999998,1.0,10.0,12.0,2.6666666666666665,4.333333333333333,3.3000000000000003,1.6666666666666667,19.666666666666668,8.666666666666666,8.0,4.333333333333333,11.0,11.0,31,31
1.0,12.0,3.0,74.0,0.0,7.0,3.0,Sheffield Utd,2.0,2.0,13.0,7.0,1.0,26.0,0.0,20.0,5.0,Luton Town,1.8,1.0,2.0,0.0,A,2024-02-10,A,-0.19999999999999996,2.830985915492958,0.35222672064777333,1565.7206662720498,1490.3584167174945,75.36224955455532,2.4,1.6666666666666667,17.666666666666668,9.333333333333334,6.333333333333333,4.333333333333333,1.7,1.0,16.666666666666668,6.666666666666667,4.333333333333333,3.3333333333333335,11.0,11.0,12,12
6.0,13.0,1.0,48.0,0.0,6.0,3.0,Brighton,1.0,3.0,9.0,14.0,2.0,52.0,0.0,16.0,6.0,Tottenham,1.6,2.0,1.0,0.0,A,2024-02-10,H,0.6000000000000001,2.6393442622950825,1.0831600831600832,1789.5016562986125,1770.14782868638,19.353827612232408,2.2666666666666666,1.6666666666666667,15.666666666666666,13.0,5.666666666666667,4.0,1.8,1.3333333333333333,13.333333333333334,12.333333333333334,5.333333333333333,4.333333333333333,10.0,11.0,31,31
6.0,11.0,6.0,70.0,0.0,25.0,12.0,Arsenal,4.0,0.0,2.0,17.0,0.0,30.0,0.0,5.0,1.0,West Ham,0.2,4.0,4.0,0.0,A,2024-02-11,A,-3.8,0.20318725099601592,0.4293865905848788,1647.3033468244073,2031.4490737704036,-384.14572694599633,0.7666666666666666,2.3333333333333335,6.666666666666667,18.666666666666668,2.0,8.0,0.6333333333333332,2.3333333333333335,9.666666666666666,19.0,2.6666666666666665,6.0,10.0,12.0,31,31
8.0,7.0,2.0,44.0,0.0,17.0,5.0,Manchester Utd,2.0,2.0,10.0,9.0,1.0,56.0,0.0,23.0,10.0,Aston Villa,2.4,3.0,1.0,0.0,A,2024-02-11,A,0.3999999999999999,1.3508771929824561,1.272108843537415,1853.1627836918879,1739.89943343953,113.2633502523579,2.3333333333333335,2.0,18.0,13.333333333333334,7.666666666666667,5.0,1.7333333333333336,2.0,15.666666666666666,16.0,6.333333333333333,6.0,12.0,10.0,31,31
7.0,7.0,3.0,23.0,0.0,14.0,5.0,Chelsea,1.0,2.0,1.0,14.0,1.0,77.0,0.0,13.0,4.0,Crystal Palace,0.6,2.0,0.0,1.0,H,2024-02-12,A,-0.4,0.9290780141843972,3.337662337662337,1762.76945717414,1894.8360852874234,-132.0666281132835,0.9000000000000002,1.0,12.666666666666666,10.666666666666666,4.666666666666667,4.666666666666667,1.9333333333333333,1.3333333333333333,18.666666666666668,10.0,7.666666666666667,5.333333333333333,13.0,12.0,31,31
2.0,22.0,2.0,62.0,0.0,12.0,7.0,Bournemouth,2.0,3.0,4.0,9.0,2.0,38.0,0.0,17.0,5.0,Newcastle Utd,2.2,1.0,0.0,0.0,D,2024-02-17,D,0.20000000000000018,1.413223140495868,0.6135265700483092,1899.5248972494726,1752.0306042874054,147.49429296206722,1.9333333333333336,2.3333333333333335,16.0,16.666666666666668,5.333333333333333,8.666666666666666,1.7333333333333332,1.6666666666666667,11.0,15.333333333333334,4.666666666666667,5.0,14.0,7.0,32,32
6.0,18.0,4.0,62.0,0.0,15.0,8.0,Liverpool,3.0,1.0,1.0,4.0,1.0,38.0,0.0,15.0,6.0,Brentford,1.6,2.0,1.0,0.0,A,2024-02-17,A,-1.4,1.0,0.6135265700483092,1822.9185183714126,1994.8542409456659,-171.9357225742533,1.2666666666666666,2.0,11.666666666666666,17.333333333333332,4.666666666666667,8.666666666666666,2.1666666666666665,1.6666666666666667,13.666666666666666,13.0,4.666666666666667,5.333333333333333,12.0,13.0,32,32
3.0,15.0,0.0,51.0,1.0,10.0,3.0,West Ham,1.0,4.0,5.0,13.0,2.0,49.0,0.0,19.0,8.0,Nott'ham Forest,2.8,4.0,0.0,1.0,H,2024-02-17,H,1.7999999999999998,1.8910891089108912,0.9608610567514677,1714.9753427172018,1647.3033468244073,67.67199589279448,1.5999999999999996,1.0,13.666666666666666,12.0,4.666666666666667,3.6666666666666665,2.0,1.3333333333333333,17.333333333333332,16.0,6.333333333333333,3.6666666666666665,7.0,13.0,32,32
6.0,8.0,5.0,64.0,0.0,16.0,7.0,Arsenal,2.0,1.0,4.0,11.0,0.0,36.0,0.0,8.0,0.0,Burnley,0.3,2.0,2.0,0.0,A,2024-02-17,A,-1.7,0.5031055900621118,0.5631825273010921,1549.692909742844,2031.4490737704036,-481.75616402755963,1.0666666666666667,1.6666666666666667,11.0,15.0,3.6666666666666665,6.333333333333333,0.3333333333333333,2.3333333333333335,7.333333333333333,20.0,1.3333333333333333,7.333333333333333,14.0,6.0,13,32
4.0,13.0,2.0,71.0,0.0,12.0,7.0,Wolves,2.0,1.0,10.0,8.0,1.0,29.0,0.0,15.0,4.0,Tottenham,1.6,0.0,1.0,0.0,A,2024-02-17,A,-0.3999999999999999,1.2479338842975207,0.409282700421941,1789.5016562986125,1603.0797539280402,186.4219023705723,2.033333333333333,1.6666666666666667,16.666666666666668,9.0,5.0,5.0,1.4333333333333333,1.6666666666666667,13.666666666666666,11.333333333333334,4.666666666666667,5.666666666666667,7.0,13.0,32,32
1.0,12.0,1.0,70.0,0.0,9.0,6.0,Chelsea,1.0,3.0,12.0,7.0,1.0,30.0,0.0,31.0,5.0,Manchester City,2.6,1.0,1.0,0.0,A,2024-02-17,D,1.6,3.417582417582418,0.4293865905848788,2000.0555871302647,1894.8360852874234,105.21950184284128,1.9666666666666666,0.6666666666666666,21.333333333333332,7.333333333333333,4.0,3.3333333333333335,2.033333333333333,1.0,24.0,9.0,7.333333333333333,4.666666666666667,7.0,5.0,31,32
4.0,6.0,2.0,48.0,0.0,12.0,3.0,Aston Villa,2.0,2.0,4.0,11.0,1.0,52.0,0.0,15.0,4.0,Fulham,1.5,5.0,1.0,0.0,A,2024-02-17,A,-0.5,1.2479338842975207,1.0831600831600832,1840.3307787196475,1853.1627836918879,-12.832004972240384,1.566666666666667,2.0,15.666666666666666,19.333333333333332,5.333333333333333,3.6666666666666665,1.3333333333333333,1.6666666666666667,11.666666666666666,14.0,3.6666666666666665,6.0,7.0,14.0,32,32
10.0,5.0,5.0,79.0,0.0,24.0,10.0,Brighton,3.0,4.0,5.0,3.0,0.0,21.0,1.0,6.0,1.0,Sheffield Utd,0.6,1.0,2.0,0.0,A,2024-02-18,A,-2.4,0.25311203319502074,0.2667509481668774,1490.3584167174945,1770.14782868638,-279.7894119688856,1.4999999999999998,2.3333333333333335,12.333333333333334,18.0,4.0,8.333333333333334,1.7666666666666668,1.6666666666666667,13.333333333333334,13.0,5.0,5.0,15.0,8.0,13,32
6.0,21.0,2.0,42.0,0.0,21.0,9.0,Manchester Utd,3.0,5.0,8.0,7.0,1.0,58.0,0.0,22.0,4.0,Luton Town,1.8,3.0,2.0,1.0,A,2024-02-18,A,-1.2,1.04739336492891,1.3800475059382422,1565.7206662720498,1739.89943343953,-174.17876716748015,2.233333333333333,2.0,20.0,12.333333333333334,5.666666666666667,4.666666666666667,2.1000000000000005,2.6666666666666665,20.333333333333332,19.666666666666668,7.0,7.333333333333333,8.0,7.0,13,32
6.0,12.0,1.0,39.0,0.0,10.0,4.0,Crystal Palace,1.0,2.0,3.0,8.0,1.0,61.0,0.0,19.0,4.0,Everton,1.7,0.0,0.0,0.0,D,2024-02-19,D,0.7,1.8910891089108912,1.5626598465473145,1726.6995064747496,1762.76945717414,-36.06995069939035,1.8,1.0,14.333333333333334,11.666666666666666,3.6666666666666665,5.0,2.1333333333333333,0.3333333333333333,17.666666666666668,9.666666666666666,5.333333333333333,4.666666666666667,16.0,16.0,32,32
1.0,6.0,0.0,70.0,0.0,6.0,2.0,Brentford,0.0,4.0,10.0,12.0,1.0,30.0,0.0,25.0,11.0,Manchester City,2.3,2.0,0.0,0.0,D,2024-02-20,H,2.3,4.114754098360656,0.4293865905848788,2000.0555871302647,1822.9185183714126,177.13706875885214,2.1666666666666665,0.3333333333333333,25.0,6.666666666666667,6.333333333333333,3.0,2.0666666666666664,1.3333333333333333,20.333333333333332,8.0,7.0,4.333333333333333,3.0,10.0,32,31
4.0,14.0,1.0,60.0,0.0,12.0,3.0,Luton Town,1.0,4.0,13.0,15.0,4.0,40.0,0.0,29.0,13.0,Liverpool,3.3,1.0,1.0,0.0,A,2024-02-21,H,2.3,2.4049586776859506,0.6672212978369384,1994.8542409456659,1565.7206662720498,429.13357467361607,3.0,1.0,27.333333333333332,8.333333333333334,12.0,3.3333333333333335,2.233333333333333,1.3333333333333333,20.333333333333332,12.333333333333334,8.666666666666666,5.333333333333333,11.0,18.0,32,12
2.0,16.0,2.0,58.0,0.0,10.0,3.0,Nott'ham Forest,3.0,2.0,7.0,7.0,4.0,42.0,0.0,16.0,6.0,Aston Villa,3.6,1.0,1.0,3.0,H,2024-02-24,H,0.6000000000000001,1.5940594059405944,0.7246127366609294,1853.1627836918879,1714.9753427172018,138.18744097468607,2.466666666666667,2.6666666666666665,17.0,13.666666666666666,7.333333333333333,4.333333333333333,2.033333333333333,1.6666666666666667,12.0,10.0,4.333333333333333,4.0,13.0,20.0,32,32
9.0,11.0,2.0,57.0,0.0,17.0,5.0,Fulham,1.0,5.0,10.0,6.0,1.0,43.0,0.0,21.0,9.0,Manchester Utd,1.7,2.0,0.0,0.0,D,2024-02-24,A,0.7,1.2339181286549707,0.7548161120840631,1739.89943343953,1840.3307787196475,-100.43134528011751,1.0666666666666667,1.0,14.0,18.333333333333332,5.333333333333333,4.666666666666667,1.9000000000000001,1.3333333333333333,16.666666666666668,15.333333333333334,5.333333333333333,5.333333333333333,20.0,21.0,32,32
3.0,13.0,0.0,56.0,1.0,2.0,0.0,Burnley,0.0,1.0,12.0,8.0,3.0,44.0,0.0,15.0,6.0,Crystal Palace,2.4,3.0,0.0,0.0,D,2024-02-24,H,2.4,7.19047619047619,0.786096256684492,1762.76945717414,1549.692909742844,213.07654743129592,1.366666666666667,0.6666666666666666,13.333333333333334,8.333333333333334,4.666666666666667,3.3333333333333335,2.2999999999999994,0.6666666666666666,18.0,6.333333333333333,6.666666666666667,2.3333333333333335,12.0,14.0,32,13
3.0,14.0,1.0,64.0,0.0,6.0,3.0,Everton,0.0,3.0,11.0,9.0,1.0,36.0,1.0,23.0,7.0,Brighton,1.4,2.0,0.0,0.0,D,2024-02-24,D,1.4,3.7868852459016398,0.5631825273010921,1770.14782868638,1726.6995064747496,43.44832221163051,1.2666666666666666,0.3333333333333333,15.666666666666666,7.0,5.666666666666667,3.6666666666666665,1.5333333333333332,0.6666666666666666,22.333333333333332,10.666666666666666,5.333333333333333,2.6666666666666665,21.0,14.0,32,32
8.0,6.0,1.0,62.0,0.0,15.0,6.0,Manchester City,2.0,2.0,3.0,14.0,0.0,38.0,0.0,13.0,4.0,Bournemouth,0.9,2.0,1.0,0.0,A,2024-02-24,A,-1.1,0.8675496688741722,0.6135265700483092,1752.0306042874054,2000.0555871302647,-248.02498284285934,1.2,1.6666666666666667,11.0,12.333333333333334,2.3333333333333335,6.333333333333333,1.0666666666666667,2.3333333333333335,11.333333333333334,22.333333333333332,4.0,10.666666666666666,20.0,19.0,31,32
0.0,6.0,1.0,55.0,0.0,3.0,2.0,Newcastle Utd,0.0,0.0,9.0,15.0,4.0,45.0,0.0,18.0,8.0,Arsenal,2.8,1.0,0.0,2.0,H,2024-02-24,H,2.8,5.838709677419355,0.8185117967332124,2031.4490737704036,1899.5248972494726,131.92417652093104,3.2000000000000006,0.0,18.0,8.333333333333334,7.0,2.6666666666666665,1.9000000000000004,1.3333333333333333,14.333333333333334,8.0,5.666666666666667,4.0,20.0,14.0,32,32
6.0,4.0,0.0,63.0,0.0,12.0,4.0,Sheffield Utd,1.0,1.0,5.0,8.0,1.0,37.0,0.0,13.0,2.0,Wolves,1.3,2.0,0.0,1.0,H,2024-02-25,H,0.30000000000000004,1.0826446280991735,0.5879556259904913,1603.0797539280402,1490.3584167174945,112.7213372105457,1.4666666666666666,2.0,15.333333333333334,14.0,4.666666666666667,6.0,1.3999999999999997,1.3333333333333333,15.0,9.333333333333334,3.6666666666666665,4.0,15.0,15.0,32,13
7.0,9.0,2.0,59.0,0.0,14.0,8.0,Brentford,1.0,2.0,1.0,5.0,4.0,41.0,0.0,17.0,6.0,West Ham,1.7,1.0,1.0,2.0,H,2024-02-26,H,0.7,1.2127659574468086,0.6954314720812182,1647.3033468244073,1822.9185183714126,-175.61517154700527,1.0999999999999999,2.0,10.333333333333334,16.0,3.3333333333333335,8.0,1.6666666666666663,1.0,19.666666666666668,9.666666666666666,7.333333333333333,5.333333333333333,15.0,6.0,32,32
6.0,9.0,2.0,33.0,0.0,17.0,6.0,Chelsea,2.0,1.0,0.0,10.0,2.0,67.0,0.0,14.0,5.0,Brentford,1.8,3.0,1.0,0.0,A,2024-03-02,D,-0.19999999999999996,0.8245614035087718,2.027190332326284,1822.9185183714126,1894.8360852874234,-71.91756691601086,1.4666666666666668,2.3333333333333335,12.666666666666666,19.0,4.666666666666667,9.666666666666666,1.6666666666666667,1.3333333333333333,19.333333333333332,13.333333333333334,4.666666666666667,5.666666666666667,14.0,14.0,33,33
5.0,11.0,0.0,44.0,0.0,12.0,3.0,Wolves,1.0,1.0,3.0,8.0,3.0,56.0,0.0,14.0,7.0,Newcastle Utd,2.1,0.0,0.0,2.0,H,2024-03-02,H,1.1,1.1652892561983472,1.272108843537415,1899.5248972494726,1603.0797539280402,296.4451433214324,2.2,1.6666666666666667,16.666666666666668,11.666666666666666,6.0,6.0,1.8,1.6666666666666667,14.666666666666666,12.666666666666666,5.666666666666667,5.666666666666667,14.0,14.0,33,33
6.0,19.0,3.0,54.0,0.0,12.0,8.0,Aston Villa,2.0,4.0,8.0,8.0,2.0,46.0,0.0,13.0,5.0,Luton Town,1.8,1.0,2.0,0.0,A,2024-03-02,A,-0.19999999999999996,1.0826446280991735,0.8521256931608133,1565.7206662720498,1853.1627836918879,-287.44211741983804,1.8,2.3333333333333335,18.333333333333332,13.333333333333334,4.666666666666667,6.666666666666667,1.5666666666666667,2.0,12.666666666666666,12.666666666666666,4.666666666666667,7.0,13.0,14.0,14,33
6.0,10.0,0.0,70.0,0.0,15.0,5.0,Brighton,1.0,2.0,2.0,16.0,3.0,30.0,0.0,12.0,5.0,Fulham,1.3,1.0,0.0,2.0,H,2024-03-02,H,0.30000000000000004,0.8013245033112583,0.4293865905848788,1840.3307787196475,1770.14782868638,70.18295003326739,1.466666666666667,1.6666666666666667,11.333333333333334,17.333333333333332,5.0,4.0,1.1666666666666667,1.6666666666666667,11.333333333333334,15.0,4.0,6.0,14.0,13.0,33,33
1.0,16.0,1.0,78.0,0.0,4.0,1.0,Crystal Palace,0.0,2.0,11.0,7.0,3.0,22.0,0.0,14.0,6.0,Tottenham,1.9,1.0,0.0,0.0,D,2024-03-02,H,1.9,3.439024390243903,0.2829705505761844,1789.5016562986125,1762.76945717414,26.732199124472572,1.7,1.0,15.0,7.333333333333333,5.333333333333333,3.6666666666666665,1.6666666666666663,0.3333333333333333,15.333333333333334,7.0,5.333333333333333,3.3333333333333335,14.0,12.0,33,33
12.0,12.0,1.0,69.0,0.0,22.0,2.0,Liverpool,2.0,2.0,3.0,11.0,0.0,31.0,0.0,8.0,2.0,Nott'ham Forest,1.0,2.0,0.0,0.0,D,2024-03-02,A,-1.0,0.3665158371040724,0.4500723589001448,1714.9753427172018,1994.8542409456659,-279.8788982284641,1.7666666666666664,1.3333333333333333,13.333333333333334,13.0,4.333333333333333,3.3333333333333335,2.033333333333333,1.6666666666666667,12.666666666666666,15.666666666666666,5.0,3.6666666666666665,14.0,14.0,33,33
5.0,6.0,3.0,45.0,0.0,12.0,5.0,West Ham,2.0,2.0,4.0,9.0,1.0,55.0,0.0,22.0,11.0,Everton,2.7,1.0,0.0,0.0,D,2024-03-02,A,0.7000000000000002,1.8264462809917357,1.221729490022173,1726.6995064747496,1647.3033468244073,79.39615965034227,2.3333333333333335,1.3333333333333333,18.333333333333332,10.333333333333334,6.666666666666667,5.0,2.0666666666666664,1.3333333333333333,17.666666666666668,14.666666666666666,8.0,3.6666666666666665,12.0,14.0,33,33
2.0,13.0,2.0,26.0,0.0,10.0,3.0,Bournemouth,1.0,4.0,7.0,8.0,0.0,74.0,0.0,20.0,6.0,Burnley,1.5,2.0,1.0,0.0,A,2024-03-03,A,0.5,1.9900990099009903,2.8390804597701145,1549.692909742844,1752.0306042874054,-202.33769454456137,1.2,1.6666666666666667,13.333333333333334,13.666666666666666,3.3333333333333335,5.666666666666667,1.7666666666666664,1.6666666666666667,14.666666666666666,15.666666666666666,5.666666666666667,4.666666666666667,15.0,15.0,14,33
2.0,10.0,1.0,73.0,0.0,3.0,1.0,Manchester Utd,0.0,1.0,15.0,5.0,3.0,27.0,0.0,27.0,8.0,Manchester City,3.3,0.0,1.0,0.0,A,2024-03-03,H,3.3,8.741935483870968,0.37072503419972647,2000.0555871302647,1739.89943343953,260.15615369073475,2.733333333333333,0.3333333333333333,27.666666666666668,6.0,8.0,3.0,2.5000000000000004,1.6666666666666667,24.0,13.666666666666666,7.333333333333333,5.0,12.0,14.0,33,33
7.0,4.0,6.0,80.0,0.0,22.0,10.0,Arsenal,2.0,0.0,0.0,11.0,0.0,20.0,0.0,4.0,0.0,Sheffield Utd,0.2,1.0,5.0,0.0,A,2024-03-04,A,-1.8,0.1855203619909502,0.25093632958801504,1490.3584167174945,2031.4490737704036,-541.0906570529091,0.7333333333333331,2.3333333333333335,6.666666666666667,20.0,2.0,10.0,0.2333333333333333,2.6666666666666665,5.666666666666667,21.0,0.3333333333333333,9.666666666666666,15.0,16.0,14,33
8.0,11.0,0.0,51.0,0.0,23.0,6.0,Everton,2.0,2.0,5.0,13.0,2.0,49.0,0.0,15.0,8.0,Manchester Utd,2.7,1.0,0.0,2.0,H,2024-03-09,H,0.7000000000000002,0.6536796536796536,0.9608610567514677,1739.89943343953,1726.6995064747496,13.199926964780389,1.7000000000000002,1.3333333333333333,16.0,20.666666666666668,7.333333333333333,4.666666666666667,1.8999999999999997,0.6666666666666666,19.0,11.333333333333334,6.0,3.3333333333333335,14.0,14.0,33,33
4.0,11.0,1.0,52.0,0.0,23.0,6.0,Fulham,3.0,2.0,3.0,7.0,2.0,48.0,0.0,8.0,3.0,Wolves,0.8,2.0,0.0,0.0,D,2024-03-09,H,-2.2,0.3506493506493506,0.9232245681381958,1603.0797539280402,1840.3307787196475,-237.25102479160728,1.0333333333333334,2.0,12.666666666666666,14.666666666666666,3.3333333333333335,5.333333333333333,1.4333333333333333,2.0,13.666666666666666,18.333333333333332,5.333333333333333,6.0,13.0,14.0,33,33
3.0,11.0,2.0,69.0,0.0,13.0,9.0,Sheffield Utd,1.0,5.0,10.0,12.0,2.0,31.0,0.0,32.0,12.0,Bournemouth,3.3,3.0,1.0,0.0,A,2024-03-09,D,2.3,2.450381679389313,0.4500723589001448,1752.0306042874054,1490.3584167174945,261.6721875699109,1.833333333333333,1.3333333333333333,18.0,12.0,6.0,7.0,2.1333333333333333,1.3333333333333333,21.666666666666668,10.666666666666666,6.333333333333333,5.333333333333333,14.0,13.0,32,14
6.0,11.0,1.0,49.0,0.0,8.0,2.0,Luton Town,1.0,3.0,8.0,20.0,1.0,51.0,0.0,21.0,4.0,Crystal Palace,2.7,2.0,0.0,1.0,H,2024-03-09,D,1.7000000000000002,2.6049382716049387,1.0407331975560081,1762.76945717414,1565.7206662720498,197.0487909020901,1.9000000000000004,0.6666666666666666,16.333333333333332,8.0,4.666666666666667,2.3333333333333335,2.766666666666667,1.3333333333333333,23.0,10.333333333333334,7.666666666666667,4.333333333333333,14.0,17.0,33,13
4.0,10.0,1.0,71.0,0.0,9.0,4.0,Brentford,1.0,4.0,10.0,9.0,2.0,29.0,0.0,17.0,6.0,Arsenal,1.3,2.0,1.0,1.0,D,2024-03-09,H,0.30000000000000004,1.8791208791208793,0.409282700421941,2031.4490737704036,1822.9185183714126,208.53055539899105,2.5333333333333337,0.3333333333333333,16.666666666666668,7.333333333333333,7.0,2.3333333333333335,1.7666666666666664,0.6666666666666666,19.666666666666668,9.666666666666666,7.666666666666667,4.666666666666667,14.0,12.0,33,33
3.0,14.0,0.0,63.0,0.0,9.0,4.0,Nott'ham Forest,1.0,4.0,6.0,14.0,1.0,37.0,0.0,10.0,3.0,Brighton,0.4,4.0,0.0,1.0,H,2024-03-10,H,-0.6,1.10989010989011,0.5879556259904913,1770.14782868638,1714.9753427172018,55.1724859691783,1.0666666666666667,0.3333333333333333,15.333333333333334,7.333333333333333,5.333333333333333,4.0,1.7666666666666664,1.6666666666666667,11.666666666666666,9.0,3.6666666666666665,4.333333333333333,15.0,15.0,33,33
4.0,18.0,2.0,52.0,0.0,11.0,4.0,Burnley,1.0,4.0,4.0,11.0,2.0,48.0,0.0,22.0,4.0,West Ham,2.1,2.0,2.0,0.0,A,2024-03-10,D,1.1,1.990990990990991,0.9232245681381958,1647.3033468244073,1549.692909742844,97.6104370815633,1.3333333333333333,2.0,14.666666666666666,16.666666666666668,3.6666666666666665,8.0,2.433333333333333,0.6666666666666666,20.666666666666668,7.333333333333333,6.666666666666667,2.6666666666666665,13.0,15.0,33,14
4.0,15.0,4.0,32.0,0.0,9.0,5.0,Tottenham,2.0,2.0,6.0,11.0,0.0,68.0,1.0,10.0,1.0,Aston Villa,0.8,0.0,0.0,0.0,D,2024-03-10,A,-1.2,1.10989010989011,2.1214953271028034,1853.1627836918879,1789.5016562986125,63.661127393275365,2.2666666666666666,2.3333333333333335,16.333333333333332,12.0,5.666666666666667,4.333333333333333,1.3999999999999997,1.3333333333333333,11.0,11.333333333333334,2.6666666666666665,5.666666666666667,15.0,36.0,33,32
4.0,10.0,1.0,47.0,0.0,10.0,6.0,Manchester City,2.0,3.0,7.0,6.0,1.0,53.0,0.0,19.0,6.0,Liverpool,2.7,0.0,1.0,0.0,A,2024-03-10,D,0.7000000000000002,1.8910891089108912,1.127388535031847,1994.8542409456659,2000.0555871302647,-5.201346184598833,2.933333333333333,1.3333333333333333,24.333333333333332,10.333333333333334,9.666666666666666,4.333333333333333,1.5333333333333332,2.0,13.666666666666666,16.666666666666668,4.333333333333333,9.0,18.0,15.0,33,33
4.0,7.0,2.0,56.0,0.0,11.0,3.0,Newcastle Utd,1.0,1.0,0.0,12.0,3.0,44.0,0.0,12.0,8.0,Chelsea,1.6,3.0,1.0,1.0,D,2024-03-11,H,0.6000000000000001,1.09009009009009,0.786096256684492,1894.8360852874234,1899.5248972494726,-4.688811962049158,1.8333333333333333,1.3333333333333333,14.666666666666666,13.0,5.666666666666667,4.666666666666667,1.9666666666666668,0.6666666666666666,14.333333333333334,7.0,6.333333333333333,3.3333333333333335,36.0,16.0,32,33
3.0,11.0,3.0,59.0,0.0,8.0,4.0,Luton Town,2.0,2.0,11.0,16.0,4.0,41.0,0.0,24.0,10.0,Bournemouth,2.3,1.0,3.0,0.0,A,2024-03-13,H,0.2999999999999998,2.975308641975309,0.6954314720812182,1752.0306042874054,1565.7206662720498,186.30993801535556,2.1666666666666665,1.6666666666666667,23.0,12.0,8.666666666666666,6.333333333333333,2.766666666666666,1.3333333333333333,24.666666666666668,9.333333333333334,9.0,3.0,4.0,4.0,33,14
7.0,17.0,1.0,40.0,0.0,16.0,6.0,Nott'ham Forest,2.0,2.0,6.0,10.0,1.0,60.0,0.0,10.0,4.0,Luton Town,0.6,1.0,1.0,0.0,A,2024-03-16,D,-1.4,0.6273291925465838,1.4987531172069826,1565.7206662720498,1714.9753427172018,-149.25467644515197,1.4000000000000001,2.3333333333333335,15.0,16.333333333333332,4.333333333333333,7.666666666666667,1.5333333333333332,2.0,12.0,11.666666666666666,4.333333333333333,4.333333333333333,14.0,6.0,15,34
5.0,10.0,0.0,57.0,0.0,14.0,5.0,Tottenham,2.0,3.0,4.0,9.0,3.0,43.0,0.0,16.0,7.0,Fulham,2.6,2.0,0.0,1.0,H,2024-03-16,H,0.6000000000000001,1.1418439716312059,0.7548161120840631,1840.3307787196475,1789.5016562986125,50.82912242103498,1.8,1.6666666666666667,14.333333333333334,13.666666666666666,5.333333333333333,4.333333333333333,2.0,1.6666666666666667,13.333333333333334,10.666666666666666,4.333333333333333,5.333333333333333,14.0,6.0,34,33
4.0,17.0,1.0,40.0,1.0,9.0,5.0,Brentford,1.0,4.0,5.0,14.0,2.0,60.0,0.0,17.0,6.0,Burnley,2.8,2.0,0.0,1.0,H,2024-03-16,H,1.7999999999999998,1.8791208791208793,1.4987531172069826,1549.692909742844,1822.9185183714126,-273.2256086285686,1.5333333333333332,1.3333333333333333,15.0,11.666666666666666,4.0,5.0,1.933333333333333,1.0,17.0,10.666666666666666,6.0,5.666666666666667,13.0,7.0,15,34
11.0,12.0,1.0,69.0,0.0,13.0,5.0,Aston Villa,1.0,3.0,7.0,13.0,1.0,31.0,0.0,13.0,5.0,West Ham,2.0,3.0,0.0,1.0,H,2024-03-17,D,1.0,1.0,0.4500723589001448,1647.3033468244073,1853.1627836918879,-205.85943686748055,1.933333333333333,1.0,17.333333333333332,12.666666666666666,5.0,5.666666666666667,1.7666666666666666,1.6666666666666667,13.666666666666666,12.333333333333334,4.666666666666667,5.333333333333333,7.0,15.0,34,34
4.0,8.0,3.0,60.0,0.0,10.0,4.0,West Ham,1.0,1.0,3.0,9.0,4.0,40.0,1.0,24.0,9.0,Newcastle Utd,4.1,1.0,2.0,1.0,A,2024-03-30,H,3.0999999999999996,2.3861386138613865,0.6672212978369384,1899.5248972494726,1647.3033468244073,252.2215504250653,2.8000000000000003,1.3333333333333333,18.333333333333332,11.333333333333334,7.0,4.666666666666667,3.1999999999999993,1.3333333333333333,21.666666666666668,10.666666666666666,9.333333333333334,4.0,28.0,28.0,34,34
6.0,12.0,1.0,41.0,0.0,10.0,3.0,Crystal Palace,1.0,1.0,4.0,14.0,1.0,59.0,0.0,12.0,5.0,Nott'ham Forest,0.9,1.0,1.0,0.0,A,2024-03-30,D,-0.09999999999999998,1.198019801980198,1.437956204379562,1714.9753427172018,1762.76945717414,-47.79411445693813,1.5666666666666664,1.3333333333333333,13.0,14.0,5.0,2.6666666666666665,1.4999999999999998,0.6666666666666666,15.0,8.0,5.0,2.6666666666666665,28.0,28.0,34,34
15.0,13.0,3.0,73.0,0.0,24.0,9.0,Fulham,1.0,1.0,2.0,10.0,3.0,27.0,0.0,8.0,4.0,Sheffield Utd,1.9,4.0,0.0,0.0,D,2024-03-30,D,0.8999999999999999,0.33609958506224064,0.37072503419972647,1490.3584167174945,1840.3307787196475,-349.972362002153,0.8999999999999998,2.0,6.0,23.333333333333332,1.6666666666666667,9.666666666666666,1.4666666666666668,1.6666666666666667,12.333333333333334,21.333333333333332,5.333333333333333,6.666666666666667,26.0,21.0,15,34
4.0,7.0,2.0,69.0,1.0,18.0,7.0,Burnley,2.0,2.0,12.0,12.0,2.0,31.0,0.0,33.0,13.0,Chelsea,4.2,2.0,0.0,1.0,H,2024-03-30,D,2.2,1.8287292817679557,0.4500723589001448,1894.8360852874234,1549.692909742844,345.14317554457944,2.5,1.6666666666666667,20.0,14.333333333333334,9.0,5.666666666666667,2.9,1.0,23.333333333333332,10.333333333333334,7.666666666666667,3.6666666666666665,19.0,20.0,33,15
6.0,14.0,1.0,70.0,0.0,7.0,3.0,Luton Town,1.0,4.0,3.0,16.0,2.0,30.0,0.0,17.0,4.0,Tottenham,2.9,2.0,1.0,0.0,A,2024-03-30,H,1.9,2.4084507042253525,0.4293865905848788,1789.5016562986125,1565.7206662720498,223.78099002656268,2.1333333333333333,1.0,15.333333333333334,7.666666666666667,4.666666666666667,3.6666666666666665,2.6333333333333333,1.3333333333333333,20.666666666666668,7.666666666666667,6.0,3.0,28.0,17.0,34,15
8.0,11.0,1.0,48.0,0.0,7.0,3.0,Everton,1.0,2.0,9.0,14.0,2.0,52.0,0.0,11.0,4.0,Bournemouth,1.3,1.0,0.0,0.0,D,2024-03-30,H,0.30000000000000004,1.563380281690141,1.0831600831600832,1752.0306042874054,1726.6995064747496,25.3310978126558,2.2999999999999994,1.3333333333333333,22.333333333333332,9.333333333333334,8.666666666666666,5.333333333333333,1.7999999999999998,1.0,16.333333333333332,12.0,6.333333333333333,4.0,17.0,21.0,34,34
4.0,19.0,0.0,48.0,0.0,13.0,3.0,Wolves,2.0,4.0,5.0,11.0,2.0,52.0,0.0,11.0,5.0,Aston Villa,1.0,3.0,0.0,1.0,H,2024-03-30,H,-1.0,0.8473282442748091,1.0831600831600832,1853.1627836918879,1603.0797539280402,250.08302976384766,1.8,2.3333333333333335,12.333333333333334,10.666666666666666,4.0,3.6666666666666665,1.5666666666666667,1.6666666666666667,13.333333333333334,12.333333333333334,5.333333333333333,4.333333333333333,20.0,28.0,34,34
4.0,14.0,1.0,53.0,0.0,11.0,5.0,Manchester Utd,1.0,2.0,14.0,7.0,1.0,47.0,0.0,31.0,5.0,Brentford,3.2,2.0,0.0,0.0,D,2024-03-30,D,2.2,2.801801801801802,0.8870056497175142,1822.9185183714126,1739.89943343953,83.01908493188262,2.1999999999999997,2.0,20.0,14.333333333333334,5.333333333333333,6.333333333333333,2.766666666666667,1.3333333333333333,26.666666666666668,11.666666666666666,5.666666666666667,5.0,28.0,27.0,34,34
4.0,6.0,1.0,55.0,0.0,9.0,3.0,Brighton,1.0,3.0,8.0,20.0,2.0,45.0,0.0,30.0,8.0,Liverpool,2.8,5.0,1.0,1.0,D,2024-03-31,H,1.7999999999999998,3.307692307692308,0.8185117967332124,1994.8542409456659,1770.14782868638,224.7064122592858,2.9333333333333336,1.3333333333333333,26.0,10.333333333333334,9.0,4.0,1.5666666666666667,1.6666666666666667,16.0,16.0,4.666666666666667,6.0,21.0,29.0,34,34
4.0,20.0,0.0,72.0,0.0,6.0,2.0,Arsenal,1.0,2.0,7.0,9.0,0.0,28.0,0.0,12.0,1.0,Manchester City,1.0,0.0,0.0,0.0,D,2024-03-31,D,0.0,1.9836065573770492,0.38973647711511794,2000.0555871302647,2031.4490737704036,-31.393486640138917,2.1999999999999997,0.3333333333333333,21.333333333333332,5.0,6.666666666666667,1.6666666666666667,0.5,1.6666666666666667,8.0,14.666666666666666,0.3333333333333333,6.333333333333333,28.0,27.0,34,34
3.0,14.0,1.0,57.0,0.0,10.0,3.0,Everton,1.0,3.0,7.0,9.0,1.0,43.0,0.0,18.0,6.0,Newcastle Utd,2.4,0.0,0.0,1.0,H,2024-04-02,D,1.4,1.7920792079207923,0.7548161120840631,1899.5248972494726,1726.6995064747496,172.82539077472302,2.8666666666666667,1.0,18.666666666666668,10.666666666666666,7.333333333333333,3.3333333333333335,2.1333333333333333,1.3333333333333333,14.666666666666666,13.333333333333334,6.0,4.0,3.0,3.0,35,35
8.0,8.0,1.0,66.0,0.0,18.0,3.0,Fulham,2.0,0.0,3.0,7.0,3.0,34.0,0.0,16.0,4.0,Nott'ham Forest,1.5,0.0,0.0,3.0,H,2024-04-02,H,-0.5,0.8895027624309393,0.5158850226928896,1714.9753427172018,1840.3307787196475,-125.35543600244569,1.133333333333333,1.6666666666666667,12.0,16.666666666666668,3.6666666666666665,2.6666666666666665,1.4000000000000001,2.0,10.666666666666666,21.666666666666668,3.6666666666666665,6.0,3.0,3.0,35,35
2.0,14.0,0.0,50.0,0.0,3.0,2.0,Crystal Palace,0.0,2.0,9.0,13.0,1.0,50.0,0.0,11.0,6.0,Bournemouth,1.1,3.0,0.0,0.0,D,2024-04-02,H,1.1,3.5806451612903225,1.0,1752.0306042874054,1762.76945717414,-10.738852886734549,1.5666666666666664,1.0,15.333333333333334,6.0,6.666666666666667,3.0,1.2999999999999996,0.3333333333333333,12.333333333333334,5.666666666666667,5.666666666666667,2.0,3.0,3.0,35,35
4.0,12.0,1.0,49.0,0.0,8.0,2.0,Wolves,1.0,2.0,7.0,10.0,1.0,51.0,0.0,13.0,6.0,Burnley,1.3,0.0,1.0,1.0,D,2024-04-02,D,0.30000000000000004,1.617283950617284,1.0407331975560081,1549.692909742844,1603.0797539280402,-53.386844185196196,1.8666666666666665,1.0,16.666666666666668,9.0,6.0,3.3333333333333335,1.4666666666666668,1.3333333333333333,12.666666666666666,11.0,6.0,2.6666666666666665,17.0,3.0,16,35
5.0,9.0,1.0,67.0,0.0,13.0,4.0,Tottenham,1.0,4.0,9.0,13.0,1.0,33.0,0.0,11.0,4.0,West Ham,1.5,1.0,1.0,1.0,D,2024-04-02,D,0.5,0.8473282442748091,0.49329359165424747,1647.3033468244073,1789.5016562986125,-142.1983094742052,1.8666666666666665,1.0,15.333333333333334,12.333333333333334,4.333333333333333,4.333333333333333,1.633333333333333,1.6666666666666667,12.333333333333334,12.0,4.0,4.666666666666667,16.0,17.0,35,34
5.0,12.0,0.0,66.0,0.0,24.0,6.0,Brighton,1.0,1.0,1.0,9.0,0.0,34.0,0.0,5.0,2.0,Brentford,0.6,1.0,0.0,0.0,D,2024-04-03,D,-0.4,0.21161825726141076,0.5158850226928896,1822.9185183714126,1770.14782868638,52.770689685032494,1.866666666666667,1.3333333333333333,16.666666666666668,17.333333333333332,4.0,5.666666666666667,1.5666666666666667,1.0,15.666666666666666,16.0,5.0,4.666666666666667,4.0,3.0,35,35
1.0,8.0,0.0,58.0,0.0,5.0,1.0,Luton Town,0.0,1.0,3.0,12.0,2.0,42.0,0.0,13.0,4.0,Arsenal,0.7,1.0,0.0,2.0,H,2024-04-03,H,0.7,2.5686274509803924,0.7246127366609294,2031.4490737704036,1565.7206662720498,465.7284074983538,1.6000000000000003,0.3333333333333333,16.0,5.666666666666667,6.0,2.3333333333333335,1.9666666666666666,1.0,18.0,6.666666666666667,6.0,2.6666666666666665,25.0,4.0,34,16
3.0,13.0,1.0,67.0,0.0,8.0,3.0,Aston Villa,1.0,2.0,2.0,6.0,4.0,33.0,0.0,25.0,11.0,Manchester City,3.4,1.0,1.0,2.0,H,2024-04-03,H,2.4,3.098765432098766,0.49329359165424747,2000.0555871302647,1853.1627836918879,146.89280343837686,2.5666666666666664,0.6666666666666666,21.333333333333332,5.666666666666667,6.666666666666667,2.0,2.4,1.3333333333333333,17.0,11.0,7.0,5.333333333333333,3.0,17.0,35,35
1.0,9.0,1.0,82.0,0.0,8.0,3.0,Sheffield Utd,1.0,1.0,13.0,6.0,3.0,18.0,0.0,29.0,9.0,Liverpool,1.8,0.0,0.0,1.0,H,2024-04-04,H,0.8,3.592592592592593,0.22046285018270406,1994.8542409456659,1490.3584167174945,504.4958242281714,2.433333333333333,1.3333333333333333,26.0,9.0,7.666666666666667,4.0,2.1333333333333333,1.0,24.666666666666668,11.0,7.666666666666667,5.333333333333333,4.0,26.0,35,15
3.0,15.0,3.0,43.0,0.0,19.0,5.0,Manchester Utd,2.0,0.0,12.0,7.0,4.0,57.0,0.0,28.0,10.0,Chelsea,3.0,3.0,2.0,2.0,D,2024-04-04,H,1.0,1.4712041884816753,1.3248259860788862,1894.8360852874234,1739.89943343953,154.93665184789347,2.9333333333333336,1.6666666666666667,24.333333333333332,16.0,10.333333333333334,5.0,3.1666666666666665,1.0,28.666666666666668,11.0,7.666666666666667,3.6666666666666665,5.0,5.0,34,35
9.0,3.0,4.0,75.0,0.0,18.0,8.0,Manchester City,2.0,1.0,2.0,13.0,2.0,25.0,0.0,7.0,4.0,Crystal Palace,1.1,1.0,1.0,1.0,D,2024-04-06,A,-0.8999999999999999,0.3922651933701657,0.3342210386151798,1762.76945717414,2000.0555871302647,-237.2861299561248,2.066666666666667,1.0,14.333333333333334,9.333333333333334,4.666666666666667,3.3333333333333335,1.5666666666666667,2.0,13.0,14.333333333333334,4.666666666666667,6.666666666666667,28.0,27.0,34,34
2.0,14.0,1.0,45.0,0.0,8.0,1.0,Bournemouth,0.0,0.0,7.0,7.0,2.0,55.0,0.0,19.0,9.0,Luton Town,1.5,0.0,0.0,0.0,D,2024-04-06,H,1.5,2.358024691358025,1.221729490022173,1565.7206662720498,1752.0306042874054,-186.30993801535556,1.2999999999999998,1.3333333333333333,14.0,12.0,6.0,5.0,1.7333333333333332,1.0,18.666666666666668,10.0,6.666666666666667,3.6666666666666665,21.0,34.0,16,34
5.0,13.0,0.0,38.0,1.0,6.0,1.0,Burnley,1.0,1.0,3.0,11.0,1.0,62.0,0.0,12.0,3.0,Everton,0.9,2.0,0.0,1.0,H,2024-04-06,H,-0.09999999999999998,1.9836065573770492,1.6299212598425197,1726.6995064747496,1549.692909742844,177.00659673190557,1.7666666666666668,1.3333333333333333,17.666666666666668,9.333333333333334,6.0,3.3333333333333335,2.4,1.3333333333333333,22.333333333333332,11.666666666666666,6.666666666666667,4.0,35.0,7.0,34,16
4.0,7.0,2.0,58.0,0.0,11.0,4.0,West Ham,1.0,2.0,4.0,15.0,1.0,42.0,0.0,14.0,7.0,Wolves,1.5,5.0,0.0,1.0,H,2024-04-06,A,0.5,1.2702702702702702,0.7246127366609294,1603.0797539280402,1647.3033468244073,-44.22359289636711,1.2,1.6666666666666667,11.666666666666666,15.333333333333334,4.0,4.666666666666667,2.766666666666666,1.3333333333333333,20.0,11.0,9.0,4.333333333333333,28.0,7.0,34,35
3.0,11.0,3.0,69.0,0.0,8.0,3.0,Brentford,2.0,2.0,11.0,15.0,3.0,31.0,0.0,11.0,3.0,Aston Villa,1.5,2.0,0.0,1.0,H,2024-04-06,D,-0.5,1.3703703703703705,0.4500723589001448,1853.1627836918879,1822.9185183714126,30.24426532047528,1.0999999999999999,2.0,10.666666666666666,10.0,3.0,3.6666666666666665,1.8666666666666665,1.3333333333333333,15.0,8.666666666666666,5.0,4.0,7.0,21.0,35,35
3.0,13.0,1.0,34.0,0.0,12.0,5.0,Newcastle Utd,1.0,2.0,14.0,10.0,0.0,66.0,0.0,14.0,4.0,Fulham,1.2,1.0,0.0,0.0,D,2024-04-06,A,0.19999999999999996,1.1652892561983472,1.9384164222873899,1840.3307787196475,1899.5248972494726,-59.19411852982512,1.7000000000000002,1.3333333333333333,14.0,13.666666666666666,5.333333333333333,5.0,1.866666666666667,0.6666666666666666,14.666666666666666,8.666666666666666,6.666666666666667,3.3333333333333335,21.0,26.0,35,34
7.0,13.0,3.0,46.0,0.0,20.0,7.0,Arsenal,3.0,2.0,8.0,14.0,0.0,54.0,0.0,10.0,2.0,Brighton,0.5,1.0,1.0,0.0,A,2024-04-06,A,-2.5,0.5024875621890547,1.17353579175705,1770.14782868638,2031.4490737704036,-261.30124508402355,0.7666666666666666,1.3333333333333333,14.333333333333334,11.666666666666666,4.0,4.666666666666667,0.5666666666666667,2.0,8.666666666666666,16.0,1.0,6.333333333333333,27.0,6.0,34,35
11.0,10.0,2.0,38.0,0.0,28.0,7.0,Liverpool,4.0,2.0,6.0,9.0,2.0,62.0,0.0,9.0,5.0,Manchester Utd,0.7,5.0,1.0,0.0,A,2024-04-07,D,-3.3,0.3238434163701067,1.6299212598425197,1739.89943343953,1994.8542409456659,-254.95480750613592,1.7000000000000002,2.3333333333333335,15.0,22.666666666666668,7.333333333333333,6.0,1.0999999999999999,3.0,10.666666666666666,21.666666666666668,4.333333333333333,5.666666666666667,29.0,36.0,34,34
6.0,10.0,2.0,68.0,0.0,6.0,3.0,Chelsea,0.0,2.0,7.0,12.0,2.0,32.0,0.0,11.0,6.0,Sheffield Utd,1.4,4.0,1.0,1.0,D,2024-04-07,D,1.4,1.819672131147541,0.4713656387665199,1490.3584167174945,1894.8360852874234,-404.47766856992894,1.1666666666666663,1.0,7.666666666666667,17.333333333333332,3.3333333333333335,7.333333333333333,1.9333333333333336,1.0,18.666666666666668,10.666666666666666,5.333333333333333,5.0,8.0,36.0,16,34
2.0,12.0,1.0,63.0,0.0,13.0,6.0,Nott'ham Forest,2.0,3.0,12.0,11.0,3.0,37.0,0.0,17.0,7.0,Tottenham,1.5,2.0,1.0,1.0,D,2024-04-07,H,-0.5,1.3053435114503817,0.5879556259904913,1789.5016562986125,1714.9753427172018,74.5263135814107,2.1,1.0,16.0,8.0,5.666666666666667,3.3333333333333335,0.833333333333333,1.6666666666666667,12.333333333333334,12.666666666666666,4.666666666666667,5.333333333333333,8.0,22.0,35,35
3.0,12.0,0.0,28.0,0.0,11.0,2.0,Tottenham,1.0,4.0,16.0,14.0,4.0,72.0,0.0,18.0,5.0,Newcastle Utd,2.8,0.0,0.0,2.0,H,2024-04-13,H,1.7999999999999998,1.6306306306306309,2.565836298932384,1899.5248972494726,1789.5016562986125,110.0232409508601,3.1,1.0,20.0,10.333333333333334,6.666666666666667,3.0,2.3,1.3333333333333333,15.0,12.666666666666666,5.333333333333333,3.6666666666666665,11.0,11.0,36,35
1.0,6.0,1.0,73.0,0.0,4.0,2.0,Luton Town,1.0,0.0,12.0,7.0,5.0,27.0,0.0,33.0,13.0,Manchester City,4.2,1.0,0.0,1.0,H,2024-04-13,H,3.2,8.073170731707318,0.37072503419972647,2000.0555871302647,1565.7206662720498,434.3349208582149,2.866666666666666,1.0,23.333333333333332,6.0,8.333333333333334,2.3333333333333335,2.6,0.6666666666666666,21.0,5.333333333333333,7.0,2.0,10.0,10.0,36,17
5.0,8.0,1.0,56.0,0.0,20.0,8.0,Brighton,1.0,2.0,4.0,18.0,1.0,44.0,0.0,11.0,3.0,Burnley,1.7,1.0,0.0,0.0,D,2024-04-13,D,0.7,0.5522388059701492,0.786096256684492,1549.692909742844,1770.14782868638,-220.4549189435361,1.9333333333333333,1.0,13.666666666666666,12.333333333333334,5.0,5.0,1.7,1.0,15.333333333333334,17.666666666666668,4.333333333333333,5.666666666666667,11.0,10.0,17,36
1.0,10.0,2.0,54.0,0.0,11.0,4.0,Wolves,1.0,3.0,10.0,15.0,2.0,46.0,0.0,18.0,9.0,Nott'ham Forest,1.9,2.0,1.0,1.0,D,2024-04-13,D,0.8999999999999999,1.6306306306306309,0.8521256931608133,1714.9753427172018,1603.0797539280402,111.8955887891616,1.433333333333333,1.3333333333333333,15.333333333333334,13.0,6.0,3.3333333333333335,1.4000000000000001,1.3333333333333333,14.0,10.666666666666666,6.666666666666667,3.0,11.0,11.0,36,36
6.0,11.0,0.0,53.0,0.0,8.0,2.0,Sheffield Utd,1.0,1.0,3.0,8.0,2.0,47.0,0.0,9.0,5.0,Brentford,1.0,3.0,0.0,0.0,D,2024-04-13,H,0.0,1.123456790123457,0.8870056497175142,1822.9185183714126,1490.3584167174945,332.5601016539181,1.5999999999999999,1.0,15.0,14.333333333333334,4.0,4.333333333333333,2.033333333333333,1.0,23.333333333333332,9.666666666666666,8.666666666666666,4.666666666666667,10.0,9.0,36,16
2.0,14.0,2.0,57.0,0.0,8.0,2.0,Manchester Utd,1.0,0.0,7.0,13.0,2.0,43.0,0.0,20.0,5.0,Bournemouth,1.6,4.0,1.0,2.0,H,2024-04-13,D,0.6000000000000001,2.481481481481482,0.7548161120840631,1752.0306042874054,1739.89943343953,12.13117084787541,1.3333333333333333,0.6666666666666666,14.0,6.0,5.0,2.3333333333333335,2.6,1.3333333333333333,26.333333333333332,12.666666666666666,6.666666666666667,4.0,11.0,9.0,36,36
1.0,10.0,1.0,69.0,0.0,8.0,5.0,Crystal Palace,2.0,1.0,11.0,10.0,0.0,31.0,0.0,21.0,6.0,Liverpool,2.7,1.0,1.0,0.0,A,2024-04-14,A,0.7000000000000002,2.6049382716049387,0.4500723589001448,1994.8542409456659,1762.76945717414,232.08478377152596,2.433333333333333,1.3333333333333333,26.666666666666668,8.333333333333334,7.666666666666667,3.6666666666666665,1.5666666666666664,1.0,14.666666666666666,7.0,5.666666666666667,3.3333333333333335,10.0,12.0,36,36
3.0,13.0,2.0,42.0,0.0,18.0,10.0,Fulham,3.0,2.0,8.0,6.0,0.0,58.0,0.0,15.0,4.0,West Ham,0.9,1.0,1.0,0.0,A,2024-04-14,A,-2.1,0.8342541436464087,1.3800475059382422,1647.3033468244073,1840.3307787196475,-193.02743189524017,1.4666666666666666,1.6666666666666667,13.0,14.666666666666666,4.333333333333333,6.333333333333333,1.4333333333333333,2.0,13.0,20.0,4.0,7.333333333333333,12.0,12.0,36,36
6.0,7.0,2.0,52.0,0.0,11.0,2.0,Aston Villa,1.0,1.0,4.0,12.0,0.0,48.0,0.0,18.0,4.0,Arsenal,1.6,3.0,0.0,0.0,D,2024-04-14,A,0.6000000000000001,1.6306306306306309,0.9232245681381958,2031.4490737704036,1853.1627836918879,178.28629007851578,1.2000000000000004,0.6666666666666666,16.0,8.333333333333334,4.666666666666667,2.3333333333333335,2.3333333333333335,1.0,18.666666666666668,10.666666666666666,6.666666666666667,3.3333333333333335,11.0,11.0,35,36
8.0,21.0,0.0,58.0,0.0,10.0,2.0,Everton,2.0,4.0,4.0,5.0,6.0,42.0,0.0,14.0,10.0,Chelsea,3.1,1.0,0.0,4.0,H,2024-04-15,H,1.1,1.396039603960396,0.7246127366609294,1894.8360852874234,1726.6995064747496,168.13657881267386,3.4333333333333336,2.0,25.0,15.666666666666666,11.0,4.666666666666667,2.266666666666666,1.3333333333333333,14.333333333333334,9.0,6.666666666666667,2.6666666666666665,11.0,13.0,35,36
2.0,9.0,4.0,51.0,0.0,16.0,9.0,Burnley,2.0,0.0,11.0,10.0,1.0,49.0,0.0,18.0,11.0,Sheffield Utd,2.4,1.0,2.0,0.0,A,2024-04-20,A,0.3999999999999999,1.124223602484472,0.9608610567514677,1490.3584167174945,1549.692909742844,-59.3344930253495,1.8999999999999997,1.0,12.333333333333334,15.333333333333334,7.0,7.0,2.4999999999999996,1.6666666666666667,21.0,13.333333333333334,9.0,5.666666666666667,13.0,14.0,17,17
9.0,9.0,5.0,47.0,0.0,21.0,9.0,Brentford,3.0,2.0,4.0,13.0,1.0,53.0,0.0,6.0,3.0,Luton Town,0.6,1.0,2.0,0.0,A,2024-04-20,A,-2.4,0.2890995260663507,1.127388535031847,1565.7206662720498,1822.9185183714126,-257.19785209936276,0.8999999999999999,1.6666666666666667,11.666666666666666,15.0,5.333333333333333,5.333333333333333,1.633333333333333,2.0,11.333333333333334,12.666666666666666,4.0,5.666666666666667,14.0,14.0,17,36
2.0,9.0,2.0,54.0,0.0,24.0,9.0,Arsenal,1.0,2.0,1.0,14.0,0.0,46.0,0.0,5.0,3.0,Wolves,0.2,3.0,1.0,0.0,A,2024-04-20,A,-0.8,0.21161825726141076,0.8521256931608133,1603.0797539280402,2031.4490737704036,-428.36931984236344,0.8333333333333334,1.6666666666666667,9.0,19.333333333333332,4.333333333333333,6.333333333333333,0.5666666666666667,1.6666666666666667,9.0,16.666666666666668,2.0,6.0,14.0,14.0,35,36
4.0,9.0,0.0,59.0,0.0,8.0,3.0,Nott'ham Forest,1.0,2.0,6.0,15.0,2.0,41.0,0.0,7.0,4.0,Everton,0.3,3.0,0.0,1.0,H,2024-04-21,H,-0.7,0.8765432098765432,0.6954314720812182,1726.6995064747496,1714.9753427172018,11.724163757547785,1.3,1.3333333333333333,13.666666666666666,8.666666666666666,6.0,3.0,0.7999999999999997,1.6666666666666667,11.333333333333334,12.333333333333334,5.0,5.0,15.0,14.0,35,36
0.0,9.0,2.0,60.0,0.0,4.0,1.0,West Ham,1.0,2.0,4.0,9.0,5.0,40.0,0.0,18.0,7.0,Crystal Palace,2.4,3.0,1.0,4.0,H,2024-04-21,H,1.4,4.414634146341464,0.6672212978369384,1762.76945717414,1647.3033468244073,115.46611034973262,2.066666666666667,1.3333333333333333,15.333333333333334,10.0,5.0,3.6666666666666665,2.666666666666666,1.0,18.666666666666668,8.333333333333334,7.666666666666667,3.0,15.0,15.0,35,36
4.0,14.0,1.0,56.0,0.0,14.0,6.0,Bournemouth,2.0,3.0,8.0,8.0,3.0,44.0,0.0,14.0,4.0,Aston Villa,2.4,1.0,1.0,1.0,D,2024-04-21,H,0.3999999999999999,1.0,0.786096256684492,1853.1627836918879,1752.0306042874054,101.13217940448249,1.6333333333333335,2.0,12.0,11.666666666666666,4.0,4.0,1.7999999999999996,1.0,17.666666666666668,10.666666666666666,6.333333333333333,3.3333333333333335,15.0,15.0,36,35
4.0,11.0,3.0,60.0,0.0,14.0,7.0,Liverpool,1.0,0.0,1.0,5.0,1.0,40.0,0.0,12.0,5.0,Fulham,0.8,3.0,1.0,1.0,D,2024-04-21,A,-0.19999999999999996,0.8581560283687943,0.6672212978369384,1840.3307787196475,1994.8542409456659,-154.5234622260184,1.5333333333333339,1.3333333333333333,14.0,13.333333333333334,5.333333333333333,5.666666666666667,0.8333333333333334,2.3333333333333335,9.666666666666666,21.333333333333332,4.0,5.333333333333333,15.0,14.0,36,35
2.0,11.0,0.0,45.0,0.0,7.0,1.0,Chelsea,2.0,2.0,4.0,12.0,5.0,55.0,0.0,27.0,10.0,Arsenal,3.3,2.0,0.0,1.0,H,2024-04-23,H,1.2999999999999998,3.8169014084507045,1.221729490022173,2031.4490737704036,1894.8360852874234,136.6129884829802,1.866666666666667,1.0,19.333333333333332,7.666666666666667,6.0,1.3333333333333333,2.1666666666666665,1.3333333333333333,17.333333333333332,10.0,7.0,3.3333333333333335,9.0,16.0,36,35
12.0,17.0,1.0,63.0,1.0,21.0,6.0,Bournemouth,2.0,1.0,8.0,10.0,0.0,37.0,0.0,15.0,4.0,Wolves,0.5,4.0,1.0,0.0,A,2024-04-24,A,-1.5,0.7156398104265402,0.5879556259904913,1603.0797539280402,1752.0306042874054,-148.95085035936518,0.7333333333333334,1.3333333333333333,11.333333333333334,18.666666666666668,4.666666666666667,6.333333333333333,1.4666666666666661,1.3333333333333333,16.0,14.333333333333334,5.666666666666667,4.333333333333333,4.0,3.0,36,36
13.0,13.0,0.0,75.0,0.0,23.0,7.0,Liverpool,2.0,3.0,4.0,6.0,2.0,25.0,0.0,16.0,6.0,Everton,1.2,0.0,0.0,1.0,H,2024-04-24,H,-0.8,0.696969696969697,0.3342210386151798,1726.6995064747496,1994.8542409456659,-268.1547344709163,0.7999999999999999,1.3333333333333333,11.666666666666666,12.333333333333334,4.333333333333333,3.6666666666666665,0.9,2.3333333333333335,12.333333333333334,21.666666666666668,5.333333333333333,7.0,3.0,3.0,36,36
4.0,9.0,2.0,71.0,0.0,10.0,4.0,Sheffield Utd,1.0,1.0,9.0,7.0,4.0,29.0,0.0,25.0,13.0,Manchester Utd,2.9,0.0,1.0,1.0,D,2024-04-24,H,1.9,2.4851485148514856,0.409282700421941,1739.89943343953,1490.3584167174945,249.54101672203547,2.1,2.3333333333333335,16.333333333333332,20.333333333333332,8.666666666666666,5.666666666666667,1.8999999999999997,1.0,21.0,8.666666666666666,9.0,3.0,17.0,11.0,35,17
2.0,15.0,0.0,53.0,0.0,7.0,2.0,Newcastle Utd,0.0,3.0,7.0,10.0,2.0,47.0,0.0,20.0,7.0,Crystal Palace,0.9,3.0,0.0,0.0,D,2024-04-24,H,0.9,2.830985915492958,0.8870056497175142,1762.76945717414,1899.5248972494726,-136.75544007533267,1.4666666666666668,1.0,15.0,9.666666666666666,6.0,3.6666666666666665,1.2333333333333336,0.6666666666666666,15.333333333333334,10.0,6.333333333333333,3.3333333333333335,3.0,18.0,36,35
4.0,3.0,4.0,64.0,0.0,14.0,6.0,Manchester City,1.0,0.0,4.0,10.0,0.0,36.0,0.0,7.0,3.0,Brighton,0.6,2.0,3.0,0.0,A,2024-04-25,A,-0.4,0.5035460992907801,0.5631825273010921,1770.14782868638,2000.0555871302647,-229.90775844388463,0.5,1.6666666666666667,9.0,14.333333333333334,2.6666666666666665,5.666666666666667,1.4666666666666668,1.6666666666666667,11.0,14.0,4.333333333333333,6.666666666666667,19.0,19.0,35,35
8.0,10.0,2.0,71.0,0.0,28.0,8.0,Liverpool,2.0,2.0,5.0,8.0,2.0,29.0,0.0,11.0,8.0,West Ham,0.7,0.0,0.0,1.0,H,2024-04-27,D,-1.3,0.395017793594306,0.409282700421941,1647.3033468244073,1994.8542409456659,-347.5508941212586,1.0333333333333332,2.0,12.333333333333334,19.666666666666668,5.333333333333333,7.333333333333333,0.8999999999999999,1.6666666666666667,13.0,21.666666666666668,6.333333333333333,7.333333333333333,13.0,3.0,37,37
4.0,14.0,1.0,58.0,0.0,9.0,6.0,Luton Town,1.0,1.0,4.0,14.0,2.0,42.0,0.0,13.0,5.0,Wolves,1.2,3.0,0.0,1.0,H,2024-04-27,H,0.19999999999999996,1.4395604395604396,0.7246127366609294,1603.0797539280402,1565.7206662720498,37.35908765599038,0.6333333333333333,1.3333333333333333,11.0,18.0,4.0,7.0,2.033333333333333,0.6666666666666666,19.666666666666668,6.0,7.333333333333333,3.0,3.0,14.0,37,18
5.0,11.0,1.0,48.0,0.0,16.0,7.0,Burnley,2.0,3.0,6.0,7.0,1.0,52.0,0.0,27.0,10.0,Manchester Utd,2.7,1.0,0.0,0.0,D,2024-04-27,D,0.7000000000000002,1.6832298136645962,1.0831600831600832,1739.89943343953,1549.692909742844,190.20652369668596,2.1,2.3333333333333335,20.333333333333332,18.0,9.333333333333334,6.0,1.9999999999999998,1.6666666666666667,19.0,12.666666666666666,8.0,5.666666666666667,3.0,7.0,36,18
9.0,15.0,1.0,53.0,0.0,14.0,4.0,Crystal Palace,1.0,2.0,5.0,11.0,1.0,47.0,0.0,9.0,2.0,Fulham,1.1,0.0,0.0,0.0,D,2024-04-27,D,0.10000000000000009,0.6453900709219859,0.8870056497175142,1840.3307787196475,1762.76945717414,77.56132154550755,1.0333333333333334,1.0,11.666666666666666,13.333333333333334,3.6666666666666665,5.333333333333333,1.633333333333333,1.0,13.666666666666666,8.333333333333334,4.666666666666667,3.6666666666666665,6.0,13.0,37,37
5.0,10.0,1.0,60.0,0.0,15.0,5.0,Sheffield Utd,2.0,0.0,4.0,9.0,5.0,40.0,0.0,20.0,7.0,Newcastle Utd,3.1,0.0,1.0,1.0,D,2024-04-27,H,1.1,1.3311258278145697,0.6672212978369384,1899.5248972494726,1490.3584167174945,409.1664805319781,2.766666666666667,1.3333333333333333,18.666666666666668,12.0,6.0,3.3333333333333335,2.3333333333333335,1.3333333333333333,18.0,11.0,8.333333333333334,3.6666666666666665,14.0,3.0,37,18
6.0,12.0,0.0,52.0,0.0,10.0,4.0,Brentford,1.0,2.0,6.0,10.0,1.0,48.0,0.0,18.0,1.0,Everton,0.8,1.0,0.0,0.0,D,2024-04-27,H,-0.19999999999999996,1.7920792079207923,0.9232245681381958,1726.6995064747496,1822.9185183714126,-96.219011896663,0.7666666666666666,1.3333333333333333,13.666666666666666,13.666666666666666,3.6666666666666665,4.666666666666667,0.9666666666666665,2.0,11.666666666666666,13.0,2.3333333333333335,5.333333333333333,3.0,7.0,37,37
4.0,14.0,2.0,29.0,0.0,21.0,5.0,Chelsea,2.0,5.0,2.0,13.0,2.0,71.0,0.0,9.0,4.0,Aston Villa,1.1,3.0,0.0,2.0,H,2024-04-27,D,-0.8999999999999999,0.4312796208530805,2.4432989690721647,1853.1627836918879,1894.8360852874234,-41.67330159553558,1.6666666666666667,2.0,11.333333333333334,14.333333333333334,3.6666666666666665,4.666666666666667,1.9333333333333336,1.3333333333333333,15.666666666666666,11.333333333333334,6.666666666666667,3.0,6.0,4.0,37,36
6.0,16.0,3.0,38.0,0.0,9.0,3.0,Arsenal,1.0,1.0,8.0,12.0,2.0,62.0,0.0,14.0,2.0,Tottenham,2.3,2.0,3.0,0.0,A,2024-04-28,A,1.2999999999999998,1.5494505494505495,1.6299212598425197,1789.5016562986125,2031.4490737704036,-241.94741747179114,2.233333333333333,1.3333333333333333,16.0,9.666666666666666,4.333333333333333,4.0,1.0,1.6666666666666667,9.666666666666666,17.666666666666668,2.3333333333333335,6.333333333333333,21.0,8.0,36,37
2.0,10.0,0.0,69.0,0.0,13.0,1.0,Brighton,1.0,2.0,8.0,14.0,3.0,31.0,0.0,15.0,6.0,Bournemouth,1.9,2.0,0.0,1.0,H,2024-04-28,H,0.8999999999999999,1.1526717557251909,0.4500723589001448,1752.0306042874054,1770.14782868638,-18.117224398974713,1.5333333333333332,0.6666666666666666,15.333333333333334,8.0,5.666666666666667,1.6666666666666667,1.4000000000000001,1.0,10.333333333333334,19.0,3.6666666666666665,5.0,15.0,15.0,37,37
5.0,6.0,2.0,66.0,0.0,11.0,5.0,Manchester City,1.0,0.0,4.0,8.0,0.0,34.0,0.0,14.0,2.0,Nott'ham Forest,1.9,0.0,1.0,0.0,A,2024-04-28,A,0.8999999999999999,1.2702702702702702,0.5158850226928896,1714.9753427172018,2000.0555871302647,-285.0802444130629,1.7666666666666664,1.3333333333333333,16.0,13.333333333333334,5.0,4.0,1.2,1.3333333333333333,9.333333333333334,14.333333333333334,3.0,6.333333333333333,15.0,3.0,37,36
9.0,16.0,0.0,63.0,0.0,19.0,3.0,Tottenham,2.0,1.0,4.0,12.0,2.0,37.0,0.0,16.0,5.0,Chelsea,2.2,0.0,0.0,1.0,H,2024-05-02,H,0.20000000000000018,0.8429319371727749,0.5879556259904913,1894.8360852874234,1789.5016562986125,105.33442898881094,2.766666666666667,2.0,19.333333333333332,16.0,8.333333333333334,3.3333333333333335,2.1666666666666665,1.3333333333333333,15.0,14.333333333333334,4.666666666666667,3.0,17.0,19.0,36,36
7.0,12.0,1.0,49.0,0.0,10.0,3.0,Everton,1.0,3.0,8.0,14.0,1.0,51.0,0.0,18.0,5.0,Luton Town,0.8,1.0,1.0,1.0,D,2024-05-03,D,-0.19999999999999996,1.7920792079207923,1.0407331975560081,1565.7206662720498,1726.6995064747496,-160.97884020269976,0.9666666666666665,1.3333333333333333,14.333333333333334,13.0,5.666666666666667,4.333333333333333,2.1,1.3333333333333333,16.666666666666668,10.0,7.0,2.6666666666666665,13.0,18.0,18,37
1.0,12.0,0.0,55.0,0.0,7.0,2.0,Bournemouth,1.0,3.0,6.0,16.0,3.0,45.0,0.0,25.0,9.0,Arsenal,3.3,2.0,0.0,1.0,H,2024-05-04,H,2.3,3.535211267605634,0.8185117967332124,2031.4490737704036,1752.0306042874054,279.41846948299826,2.733333333333333,1.3333333333333333,23.333333333333332,8.333333333333334,7.666666666666667,1.6666666666666667,2.0666666666666664,1.6666666666666667,18.0,14.0,5.666666666666667,4.666666666666667,11.0,10.0,37,37
6.0,6.0,0.0,54.0,0.0,15.0,3.0,Fulham,1.0,1.0,7.0,3.0,0.0,46.0,0.0,7.0,3.0,Brentford,0.6,1.0,0.0,0.0,D,2024-05-04,D,-0.4,0.47019867549668876,0.8521256931608133,1822.9185183714126,1840.3307787196475,-17.412260348234895,0.7333333333333334,1.0,7.0,15.666666666666666,3.3333333333333335,3.6666666666666665,1.0,2.0,12.666666666666666,17.0,3.6666666666666665,5.333333333333333,21.0,20.0,37,37
11.0,8.0,4.0,53.0,0.0,23.0,11.0,Newcastle Utd,3.0,2.0,4.0,8.0,1.0,47.0,0.0,17.0,5.0,Burnley,1.0,2.0,3.0,0.0,A,2024-05-04,A,-2.0,0.7402597402597403,0.8870056497175142,1549.692909742844,1899.5248972494726,-349.8319875066286,1.3333333333333333,1.6666666666666667,13.666666666666666,17.0,4.666666666666667,7.0,1.0333333333333337,1.3333333333333333,17.0,14.0,5.333333333333333,6.0,21.0,10.0,18,36
3.0,7.0,3.0,46.0,0.0,15.0,4.0,Nott'ham Forest,1.0,1.0,5.0,9.0,1.0,54.0,1.0,17.0,5.0,Sheffield Utd,2.2,0.0,1.0,1.0,D,2024-05-04,A,1.2000000000000002,1.1324503311258278,1.17353579175705,1490.3584167174945,1714.9753427172018,-224.6169259997073,2.0,1.0,15.333333333333334,12.333333333333334,7.333333333333333,5.333333333333333,1.333333333333333,1.3333333333333333,13.666666666666666,12.0,5.333333333333333,4.333333333333333,14.0,13.0,18,37
0.0,17.0,1.0,58.0,0.0,2.0,1.0,Wolves,0.0,4.0,6.0,4.0,5.0,42.0,0.0,20.0,12.0,Manchester City,3.7,0.0,0.0,3.0,H,2024-05-04,H,3.7,9.571428571428571,0.7246127366609294,2000.0555871302647,1603.0797539280402,396.9758332022245,3.766666666666666,0.6666666666666666,26.0,4.666666666666667,12.0,2.0,2.3000000000000003,0.6666666666666666,17.0,7.0,9.0,2.3333333333333335,21.0,21.0,37,37
3.0,10.0,0.0,52.0,0.0,2.0,1.0,Aston Villa,0.0,1.0,7.0,13.0,1.0,48.0,0.0,15.0,8.0,Brighton,2.5,2.0,0.0,0.0,D,2024-05-05,H,2.5,7.19047619047619,0.9232245681381958,1770.14782868638,1853.1627836918879,-83.01495500550777,1.2,1.3333333333333333,10.666666666666666,12.0,4.333333333333333,4.666666666666667,2.5,0.6666666666666666,19.333333333333332,7.0,7.666666666666667,2.0,10.0,21.0,36,37
6.0,10.0,0.0,69.0,0.0,13.0,2.0,West Ham,1.0,3.0,8.0,12.0,5.0,31.0,0.0,25.0,14.0,Chelsea,4.1,1.0,0.0,3.0,H,2024-05-05,H,3.0999999999999996,1.9160305343511452,0.4500723589001448,1894.8360852874234,1647.3033468244073,247.53273846301613,3.1333333333333333,1.6666666666666667,18.333333333333332,14.0,9.666666666666666,2.3333333333333335,2.666666666666666,1.0,19.0,9.333333333333334,9.333333333333334,2.3333333333333335,3.0,14.0,37,37
3.0,12.0,2.0,44.0,0.0,11.0,6.0,Tottenham,1.0,4.0,8.0,14.0,4.0,56.0,0.0,25.0,13.0,Liverpool,3.3,1.0,0.0,2.0,H,2024-05-05,H,2.3,2.2612612612612613,1.272108843537415,1994.8542409456659,1789.5016562986125,205.3525846470534,2.6,1.3333333333333333,25.0,9.0,9.333333333333334,4.666666666666667,2.766666666666666,1.3333333333333333,19.666666666666668,13.666666666666666,7.666666666666667,3.6666666666666665,21.0,3.0,37,37
3.0,8.0,0.0,57.0,0.0,7.0,2.0,Manchester Utd,0.0,1.0,6.0,12.0,4.0,43.0,0.0,18.0,10.0,Crystal Palace,1.7,1.0,0.0,2.0,H,2024-05-06,H,1.7,2.5492957746478875,0.7548161120840631,1762.76945717414,1739.89943343953,22.87002373460996,1.6666666666666667,0.3333333333333333,18.666666666666668,6.0,8.0,1.6666666666666667,2.1,1.0,22.0,11.333333333333334,8.333333333333334,3.0,12.0,23.0,37,37
3.0,12.0,3.0,38.0,1.0,13.0,3.0,Crystal Palace,3.0,2.0,8.0,13.0,1.0,62.0,0.0,13.0,7.0,Wolves,1.6,3.0,2.0,0.0,A,2024-05-11,A,-1.4,1.0,1.6299212598425197,1603.0797539280402,1762.76945717414,-159.68970324609973,1.0999999999999999,2.0,13.666666666666666,14.333333333333334,5.333333333333333,5.0,1.7999999999999998,2.0,14.333333333333334,11.666666666666666,5.0,4.0,14.0,14.0,38,38
4.0,16.0,1.0,57.0,0.0,15.0,4.0,Brighton,1.0,4.0,8.0,9.0,1.0,43.0,0.0,18.0,7.0,Newcastle Utd,2.2,3.0,1.0,1.0,D,2024-05-11,D,1.2000000000000002,1.1986754966887418,0.7548161120840631,1899.5248972494726,1770.14782868638,129.3770685630925,2.7000000000000006,1.3333333333333333,18.666666666666668,13.666666666666666,6.333333333333333,3.6666666666666665,1.9333333333333336,1.0,14.666666666666666,16.0,5.333333333333333,4.333333333333333,14.0,13.0,38,38
3.0,14.0,1.0,63.0,0.0,7.0,3.0,Burnley,1.0,5.0,9.0,10.0,2.0,37.0,0.0,21.0,9.0,Tottenham,2.7,3.0,1.0,1.0,D,2024-05-11,H,1.7000000000000002,2.9718309859154934,0.5879556259904913,1789.5016562986125,1549.692909742844,239.8087465557685,2.1666666666666665,1.3333333333333333,17.333333333333332,9.666666666666666,6.0,4.0,2.5999999999999996,1.6666666666666667,22.0,13.0,10.0,6.333333333333333,13.0,14.0,37,19
7.0,6.0,4.0,64.0,0.0,16.0,9.0,Manchester City,3.0,0.0,1.0,9.0,0.0,36.0,1.0,1.0,1.0,Fulham,0.1,1.0,1.0,0.0,A,2024-05-11,A,-2.9,0.06832298136645963,0.5631825273010921,1840.3307787196475,2000.0555871302647,-159.72480841061724,0.6666666666666669,1.6666666666666667,7.333333333333333,14.666666666666666,2.6666666666666665,6.666666666666667,0.8666666666666667,1.6666666666666667,7.333333333333333,13.666666666666666,2.0,6.666666666666667,14.0,13.0,38,37
6.0,8.0,3.0,67.0,0.0,12.0,5.0,Chelsea,2.0,3.0,5.0,14.0,2.0,33.0,0.0,20.0,4.0,Nott'ham Forest,1.5,2.0,1.0,1.0,D,2024-05-11,A,-0.5,1.6611570247933887,0.49329359165424747,1714.9753427172018,1894.8360852874234,-179.86074257022165,1.7666666666666664,1.3333333333333333,17.333333333333332,11.333333333333334,5.0,4.666666666666667,1.9666666666666668,2.0,18.666666666666668,13.333333333333334,6.0,3.6666666666666665,13.0,14.0,38,37
6.0,11.0,0.0,58.0,0.0,13.0,1.0,Sheffield Utd,1.0,2.0,3.0,6.0,1.0,42.0,0.0,15.0,6.0,Everton,2.3,1.0,0.0,1.0,H,2024-05-11,H,1.2999999999999998,1.1526717557251909,0.7246127366609294,1726.6995064747496,1490.3584167174945,236.34108975725508,1.4333333333333333,1.3333333333333333,16.333333333333332,15.333333333333334,4.333333333333333,4.0,2.766666666666667,1.3333333333333333,20.0,12.666666666666666,8.666666666666666,3.3333333333333335,14.0,14.0,38,19
6.0,15.0,1.0,58.0,0.0,4.0,1.0,Luton Town,0.0,3.0,7.0,9.0,3.0,42.0,0.0,24.0,8.0,West Ham,3.2,1.0,1.0,0.0,A,2024-05-11,H,3.2,5.878048780487806,0.7246127366609294,1647.3033468244073,1565.7206662720498,81.58268055235749,1.5999999999999999,1.6666666666666667,16.666666666666668,16.666666666666668,6.666666666666667,6.333333333333333,2.866666666666667,0.6666666666666666,23.333333333333332,5.666666666666667,8.666666666666666,3.0,14.0,14.0,38,19
8.0,12.0,2.0,52.0,0.0,11.0,5.0,Brentford,1.0,2.0,3.0,16.0,1.0,48.0,0.0,13.0,4.0,Bournemouth,0.7,2.0,0.0,0.0,D,2024-05-11,A,-0.30000000000000004,1.1801801801801801,0.9232245681381958,1752.0306042874054,1822.9185183714126,-70.8879140840072,1.3999999999999997,1.0,16.0,10.666666666666666,5.0,2.6666666666666665,0.6999999999999998,1.6666666666666667,12.333333333333334,14.0,2.6666666666666665,6.0,13.0,14.0,38,38
7.0,6.0,1.0,46.0,0.0,11.0,5.0,Arsenal,2.0,2.0,4.0,5.0,0.0,54.0,0.0,14.0,2.0,Manchester Utd,0.5,0.0,1.0,0.0,A,2024-05-12,A,-1.5,1.2702702702702702,1.17353579175705,1739.89943343953,2031.4490737704036,-291.5496403308737,2.033333333333333,1.6666666666666667,22.0,12.333333333333334,8.333333333333334,5.333333333333333,1.0,1.3333333333333333,11.0,14.666666666666666,2.3333333333333335,5.666666666666667,15.0,14.0,37,38
4.0,15.0,3.0,59.0,0.0,14.0,7.0,Liverpool,2.0,1.0,5.0,11.0,3.0,41.0,0.0,19.0,5.0,Aston Villa,3.1,1.0,2.0,1.0,A,2024-05-13,D,1.1,1.3546099290780143,0.6954314720812182,1853.1627836918879,1994.8542409456659,-141.69145725377803,2.2,2.0,14.0,16.333333333333332,4.333333333333333,6.0,1.6666666666666667,2.0,15.333333333333334,21.666666666666668,6.333333333333333,7.333333333333333,16.0,16.0,38,38
4.0,11.0,2.0,47.0,0.0,8.0,5.0,Manchester City,2.0,3.0,7.0,14.0,0.0,53.0,0.0,10.0,5.0,Tottenham,1.7,3.0,0.0,0.0,D,2024-05-14,A,-0.30000000000000004,1.2469135802469136,1.127388535031847,1789.5016562986125,2000.0555871302647,-210.55393083165222,2.2333333333333334,1.3333333333333333,15.0,8.0,5.333333333333333,3.6666666666666665,1.2333333333333334,2.0,8.333333333333334,11.666666666666666,2.6666666666666665,6.333333333333333,3.0,3.0,38,38
6.0,14.0,2.0,55.0,1.0,13.0,6.0,Chelsea,2.0,2.0,4.0,13.0,1.0,45.0,0.0,12.0,2.0,Brighton,1.3,2.0,1.0,0.0,A,2024-05-15,A,-0.7,0.9236641221374046,0.8185117967332124,1770.14782868638,1894.8360852874234,-124.68825660104335,1.4666666666666668,1.0,11.333333333333334,9.666666666666666,4.333333333333333,4.333333333333333,1.3,2.0,13.666666666666666,15.333333333333334,3.3333333333333335,5.333333333333333,10.0,4.0,37,38
9.0,7.0,2.0,45.0,0.0,21.0,8.0,Newcastle Utd,2.0,3.0,9.0,16.0,3.0,55.0,0.0,17.0,8.0,Manchester Utd,1.5,3.0,0.0,1.0,H,2024-05-15,H,-0.5,0.8104265402843602,1.221729490022173,1739.89943343953,1899.5248972494726,-159.62546380994263,1.5666666666666667,2.0,19.333333333333332,16.0,6.666666666666667,6.666666666666667,1.1333333333333337,1.6666666666666667,18.0,17.0,6.666666666666667,7.0,3.0,11.0,38,37
4.0,20.0,4.0,59.0,0.0,15.0,7.0,Fulham,1.0,4.0,4.0,15.0,2.0,41.0,0.0,15.0,6.0,Luton Town,2.0,5.0,2.0,1.0,A,2024-05-19,A,1.0,1.0,0.6954314720812182,1565.7206662720498,1840.3307787196475,-274.61011244759766,1.133333333333333,1.6666666666666667,13.0,15.333333333333334,4.666666666666667,6.333333333333333,1.1666666666666667,1.6666666666666667,12.333333333333334,16.0,4.333333333333333,6.666666666666667,16.0,15.0,19,38
5.0,9.0,1.0,61.0,0.0,22.0,5.0,Bournemouth,2.0,3.0,6.0,5.0,2.0,39.0,0.0,16.0,6.0,Chelsea,1.1,2.0,0.0,1.0,H,2024-05-19,H,-0.8999999999999999,0.7285067873303167,0.6399345335515548,1894.8360852874234,1752.0306042874054,142.80548100001806,2.466666666666667,1.6666666666666667,19.0,18.0,8.333333333333334,3.3333333333333335,1.6333333333333329,1.6666666666666667,18.666666666666668,16.666666666666668,6.333333333333333,4.333333333333333,14.0,15.0,38,38
2.0,11.0,0.0,67.0,1.0,4.0,3.0,Wolves,1.0,1.0,10.0,14.0,2.0,33.0,0.0,36.0,14.0,Liverpool,4.5,1.0,0.0,2.0,H,2024-05-19,H,3.5,8.80487804878049,0.49329359165424747,1994.8542409456659,1603.0797539280402,391.7744870176257,3.5,1.3333333333333333,27.333333333333332,7.666666666666667,11.0,4.666666666666667,3.366666666666667,0.6666666666666666,24.666666666666668,5.666666666666667,11.666666666666666,2.6666666666666665,14.0,15.0,38,38
3.0,5.0,2.0,28.0,0.0,12.0,6.0,Nott'ham Forest,2.0,0.0,4.0,11.0,1.0,72.0,0.0,20.0,3.0,Burnley,1.2,1.0,2.0,0.0,A,2024-05-19,A,-0.8,1.6611570247933887,2.565836298932384,1549.692909742844,1714.9753427172018,-165.2824329743578,1.3,2.0,16.0,18.333333333333332,3.6666666666666665,8.333333333333334,1.2333333333333332,1.3333333333333333,14.666666666666666,11.666666666666666,4.0,4.333333333333333,15.0,15.0,19,38
4.0,8.0,0.0,46.0,0.0,8.0,2.0,Aston Villa,1.0,4.0,2.0,10.0,5.0,54.0,0.0,15.0,9.0,Crystal Palace,2.5,1.0,0.0,2.0,H,2024-05-19,H,1.5,1.8641975308641976,1.17353579175705,1762.76945717414,1853.1627836918879,-90.39332651774794,1.7000000000000002,0.3333333333333333,17.666666666666668,7.333333333333333,8.666666666666666,2.0,2.1999999999999997,0.6666666666666666,16.0,7.0,7.0,1.6666666666666667,13.0,14.0,38,38
5.0,9.0,2.0,45.0,0.0,11.0,4.0,Manchester Utd,1.0,3.0,7.0,10.0,0.0,55.0,0.0,17.0,3.0,Brighton,1.7,1.0,0.0,0.0,D,2024-05-19,A,0.7,1.5405405405405408,1.221729490022173,1770.14782868638,1739.89943343953,30.248395246850123,1.8333333333333333,1.0,14.666666666666666,8.666666666666666,4.333333333333333,3.6666666666666665,1.666666666666667,0.6666666666666666,18.333333333333332,8.666666666666666,6.0,2.6666666666666665,4.0,13.0,38,38
1.0,11.0,1.0,68.0,0.0,5.0,2.0,Everton,1.0,3.0,8.0,8.0,2.0,32.0,0.0,26.0,5.0,Arsenal,2.9,4.0,1.0,1.0,D,2024-05-19,H,1.9,5.11764705882353,0.4713656387665199,2031.4490737704036,1726.6995064747496,304.74956729565406,3.1666666666666665,1.3333333333333333,26.0,6.333333333333333,8.0,1.6666666666666667,2.266666666666666,1.3333333333333333,19.333333333333332,8.333333333333334,6.666666666666667,2.3333333333333335,15.0,16.0,38,38
0.0,11.0,4.0,46.0,0.0,12.0,7.0,Newcastle Utd,3.0,4.0,3.0,15.0,2.0,54.0,0.0,10.0,5.0,Brentford,1.1,4.0,3.0,0.0,A,2024-05-19,A,-1.9,0.8347107438016529,1.17353579175705,1822.9185183714126,1899.5248972494726,-76.60637887806001,0.9,1.6666666666666667,8.666666666666666,11.666666666666666,4.333333333333333,4.0,1.2000000000000004,2.6666666666666665,14.666666666666666,18.666666666666668,6.0,8.666666666666666,15.0,4.0,38,38
2.0,12.0,1.0,71.0,0.0,3.0,2.0,West Ham,0.0,1.0,11.0,3.0,3.0,29.0,0.0,28.0,12.0,Manchester City,1.9,0.0,1.0,2.0,H,2024-05-19,H,1.9,9.064516129032258,0.409282700421941,2000.0555871302647,1647.3033468244073,352.7522403058574,3.266666666666666,0.3333333333333333,27.0,3.0,12.333333333333334,1.6666666666666667,2.7999999999999994,0.6666666666666666,23.666666666666668,6.666666666666667,11.0,1.6666666666666667,15.0,14.0,38,38
6.0,9.0,3.0,75.0,0.0,18.0,9.0,Tottenham,3.0,0.0,2.0,11.0,0.0,25.0,0.0,6.0,1.0,Sheffield Utd,1.0,2.0,1.0,0.0,A,2024-05-19,A,-2.0,0.33701657458563533,0.3342210386151798,1490.3584167174945,1789.5016562986125,-299.143239581118,1.8666666666666665,2.0,13.666666666666666,16.333333333333332,5.666666666666667,7.333333333333333,2.1666666666666665,2.0,15.666666666666666,16.0,6.333333333333333,6.0,15.0,14.0,19,38
8.0,10.0,0.0,55.0,0.0,10.0,2.0,Fulham,0.0,3.0,7.0,12.0,1.0,45.0,0.0,14.0,5.0,Manchester Utd,2.4,2.0,0.0,0.0,D,2024-08-16,H,2.4,1.396039603960396,0.8185117967332124,1739.89943343953,1840.3307787196475,-100.43134528011751,1.4666666666666668,1.3333333333333333,15.0,14.0,5.0,5.0,1.6666666666666667,0.6666666666666666,12.0,13.333333333333334,4.666666666666667,4.0,93.0,89.0,39,39
10.0,18.0,2.0,62.0,0.0,18.0,5.0,Liverpool,3.0,1.0,2.0,9.0,0.0,38.0,0.0,7.0,2.0,Ipswich Town,0.5,3.0,0.0,0.0,D,2024-08-17,A,-2.5,0.3922651933701657,0.6135265700483092,1539.7578716005646,1994.8542409456659,-455.09636934510127,0.5,3.0,7.0,18.0,2.0,5.0,1.4333333333333333,2.3333333333333335,12.333333333333334,20.0,5.0,6.666666666666667,18.0,96.0,1,39
12.0,16.0,0.0,23.0,0.0,19.0,4.0,Southampton,2.0,4.0,3.0,15.0,1.0,77.0,1.0,3.0,1.0,Newcastle Utd,0.3,2.0,0.0,1.0,H,2024-08-17,H,-1.7,0.16230366492146597,3.337662337662337,1899.5248972494726,1485.0415513826488,414.4833458668238,1.8666666666666671,1.6666666666666667,13.666666666666666,16.333333333333332,5.0,4.333333333333333,1.5333333333333332,2.0,12.666666666666666,14.333333333333334,4.333333333333333,3.3333333333333335,98.0,454.0,39,20
5.0,8.0,3.0,60.0,0.0,10.0,5.0,Brighton,1.0,1.0,1.0,8.0,0.0,40.0,1.0,9.0,1.0,Everton,0.5,1.0,1.0,0.0,A,2024-08-17,A,-0.5,0.900990099009901,0.6672212978369384,1726.6995064747496,1770.14782868638,-43.44832221163051,1.2,1.0,14.0,11.0,2.6666666666666665,3.3333333333333335,1.5333333333333339,1.0,14.0,12.666666666666666,4.666666666666667,3.3333333333333335,98.0,98.0,39,39
6.0,8.0,1.0,47.0,0.0,13.0,4.0,Bournemouth,1.0,3.0,2.0,17.0,1.0,53.0,0.0,14.0,8.0,Nott'ham Forest,1.3,1.0,0.0,1.0,H,2024-08-17,D,0.30000000000000004,1.0763358778625953,1.127388535031847,1714.9753427172018,1752.0306042874054,-37.055261570203584,1.5666666666666664,1.3333333333333333,16.0,12.0,4.666666666666667,4.666666666666667,1.8999999999999997,1.3333333333333333,18.333333333333332,14.0,7.666666666666667,3.6666666666666665,98.0,90.0,39,39
2.0,14.0,0.0,53.0,0.0,9.0,3.0,Wolves,1.0,2.0,8.0,17.0,2.0,47.0,0.0,18.0,6.0,Arsenal,1.2,2.0,0.0,1.0,H,2024-08-17,H,0.19999999999999996,1.9890109890109893,0.8870056497175142,2031.4490737704036,1603.0797539280402,428.36931984236344,2.466666666666667,1.0,23.0,7.0,6.666666666666667,2.3333333333333335,3.1333333333333333,0.6666666666666666,24.666666666666668,5.0,10.666666666666666,2.3333333333333335,90.0,90.0,39,39
3.0,11.0,2.0,48.0,0.0,15.0,3.0,Aston Villa,2.0,2.0,5.0,18.0,1.0,52.0,0.0,14.0,3.0,West Ham,2.3,1.0,1.0,1.0,D,2024-08-17,A,0.2999999999999998,0.9337748344370861,1.0831600831600832,1647.3033468244073,1853.1627836918879,-205.85943686748055,2.0666666666666664,1.3333333333333333,16.333333333333332,15.666666666666666,6.333333333333333,4.0,2.4333333333333336,1.0,14.666666666666666,8.333333333333334,6.666666666666667,2.0,98.0,90.0,39,39
7.0,15.0,1.0,46.0,0.0,14.0,6.0,Crystal Palace,1.0,5.0,4.0,6.0,2.0,54.0,0.0,9.0,5.0,Brentford,1.6,1.0,0.0,1.0,H,2024-08-18,H,0.6000000000000001,0.6453900709219859,1.17353579175705,1822.9185183714126,1762.76945717414,60.14906119727266,1.0999999999999999,1.6666666666666667,8.666666666666666,13.666666666666666,4.333333333333333,5.333333333333333,1.433333333333333,1.6666666666666667,10.333333333333334,13.666666666666666,4.666666666666667,4.333333333333333,91.0,99.0,39,39
3.0,9.0,2.0,52.0,0.0,11.0,5.0,Manchester City,1.0,1.0,4.0,12.0,0.0,48.0,0.0,10.0,3.0,Chelsea,1.0,1.0,1.0,0.0,A,2024-08-18,A,0.0,0.9099099099099099,0.9232245681381958,1894.8360852874234,2000.0555871302647,-105.21950184284128,2.0666666666666664,1.3333333333333333,17.0,15.333333333333334,7.666666666666667,4.0,0.9333333333333332,2.0,7.0,11.666666666666666,3.0,6.333333333333333,91.0,96.0,39,39
13.0,12.0,1.0,70.0,0.0,15.0,7.0,Tottenham,1.0,1.0,2.0,11.0,1.0,30.0,0.0,7.0,3.0,Leicester City,1.0,1.0,1.0,0.0,A,2024-08-19,D,0.0,0.47019867549668876,0.4293865905848788,1582.0828406343953,1789.5016562986125,-207.41881566421716,0.9333333333333332,1.3333333333333333,8.0,15.666666666666666,3.6666666666666665,5.0,1.7666666666666664,1.6666666666666667,12.666666666666666,14.666666666666666,5.666666666666667,7.333333333333333,449.0,92.0,20,39
3.0,17.0,2.0,58.0,0.0,18.0,3.0,West Ham,1.0,1.0,3.0,9.0,0.0,42.0,0.0,14.0,2.0,Crystal Palace,1.3,1.0,0.0,0.0,D,2024-08-24,A,0.30000000000000004,0.7790055248618784,0.7246127366609294,1762.76945717414,1647.3033468244073,115.46611034973262,1.8333333333333333,0.6666666666666666,15.666666666666666,11.0,7.0,2.3333333333333335,2.4333333333333327,0.6666666666666666,22.333333333333332,11.333333333333334,9.333333333333334,2.3333333333333335,97.0,97.0,39,39
1.0,15.0,2.0,60.0,0.0,9.0,4.0,Arsenal,1.0,3.0,4.0,8.0,0.0,40.0,0.0,11.0,3.0,Aston Villa,1.2,1.0,0.0,0.0,D,2024-08-24,A,0.19999999999999996,1.2197802197802199,0.6672212978369384,1853.1627836918879,2031.4490737704036,-178.28629007851578,1.8,1.6666666666666667,13.0,14.666666666666666,4.0,5.333333333333333,1.3333333333333333,1.3333333333333333,13.0,9.666666666666666,2.3333333333333335,4.0,103.0,104.0,39,39
4.0,13.0,1.0,52.0,0.0,11.0,4.0,Manchester Utd,1.0,2.0,4.0,9.0,2.0,48.0,0.0,14.0,5.0,Brighton,2.1,1.0,0.0,1.0,H,2024-08-24,H,1.1,1.2702702702702702,0.9232245681381958,1770.14782868638,1739.89943343953,30.248395246850123,1.7,1.3333333333333333,14.333333333333334,11.666666666666666,3.3333333333333335,4.666666666666667,1.8333333333333337,0.6666666666666666,16.333333333333332,9.666666666666666,6.0,3.3333333333333335,97.0,97.0,39,39
1.0,15.0,1.0,75.0,0.0,1.0,1.0,Ipswich Town,0.0,3.0,10.0,4.0,4.0,25.0,0.0,14.0,5.0,Manchester City,3.3,2.0,1.0,3.0,H,2024-08-24,H,3.3,12.818181818181817,0.3342210386151798,2000.0555871302647,1539.7578716005646,460.2977155297001,2.9666666666666663,0.0,20.666666666666668,2.0,9.666666666666666,1.3333333333333333,3.3,0.0,14.0,1.0,5.0,1.0,97.0,18.0,39,1
10.0,14.0,1.0,36.0,0.0,23.0,8.0,Nott'ham Forest,2.0,3.0,4.0,14.0,0.0,64.0,0.0,5.0,1.0,Southampton,0.1,3.0,0.0,0.0,D,2024-08-24,A,-1.9,0.22077922077922074,1.7756232686980606,1485.0415513826488,1714.9753427172018,-229.933791334553,0.7666666666666666,2.3333333333333335,8.333333333333334,20.666666666666668,4.0,6.666666666666667,1.1666666666666663,1.6666666666666667,14.0,16.666666666666668,3.0,6.0,454.0,97.0,20,39
5.0,15.0,0.0,70.0,0.0,10.0,1.0,Everton,1.0,0.0,12.0,11.0,4.0,30.0,0.0,13.0,7.0,Tottenham,2.4,0.0,0.0,2.0,H,2024-08-24,H,1.4,1.297029702970297,0.4293865905848788,1789.5016562986125,1726.6995064747496,62.80214982386292,2.2666666666666666,1.3333333333333333,14.666666666666666,8.333333333333334,7.0,3.0,2.0333333333333328,1.0,19.0,8.333333333333334,5.666666666666667,2.0,102.0,97.0,39,39
5.0,13.0,1.0,54.0,0.0,10.0,4.0,Leicester City,1.0,2.0,7.0,14.0,2.0,46.0,0.0,18.0,6.0,Fulham,1.8,2.0,1.0,1.0,D,2024-08-24,H,0.8,1.7920792079207923,0.8521256931608133,1840.3307787196475,1582.0828406343953,258.24793808525214,1.0000000000000002,1.6666666666666667,9.333333333333334,13.333333333333334,3.0,5.666666666666667,1.8333333333333337,1.3333333333333333,19.333333333333332,9.666666666666666,5.666666666666667,4.666666666666667,105.0,460.0,39,20
4.0,7.0,0.0,62.0,0.0,8.0,2.0,Brentford,1.0,3.0,9.0,10.0,2.0,38.0,0.0,19.0,8.0,Liverpool,2.5,2.0,0.0,1.0,H,2024-08-25,H,1.5,2.358024691358025,0.6135265700483092,1994.8542409456659,1822.9185183714126,171.9357225742533,3.4333333333333336,1.0,26.666666666666668,7.666666666666667,11.666666666666666,3.6666666666666665,1.3333333333333333,1.0,16.666666666666668,9.666666666666666,4.333333333333333,3.6666666666666665,98.0,106.0,39,39
5.0,13.0,6.0,60.0,0.0,14.0,8.0,Chelsea,2.0,3.0,5.0,13.0,2.0,40.0,0.0,12.0,4.0,Wolves,1.9,2.0,2.0,2.0,D,2024-08-25,A,-0.10000000000000009,0.8581560283687943,0.6672212978369384,1603.0797539280402,1894.8360852874234,-291.75633135938324,1.5666666666666667,2.0,12.666666666666666,12.0,5.333333333333333,5.666666666666667,1.5666666666666667,2.0,14.666666666666666,13.0,3.3333333333333335,6.333333333333333,106.0,102.0,39,39
9.0,8.0,1.0,61.0,0.0,14.0,5.0,Newcastle Utd,2.0,2.0,8.0,19.0,1.0,39.0,0.0,16.0,4.0,Bournemouth,2.2,2.0,0.0,1.0,H,2024-08-25,D,0.20000000000000018,1.1418439716312059,0.6399345335515548,1752.0306042874054,1899.5248972494726,-147.49429296206722,1.5999999999999999,1.3333333333333333,14.666666666666666,12.666666666666666,4.666666666666667,3.6666666666666665,1.6000000000000005,2.3333333333333335,14.333333333333334,15.666666666666666,5.666666666666667,6.666666666666667,106.0,98.0,39,39
7.0,7.0,1.0,36.0,0.0,22.0,4.0,Brighton,2.0,2.0,3.0,12.0,1.0,64.0,1.0,11.0,7.0,Arsenal,2.1,3.0,0.0,1.0,H,2024-08-31,D,0.10000000000000009,0.502262443438914,1.7756232686980606,2031.4490737704036,1770.14782868638,261.30124508402355,2.066666666666667,1.3333333333333333,18.333333333333332,12.0,6.0,3.0,1.6000000000000003,1.3333333333333333,12.666666666666666,15.666666666666666,5.0,4.333333333333333,14.0,14.0,40,40
6.0,15.0,1.0,52.0,0.0,9.0,4.0,Fulham,1.0,3.0,8.0,15.0,1.0,48.0,0.0,11.0,4.0,Ipswich Town,0.4,2.0,1.0,1.0,D,2024-08-31,D,-0.6,1.2197802197802199,0.9232245681381958,1539.7578716005646,1840.3307787196475,-300.57290711908286,0.45,2.0,9.0,13.5,3.0,4.5,1.6000000000000003,0.6666666666666666,13.333333333333334,11.333333333333334,5.0,4.333333333333333,14.0,15.0,2,40
3.0,18.0,1.0,48.0,0.0,11.0,3.0,Wolves,1.0,4.0,7.0,15.0,1.0,52.0,0.0,16.0,5.0,Nott'ham Forest,1.0,3.0,1.0,1.0,D,2024-08-31,D,0.0,1.4504504504504507,1.0831600831600832,1714.9753427172018,1603.0797539280402,111.8955887891616,1.2666666666666664,1.3333333333333333,16.666666666666668,12.0,5.666666666666667,4.0,2.2333333333333334,1.0,23.333333333333332,8.0,8.333333333333334,3.0,14.0,14.0,40,40
8.0,7.0,1.0,37.0,0.0,18.0,6.0,Southampton,2.0,1.0,2.0,10.0,3.0,63.0,0.0,20.0,7.0,Brentford,2.8,2.0,0.0,1.0,H,2024-08-31,H,0.7999999999999998,1.1104972375690607,1.7008086253369272,1822.9185183714126,1485.0415513826488,337.8769669887638,1.8333333333333333,2.0,13.0,14.666666666666666,5.666666666666667,6.333333333333333,1.8666666666666665,1.6666666666666667,16.333333333333332,14.0,5.333333333333333,3.6666666666666665,13.0,14.0,40,21
4.0,21.0,2.0,43.0,0.0,10.0,5.0,Aston Villa,1.0,5.0,1.0,13.0,1.0,57.0,0.0,9.0,3.0,Leicester City,0.4,4.0,1.0,0.0,A,2024-08-31,A,-0.6,0.900990099009901,1.3248259860788862,1582.0828406343953,1853.1627836918879,-271.0799430574925,0.9333333333333332,1.0,9.666666666666666,13.666666666666666,3.3333333333333335,5.0,1.7333333333333334,1.3333333333333333,12.666666666666666,11.0,5.0,3.3333333333333335,12.0,14.0,21,40
4.0,1.0,3.0,53.0,0.0,17.0,7.0,Bournemouth,2.0,1.0,8.0,6.0,2.0,47.0,0.0,18.0,8.0,Everton,1.8,2.0,0.0,0.0,D,2024-08-31,A,-0.19999999999999996,1.0584795321637426,0.8870056497175142,1726.6995064747496,1752.0306042874054,-25.3310978126558,1.5333333333333332,1.3333333333333333,14.0,13.333333333333334,5.0,4.333333333333333,1.3999999999999997,1.6666666666666667,16.0,17.333333333333332,7.333333333333333,5.333333333333333,14.0,14.0,40,40
11.0,3.0,3.0,67.0,0.0,23.0,8.0,Manchester City,3.0,2.0,3.0,10.0,1.0,33.0,0.0,10.0,2.0,West Ham,0.7,3.0,2.0,1.0,A,2024-08-31,A,-2.3,0.4372294372294372,0.49329359165424747,1647.3033468244073,2000.0555871302647,-352.7522403058574,2.0666666666666664,1.6666666666666667,16.0,14.0,4.333333333333333,4.0,1.1333333333333333,2.0,10.0,14.0,3.3333333333333335,6.0,14.0,13.0,40,40
5.0,13.0,1.0,38.0,0.0,9.0,3.0,Crystal Palace,1.0,2.0,4.0,9.0,1.0,62.0,0.0,13.0,7.0,Chelsea,2.4,4.0,0.0,1.0,H,2024-09-01,D,1.4,1.4395604395604396,1.6299212598425197,1894.8360852874234,1762.76945717414,132.0666281132835,1.5,1.3333333333333333,13.0,14.0,5.333333333333333,4.333333333333333,1.8666666666666665,1.6666666666666667,11.666666666666666,12.0,6.333333333333333,4.0,14.0,14.0,40,40
2.0,7.0,3.0,53.0,0.0,11.0,3.0,Liverpool,2.0,1.0,5.0,7.0,0.0,47.0,0.0,8.0,3.0,Manchester Utd,1.4,4.0,2.0,0.0,A,2024-09-01,A,-0.6000000000000001,0.7297297297297297,0.8870056497175142,1739.89943343953,1994.8542409456659,-254.95480750613592,1.7666666666666666,1.3333333333333333,13.0,14.0,5.333333333333333,4.333333333333333,1.6666666666666667,2.3333333333333335,11.333333333333334,14.333333333333334,3.3333333333333335,5.0,16.0,15.0,40,40
12.0,13.0,1.0,35.0,0.0,20.0,6.0,Tottenham,1.0,4.0,7.0,16.0,2.0,65.0,0.0,9.0,3.0,Newcastle Utd,1.8,4.0,0.0,1.0,H,2024-09-01,H,0.8,0.45273631840796014,1.8547008547008546,1899.5248972494726,1789.5016562986125,110.0232409508601,1.4333333333333336,1.3333333333333333,10.0,18.0,3.6666666666666665,4.666666666666667,1.2666666666666664,1.6666666666666667,7.333333333333333,17.666666666666668,2.3333333333333335,7.333333333333333,15.0,13.0,40,40
2.0,15.0,2.0,66.0,0.0,9.0,4.0,Leicester City,1.0,3.0,5.0,11.0,2.0,34.0,0.0,20.0,4.0,Crystal Palace,2.5,0.0,1.0,0.0,A,2024-09-14,D,1.5,2.208791208791209,0.5158850226928896,1762.76945717414,1582.0828406343953,180.6866165397446,2.1,1.0,16.333333333333332,11.666666666666666,5.0,3.0,2.1333333333333333,0.6666666666666666,20.333333333333332,6.666666666666667,4.666666666666667,3.0,21.0,21.0,40,21
7.0,14.0,3.0,56.0,0.0,20.0,10.0,Manchester Utd,3.0,4.0,0.0,11.0,0.0,44.0,1.0,6.0,4.0,Southampton,1.1,1.0,2.0,0.0,A,2024-09-14,A,-1.9,0.30348258706467657,0.786096256684492,1485.0415513826488,1739.89943343953,-254.85788205688118,1.0,3.0,8.666666666666666,24.333333333333332,5.0,8.666666666666666,1.6333333333333335,1.6666666666666667,12.333333333333334,14.0,4.0,6.0,21.0,21.0,21,40
2.0,6.0,1.0,68.0,0.0,5.0,3.0,Nott'ham Forest,0.0,4.0,7.0,15.0,0.0,32.0,0.0,14.0,5.0,Liverpool,0.9,4.0,0.0,0.0,D,2024-09-14,A,0.9,2.764705882352941,0.4713656387665199,1994.8542409456659,1714.9753427172018,279.8788982284641,2.6333333333333333,0.6666666666666666,23.0,5.666666666666667,9.0,2.6666666666666665,0.7333333333333331,1.3333333333333333,13.0,13.333333333333334,3.0,5.666666666666667,20.0,21.0,40,40
3.0,3.0,1.0,54.0,0.0,8.0,5.0,Brentford,1.0,1.0,12.0,9.0,2.0,46.0,0.0,18.0,7.0,Manchester City,2.1,3.0,1.0,2.0,H,2024-09-14,H,1.1,2.234567901234568,0.8521256931608133,2000.0555871302647,1822.9185183714126,177.13706875885214,2.433333333333333,0.3333333333333333,20.0,4.0,8.0,2.6666666666666665,1.7666666666666666,1.0,16.666666666666668,9.0,6.333333333333333,4.0,21.0,20.0,40,40
2.0,12.0,2.0,72.0,0.0,6.0,2.0,Everton,1.0,4.0,6.0,10.0,3.0,28.0,0.0,17.0,8.0,Aston Villa,2.1,1.0,2.0,1.0,A,2024-09-14,H,1.1,2.8032786885245904,0.38973647711511794,1853.1627836918879,1726.6995064747496,126.46327721713828,2.1333333333333333,1.3333333333333333,15.666666666666666,9.666666666666666,5.333333333333333,4.333333333333333,2.4666666666666663,1.0,18.666666666666668,7.0,6.666666666666667,1.6666666666666667,21.0,21.0,40,40
2.0,16.0,0.0,68.0,0.0,6.0,1.0,Ipswich Town,0.0,3.0,9.0,14.0,0.0,32.0,0.0,21.0,6.0,Brighton,1.6,4.0,0.0,0.0,D,2024-09-14,D,1.6,3.4590163934426235,0.4713656387665199,1770.14782868638,1539.7578716005646,230.38995708581547,1.8,0.6666666666666666,17.333333333333332,9.333333333333334,4.666666666666667,3.0,2.45,0.0,17.5,3.5,5.5,1.0,21.0,21.0,40,2
3.0,9.0,1.0,66.0,0.0,10.0,3.0,Chelsea,1.0,8.0,6.0,16.0,0.0,34.0,0.0,19.0,7.0,Bournemouth,1.7,6.0,0.0,0.0,D,2024-09-14,A,0.7,1.8910891089108912,0.5158850226928896,1752.0306042874054,1894.8360852874234,-142.80548100001806,1.5333333333333332,1.3333333333333333,16.0,11.666666666666666,5.0,4.333333333333333,1.6333333333333335,1.6666666666666667,14.333333333333334,12.333333333333334,4.333333333333333,5.666666666666667,20.0,20.0,40,40
2.0,18.0,1.0,54.0,0.0,11.0,3.0,West Ham,1.0,3.0,3.0,15.0,1.0,46.0,0.0,21.0,5.0,Fulham,1.5,2.0,0.0,1.0,H,2024-09-14,D,0.5,1.900900900900901,0.8521256931608133,1840.3307787196475,1647.3033468244073,193.02743189524017,1.1333333333333335,1.6666666666666667,13.333333333333334,12.333333333333334,4.0,5.333333333333333,1.5666666666666662,0.6666666666666666,21.0,10.666666666666666,6.333333333333333,2.6666666666666665,21.0,21.0,40,40
6.0,10.0,1.0,37.0,0.0,7.0,4.0,Arsenal,1.0,3.0,7.0,13.0,0.0,63.0,0.0,15.0,5.0,Tottenham,0.7,5.0,0.0,0.0,D,2024-09-15,A,-0.30000000000000004,2.126760563380282,1.7008086253369272,1789.5016562986125,2031.4490737704036,-241.94741747179114,1.5999999999999999,1.3333333333333333,12.666666666666666,8.333333333333334,5.666666666666667,3.3333333333333335,0.7999999999999999,1.3333333333333333,13.333333333333334,9.0,3.3333333333333335,4.333333333333333,22.0,22.0,40,40
7.0,6.0,2.0,51.0,0.0,14.0,6.0,Newcastle Utd,2.0,3.0,4.0,17.0,1.0,49.0,0.0,12.0,5.0,Wolves,1.2,3.0,0.0,1.0,H,2024-09-15,A,-0.8,0.8581560283687943,0.9608610567514677,1603.0797539280402,1899.5248972494726,-296.4451433214324,1.5666666666666664,2.3333333333333335,12.333333333333334,13.666666666666666,5.333333333333333,5.666666666666667,1.5000000000000007,2.3333333333333335,12.666666666666666,13.333333333333334,4.666666666666667,6.0,21.0,21.0,40,40
0.0,8.0,1.0,61.0,0.0,15.0,4.0,Newcastle Utd,2.0,0.0,6.0,16.0,3.0,39.0,0.0,22.0,11.0,Fulham,2.2,6.0,0.0,2.0,H,2024-09-21,H,0.20000000000000018,1.4635761589403975,0.6399345335515548,1840.3307787196475,1899.5248972494726,-59.19411852982512,1.8333333333333333,1.3333333333333333,20.333333333333332,12.0,7.333333333333333,3.6666666666666665,1.8666666666666671,2.0,16.666666666666668,14.333333333333334,6.666666666666667,5.0,7.0,6.0,41,41
5.0,16.0,1.0,53.0,0.0,10.0,4.0,Wolves,1.0,6.0,6.0,11.0,3.0,47.0,0.0,9.0,4.0,Aston Villa,1.7,3.0,1.0,0.0,A,2024-09-21,H,0.7,0.900990099009901,0.8870056497175142,1853.1627836918879,1603.0797539280402,250.08302976384766,1.6666666666666667,1.0,12.333333333333334,8.333333333333334,5.0,3.3333333333333335,1.3,1.0,14.333333333333334,10.0,5.0,3.3333333333333335,7.0,21.0,41,41
5.0,9.0,3.0,47.0,0.0,12.0,5.0,Chelsea,2.0,2.0,6.0,17.0,0.0,53.0,0.0,15.0,7.0,West Ham,0.9,5.0,2.0,0.0,A,2024-09-21,A,-1.1,1.2479338842975207,1.127388535031847,1647.3033468244073,1894.8360852874234,-247.53273846301613,1.2999999999999998,2.3333333333333335,13.0,16.666666666666668,4.0,5.333333333333333,1.5,1.6666666666666667,15.333333333333334,12.0,6.0,5.333333333333333,21.0,7.0,41,41
4.0,9.0,1.0,48.0,0.0,6.0,6.0,Brentford,1.0,1.0,9.0,11.0,3.0,52.0,0.0,23.0,10.0,Tottenham,3.5,3.0,1.0,2.0,H,2024-09-21,H,2.5,3.7868852459016398,1.0831600831600832,1789.5016562986125,1822.9185183714126,-33.416862072800086,2.1999999999999997,1.0,17.0,7.666666666666667,7.333333333333333,3.6666666666666665,2.6999999999999997,1.0,20.0,7.333333333333333,8.333333333333334,4.333333333333333,6.0,7.0,41,41
1.0,12.0,1.0,42.0,0.0,16.0,5.0,Everton,1.0,2.0,6.0,11.0,1.0,58.0,0.0,12.0,2.0,Leicester City,0.7,1.0,1.0,0.0,A,2024-09-21,D,-0.30000000000000004,0.7515527950310558,1.3800475059382422,1582.0828406343953,1726.6995064747496,-144.61666584035424,0.7000000000000001,1.0,9.333333333333334,13.666666666666666,2.6666666666666665,5.666666666666667,1.7333333333333327,1.0,14.0,10.666666666666666,5.666666666666667,2.6666666666666665,21.0,7.0,22,41
11.0,12.0,0.0,67.0,0.0,15.0,6.0,Manchester Utd,2.0,1.0,4.0,7.0,0.0,33.0,0.0,9.0,4.0,Crystal Palace,1.0,3.0,0.0,0.0,D,2024-09-21,D,-1.0,0.6026490066225165,0.49329359165424747,1762.76945717414,1739.89943343953,22.87002373460996,1.6000000000000003,1.3333333333333333,14.333333333333334,14.0,3.3333333333333335,4.333333333333333,1.4000000000000004,2.0,9.666666666666666,15.333333333333334,4.333333333333333,6.666666666666667,7.0,7.0,41,41
10.0,16.0,1.0,53.0,0.0,13.0,6.0,Ipswich Town,2.0,4.0,2.0,16.0,1.0,47.0,0.0,11.0,3.0,Southampton,2.4,4.0,0.0,1.0,H,2024-09-21,D,0.3999999999999999,0.8473282442748091,0.8870056497175142,1485.0415513826488,1539.7578716005646,-54.716320217915836,1.2,2.3333333333333335,7.333333333333333,18.666666666666668,2.6666666666666665,8.0,2.433333333333333,0.6666666666666666,15.333333333333334,6.666666666666667,4.666666666666667,2.6666666666666665,7.0,7.0,22,3
9.0,12.0,0.0,58.0,0.0,19.0,6.0,Bournemouth,1.0,4.0,3.0,10.0,3.0,42.0,0.0,19.0,13.0,Liverpool,2.0,1.0,0.0,3.0,H,2024-09-21,H,1.0,1.0,0.7246127366609294,1994.8542409456659,1752.0306042874054,242.8236366582605,1.8,0.6666666666666666,17.333333333333332,10.666666666666666,8.666666666666666,3.6666666666666665,1.7,1.3333333333333333,17.0,16.333333333333332,9.666666666666666,5.666666666666667,7.0,21.0,41,41
1.0,11.0,2.0,70.0,1.0,4.0,3.0,Nott'ham Forest,1.0,4.0,9.0,12.0,2.0,30.0,0.0,14.0,3.0,Brighton,1.0,3.0,1.0,2.0,H,2024-09-22,D,0.0,3.439024390243903,0.4293865905848788,1770.14782868638,1714.9753427172018,55.1724859691783,1.5666666666666667,0.6666666666666666,16.333333333333332,7.0,4.666666666666667,2.6666666666666665,0.6666666666666664,1.0,11.0,10.666666666666666,3.0,4.666666666666667,8.0,8.0,41,41
2.0,10.0,2.0,77.0,1.0,5.0,3.0,Arsenal,1.0,4.0,8.0,7.0,2.0,23.0,0.0,33.0,11.0,Manchester City,2.1,3.0,2.0,1.0,A,2024-09-22,D,1.1,6.4901960784313735,0.2996108949416343,2000.0555871302647,2031.4490737704036,-31.393486640138917,2.4999999999999996,0.6666666666666666,21.666666666666668,4.666666666666667,7.666666666666667,3.0,1.3333333333333333,1.0,19.666666666666668,7.0,6.333333333333333,3.6666666666666665,8.0,7.0,41,41
6.0,10.0,1.0,62.0,0.0,16.0,6.0,Manchester City,1.0,4.0,5.0,14.0,1.0,38.0,0.0,11.0,4.0,Newcastle Utd,1.6,4.0,1.0,0.0,A,2024-09-28,D,0.6000000000000001,0.6894409937888198,0.6135265700483092,1899.5248972494726,2000.0555871302647,-100.53068988079212,1.2333333333333336,1.3333333333333333,7.666666666666667,18.333333333333332,2.6666666666666665,5.333333333333333,1.0999999999999999,1.6666666666666667,10.333333333333334,16.666666666666668,3.0,6.333333333333333,27.0,28.0,41,41
7.0,11.0,1.0,57.0,0.0,19.0,3.0,West Ham,1.0,3.0,7.0,2.0,1.0,43.0,0.0,8.0,3.0,Brentford,0.4,2.0,0.0,1.0,H,2024-09-28,D,-0.6,0.4240837696335078,0.7548161120840631,1822.9185183714126,1647.3033468244073,175.61517154700527,1.5999999999999999,1.3333333333333333,12.333333333333334,17.0,5.0,5.0,1.0666666666666662,1.0,14.333333333333334,16.0,3.3333333333333335,3.0,28.0,14.0,41,41
8.0,11.0,1.0,59.0,0.0,17.0,5.0,Crystal Palace,1.0,1.0,5.0,13.0,2.0,41.0,0.0,8.0,2.0,Everton,0.9,2.0,1.0,0.0,A,2024-09-28,H,-0.09999999999999998,0.4736842105263157,0.6954314720812182,1726.6995064747496,1762.76945717414,-36.06995069939035,1.0666666666666667,1.3333333333333333,11.666666666666666,14.666666666666666,3.6666666666666665,5.666666666666667,1.633333333333333,1.0,10.0,13.333333333333334,4.666666666666667,4.666666666666667,28.0,27.0,41,41
0.0,6.0,2.0,74.0,0.0,5.0,3.0,Leicester City,0.0,4.0,17.0,11.0,4.0,26.0,0.0,36.0,16.0,Arsenal,4.4,2.0,0.0,2.0,H,2024-09-28,H,4.4,7.07843137254902,0.35222672064777333,2031.4490737704036,1582.0828406343953,449.3662331360083,2.566666666666667,1.0,21.666666666666668,12.0,9.666666666666666,3.3333333333333335,2.9000000000000004,0.6666666666666666,24.666666666666668,8.0,8.666666666666666,3.6666666666666665,28.0,14.0,41,22
2.0,8.0,2.0,59.0,0.0,15.0,5.0,Brighton,1.0,2.0,8.0,11.0,4.0,41.0,0.0,15.0,7.0,Chelsea,4.2,3.0,2.0,4.0,H,2024-09-28,H,3.2,1.0,0.6954314720812182,1894.8360852874234,1770.14782868638,124.68825660104335,2.533333333333333,1.0,12.666666666666666,11.666666666666666,5.666666666666667,4.333333333333333,2.266666666666667,1.3333333333333333,11.666666666666666,15.666666666666666,5.0,4.666666666666667,27.0,28.0,41,41
5.0,15.0,1.0,59.0,0.0,14.0,2.0,Fulham,1.0,4.0,6.0,11.0,0.0,41.0,0.0,11.0,1.0,Nott'ham Forest,0.8,2.0,0.0,0.0,D,2024-09-28,A,-0.19999999999999996,0.7872340425531915,0.6954314720812182,1714.9753427172018,1840.3307787196475,-125.35543600244569,1.033333333333333,1.0,13.666666666666666,12.666666666666666,4.666666666666667,3.0,1.2,0.6666666666666666,12.0,11.0,3.3333333333333335,2.6666666666666665,28.0,28.0,41,41
10.0,8.0,2.0,55.0,0.0,10.0,6.0,Liverpool,3.0,3.0,2.0,16.0,1.0,45.0,0.0,8.0,3.0,Wolves,0.6,2.0,1.0,0.0,A,2024-09-28,A,-2.4,0.801980198019802,0.8185117967332124,1603.0797539280402,1994.8542409456659,-391.7744870176257,1.2333333333333334,2.3333333333333335,10.666666666666666,12.666666666666666,4.0,6.666666666666667,0.8333333333333334,2.6666666666666665,7.666666666666667,13.0,2.6666666666666665,4.666666666666667,13.0,27.0,41,41
0.0,14.0,2.0,56.0,0.0,7.0,3.0,Aston Villa,1.0,1.0,10.0,10.0,2.0,44.0,0.0,15.0,5.0,Ipswich Town,1.2,4.0,2.0,1.0,A,2024-09-29,D,0.19999999999999996,2.126760563380282,0.786096256684492,1539.7578716005646,1853.1627836918879,-313.40491209132324,0.7000000000000001,1.6666666666666667,11.0,11.333333333333334,3.6666666666666665,4.0,1.3,1.3333333333333333,12.666666666666666,10.666666666666666,3.6666666666666665,3.6666666666666665,29.0,29.0,3,41
3.0,14.0,3.0,39.0,0.0,24.0,10.0,Tottenham,4.0,3.0,5.0,16.0,0.0,61.0,1.0,11.0,2.0,Manchester Utd,1.0,5.0,1.0,0.0,A,2024-09-29,A,-3.0,0.4605809128630705,1.5626598465473145,1739.89943343953,1789.5016562986125,-49.60222285908253,1.5999999999999999,2.0,11.0,15.0,3.3333333333333335,5.0,1.2666666666666664,2.0,9.0,19.666666666666668,2.6666666666666665,7.666666666666667,28.0,28.0,41,41
4.0,12.0,1.0,40.0,0.0,9.0,3.0,Southampton,1.0,5.0,7.0,19.0,3.0,60.0,0.0,14.0,6.0,Bournemouth,1.3,2.0,0.0,3.0,H,2024-09-30,H,0.30000000000000004,1.5494505494505495,1.4987531172069826,1752.0306042874054,1485.0415513826488,266.9890529047566,1.7333333333333332,1.3333333333333333,16.333333333333332,11.0,5.666666666666667,3.6666666666666665,1.4666666666666666,1.6666666666666667,12.333333333333334,15.333333333333334,4.666666666666667,4.333333333333333,16.0,30.0,41,22
8.0,15.0,1.0,68.0,0.0,16.0,4.0,Liverpool,1.0,2.0,3.0,7.0,0.0,32.0,0.0,9.0,5.0,Crystal Palace,0.6,4.0,1.0,0.0,A,2024-10-05,A,-0.4,0.5652173913043478,0.4713656387665199,1762.76945717414,1994.8542409456659,-232.08478377152596,1.366666666666667,1.3333333333333333,12.666666666666666,13.333333333333334,4.333333333333333,4.666666666666667,0.8666666666666666,2.0,8.333333333333334,12.333333333333334,3.6666666666666665,4.333333333333333,14.0,7.0,42,42
3.0,10.0,3.0,44.0,0.0,17.0,6.0,Wolves,1.0,3.0,10.0,9.0,5.0,56.0,0.0,19.0,12.0,Brentford,4.2,2.0,2.0,4.0,H,2024-10-05,H,3.2,1.1169590643274854,1.272108843537415,1822.9185183714126,1603.0797539280402,219.83876444337238,2.466666666666667,1.3333333333333333,15.666666666666666,18.0,7.333333333333333,5.0,2.3000000000000003,1.0,14.666666666666666,12.666666666666666,7.0,4.333333333333333,7.0,14.0,42,42
10.0,8.0,0.0,67.0,0.0,14.0,3.0,Newcastle Utd,2.0,2.0,0.0,12.0,0.0,33.0,0.0,8.0,2.0,Everton,0.7,1.0,0.0,0.0,D,2024-10-05,D,-1.3,0.5744680851063829,0.49329359165424747,1726.6995064747496,1899.5248972494726,-172.82539077472302,1.1333333333333333,1.6666666666666667,11.333333333333334,16.0,4.0,5.0,1.3666666666666671,2.0,14.0,14.333333333333334,6.0,4.333333333333333,7.0,14.0,42,42
9.0,14.0,0.0,55.0,0.0,17.0,2.0,Bournemouth,2.0,1.0,0.0,12.0,1.0,45.0,0.0,6.0,2.0,Leicester City,0.8,4.0,0.0,1.0,H,2024-10-05,H,-1.2,0.35672514619883033,0.8185117967332124,1582.0828406343953,1752.0306042874054,-169.94776365301004,0.6333333333333333,1.3333333333333333,9.0,14.333333333333334,2.3333333333333335,4.0,1.5333333333333332,1.6666666666666667,14.333333333333334,17.666666666666668,7.666666666666667,5.0,14.0,14.0,23,42
5.0,6.0,1.0,52.0,0.0,9.0,2.0,Ipswich Town,1.0,1.0,5.0,12.0,4.0,48.0,0.0,23.0,13.0,West Ham,3.6,0.0,1.0,2.0,H,2024-10-05,H,2.6,2.5384615384615388,0.9232245681381958,1647.3033468244073,1539.7578716005646,107.54547522384269,1.7333333333333332,2.0,16.0,14.666666666666666,7.333333333333333,5.0,2.533333333333333,1.0,18.333333333333332,9.333333333333334,7.333333333333333,3.0,14.0,14.0,42,4
1.0,9.0,1.0,59.0,0.0,8.0,2.0,Southampton,1.0,3.0,13.0,10.0,3.0,41.0,0.0,29.0,6.0,Arsenal,2.8,0.0,0.0,0.0,D,2024-10-05,H,1.7999999999999998,3.592592592592593,0.6954314720812182,2031.4490737704036,1485.0415513826488,546.4075223877549,3.1,1.0,25.333333333333332,11.666666666666666,9.666666666666666,3.0,2.3,1.3333333333333333,21.0,11.666666666666666,6.333333333333333,3.6666666666666665,7.0,5.0,42,23
3.0,10.0,2.0,58.0,0.0,11.0,4.0,Fulham,3.0,1.0,8.0,4.0,3.0,42.0,0.0,20.0,7.0,Manchester City,1.6,2.0,1.0,1.0,D,2024-10-05,H,-1.4,1.810810810810811,0.7246127366609294,2000.0555871302647,1840.3307787196475,159.72480841061724,1.9333333333333333,1.6666666666666667,23.666666666666668,8.0,8.333333333333334,4.0,0.9333333333333335,1.6666666666666667,14.0,11.333333333333334,4.0,3.3333333333333335,13.0,7.0,42,42
3.0,11.0,0.0,47.0,0.0,10.0,4.0,Manchester Utd,1.0,5.0,6.0,12.0,0.0,53.0,0.0,11.0,1.0,Aston Villa,0.5,1.0,0.0,0.0,D,2024-10-06,D,-0.5,1.099009900990099,1.127388535031847,1853.1627836918879,1739.89943343953,113.2633502523579,1.4333333333333333,1.0,12.333333333333334,8.666666666666666,4.333333333333333,3.3333333333333335,0.866666666666667,2.0,8.666666666666666,15.0,3.0,6.666666666666667,15.0,15.0,42,42
3.0,11.0,1.0,65.0,1.0,16.0,9.0,Nott'ham Forest,1.0,2.0,11.0,12.0,1.0,35.0,0.0,22.0,8.0,Chelsea,2.3,6.0,0.0,0.0,D,2024-10-06,D,1.2999999999999998,1.3726708074534162,0.5391705069124425,1894.8360852874234,1714.9753427172018,179.86074257022165,2.966666666666667,1.0,16.666666666666668,13.333333333333334,7.333333333333333,5.666666666666667,1.3999999999999997,0.6666666666666666,16.666666666666668,8.333333333333334,5.333333333333333,5.0,8.0,14.0,42,42
7.0,10.0,2.0,41.0,0.0,13.0,3.0,Tottenham,1.0,2.0,4.0,14.0,3.0,59.0,0.0,11.0,4.0,Brighton,1.8,2.0,2.0,0.0,A,2024-10-06,H,0.8,0.8473282442748091,1.437956204379562,1770.14782868638,1789.5016562986125,-19.353827612232408,1.4666666666666668,0.6666666666666666,15.333333333333334,7.666666666666667,4.333333333333333,2.3333333333333335,1.5333333333333332,2.0,10.333333333333334,19.0,3.0,6.333333333333333,14.0,7.0,42,42
8.0,10.0,2.0,45.0,0.0,11.0,8.0,Everton,2.0,1.0,5.0,12.0,0.0,55.0,0.0,13.0,2.0,Ipswich Town,1.3,1.0,2.0,0.0,A,2024-10-19,A,-0.7,1.1801801801801801,1.221729490022173,1539.7578716005646,1726.6995064747496,-186.94163487418496,0.9666666666666667,1.3333333333333333,13.0,9.0,3.6666666666666665,5.0,1.3666666666666663,1.3333333333333333,14.0,11.0,4.0,5.0,20.0,28.0,4,42
11.0,11.0,3.0,48.0,1.0,14.0,5.0,Aston Villa,2.0,3.0,6.0,8.0,1.0,52.0,1.0,10.0,4.0,Fulham,1.8,3.0,1.0,1.0,D,2024-10-19,A,-0.19999999999999996,0.7163120567375887,1.0831600831600832,1840.3307787196475,1853.1627836918879,-12.832004972240384,1.8333333333333337,1.6666666666666667,17.666666666666668,13.333333333333334,6.666666666666667,4.0,1.1333333333333335,1.3333333333333333,11.333333333333334,10.333333333333334,4.0,4.333333333333333,28.0,20.0,42,42
4.0,9.0,1.0,60.0,0.0,10.0,5.0,Brighton,1.0,2.0,9.0,11.0,0.0,40.0,0.0,21.0,6.0,Newcastle Utd,2.0,2.0,1.0,0.0,A,2024-10-19,A,1.0,2.089108910891089,0.6672212978369384,1899.5248972494726,1770.14782868638,129.3770685630925,1.8000000000000005,1.0,13.666666666666666,15.333333333333334,4.333333333333333,5.666666666666667,2.766666666666667,1.3333333333333333,15.666666666666666,15.666666666666666,6.666666666666667,4.666666666666667,21.0,21.0,42,42
5.0,15.0,1.0,57.0,1.0,11.0,4.0,West Ham,1.0,3.0,13.0,10.0,4.0,43.0,0.0,22.0,7.0,Tottenham,1.9,1.0,1.0,1.0,D,2024-10-19,H,0.8999999999999999,1.990990990990991,0.7548161120840631,1789.5016562986125,1647.3033468244073,142.1983094742052,2.033333333333333,1.0,20.0,8.0,7.333333333333333,4.666666666666667,1.266666666666666,1.0,17.0,13.666666666666666,5.0,3.3333333333333335,28.0,21.0,42,42
2.0,5.0,1.0,50.0,0.0,8.0,2.0,Brentford,1.0,2.0,9.0,14.0,2.0,50.0,0.0,23.0,11.0,Manchester Utd,1.3,2.0,1.0,0.0,A,2024-10-19,H,0.30000000000000004,2.851851851851852,1.0,1739.89943343953,1822.9185183714126,-83.01908493188262,1.2333333333333334,2.3333333333333335,14.0,14.333333333333334,5.333333333333333,5.0,2.3,1.0,21.333333333333332,7.333333333333333,9.333333333333334,4.333333333333333,20.0,28.0,42,42
4.0,11.0,0.0,51.0,1.0,6.0,1.0,Arsenal,1.0,1.0,7.0,12.0,2.0,49.0,0.0,13.0,4.0,Bournemouth,1.8,1.0,0.0,0.0,D,2024-10-19,H,0.8,2.1475409836065573,0.9608610567514677,1752.0306042874054,2031.4490737704036,-279.41846948299826,1.5999999999999999,1.0,15.333333333333334,8.333333333333334,5.666666666666667,2.3333333333333335,1.5333333333333332,1.0,20.333333333333332,6.0,6.666666666666667,2.6666666666666665,19.0,27.0,42,42
6.0,10.0,3.0,58.0,0.0,18.0,4.0,Leicester City,3.0,3.0,10.0,10.0,2.0,42.0,1.0,14.0,7.0,Southampton,2.1,5.0,0.0,2.0,H,2024-10-19,A,-0.8999999999999999,0.7790055248618784,0.7246127366609294,1485.0415513826488,1582.0828406343953,-97.04128925174655,1.8666666666666665,2.6666666666666665,10.333333333333334,17.0,4.666666666666667,6.666666666666667,3.0,1.3333333333333333,23.333333333333332,10.666666666666666,9.0,3.6666666666666665,28.0,21.0,23,23
18.0,5.0,2.0,77.0,0.0,22.0,7.0,Manchester City,2.0,1.0,1.0,8.0,1.0,23.0,0.0,3.0,2.0,Wolves,0.8,4.0,1.0,1.0,D,2024-10-20,A,-1.2,0.14027149321266968,0.2996108949416343,1603.0797539280402,2000.0555871302647,-396.9758332022245,0.8666666666666667,2.3333333333333335,7.666666666666667,15.333333333333334,3.3333333333333335,6.333333333333333,1.0333333333333334,2.0,8.0,20.333333333333332,2.6666666666666665,7.0,22.0,22.0,42,42
6.0,13.0,1.0,43.0,0.0,12.0,2.0,Chelsea,1.0,3.0,1.0,12.0,2.0,57.0,0.0,9.0,5.0,Liverpool,1.9,4.0,0.0,1.0,H,2024-10-20,H,0.8999999999999999,0.7520661157024793,1.3248259860788862,1994.8542409456659,1894.8360852874234,100.01815565824245,1.5999999999999999,0.6666666666666666,14.0,12.0,7.666666666666667,3.6666666666666665,1.5,1.3333333333333333,14.333333333333334,11.333333333333334,6.333333333333333,3.3333333333333335,29.0,29.0,42,42
6.0,12.0,0.0,49.0,0.0,20.0,7.0,Crystal Palace,1.0,3.0,6.0,9.0,1.0,51.0,0.0,20.0,6.0,Nott'ham Forest,1.7,2.0,0.0,0.0,D,2024-10-21,H,0.7,1.0,1.0407331975560081,1714.9753427172018,1762.76945717414,-47.79411445693813,1.1666666666666663,1.0,15.666666666666666,15.0,4.0,4.0,1.6666666666666663,1.0,13.666666666666666,15.333333333333334,5.0,5.0,23.0,23.0,42,42
7.0,9.0,3.0,35.0,0.0,20.0,5.0,Nott'ham Forest,2.0,2.0,6.0,16.0,1.0,65.0,0.0,11.0,1.0,Leicester City,0.8,5.0,1.0,1.0,D,2024-10-25,A,-1.2,0.5522388059701492,1.8547008547008546,1582.0828406343953,1714.9753427172018,-132.89250208280646,0.7666666666666667,1.6666666666666667,9.666666666666666,17.666666666666668,1.6666666666666667,4.0,1.3666666666666663,1.3333333333333333,15.666666666666666,13.333333333333334,4.0,5.666666666666667,20.0,19.0,24,43
6.0,10.0,2.0,51.0,0.0,14.0,7.0,Wolves,1.0,3.0,9.0,12.0,2.0,49.0,0.0,19.0,6.0,Brighton,1.3,3.0,0.0,1.0,H,2024-10-26,D,0.30000000000000004,1.3546099290780143,0.9608610567514677,1770.14782868638,1603.0797539280402,167.0680747583399,1.3666666666666665,1.0,14.666666666666666,10.333333333333334,4.333333333333333,4.333333333333333,2.4,1.0,15.666666666666666,13.666666666666666,7.333333333333333,5.666666666666667,20.0,21.0,43,43
1.0,9.0,0.0,57.0,0.0,5.0,2.0,Southampton,0.0,3.0,12.0,9.0,1.0,43.0,0.0,22.0,8.0,Manchester City,2.9,1.0,0.0,1.0,H,2024-10-26,H,2.9,4.333333333333334,0.7548161120840631,2000.0555871302647,1485.0415513826488,515.0140357476159,2.1999999999999997,1.3333333333333333,25.0,7.0,8.666666666666666,3.0,2.3333333333333335,0.6666666666666666,21.666666666666668,7.333333333333333,6.666666666666667,2.3333333333333335,21.0,21.0,43,24
5.0,10.0,3.0,65.0,1.0,11.0,5.0,Ipswich Town,1.0,1.0,5.0,7.0,4.0,35.0,0.0,20.0,9.0,Brentford,4.0,0.0,2.0,2.0,D,2024-10-26,H,3.0,1.810810810810811,0.5391705069124425,1822.9185183714126,1539.7578716005646,283.16064677084796,2.866666666666667,1.0,15.666666666666666,15.666666666666666,8.0,4.666666666666667,3.3333333333333335,1.3333333333333333,18.0,11.0,8.333333333333334,4.333333333333333,21.0,21.0,43,5
7.0,14.0,1.0,57.0,0.0,11.0,3.0,Bournemouth,0.0,6.0,9.0,12.0,1.0,43.0,0.0,18.0,8.0,Aston Villa,1.8,7.0,0.0,0.0,D,2024-10-26,D,1.8,1.6306306306306309,0.7548161120840631,1853.1627836918879,1752.0306042874054,101.13217940448249,1.3333333333333333,0.6666666666666666,12.666666666666666,10.333333333333334,4.333333333333333,3.6666666666666665,1.5333333333333332,1.0,14.333333333333334,15.666666666666666,7.666666666666667,3.6666666666666665,20.0,21.0,43,43
2.0,8.0,1.0,60.0,0.0,14.0,3.0,Fulham,1.0,0.0,4.0,8.0,1.0,40.0,0.0,10.0,5.0,Everton,0.8,1.0,0.0,0.0,D,2024-10-26,D,-0.19999999999999996,0.7163120567375887,0.6672212978369384,1726.6995064747496,1840.3307787196475,-113.6312722448979,0.7999999999999999,1.3333333333333333,8.666666666666666,15.0,3.0,3.6666666666666665,1.0666666666666667,1.6666666666666667,13.666666666666666,13.0,4.333333333333333,3.0,21.0,21.0,43,43
5.0,7.0,1.0,58.0,0.0,18.0,5.0,Manchester Utd,2.0,1.0,6.0,6.0,2.0,42.0,0.0,12.0,3.0,West Ham,2.8,5.0,0.0,0.0,D,2024-10-27,H,0.7999999999999998,0.6685082872928176,0.7246127366609294,1647.3033468244073,1739.89943343953,-92.59608661512266,2.433333333333333,1.6666666666666667,16.666666666666668,13.0,7.666666666666667,4.0,1.4333333333333336,1.6666666666666667,10.666666666666666,14.333333333333334,2.6666666666666665,5.0,22.0,21.0,43,43
4.0,16.0,1.0,50.0,0.0,11.0,3.0,Newcastle Utd,2.0,3.0,7.0,13.0,2.0,50.0,0.0,17.0,7.0,Chelsea,1.6,6.0,1.0,1.0,D,2024-10-27,H,-0.3999999999999999,1.5405405405405408,1.0,1894.8360852874234,1899.5248972494726,-4.688811962049158,2.6999999999999997,1.3333333333333333,18.0,14.0,7.333333333333333,5.666666666666667,1.5000000000000007,2.0,15.666666666666666,13.333333333333334,6.666666666666667,3.3333333333333335,21.0,22.0,43,43
8.0,12.0,0.0,66.0,0.0,11.0,3.0,Tottenham,1.0,4.0,8.0,16.0,1.0,34.0,0.0,14.0,6.0,Crystal Palace,0.8,4.0,0.0,1.0,H,2024-10-27,H,-0.19999999999999996,1.2702702702702702,0.5158850226928896,1762.76945717414,1789.5016562986125,-26.732199124472572,0.8000000000000002,1.3333333333333333,10.666666666666666,14.0,5.0,4.333333333333333,1.2,2.0,12.0,16.0,4.0,5.333333333333333,22.0,21.0,43,43
3.0,14.0,2.0,45.0,0.0,9.0,4.0,Liverpool,1.0,2.0,1.0,14.0,2.0,55.0,0.0,9.0,3.0,Arsenal,0.9,2.0,1.0,2.0,H,2024-10-27,D,-0.09999999999999998,1.0,1.221729490022173,2031.4490737704036,1994.8542409456659,36.59483282473775,2.7000000000000006,0.6666666666666666,24.666666666666668,7.333333333333333,8.333333333333334,3.0,0.7000000000000001,1.6666666666666667,8.666666666666666,11.666666666666666,3.6666666666666665,4.666666666666667,22.0,22.0,43,43
6.0,18.0,0.0,63.0,0.0,10.0,1.0,Arsenal,1.0,4.0,4.0,16.0,1.0,37.0,0.0,9.0,4.0,Newcastle Utd,0.5,4.0,0.0,1.0,H,2024-11-02,H,-0.5,0.900990099009901,0.5879556259904913,1899.5248972494726,2031.4490737704036,-131.92417652093104,1.3666666666666671,1.0,13.666666666666666,12.0,4.666666666666667,4.0,1.4666666666666668,1.0,18.333333333333332,7.0,6.333333333333333,1.6666666666666667,14.0,14.0,43,43
7.0,18.0,1.0,49.0,0.0,13.0,5.0,Brighton,1.0,1.0,10.0,10.0,2.0,51.0,0.0,16.0,8.0,Liverpool,1.6,1.0,1.0,0.0,A,2024-11-02,H,0.6000000000000001,1.2290076335877864,1.0407331975560081,1994.8542409456659,1770.14782868638,224.7064122592858,1.8333333333333333,1.0,14.666666666666666,14.666666666666666,8.666666666666666,4.333333333333333,2.6,1.0,17.333333333333332,12.666666666666666,7.0,5.0,13.0,14.0,43,43
6.0,18.0,0.0,35.0,0.0,16.0,5.0,Everton,2.0,2.0,3.0,14.0,1.0,65.0,0.0,9.0,2.0,Southampton,0.7,4.0,0.0,0.0,D,2024-11-02,H,-1.3,0.5652173913043478,1.8547008547008546,1485.0415513826488,1726.6995064747496,-241.6579550921008,1.7333333333333334,2.3333333333333335,11.333333333333334,15.666666666666666,4.0,5.0,0.8999999999999995,1.6666666666666667,11.333333333333334,14.333333333333334,2.0,6.0,14.0,14.0,24,43
6.0,9.0,0.0,46.0,1.0,4.0,2.0,West Ham,0.0,2.0,11.0,7.0,3.0,54.0,0.0,19.0,6.0,Nott'ham Forest,2.2,1.0,0.0,1.0,H,2024-11-02,H,2.2,4.658536585365854,1.17353579175705,1714.9753427172018,1647.3033468244073,67.67199589279448,1.5666666666666664,0.6666666666666666,16.666666666666668,12.666666666666666,4.333333333333333,3.6666666666666665,1.4999999999999993,0.6666666666666666,16.333333333333332,11.333333333333334,5.333333333333333,3.0,12.0,14.0,43,43
6.0,10.0,1.0,57.0,0.0,20.0,6.0,Leicester City,2.0,2.0,4.0,11.0,1.0,43.0,1.0,14.0,2.0,Ipswich Town,1.0,4.0,0.0,0.0,D,2024-11-02,D,-1.0,0.7014925373134328,0.7548161120840631,1539.7578716005646,1582.0828406343953,-42.32496903383071,1.1666666666666667,1.6666666666666667,14.0,12.666666666666666,3.0,5.666666666666667,2.5,1.6666666666666667,21.333333333333332,14.333333333333334,8.333333333333334,4.333333333333333,14.0,14.0,5,24
10.0,6.0,1.0,64.0,0.0,18.0,4.0,Manchester City,2.0,1.0,3.0,11.0,2.0,36.0,0.0,12.0,6.0,Bournemouth,2.0,2.0,0.0,1.0,H,2024-11-02,H,0.0,0.6685082872928176,0.5631825273010921,1752.0306042874054,2000.0555871302647,-248.02498284285934,1.7,1.3333333333333333,13.0,11.0,5.333333333333333,2.6666666666666665,1.4666666666666668,1.6666666666666667,8.666666666666666,18.666666666666668,4.0,5.666666666666667,14.0,13.0,43,43
6.0,9.0,2.0,43.0,0.0,19.0,7.0,Crystal Palace,2.0,2.0,3.0,7.0,2.0,57.0,0.0,11.0,6.0,Wolves,1.5,1.0,0.0,0.0,D,2024-11-02,D,-0.5,0.5811518324607329,1.3248259860788862,1603.0797539280402,1762.76945717414,-159.68970324609973,0.9666666666666668,2.3333333333333335,7.333333333333333,17.0,3.6666666666666665,6.666666666666667,1.3666666666666665,1.3333333333333333,13.0,18.666666666666668,4.666666666666667,6.333333333333333,13.0,12.0,43,43
4.0,14.0,1.0,49.0,0.0,12.0,1.0,Aston Villa,2.0,0.0,6.0,14.0,4.0,51.0,0.0,16.0,6.0,Tottenham,2.4,2.0,1.0,0.0,A,2024-11-03,H,0.3999999999999999,1.3305785123966944,1.0407331975560081,1789.5016562986125,1853.1627836918879,-63.661127393275365,2.6,1.3333333333333333,20.333333333333332,9.666666666666666,7.666666666666667,3.6666666666666665,1.8,1.6666666666666667,13.666666666666666,11.0,5.0,3.0,15.0,15.0,43,43
8.0,14.0,1.0,46.0,0.0,12.0,3.0,Chelsea,1.0,2.0,4.0,19.0,1.0,54.0,0.0,11.0,4.0,Manchester Utd,2.0,6.0,0.0,0.0,D,2024-11-03,D,1.0,0.9173553719008264,1.17353579175705,1739.89943343953,1894.8360852874234,-154.93665184789347,1.4333333333333333,2.0,15.0,14.666666666666666,5.666666666666667,5.0,1.5999999999999999,1.3333333333333333,11.666666666666666,12.0,5.333333333333333,3.3333333333333335,15.0,14.0,43,43
3.0,10.0,1.0,32.0,0.0,5.0,2.0,Brentford,1.0,1.0,11.0,3.0,2.0,68.0,0.0,26.0,12.0,Fulham,1.3,2.0,1.0,0.0,A,2024-11-04,H,0.30000000000000004,5.11764705882353,2.1214953271028034,1840.3307787196475,1822.9185183714126,17.412260348234895,1.7666666666666668,1.6666666666666667,19.333333333333332,11.333333333333334,9.0,3.6666666666666665,2.033333333333333,1.0,24.0,6.333333333333333,11.0,3.3333333333333335,16.0,16.0,43,43
9.0,12.0,0.0,29.0,0.0,9.0,0.0,Southampton,1.0,4.0,1.0,14.0,2.0,71.0,0.0,8.0,4.0,Wolves,1.3,1.0,0.0,1.0,H,2024-11-09,H,0.30000000000000004,0.8901098901098901,2.4432989690721647,1603.0797539280402,1485.0415513826488,118.03820254539141,1.2,1.6666666666666667,7.333333333333333,16.666666666666668,4.0,4.666666666666667,2.3333333333333335,0.6666666666666666,19.666666666666668,7.333333333333333,6.0,1.3333333333333333,7.0,14.0,44,25
8.0,11.0,2.0,64.0,0.0,17.0,7.0,Fulham,2.0,1.0,1.0,10.0,0.0,36.0,1.0,13.0,5.0,Crystal Palace,1.5,1.0,1.0,0.0,A,2024-11-09,A,-0.5,0.7660818713450291,0.5631825273010921,1762.76945717414,1840.3307787196475,-77.56132154550755,0.9666666666666668,1.3333333333333333,12.0,14.666666666666666,5.333333333333333,4.666666666666667,1.3,2.0,14.333333333333334,14.0,5.666666666666667,4.666666666666667,13.0,14.0,44,44
6.0,9.0,0.0,49.0,0.0,18.0,4.0,Everton,1.0,2.0,7.0,10.0,0.0,51.0,0.0,11.0,6.0,West Ham,0.8,1.0,0.0,0.0,D,2024-11-09,D,-0.19999999999999996,0.6132596685082872,1.0407331975560081,1647.3033468244073,1726.6995064747496,-79.39615965034227,2.4,1.3333333333333333,15.333333333333334,15.0,7.333333333333333,3.6666666666666665,0.933333333333333,1.6666666666666667,11.0,15.0,3.3333333333333335,5.666666666666667,13.0,7.0,44,44
9.0,15.0,0.0,62.0,0.0,12.0,2.0,Aston Villa,1.0,3.0,2.0,11.0,2.0,38.0,0.0,14.0,5.0,Liverpool,2.0,0.0,0.0,1.0,H,2024-11-09,H,1.0,1.1652892561983472,0.6135265700483092,1994.8542409456659,1853.1627836918879,141.69145725377803,1.8333333333333333,1.0,13.0,12.333333333333334,6.0,3.0,2.066666666666667,1.6666666666666667,13.333333333333334,12.666666666666666,5.0,2.6666666666666665,7.0,6.0,44,44
4.0,10.0,1.0,60.0,0.0,15.0,6.0,Manchester City,2.0,3.0,0.0,12.0,2.0,40.0,0.0,10.0,4.0,Brighton,2.3,3.0,1.0,0.0,A,2024-11-09,H,0.2999999999999998,0.6688741721854304,0.6672212978369384,1770.14782868638,2000.0555871302647,-229.90775844388463,1.8,1.3333333333333333,13.333333333333334,14.0,4.666666666666667,5.333333333333333,1.7,2.0,8.333333333333334,18.333333333333332,4.0,5.666666666666667,14.0,7.0,44,44
4.0,16.0,2.0,51.0,0.0,15.0,3.0,Bournemouth,3.0,4.0,6.0,8.0,3.0,49.0,0.0,12.0,6.0,Brentford,1.5,2.0,1.0,1.0,D,2024-11-09,H,-1.5,0.8013245033112583,0.9608610567514677,1822.9185183714126,1752.0306042874054,70.8879140840072,3.233333333333333,1.6666666666666667,17.0,14.333333333333334,9.0,4.666666666666667,1.3666666666666665,1.6666666666666667,12.0,14.333333333333334,5.333333333333333,2.6666666666666665,14.0,14.0,44,44
2.0,19.0,2.0,66.0,0.0,8.0,3.0,Ipswich Town,2.0,5.0,12.0,10.0,1.0,34.0,0.0,17.0,5.0,Tottenham,1.5,1.0,2.0,0.0,A,2024-11-10,A,-0.5,2.111111111111111,0.5158850226928896,1789.5016562986125,1539.7578716005646,249.74378469804788,1.9333333333333333,1.6666666666666667,18.333333333333332,10.333333333333334,6.0,2.6666666666666665,3.033333333333333,1.3333333333333333,20.0,9.333333333333334,9.0,3.3333333333333335,7.0,15.0,44,6
5.0,6.0,3.0,56.0,0.0,17.0,6.0,Newcastle Utd,2.0,1.0,4.0,13.0,1.0,44.0,0.0,9.0,3.0,Nott'ham Forest,0.6,1.0,0.0,1.0,H,2024-11-10,A,-1.4,0.5321637426900584,0.786096256684492,1714.9753427172018,1899.5248972494726,-184.5495545322708,1.4999999999999998,1.0,16.0,13.666666666666666,5.0,5.0,0.9666666666666671,2.0,11.333333333333334,14.0,4.0,4.0,8.0,14.0,44,44
5.0,5.0,0.0,51.0,0.0,6.0,5.0,Leicester City,1.0,1.0,1.0,9.0,3.0,49.0,0.0,13.0,3.0,Manchester Utd,0.8,0.0,0.0,2.0,H,2024-11-10,H,-0.19999999999999996,2.1475409836065573,0.9608610567514677,1739.89943343953,1582.0828406343953,157.81659280513463,1.3666666666666665,1.0,15.666666666666666,8.666666666666666,6.0,3.3333333333333335,1.3,2.0,13.666666666666666,14.666666666666666,4.0,5.0,7.0,8.0,44,25
3.0,12.0,1.0,51.0,0.0,13.0,3.0,Arsenal,2.0,2.0,4.0,12.0,1.0,49.0,0.0,17.0,3.0,Chelsea,1.5,4.0,0.0,0.0,D,2024-11-10,D,-0.5,1.3053435114503817,0.9608610567514677,1894.8360852874234,2031.4490737704036,-136.6129884829802,1.8,1.6666666666666667,18.666666666666668,13.333333333333334,6.0,5.0,1.2666666666666666,1.3333333333333333,13.0,9.666666666666666,3.6666666666666665,1.6666666666666667,14.0,8.0,44,44
9.0,12.0,2.0,63.0,0.0,16.0,7.0,Chelsea,3.0,3.0,2.0,15.0,1.0,37.0,0.0,4.0,1.0,Leicester City,1.1,4.0,1.0,0.0,A,2024-11-23,A,-1.9,0.2546583850931677,0.5879556259904913,1582.0828406343953,1894.8360852874234,-312.7532446530281,0.9,2.3333333333333335,7.0,17.666666666666668,1.3333333333333333,4.666666666666667,1.6666666666666667,1.6666666666666667,8.0,13.333333333333334,3.3333333333333335,4.0,29.0,20.0,25,44
0.0,10.0,2.0,45.0,1.0,6.0,4.0,Brighton,1.0,2.0,7.0,13.0,1.0,55.0,0.0,19.0,5.0,Bournemouth,1.6,2.0,1.0,0.0,A,2024-11-23,A,0.6000000000000001,3.131147540983607,1.221729490022173,1752.0306042874054,1770.14782868638,-18.117224398974713,1.7999999999999998,1.3333333333333333,14.666666666666666,10.0,5.0,3.0,1.7333333333333334,1.0,18.666666666666668,9.666666666666666,6.333333333333333,4.666666666666667,21.0,21.0,44,44
2.0,14.0,4.0,59.0,0.0,10.0,5.0,Wolves,1.0,0.0,7.0,14.0,1.0,41.0,0.0,10.0,3.0,Fulham,1.0,3.0,1.0,1.0,D,2024-11-23,A,0.0,1.0,0.6954314720812182,1840.3307787196475,1603.0797539280402,237.25102479160728,1.366666666666667,1.3333333333333333,15.333333333333334,9.666666666666666,6.333333333333333,4.0,2.1666666666666665,1.0,16.0,13.666666666666666,7.0,6.0,19.0,28.0,44,44
3.0,9.0,4.0,58.0,0.0,9.0,7.0,Tottenham,3.0,2.0,9.0,19.0,0.0,42.0,0.0,23.0,5.0,Manchester City,2.1,4.0,2.0,0.0,A,2024-11-23,A,-0.8999999999999999,2.5384615384615388,0.7246127366609294,2000.0555871302647,1789.5016562986125,210.55393083165222,2.1999999999999997,2.0,21.666666666666668,8.333333333333334,6.666666666666667,4.333333333333333,1.5666666666666664,1.6666666666666667,16.0,11.0,5.0,4.333333333333333,28.0,27.0,44,44
1.0,1.0,0.0,66.0,0.0,7.0,0.0,Nott'ham Forest,0.0,2.0,8.0,10.0,3.0,34.0,0.0,19.0,7.0,Arsenal,1.2,3.0,0.0,1.0,H,2024-11-23,H,1.2,2.690140845070423,0.5158850226928896,2031.4490737704036,1714.9753427172018,316.47373105320185,1.6333333333333335,0.6666666666666666,19.0,8.0,5.333333333333333,2.0,1.433333333333333,1.0,17.333333333333332,14.333333333333334,5.333333333333333,4.666666666666667,27.0,29.0,44,44
4.0,10.0,0.0,41.0,1.0,9.0,2.0,Brentford,1.0,0.0,10.0,8.0,0.0,59.0,0.0,27.0,5.0,Everton,1.2,0.0,0.0,0.0,D,2024-11-23,D,0.19999999999999996,2.978021978021978,1.437956204379562,1726.6995064747496,1822.9185183714126,-96.219011896663,0.9,1.3333333333333333,15.0,12.333333333333334,4.0,2.6666666666666665,1.2666666666666666,1.0,25.333333333333332,7.333333333333333,9.333333333333334,2.0,28.0,19.0,44,44
1.0,11.0,2.0,69.0,0.0,13.0,6.0,Crystal Palace,1.0,2.0,10.0,10.0,2.0,31.0,0.0,17.0,5.0,Aston Villa,3.0,3.0,2.0,1.0,A,2024-11-23,D,2.0,1.3053435114503817,0.4500723589001448,1853.1627836918879,1762.76945717414,90.39332651774794,1.7666666666666666,0.6666666666666666,15.333333333333334,11.333333333333334,4.666666666666667,4.333333333333333,2.0666666666666664,1.3333333333333333,16.0,17.333333333333332,5.666666666666667,6.666666666666667,28.0,21.0,44,44
10.0,9.0,3.0,62.0,0.0,27.0,11.0,Liverpool,3.0,4.0,3.0,11.0,2.0,38.0,0.0,7.0,5.0,Southampton,1.3,3.0,1.0,1.0,D,2024-11-24,A,-1.7,0.2619926199261992,0.6135265700483092,1485.0415513826488,1994.8542409456659,-509.8126895630171,1.3666666666666665,2.6666666666666665,10.0,20.333333333333332,4.666666666666667,6.666666666666667,0.9333333333333332,1.6666666666666667,8.333333333333334,17.333333333333332,4.333333333333333,6.333333333333333,22.0,28.0,25,44
3.0,10.0,1.0,60.0,0.0,11.0,4.0,Manchester Utd,1.0,0.0,4.0,11.0,1.0,40.0,0.0,11.0,6.0,Ipswich Town,1.6,0.0,1.0,1.0,D,2024-11-24,D,0.6000000000000001,1.0,0.6672212978369384,1539.7578716005646,1739.89943343953,-200.14156183896534,1.3,1.6666666666666667,12.666666666666666,14.0,3.3333333333333335,6.0,1.6333333333333335,1.3333333333333333,11.333333333333334,13.0,3.3333333333333335,4.333333333333333,22.0,28.0,6,44
3.0,8.0,2.0,53.0,0.0,15.0,6.0,West Ham,1.0,0.0,8.0,11.0,0.0,47.0,0.0,18.0,2.0,Newcastle Utd,1.6,1.0,1.0,0.0,A,2024-11-25,A,0.6000000000000001,1.1986754966887418,0.8870056497175142,1899.5248972494726,1647.3033468244073,252.2215504250653,1.3666666666666671,1.0,16.0,11.666666666666666,4.0,4.0,1.8999999999999992,0.6666666666666666,19.666666666666668,10.0,5.0,4.0,23.0,23.0,44,44
6.0,16.0,1.0,53.0,0.0,10.0,2.0,Southampton,1.0,4.0,7.0,20.0,1.0,47.0,0.0,22.0,5.0,Brighton,1.7,2.0,0.0,1.0,H,2024-11-29,D,0.7,2.1881188118811883,0.8870056497175142,1770.14782868638,1485.0415513826488,285.1062773037313,1.7666666666666666,1.3333333333333333,17.0,13.0,5.0,5.0,1.9666666666666668,0.6666666666666666,17.333333333333332,8.0,5.666666666666667,1.3333333333333333,20.0,20.0,45,26
7.0,16.0,0.0,45.0,0.0,7.0,3.0,Ipswich Town,1.0,3.0,8.0,5.0,1.0,55.0,0.0,12.0,5.0,Nott'ham Forest,1.6,1.0,0.0,0.0,D,2024-11-30,H,0.6000000000000001,1.704225352112676,1.221729490022173,1714.9753427172018,1539.7578716005646,175.21747111663717,1.4666666666666666,1.0,13.333333333333334,9.333333333333334,4.666666666666667,3.6666666666666665,2.3666666666666667,1.3333333333333333,16.333333333333332,8.666666666666666,6.333333333333333,3.6666666666666665,20.0,20.0,45,7
9.0,11.0,1.0,51.0,0.0,1.0,0.0,Newcastle Utd,0.0,3.0,8.0,12.0,1.0,49.0,0.0,16.0,4.0,Crystal Palace,1.7,3.0,0.0,0.0,D,2024-11-30,D,1.7,14.636363636363637,0.9608610567514677,1762.76945717414,1899.5248972494726,-136.75544007533267,1.3333333333333333,1.0,14.333333333333334,9.666666666666666,5.0,3.3333333333333335,1.3000000000000005,1.3333333333333333,14.0,9.666666666666666,4.666666666666667,3.0,21.0,20.0,45,45
4.0,11.0,4.0,60.0,0.0,12.0,8.0,Bournemouth,3.0,1.0,3.0,13.0,2.0,40.0,0.0,10.0,3.0,Wolves,0.5,4.0,3.0,1.0,A,2024-11-30,A,-2.5,0.8347107438016529,0.6672212978369384,1603.0797539280402,1752.0306042874054,-148.95085035936518,1.1,2.0,9.666666666666666,13.333333333333334,4.333333333333333,5.0,1.2666666666666664,2.0,13.333333333333334,12.666666666666666,5.666666666666667,4.666666666666667,21.0,21.0,45,45
10.0,13.0,5.0,60.0,0.0,16.0,7.0,Arsenal,4.0,1.0,2.0,10.0,2.0,40.0,0.0,12.0,5.0,West Ham,1.5,4.0,5.0,2.0,A,2024-11-30,A,-2.5,0.7515527950310558,0.6672212978369384,1647.3033468244073,2031.4490737704036,-384.14572694599633,1.7,2.3333333333333335,11.666666666666666,17.333333333333332,4.666666666666667,5.333333333333333,1.1666666666666667,2.3333333333333335,12.666666666666666,13.0,4.0,3.6666666666666665,21.0,20.0,45,45
4.0,10.0,1.0,60.0,0.0,7.0,3.0,Leicester City,1.0,1.0,5.0,9.0,4.0,40.0,0.0,13.0,6.0,Brentford,2.4,1.0,1.0,3.0,H,2024-11-30,H,1.4,1.8450704225352113,0.6672212978369384,1822.9185183714126,1582.0828406343953,240.83567773701725,2.6333333333333333,1.6666666666666667,15.0,11.0,7.0,3.6666666666666665,1.3999999999999997,1.3333333333333333,13.333333333333334,11.0,3.6666666666666665,4.666666666666667,21.0,20.0,45,26
2.0,12.0,0.0,60.0,0.0,8.0,2.0,Everton,1.0,3.0,2.0,12.0,4.0,40.0,0.0,11.0,5.0,Manchester Utd,1.1,2.0,0.0,2.0,H,2024-12-01,H,0.10000000000000009,1.3703703703703705,0.6672212978369384,1739.89943343953,1726.6995064747496,13.199926964780389,1.3,1.0,11.666666666666666,8.666666666666666,4.0,3.3333333333333335,0.8666666666666663,1.3333333333333333,10.333333333333334,14.0,4.333333333333333,3.6666666666666665,21.0,22.0,45,45
11.0,14.0,1.0,51.0,1.0,14.0,6.0,Fulham,2.0,1.0,7.0,4.0,1.0,49.0,0.0,8.0,3.0,Tottenham,0.8,0.0,0.0,0.0,D,2024-12-01,D,-1.2,0.5744680851063829,0.9608610567514677,1789.5016562986125,1840.3307787196475,-50.82912242103498,1.5666666666666667,2.0,13.666666666666666,11.333333333333334,4.666666666666667,3.3333333333333335,1.0333333333333334,1.6666666666666667,10.333333333333334,15.0,4.333333333333333,5.333333333333333,21.0,22.0,45,45
4.0,6.0,0.0,36.0,0.0,10.0,4.0,Aston Villa,1.0,2.0,3.0,21.0,3.0,64.0,0.0,17.0,8.0,Chelsea,1.6,2.0,0.0,2.0,H,2024-12-01,H,0.6000000000000001,1.6930693069306932,1.7756232686980606,1894.8360852874234,1853.1627836918879,41.67330159553558,1.566666666666667,1.6666666666666667,17.0,11.333333333333334,6.0,3.3333333333333335,2.0000000000000004,1.3333333333333333,15.666666666666666,11.333333333333334,6.333333333333333,2.3333333333333335,21.0,22.0,45,45
4.0,8.0,0.0,56.0,0.0,8.0,2.0,Manchester City,1.0,3.0,7.0,9.0,2.0,44.0,0.0,18.0,7.0,Liverpool,3.4,1.0,0.0,1.0,H,2024-12-01,H,2.4,2.234567901234568,0.786096256684492,1994.8542409456659,2000.0555871302647,-5.201346184598833,2.3333333333333335,1.0,16.0,11.0,6.666666666666667,3.0,2.5666666666666664,1.6666666666666667,13.333333333333334,13.666666666666666,5.666666666666667,4.0,22.0,22.0,45,45
7.0,13.0,1.0,46.0,0.0,13.0,3.0,Crystal Palace,2.0,4.0,4.0,14.0,0.0,54.0,0.0,9.0,2.0,Ipswich Town,0.5,2.0,0.0,0.0,D,2024-12-03,A,-1.5,0.6946564885496184,1.17353579175705,1539.7578716005646,1762.76945717414,-223.0115855735753,1.0333333333333332,1.6666666666666667,11.333333333333334,14.666666666666666,3.3333333333333335,4.333333333333333,1.6666666666666663,1.6666666666666667,12.333333333333334,15.0,4.333333333333333,5.333333333333333,9.0,10.0,7,45
9.0,7.0,1.0,61.0,0.0,31.0,10.0,West Ham,3.0,2.0,3.0,9.0,3.0,39.0,0.0,8.0,6.0,Leicester City,1.7,2.0,0.0,1.0,H,2024-12-03,H,-1.3,0.26045016077170413,0.6399345335515548,1582.0828406343953,1647.3033468244073,-65.22050619001197,1.2000000000000002,2.6666666666666665,7.666666666666667,22.333333333333332,2.6666666666666665,7.333333333333333,1.8333333333333328,1.3333333333333333,15.0,16.666666666666668,4.666666666666667,6.0,10.0,8.0,26,45
4.0,8.0,0.0,56.0,0.0,6.0,2.0,Wolves,1.0,0.0,3.0,10.0,4.0,44.0,0.0,13.0,4.0,Everton,1.0,2.0,0.0,2.0,H,2024-12-04,H,0.0,2.1475409836065573,0.786096256684492,1726.6995064747496,1603.0797539280402,123.61975254670938,1.0,1.0,16.666666666666668,9.666666666666666,4.666666666666667,2.3333333333333335,1.0999999999999999,1.0,14.0,10.0,4.333333333333333,4.666666666666667,11.0,11.0,45,45
6.0,17.0,3.0,42.0,0.0,16.0,5.0,Liverpool,2.0,5.0,5.0,9.0,3.0,58.0,0.0,17.0,6.0,Newcastle Utd,2.1,2.0,0.0,1.0,H,2024-12-04,D,0.10000000000000009,1.062111801242236,1.3800475059382422,1899.5248972494726,1994.8542409456659,-95.32934369619329,1.4000000000000004,1.3333333333333333,14.666666666666666,13.666666666666666,4.0,4.0,1.4333333333333336,2.0,11.0,17.333333333333332,4.666666666666667,6.666666666666667,9.0,10.0,45,45
2.0,15.0,0.0,66.0,0.0,12.0,3.0,Nott'ham Forest,1.0,4.0,8.0,7.0,3.0,34.0,0.0,17.0,7.0,Manchester City,2.4,2.0,0.0,2.0,H,2024-12-04,H,1.4,1.413223140495868,0.5158850226928896,2000.0555871302647,1714.9753427172018,285.0802444130629,2.4666666666666663,1.3333333333333333,20.666666666666668,8.666666666666666,6.666666666666667,4.0,1.4666666666666661,1.0,15.666666666666666,13.0,5.0,2.6666666666666665,11.0,11.0,45,45
7.0,14.0,5.0,55.0,0.0,26.0,13.0,Chelsea,5.0,0.0,5.0,7.0,1.0,45.0,1.0,6.0,4.0,Southampton,1.6,1.0,3.0,1.0,A,2024-12-04,A,-3.4,0.23371647509578541,0.8185117967332124,1485.0415513826488,1894.8360852874234,-409.79453390477465,1.2,3.3333333333333335,7.333333333333333,23.0,3.6666666666666665,9.666666666666666,1.5666666666666667,3.0,7.0,18.0,3.0,7.666666666666667,10.0,11.0,26,45
5.0,15.0,1.0,49.0,0.0,9.0,1.0,Brentford,1.0,2.0,10.0,11.0,3.0,51.0,0.0,20.0,10.0,Aston Villa,2.4,2.0,0.0,3.0,H,2024-12-04,H,1.4,2.208791208791209,1.0407331975560081,1853.1627836918879,1822.9185183714126,30.24426532047528,2.4,0.6666666666666666,18.333333333333332,11.0,7.666666666666667,3.3333333333333335,1.633333333333333,1.0,24.333333333333332,7.666666666666667,9.0,1.6666666666666667,11.0,11.0,45,45
0.0,8.0,0.0,51.0,0.0,5.0,2.0,Manchester Utd,0.0,3.0,13.0,12.0,2.0,49.0,0.0,14.0,6.0,Arsenal,2.1,1.0,0.0,0.0,D,2024-12-04,H,2.1,2.764705882352941,0.9608610567514677,2031.4490737704036,1739.89943343953,291.5496403308737,1.4000000000000004,0.3333333333333333,14.0,7.0,5.333333333333333,2.0,2.166666666666667,1.0,12.333333333333334,11.333333333333334,5.0,3.6666666666666665,11.0,10.0,45,45
6.0,8.0,1.0,57.0,0.0,13.0,3.0,Brighton,1.0,2.0,5.0,7.0,3.0,43.0,0.0,6.0,2.0,Fulham,1.1,2.0,0.0,1.0,H,2024-12-05,H,0.10000000000000009,0.46564885496183206,0.7548161120840631,1840.3307787196475,1770.14782868638,70.18295003326739,1.1333333333333335,1.0,14.0,9.333333333333334,5.666666666666667,3.3333333333333335,1.4333333333333336,1.0,13.666666666666666,10.666666666666666,5.0,4.0,12.0,12.0,45,45
9.0,8.0,0.0,65.0,0.0,12.0,4.0,Tottenham,1.0,2.0,5.0,15.0,1.0,35.0,0.0,21.0,8.0,Bournemouth,3.5,2.0,0.0,1.0,H,2024-12-05,H,2.5,1.7438016528925622,0.5391705069124425,1752.0306042874054,1789.5016562986125,-37.47105201120712,2.3666666666666667,1.3333333333333333,17.333333333333332,12.0,6.333333333333333,4.0,2.133333333333333,1.6666666666666667,19.333333333333332,10.666666666666666,6.333333333333333,4.666666666666667,12.0,12.0,45,45
1.0,15.0,0.0,47.0,0.0,4.0,0.0,Southampton,0.0,3.0,14.0,18.0,1.0,53.0,0.0,18.0,5.0,Aston Villa,2.3,1.0,0.0,1.0,H,2024-12-07,H,2.3,4.414634146341464,1.127388535031847,1853.1627836918879,1485.0415513826488,368.1212323092391,2.5666666666666664,0.6666666666666666,18.333333333333332,8.666666666666666,6.666666666666667,2.3333333333333335,1.7666666666666666,0.6666666666666666,16.0,7.666666666666667,4.666666666666667,0.6666666666666666,3.0,8.0,46,27
8.0,10.0,2.0,68.0,1.0,12.0,4.0,Manchester City,1.0,0.0,6.0,4.0,2.0,32.0,0.0,12.0,3.0,Crystal Palace,1.3,1.0,1.0,1.0,D,2024-12-07,D,0.30000000000000004,1.0,0.4713656387665199,1762.76945717414,2000.0555871302647,-237.2861299561248,1.5,1.0,13.666666666666666,10.0,4.0,3.6666666666666665,2.3333333333333335,1.3333333333333333,13.333333333333334,11.666666666666666,4.666666666666667,4.0,7.0,6.0,46,46
4.0,7.0,2.0,57.0,0.0,16.0,3.0,Newcastle Utd,2.0,0.0,3.0,10.0,4.0,43.0,0.0,11.0,8.0,Brentford,1.2,3.0,2.0,2.0,D,2024-12-07,A,-0.8,0.6894409937888198,0.7548161120840631,1822.9185183714126,1899.5248972494726,-76.60637887806001,1.7,2.0,12.0,12.666666666666666,6.666666666666667,3.0,1.1666666666666672,1.3333333333333333,12.0,11.333333333333334,5.0,3.0,7.0,7.0,46,46
3.0,13.0,3.0,71.0,0.0,11.0,3.0,Nott'ham Forest,1.0,2.0,5.0,10.0,2.0,29.0,0.0,17.0,7.0,Manchester Utd,1.6,0.0,1.0,1.0,D,2024-12-07,A,0.6000000000000001,1.5405405405405408,0.409282700421941,1739.89943343953,1714.9753427172018,24.924090722328174,1.1666666666666667,1.0,13.666666666666666,8.333333333333334,5.0,3.3333333333333335,1.7333333333333332,0.6666666666666666,17.666666666666668,10.0,7.0,2.0,6.0,3.0,46,46
13.0,13.0,2.0,56.0,0.0,22.0,6.0,Bournemouth,3.0,1.0,6.0,9.0,1.0,44.0,0.0,18.0,5.0,Ipswich Town,1.3,2.0,0.0,1.0,H,2024-12-08,A,-1.7,0.8190045248868778,0.786096256684492,1539.7578716005646,1752.0306042874054,-212.27273268684075,1.133333333333333,2.0,12.666666666666666,15.333333333333334,4.333333333333333,4.333333333333333,1.0999999999999996,3.0,13.333333333333334,16.333333333333332,4.666666666666667,5.666666666666667,5.0,8.0,8,46
5.0,10.0,2.0,44.0,0.0,16.0,7.0,Brighton,2.0,2.0,5.0,9.0,2.0,56.0,0.0,10.0,3.0,Leicester City,1.3,1.0,1.0,0.0,A,2024-12-08,D,-0.7,0.6273291925465838,1.272108843537415,1582.0828406343953,1770.14782868638,-188.06498805198476,1.3666666666666665,2.6666666666666665,7.333333333333333,21.0,3.3333333333333335,8.0,1.3333333333333333,1.3333333333333333,11.666666666666666,11.666666666666666,3.3333333333333335,4.666666666666667,5.0,3.0,27,46
10.0,11.0,4.0,39.0,0.0,17.0,8.0,Chelsea,3.0,2.0,5.0,17.0,3.0,61.0,0.0,13.0,5.0,Tottenham,2.8,2.0,1.0,2.0,H,2024-12-08,A,-0.20000000000000018,0.7660818713450291,1.5626598465473145,1789.5016562986125,1894.8360852874234,-105.33442898881094,1.7,2.3333333333333335,12.666666666666666,13.0,4.333333333333333,5.666666666666667,1.8333333333333333,3.6666666666666665,7.666666666666667,19.666666666666668,3.3333333333333335,9.333333333333334,7.0,4.0,46,46
6.0,9.0,1.0,66.0,0.0,12.0,4.0,Arsenal,2.0,2.0,0.0,10.0,1.0,34.0,0.0,2.0,2.0,Fulham,0.2,4.0,0.0,1.0,H,2024-12-08,D,-1.8,0.17355371900826447,0.5158850226928896,1840.3307787196475,2031.4490737704036,-191.11829505075616,0.7666666666666669,1.3333333333333333,6.0,11.666666666666666,2.3333333333333335,4.0,1.0666666666666667,2.6666666666666665,10.333333333333334,13.666666666666666,3.3333333333333335,4.666666666666667,3.0,8.0,46,46
0.0,17.0,1.0,46.0,0.0,19.0,5.0,Wolves,1.0,4.0,11.0,12.0,2.0,54.0,0.0,19.0,4.0,West Ham,1.0,5.0,0.0,0.0,D,2024-12-09,H,0.0,1.0,1.17353579175705,1647.3033468244073,1603.0797539280402,44.22359289636711,1.0999999999999999,2.0,14.0,17.666666666666668,5.0,5.333333333333333,1.0,1.0,14.0,11.666666666666666,3.6666666666666665,4.0,9.0,5.0,46,46
4.0,7.0,2.0,61.0,0.0,12.0,3.0,Fulham,1.0,4.0,5.0,10.0,2.0,39.0,1.0,16.0,4.0,Liverpool,2.1,3.0,1.0,0.0,A,2024-12-14,D,1.1,1.3305785123966944,0.6399345335515548,1994.8542409456659,1840.3307787196475,154.5234622260184,2.5,1.0,16.0,10.666666666666666,5.333333333333333,2.3333333333333335,1.4666666666666668,1.6666666666666667,12.333333333333334,14.333333333333334,4.0,5.333333333333333,13.0,13.0,46,46
3.0,9.0,2.0,54.0,0.0,10.0,5.0,Ipswich Town,1.0,2.0,7.0,13.0,1.0,46.0,1.0,16.0,6.0,Wolves,1.3,0.0,1.0,0.0,A,2024-12-14,A,0.30000000000000004,1.5940594059405944,0.8521256931608133,1603.0797539280402,1539.7578716005646,63.32188232747558,1.0333333333333334,1.6666666666666667,11.333333333333334,10.333333333333334,4.333333333333333,4.333333333333333,1.4666666666666668,1.3333333333333333,15.0,8.333333333333334,5.333333333333333,3.6666666666666665,14.0,14.0,46,8
2.0,16.0,0.0,59.0,0.0,4.0,1.0,Leicester City,0.0,3.0,5.0,7.0,4.0,41.0,0.0,27.0,11.0,Newcastle Utd,3.8,3.0,0.0,1.0,H,2024-12-14,H,3.8,6.609756097560976,0.6954314720812182,1899.5248972494726,1582.0828406343953,317.44205661507726,2.5000000000000004,1.0,20.666666666666668,11.666666666666666,6.333333333333333,4.0,2.3333333333333335,0.6666666666666666,17.666666666666668,5.666666666666667,6.666666666666667,3.0,10.0,14.0,46,27
2.0,9.0,0.0,76.0,0.0,2.0,0.0,Everton,0.0,3.0,8.0,6.0,0.0,24.0,0.0,13.0,5.0,Arsenal,1.2,0.0,0.0,0.0,D,2024-12-14,D,1.2,6.238095238095237,0.3166885676741131,2031.4490737704036,1726.6995064747496,304.74956729565406,1.5000000000000002,0.0,15.333333333333334,4.666666666666667,6.0,0.6666666666666666,1.033333333333333,0.6666666666666666,11.666666666666666,9.333333333333334,5.333333333333333,2.0,10.0,13.0,46,46
3.0,6.0,1.0,50.0,0.0,8.0,2.0,Aston Villa,0.0,1.0,4.0,12.0,2.0,50.0,0.0,17.0,6.0,Nott'ham Forest,1.7,0.0,0.0,0.0,D,2024-12-14,H,1.7,2.111111111111111,1.0,1714.9753427172018,1853.1627836918879,-138.18744097468607,1.2999999999999998,1.0,12.666666666666666,10.666666666666666,4.666666666666667,3.6666666666666665,1.7666666666666668,0.6666666666666666,16.0,10.0,6.333333333333333,2.6666666666666665,14.0,13.0,46,46
2.0,14.0,2.0,52.0,0.0,10.0,3.0,Manchester Utd,2.0,1.0,8.0,5.0,1.0,48.0,0.0,10.0,3.0,Manchester City,0.9,1.0,0.0,1.0,H,2024-12-15,A,-1.1,1.0,0.9232245681381958,2000.0555871302647,1739.89943343953,260.15615369073475,1.7999999999999996,2.0,16.666666666666668,10.333333333333334,5.0,4.333333333333333,1.5333333333333339,1.0,11.666666666666666,8.666666666666666,5.0,3.0,11.0,11.0,46,46
5.0,15.0,5.0,58.0,0.0,18.0,9.0,Tottenham,2.0,3.0,2.0,8.0,0.0,42.0,0.0,9.0,3.0,Southampton,0.8,1.0,5.0,0.0,A,2024-12-15,A,-1.2,0.5027624309392265,0.7246127366609294,1485.0415513826488,1789.5016562986125,-304.4601049159637,1.2333333333333334,3.3333333333333335,7.333333333333333,23.666666666666668,4.0,11.0,2.1333333333333333,2.0,17.666666666666668,13.0,5.333333333333333,6.666666666666667,11.0,10.0,27,46
5.0,15.0,3.0,64.0,0.0,13.0,5.0,Crystal Palace,2.0,4.0,8.0,11.0,1.0,36.0,0.0,17.0,5.0,Brighton,1.0,1.0,2.0,0.0,A,2024-12-15,A,-1.0,1.3053435114503817,0.5631825273010921,1770.14782868638,1762.76945717414,7.3783715122401645,1.6666666666666667,1.6666666666666667,16.333333333333332,12.666666666666666,4.666666666666667,4.333333333333333,1.4999999999999998,1.6666666666666667,14.333333333333334,13.0,4.0,4.666666666666667,16.0,12.0,46,46
5.0,7.0,1.0,38.0,0.0,9.0,4.0,Brentford,2.0,2.0,8.0,11.0,2.0,62.0,1.0,26.0,8.0,Chelsea,2.2,0.0,0.0,1.0,H,2024-12-15,H,0.20000000000000018,2.8681318681318686,1.6299212598425197,1894.8360852874234,1822.9185183714126,71.91756691601086,1.7666666666666668,1.6666666666666667,20.0,10.666666666666666,6.333333333333333,3.6666666666666665,1.933333333333333,1.3333333333333333,24.333333333333332,9.0,7.666666666666667,2.3333333333333335,14.0,11.0,46,46
6.0,11.0,1.0,48.0,0.0,16.0,3.0,West Ham,2.0,2.0,12.0,6.0,1.0,52.0,0.0,29.0,9.0,Bournemouth,1.9,0.0,0.0,0.0,D,2024-12-16,D,-0.10000000000000009,1.8074534161490683,1.0831600831600832,1752.0306042874054,1647.3033468244073,104.72725746299807,2.3333333333333335,1.3333333333333333,23.0,11.333333333333334,7.333333333333333,3.6666666666666665,1.7333333333333327,2.0,18.333333333333332,20.666666666666668,5.666666666666667,6.333333333333333,11.0,13.0,46,46
4.0,7.0,1.0,56.0,0.0,12.0,6.0,Manchester City,1.0,3.0,5.0,14.0,2.0,44.0,0.0,11.0,6.0,Aston Villa,1.6,3.0,0.0,1.0,H,2024-12-21,H,0.6000000000000001,0.9173553719008264,0.786096256684492,1853.1627836918879,2000.0555871302647,-146.89280343837686,2.1,0.6666666666666666,16.333333333333332,8.333333333333334,7.0,2.3333333333333335,2.1,1.0,13.666666666666666,10.666666666666666,5.333333333333333,4.0,14.0,14.0,47,47
1.0,7.0,4.0,58.0,0.0,15.0,7.0,Newcastle Utd,2.0,0.0,2.0,9.0,0.0,42.0,0.0,10.0,2.0,Ipswich Town,0.7,2.0,3.0,0.0,A,2024-12-21,A,-1.3,0.6688741721854304,0.7246127366609294,1539.7578716005646,1899.5248972494726,-359.767025648908,0.8333333333333334,2.3333333333333335,12.333333333333334,16.666666666666668,3.0,5.333333333333333,1.2000000000000004,1.3333333333333333,12.333333333333334,10.666666666666666,4.666666666666667,3.3333333333333335,13.0,14.0,9,47
5.0,14.0,2.0,64.0,0.0,10.0,6.0,Nott'ham Forest,1.0,4.0,9.0,9.0,0.0,36.0,0.0,7.0,3.0,Brentford,0.7,3.0,1.0,0.0,A,2024-12-21,A,-0.30000000000000004,0.7029702970297029,0.5631825273010921,1822.9185183714126,1714.9753427172018,107.94317565421079,1.4333333333333333,1.3333333333333333,10.333333333333334,11.0,5.666666666666667,4.0,1.5666666666666664,1.0,13.666666666666666,11.0,5.666666666666667,4.0,14.0,14.0,47,47
4.0,20.0,1.0,53.0,0.0,12.0,6.0,Brighton,1.0,2.0,8.0,14.0,1.0,47.0,0.0,11.0,4.0,West Ham,1.2,2.0,0.0,0.0,D,2024-12-21,D,0.19999999999999996,0.9173553719008264,0.8870056497175142,1647.3033468244073,1770.14782868638,-122.84448186197278,1.2333333333333332,2.0,14.0,15.666666666666666,4.333333333333333,6.0,1.2,1.3333333333333333,9.0,13.666666666666666,3.0,5.333333333333333,12.0,13.0,47,47
3.0,8.0,5.0,58.0,0.0,14.0,6.0,Arsenal,3.0,2.0,3.0,9.0,1.0,42.0,0.0,15.0,6.0,Crystal Palace,1.6,2.0,3.0,1.0,A,2024-12-21,A,-1.4,1.070921985815603,0.7246127366609294,1762.76945717414,2031.4490737704036,-268.6796165962637,1.5333333333333334,1.3333333333333333,14.333333333333334,9.0,4.333333333333333,3.3333333333333335,1.0999999999999999,3.0,9.666666666666666,14.0,4.333333333333333,5.666666666666667,14.0,13.0,47,47
1.0,11.0,3.0,60.0,0.0,10.0,5.0,Bournemouth,2.0,3.0,13.0,11.0,0.0,40.0,0.0,23.0,7.0,Manchester Utd,2.2,1.0,1.0,0.0,A,2024-12-22,A,0.20000000000000018,2.2871287128712874,0.6672212978369384,1739.89943343953,1752.0306042874054,-12.13117084787541,1.6333333333333335,1.3333333333333333,17.0,9.666666666666666,6.333333333333333,3.3333333333333335,1.333333333333333,2.6666666666666665,17.0,14.666666666666666,5.0,6.333333333333333,15.0,14.0,47,47
1.0,16.0,3.0,46.0,0.0,8.0,4.0,Wolves,1.0,0.0,6.0,15.0,0.0,54.0,0.0,9.0,5.0,Leicester City,0.8,2.0,3.0,0.0,A,2024-12-22,A,-0.19999999999999996,1.123456790123457,1.17353579175705,1582.0828406343953,1603.0797539280402,-20.996913293644866,1.2666666666666666,2.0,9.0,18.333333333333332,4.666666666666667,7.0,0.9333333333333332,1.0,13.666666666666666,11.0,4.333333333333333,3.6666666666666665,14.0,13.0,28,47
5.0,12.0,0.0,75.0,0.0,12.0,5.0,Chelsea,1.0,1.0,2.0,20.0,0.0,25.0,0.0,5.0,4.0,Everton,1.0,4.0,0.0,0.0,D,2024-12-22,D,0.0,0.4214876033057851,0.3342210386151798,1726.6995064747496,1894.8360852874234,-168.13657881267386,1.0666666666666667,1.0,15.0,9.0,4.333333333333333,3.0,1.8,3.0,8.0,18.333333333333332,4.333333333333333,8.666666666666666,18.0,14.0,46,47
5.0,15.0,0.0,57.0,0.0,5.0,1.0,Southampton,0.0,3.0,6.0,8.0,0.0,43.0,0.0,16.0,5.0,Fulham,0.9,1.0,0.0,0.0,D,2024-12-22,D,0.9,3.1568627450980395,0.7548161120840631,1840.3307787196475,1485.0415513826488,355.2892273369987,0.7333333333333335,1.0,8.0,10.0,3.0,2.6666666666666665,1.6333333333333335,0.3333333333333333,18.666666666666668,6.333333333333333,5.0,1.0,14.0,15.0,47,28
5.0,9.0,6.0,48.0,0.0,24.0,12.0,Liverpool,6.0,2.0,7.0,7.0,3.0,52.0,0.0,9.0,5.0,Tottenham,1.3,1.0,3.0,1.0,A,2024-12-22,A,-4.7,0.37759336099585056,1.0831600831600832,1789.5016562986125,1994.8542409456659,-205.3525846470534,1.6333333333333335,3.6666666666666665,10.0,18.333333333333332,4.333333333333333,8.666666666666666,1.5666666666666667,3.6666666666666665,11.0,22.333333333333332,5.333333333333333,9.333333333333334,14.0,18.0,47,46
7.0,13.0,0.0,70.0,1.0,13.0,4.0,Tottenham,1.0,2.0,2.0,12.0,1.0,30.0,0.0,10.0,3.0,Nott'ham Forest,1.1,3.0,0.0,1.0,H,2024-12-26,H,0.10000000000000009,0.7709923664122137,0.4293865905848788,1714.9753427172018,1789.5016562986125,-74.5263135814107,1.4666666666666666,0.6666666666666666,13.0,9.333333333333334,4.666666666666667,3.0,1.7999999999999996,1.3333333333333333,13.333333333333334,14.333333333333334,4.666666666666667,5.666666666666667,12.0,11.0,47,47
2.0,8.0,1.0,46.0,0.0,16.0,2.0,West Ham,2.0,2.0,2.0,15.0,0.0,54.0,0.0,18.0,5.0,Southampton,1.4,1.0,0.0,0.0,D,2024-12-26,A,-0.6000000000000001,1.124223602484472,1.17353579175705,1485.0415513826488,1647.3033468244073,-162.26179544175852,1.2666666666666666,3.0,11.0,20.0,4.0,8.0,1.666666666666666,2.3333333333333335,18.333333333333332,21.0,6.666666666666667,5.0,11.0,10.0,28,47
6.0,10.0,0.0,62.0,1.0,4.0,1.0,Aston Villa,0.0,1.0,9.0,15.0,3.0,38.0,0.0,22.0,8.0,Newcastle Utd,2.7,2.0,0.0,1.0,H,2024-12-26,H,2.7,5.390243902439026,0.6135265700483092,1899.5248972494726,1853.1627836918879,46.362113557584735,2.866666666666667,0.6666666666666666,22.0,8.0,8.333333333333334,2.3333333333333335,2.0000000000000004,0.3333333333333333,18.666666666666668,7.333333333333333,7.333333333333333,2.3333333333333335,12.0,12.0,47,47
5.0,10.0,1.0,66.0,0.0,8.0,3.0,Everton,1.0,4.0,8.0,5.0,1.0,34.0,0.0,24.0,5.0,Manchester City,2.1,1.0,1.0,1.0,D,2024-12-26,D,1.1,2.975308641975309,0.5158850226928896,2000.0555871302647,1726.6995064747496,273.35608065551514,1.7999999999999996,1.3333333333333333,17.0,10.0,5.0,3.0,1.4666666666666661,0.6666666666666666,16.0,6.0,5.0,1.6666666666666667,11.0,12.0,47,47
1.0,5.0,1.0,68.0,0.0,4.0,1.0,Leicester City,0.0,2.0,14.0,17.0,3.0,32.0,0.0,19.0,7.0,Liverpool,2.0,3.0,1.0,1.0,D,2024-12-26,H,2.0,4.658536585365854,0.4713656387665199,1994.8542409456659,1582.0828406343953,412.77140031127055,2.5,0.6666666666666666,17.666666666666668,8.0,6.0,2.0,2.733333333333333,0.3333333333333333,19.666666666666668,5.0,8.0,1.6666666666666667,12.0,12.0,47,28
1.0,13.0,2.0,53.0,0.0,14.0,7.0,Fulham,2.0,3.0,3.0,13.0,1.0,47.0,0.0,12.0,8.0,Chelsea,1.1,1.0,0.0,1.0,H,2024-12-26,A,-0.8999999999999999,0.8581560283687943,0.8870056497175142,1894.8360852874234,1840.3307787196475,54.50530656777596,1.6333333333333337,1.6666666666666667,18.333333333333332,11.0,8.0,5.0,1.3333333333333333,1.6666666666666667,12.0,13.333333333333334,5.0,5.333333333333333,11.0,12.0,47,47
4.0,12.0,0.0,49.0,1.0,11.0,4.0,Manchester Utd,0.0,2.0,4.0,12.0,2.0,51.0,0.0,7.0,4.0,Wolves,0.9,2.0,0.0,0.0,D,2024-12-26,H,0.9,0.6396396396396397,1.0407331975560081,1603.0797539280402,1739.89943343953,-136.81967951148977,0.9,1.3333333333333333,11.0,11.0,4.333333333333333,5.666666666666667,1.3000000000000005,0.6666666666666666,10.333333333333334,8.666666666666666,4.333333333333333,3.0,12.0,11.0,47,47
2.0,12.0,0.0,48.0,0.0,10.0,4.0,Crystal Palace,0.0,2.0,5.0,13.0,0.0,52.0,0.0,18.0,4.0,Bournemouth,1.4,2.0,0.0,0.0,D,2024-12-26,D,1.4,1.7920792079207923,1.0831600831600832,1752.0306042874054,1762.76945717414,-10.738852886734549,2.2666666666666666,1.0,22.666666666666668,12.666666666666666,7.0,3.6666666666666665,0.9666666666666663,1.3333333333333333,14.666666666666666,12.0,3.6666666666666665,4.0,10.0,11.0,47,47
3.0,12.0,0.0,57.0,0.0,8.0,3.0,Brentford,1.0,2.0,5.0,6.0,0.0,43.0,0.0,24.0,7.0,Brighton,1.3,0.0,0.0,0.0,D,2024-12-27,D,0.30000000000000004,2.975308641975309,0.7548161120840631,1770.14782868638,1822.9185183714126,-52.770689685032494,1.3333333333333333,1.3333333333333333,21.0,10.333333333333334,5.666666666666667,3.3333333333333335,1.9666666666666666,1.3333333333333333,23.333333333333332,8.666666666666666,8.333333333333334,2.6666666666666665,12.0,12.0,47,47
1.0,12.0,0.0,68.0,0.0,3.0,0.0,Ipswich Town,0.0,1.0,5.0,7.0,1.0,32.0,0.0,13.0,5.0,Arsenal,1.8,1.0,0.0,1.0,H,2024-12-27,H,1.8,4.225806451612903,0.4713656387665199,2031.4490737704036,1539.7578716005646,491.691202169839,1.7000000000000004,0.0,13.333333333333334,3.3333333333333335,5.333333333333333,0.6666666666666666,1.5666666666666667,0.6666666666666666,13.666666666666666,6.666666666666667,5.333333333333333,2.6666666666666665,13.0,13.0,47,9
5.0,10.0,2.0,48.0,0.0,11.0,3.0,Wolves,1.0,2.0,5.0,9.0,2.0,52.0,0.0,13.0,3.0,Tottenham,2.2,1.0,1.0,2.0,H,2024-12-29,D,1.2000000000000002,1.1801801801801801,1.0831600831600832,1789.5016562986125,1603.0797539280402,186.4219023705723,2.1,3.3333333333333335,11.666666666666666,17.333333333333332,4.333333333333333,7.666666666666667,1.3333333333333333,1.0,13.666666666666666,12.666666666666666,4.0,4.0,7.0,7.0,48,48
4.0,10.0,2.0,36.0,0.0,11.0,7.0,Nott'ham Forest,2.0,1.0,5.0,13.0,0.0,64.0,0.0,13.0,2.0,Everton,0.9,4.0,1.0,0.0,A,2024-12-29,A,-1.1,1.1801801801801801,1.7756232686980606,1726.6995064747496,1714.9753427172018,11.724163757547785,0.9666666666666667,1.3333333333333333,10.333333333333334,9.666666666666666,3.3333333333333335,4.666666666666667,1.0666666666666664,1.3333333333333333,12.333333333333334,10.666666666666666,4.0,5.333333333333333,7.0,8.0,47,48
4.0,6.0,2.0,47.0,0.0,14.0,5.0,Manchester City,1.0,1.0,4.0,11.0,0.0,53.0,0.0,11.0,4.0,Leicester City,1.3,2.0,1.0,0.0,A,2024-12-29,A,0.30000000000000004,0.7872340425531915,1.127388535031847,1582.0828406343953,2000.0555871302647,-417.9727464958694,1.1333333333333333,1.3333333333333333,10.0,12.666666666666666,4.0,5.333333333333333,1.4000000000000001,1.0,11.333333333333334,12.666666666666666,4.333333333333333,5.0,7.0,8.0,29,48
7.0,16.0,2.0,52.0,0.0,16.0,9.0,Bournemouth,2.0,3.0,1.0,7.0,2.0,48.0,0.0,11.0,6.0,Fulham,1.1,1.0,0.0,1.0,H,2024-12-29,D,-0.8999999999999999,0.6894409937888198,0.9232245681381958,1840.3307787196475,1752.0306042874054,88.3001744322421,0.7333333333333335,1.3333333333333333,9.666666666666666,11.0,4.333333333333333,4.666666666666667,1.5333333333333332,2.3333333333333335,17.333333333333332,16.0,6.0,6.666666666666667,7.0,7.0,48,48
6.0,10.0,5.0,54.0,0.0,22.0,13.0,Liverpool,3.0,0.0,3.0,7.0,0.0,46.0,0.0,7.0,0.0,West Ham,0.4,0.0,3.0,0.0,A,2024-12-29,A,-2.6,0.3212669683257918,0.8521256931608133,1647.3033468244073,1994.8542409456659,-347.5508941212586,0.8666666666666664,1.6666666666666667,12.333333333333334,17.666666666666668,2.6666666666666665,8.0,1.2666666666666668,3.6666666666666665,11.0,20.666666666666668,3.6666666666666665,10.0,8.0,7.0,48,47
7.0,19.0,1.0,47.0,0.0,7.0,3.0,Southampton,1.0,3.0,8.0,18.0,2.0,53.0,0.0,19.0,10.0,Crystal Palace,2.0,2.0,1.0,1.0,D,2024-12-29,H,1.0,2.690140845070423,1.127388535031847,1762.76945717414,1485.0415513826488,277.72790579149114,1.6333333333333335,1.6666666666666667,15.333333333333334,11.0,6.333333333333333,4.333333333333333,1.7333333333333332,0.3333333333333333,17.666666666666668,5.333333333333333,6.666666666666667,1.3333333333333333,8.0,7.0,48,29
3.0,14.0,2.0,41.0,0.0,13.0,4.0,Brighton,1.0,3.0,12.0,9.0,2.0,59.0,0.0,20.0,4.0,Aston Villa,1.8,2.0,1.0,1.0,D,2024-12-30,D,0.8,1.5343511450381682,1.437956204379562,1853.1627836918879,1770.14782868638,83.01495500550777,1.9000000000000001,0.6666666666666666,16.333333333333332,9.666666666666666,5.0,3.3333333333333335,1.4333333333333333,1.3333333333333333,13.666666666666666,13.666666666666666,3.6666666666666665,5.666666666666667,9.0,9.0,48,48
7.0,5.0,0.0,76.0,0.0,20.0,5.0,Chelsea,2.0,4.0,4.0,9.0,2.0,24.0,0.0,9.0,6.0,Ipswich Town,1.6,4.0,0.0,1.0,H,2024-12-30,H,-0.3999999999999999,0.45273631840796014,0.3166885676741131,1539.7578716005646,1894.8360852874234,-355.0782136868588,1.2,2.3333333333333335,12.333333333333334,19.0,4.333333333333333,6.0,1.8,2.0,9.0,16.333333333333332,5.0,6.0,9.0,8.0,10,48
3.0,8.0,2.0,52.0,0.0,12.0,4.0,Newcastle Utd,2.0,1.0,2.0,13.0,0.0,48.0,0.0,10.0,0.0,Manchester Utd,0.8,1.0,2.0,0.0,A,2024-12-30,A,-1.2,0.8347107438016529,0.9232245681381958,1739.89943343953,1899.5248972494726,-159.62546380994263,1.5333333333333334,1.6666666666666667,16.666666666666668,11.0,4.666666666666667,4.0,0.9000000000000004,2.0,10.333333333333334,14.333333333333334,3.3333333333333335,4.666666666666667,8.0,9.0,48,48
3.0,8.0,3.0,50.0,0.0,14.0,5.0,Arsenal,2.0,2.0,4.0,6.0,1.0,50.0,0.0,5.0,2.0,Brentford,0.3,1.0,1.0,1.0,D,2025-01-01,A,-1.7,0.36170212765957444,1.0,1822.9185183714126,2031.4490737704036,-208.53055539899105,0.7333333333333333,1.6666666666666667,7.666666666666667,13.333333333333334,4.333333333333333,4.666666666666667,0.7000000000000001,2.3333333333333335,7.333333333333333,13.333333333333334,3.3333333333333335,5.0,11.0,11.0,48,48
10.0,15.0,2.0,44.0,0.0,14.0,4.0,Newcastle Utd,3.0,4.0,9.0,11.0,1.0,56.0,0.0,13.0,4.0,Tottenham,0.9,1.0,2.0,1.0,A,2025-01-04,A,-2.1,0.9290780141843972,1.272108843537415,1789.5016562986125,1899.5248972494726,-110.0232409508601,1.466666666666667,3.3333333333333335,11.666666666666666,16.333333333333332,4.0,6.333333333333333,0.8000000000000004,2.3333333333333335,11.0,13.666666666666666,2.0,5.0,6.0,5.0,49,49
2.0,11.0,1.0,60.0,0.0,4.0,2.0,Leicester City,0.0,1.0,7.0,10.0,2.0,40.0,0.0,13.0,5.0,Aston Villa,1.4,0.0,0.0,0.0,D,2025-01-04,H,1.4,3.1951219512195124,0.6672212978369384,1853.1627836918879,1582.0828406343953,271.0799430574925,1.5999999999999999,0.6666666666666666,14.666666666666666,9.666666666666666,5.0,4.0,2.4,0.0,19.666666666666668,4.0,7.666666666666667,1.3333333333333333,5.0,9.0,49,29
5.0,14.0,1.0,55.0,0.0,9.0,3.0,Arsenal,1.0,3.0,2.0,17.0,1.0,45.0,0.0,11.0,4.0,Brighton,1.5,2.0,1.0,0.0,A,2025-01-04,D,0.5,1.2197802197802199,0.8185117967332124,1770.14782868638,2031.4490737704036,-261.30124508402355,1.2666666666666666,1.3333333333333333,17.333333333333332,10.0,5.333333333333333,3.6666666666666665,1.1333333333333335,2.0,10.333333333333334,12.333333333333334,4.0,4.666666666666667,8.0,3.0,48,49
3.0,14.0,0.0,58.0,0.0,9.0,0.0,Everton,1.0,2.0,9.0,15.0,1.0,42.0,0.0,19.0,8.0,Bournemouth,1.8,2.0,0.0,0.0,D,2025-01-04,H,0.8,2.098901098901099,0.7246127366609294,1752.0306042874054,1726.6995064747496,25.3310978126558,1.7,1.0,22.0,11.666666666666666,7.0,2.3333333333333335,1.6999999999999995,0.6666666666666666,18.666666666666668,6.333333333333333,6.0,1.0,9.0,9.0,48,48
2.0,4.0,5.0,50.0,0.0,20.0,11.0,Brentford,4.0,0.0,2.0,10.0,0.0,50.0,0.0,8.0,1.0,Southampton,0.3,2.0,1.0,0.0,A,2025-01-04,A,-3.7,0.4029850746268656,1.0,1485.0415513826488,1822.9185183714126,-337.8769669887638,0.8333333333333334,2.6666666666666665,11.666666666666666,18.0,3.0,7.333333333333333,1.2666666666666666,2.3333333333333335,19.333333333333332,12.333333333333334,5.333333333333333,6.0,9.0,8.0,29,48
1.0,13.0,1.0,56.0,0.0,17.0,4.0,West Ham,1.0,1.0,7.0,8.0,4.0,44.0,0.0,10.0,7.0,Manchester City,1.9,2.0,0.0,2.0,H,2025-01-04,H,0.8999999999999999,0.5906432748538011,0.786096256684492,2000.0555871302647,1647.3033468244073,352.7522403058574,1.6333333333333329,1.3333333333333333,14.666666666666666,11.666666666666666,5.0,3.3333333333333335,1.7333333333333325,1.6666666666666667,19.0,16.333333333333332,7.0,3.0,9.0,9.0,48,48
6.0,12.0,1.0,39.0,0.0,15.0,1.0,Chelsea,1.0,2.0,6.0,9.0,1.0,61.0,0.0,13.0,6.0,Crystal Palace,1.1,0.0,1.0,0.0,A,2025-01-04,D,0.10000000000000009,0.8675496688741722,1.5626598465473145,1762.76945717414,1894.8360852874234,-132.0666281132835,1.566666666666667,1.6666666666666667,15.666666666666666,12.0,7.333333333333333,3.3333333333333335,1.2333333333333334,1.3333333333333333,9.0,15.666666666666666,5.333333333333333,3.6666666666666665,6.0,5.0,49,49
2.0,14.0,2.0,73.0,0.0,7.0,3.0,Ipswich Town,2.0,5.0,9.0,10.0,2.0,27.0,0.0,15.0,4.0,Fulham,2.2,1.0,1.0,0.0,A,2025-01-05,D,0.20000000000000018,2.126760563380282,0.37072503419972647,1840.3307787196475,1539.7578716005646,300.57290711908286,1.4000000000000004,1.3333333333333333,14.0,9.333333333333334,5.0,4.333333333333333,1.7666666666666668,1.0,14.666666666666666,6.666666666666667,5.0,2.6666666666666665,7.0,9.0,49,10
9.0,13.0,2.0,47.0,0.0,13.0,4.0,Manchester Utd,1.0,4.0,6.0,10.0,2.0,53.0,0.0,19.0,6.0,Liverpool,2.7,2.0,0.0,0.0,D,2025-01-05,D,1.7000000000000002,1.4580152671755726,1.127388535031847,1994.8542409456659,1739.89943343953,254.95480750613592,2.266666666666667,0.6666666666666666,18.0,9.666666666666666,5.666666666666667,2.6666666666666665,1.5000000000000007,1.0,12.0,11.333333333333334,4.333333333333333,3.6666666666666665,10.0,10.0,48,48
3.0,8.0,3.0,60.0,0.0,11.0,3.0,Nott'ham Forest,2.0,2.0,5.0,10.0,0.0,40.0,0.0,13.0,6.0,Wolves,1.5,1.0,2.0,0.0,A,2025-01-06,A,-0.5,1.1801801801801801,0.6672212978369384,1603.0797539280402,1714.9753427172018,-111.8955887891616,1.2333333333333334,1.0,12.0,10.666666666666666,5.333333333333333,4.0,1.033333333333333,1.6666666666666667,11.0,10.666666666666666,3.6666666666666665,5.333333333333333,11.0,8.0,48,49
3.0,18.0,2.0,56.0,0.0,21.0,5.0,Fulham,2.0,3.0,0.0,9.0,3.0,44.0,0.0,4.0,3.0,West Ham,1.0,3.0,0.0,2.0,H,2025-01-14,H,-1.0,0.19431279620853079,0.786096256684492,1647.3033468244073,1840.3307787196475,-193.02743189524017,0.8666666666666666,2.0,7.333333333333333,18.333333333333332,2.3333333333333335,8.0,1.4000000000000001,1.6666666666666667,10.666666666666666,15.666666666666666,5.0,5.0,16.0,19.0,49,48
3.0,16.0,2.0,57.0,0.0,7.0,3.0,Bournemouth,1.0,3.0,9.0,15.0,2.0,43.0,0.0,26.0,10.0,Chelsea,2.5,2.0,0.0,1.0,H,2025-01-14,D,1.5,3.6760563380281694,0.7548161120840631,1894.8360852874234,1752.0306042874054,142.80548100001806,1.9333333333333336,1.6666666666666667,21.333333333333332,10.0,8.666666666666666,4.666666666666667,1.933333333333333,1.6666666666666667,20.0,11.0,7.666666666666667,5.666666666666667,19.0,16.0,48,49
5.0,4.0,2.0,55.0,0.0,21.0,8.0,Manchester City,2.0,0.0,4.0,4.0,2.0,45.0,0.0,18.0,6.0,Brentford,2.5,0.0,0.0,0.0,D,2025-01-14,D,0.5,0.8578199052132701,0.8185117967332124,1822.9185183714126,2000.0555871302647,-177.13706875885214,1.1666666666666667,1.6666666666666667,10.0,15.0,3.6666666666666665,6.333333333333333,1.8,1.3333333333333333,13.333333333333334,15.666666666666666,5.333333333333333,6.333333333333333,13.0,16.0,49,49
9.0,10.0,1.0,70.0,0.0,23.0,7.0,Liverpool,2.0,1.0,0.0,7.0,1.0,30.0,0.0,6.0,3.0,Nott'ham Forest,0.3,2.0,0.0,1.0,H,2025-01-14,D,-1.7,0.26406926406926406,0.4293865905848788,1714.9753427172018,1994.8542409456659,-279.8788982284641,1.033333333333333,1.0,11.0,14.666666666666666,4.0,4.333333333333333,0.6666666666666666,3.6666666666666665,7.333333333333333,23.0,2.6666666666666665,10.666666666666666,19.0,16.0,48,48
3.0,6.0,2.0,43.0,0.0,9.0,4.0,Crystal Palace,2.0,0.0,4.0,7.0,0.0,57.0,0.0,21.0,4.0,Leicester City,1.7,0.0,0.0,0.0,D,2025-01-15,A,-0.30000000000000004,2.318681318681319,1.3248259860788862,1582.0828406343953,1762.76945717414,-180.6866165397446,1.2666666666666666,1.3333333333333333,13.666666666666666,10.333333333333334,4.333333333333333,4.333333333333333,1.3666666666666663,1.3333333333333333,18.666666666666668,10.666666666666666,4.333333333333333,4.333333333333333,17.0,20.0,30,48
5.0,10.0,1.0,50.0,0.0,11.0,3.0,Aston Villa,1.0,1.0,8.0,17.0,0.0,50.0,0.0,10.0,3.0,Everton,1.1,2.0,0.0,0.0,D,2025-01-15,A,0.10000000000000009,0.9099099099099099,1.0,1726.6995064747496,1853.1627836918879,-126.46327721713828,1.0,1.3333333333333333,9.333333333333334,11.333333333333334,3.0,5.0,1.8333333333333333,0.3333333333333333,16.333333333333332,7.666666666666667,5.666666666666667,2.0,17.0,20.0,48,48
2.0,13.0,0.0,60.0,0.0,13.0,7.0,Wolves,2.0,2.0,4.0,10.0,3.0,40.0,0.0,17.0,5.0,Newcastle Utd,2.1,0.0,0.0,1.0,H,2025-01-15,H,0.10000000000000009,1.3053435114503817,0.6672212978369384,1899.5248972494726,1603.0797539280402,296.4451433214324,2.866666666666667,0.6666666666666666,22.0,7.0,8.0,3.0,1.7,1.3333333333333333,13.0,10.666666666666666,4.333333333333333,4.666666666666667,20.0,17.0,48,49
4.0,9.0,1.0,53.0,0.0,10.0,2.0,Tottenham,1.0,1.0,10.0,16.0,2.0,47.0,0.0,14.0,4.0,Arsenal,1.4,3.0,1.0,2.0,H,2025-01-15,H,0.3999999999999999,1.396039603960396,0.8870056497175142,2031.4490737704036,1789.5016562986125,241.94741747179114,1.4666666666666668,0.3333333333333333,13.333333333333334,5.0,4.666666666666667,0.6666666666666666,1.0999999999999996,1.3333333333333333,11.0,13.666666666666666,3.3333333333333335,5.0,19.0,20.0,48,48
9.0,14.0,2.0,53.0,0.0,11.0,5.0,Brighton,1.0,2.0,1.0,13.0,0.0,47.0,0.0,5.0,3.0,Ipswich Town,0.3,2.0,0.0,0.0,D,2025-01-16,A,-0.7,0.45945945945945943,0.8870056497175142,1539.7578716005646,1770.14782868638,-230.38995708581547,0.8666666666666667,1.6666666666666667,8.0,15.333333333333334,3.6666666666666665,5.666666666666667,1.1,1.0,12.0,12.0,3.6666666666666665,5.0,17.0,17.0,11,49
4.0,10.0,1.0,60.0,0.0,13.0,5.0,Southampton,1.0,3.0,5.0,7.0,3.0,40.0,0.0,23.0,9.0,Manchester Utd,3.4,1.0,1.0,0.0,A,2025-01-16,H,2.4,1.7633587786259544,0.6672212978369384,1739.89943343953,1485.0415513826488,254.85788205688118,2.1333333333333333,1.6666666666666667,18.666666666666668,11.666666666666666,5.333333333333333,4.666666666666667,2.1,0.6666666666666666,19.333333333333332,8.333333333333334,8.0,3.0,17.0,18.0,49,30
6.0,18.0,4.0,56.0,0.0,19.0,10.0,Bournemouth,2.0,6.0,7.0,7.0,1.0,44.0,0.0,13.0,5.0,Newcastle Utd,0.8,1.0,2.0,1.0,A,2025-01-18,A,-1.2,0.6858638743455496,0.786096256684492,1899.5248972494726,1752.0306042874054,147.49429296206722,1.8666666666666671,1.3333333333333333,17.333333333333332,12.0,6.0,6.0,1.4666666666666666,1.6666666666666667,16.666666666666668,14.0,7.0,7.333333333333333,3.0,4.0,49,50
2.0,8.0,2.0,60.0,0.0,17.0,2.0,Fulham,2.0,1.0,5.0,8.0,0.0,40.0,0.0,8.0,4.0,Leicester City,0.6,3.0,0.0,0.0,D,2025-01-18,A,-1.4,0.4736842105263157,0.6672212978369384,1582.0828406343953,1840.3307787196475,-258.24793808525214,1.2,1.6666666666666667,13.333333333333334,13.333333333333334,4.0,3.6666666666666665,0.9,2.0,8.0,17.333333333333332,5.0,4.666666666666667,3.0,4.0,31,49
4.0,10.0,2.0,47.0,0.0,12.0,7.0,Crystal Palace,1.0,0.0,2.0,13.0,0.0,53.0,1.0,7.0,0.0,West Ham,0.3,1.0,0.0,0.0,D,2025-01-18,A,-0.7,0.5867768595041322,1.127388535031847,1647.3033468244073,1762.76945717414,-115.46611034973262,0.5666666666666665,2.0,6.0,18.333333333333332,1.0,8.333333333333334,1.133333333333333,1.0,15.333333333333334,10.333333333333334,2.6666666666666665,5.0,4.0,3.0,50,49
15.0,14.0,2.0,60.0,0.0,37.0,8.0,Liverpool,3.0,3.0,2.0,6.0,0.0,40.0,0.0,11.0,6.0,Brentford,0.7,2.0,0.0,0.0,D,2025-01-18,A,-2.3,0.2991913746630728,0.6672212978369384,1822.9185183714126,1994.8542409456659,-171.9357225742533,1.1666666666666667,2.3333333333333335,11.333333333333334,24.0,4.666666666666667,7.0,0.4666666666666666,2.6666666666666665,8.0,27.333333333333332,3.0,9.333333333333334,4.0,4.0,50,49
1.0,18.0,2.0,66.0,0.0,8.0,4.0,Aston Villa,1.0,3.0,10.0,10.0,2.0,34.0,0.0,18.0,6.0,Arsenal,1.3,2.0,0.0,1.0,H,2025-01-18,D,0.30000000000000004,2.234567901234568,0.5158850226928896,2031.4490737704036,1853.1627836918879,178.28629007851578,1.5000000000000002,0.6666666666666666,15.0,7.0,5.0,2.0,1.7000000000000004,0.6666666666666666,16.666666666666668,7.666666666666667,5.666666666666667,2.6666666666666665,3.0,3.0,49,49
8.0,14.0,2.0,64.0,0.0,11.0,6.0,Tottenham,1.0,1.0,3.0,14.0,3.0,36.0,0.0,12.0,6.0,Everton,1.8,2.0,0.0,3.0,H,2025-01-19,H,0.8,1.09009009009009,0.5631825273010921,1726.6995064747496,1789.5016562986125,-62.80214982386292,1.2666666666666666,1.3333333333333333,11.666666666666666,11.0,3.6666666666666665,5.333333333333333,1.433333333333333,1.0,12.0,11.333333333333334,4.333333333333333,4.0,4.0,4.0,49,49
2.0,12.0,3.0,51.0,0.0,6.0,3.0,Brighton,2.0,3.0,4.0,13.0,1.0,49.0,0.0,10.0,1.0,Manchester Utd,1.5,3.0,1.0,1.0,D,2025-01-19,A,-0.5,1.6557377049180328,0.9608610567514677,1739.89943343953,1770.14782868638,-30.248395246850123,1.9000000000000001,1.6666666666666667,14.333333333333334,10.333333333333334,3.3333333333333335,4.0,1.2,1.3333333333333333,11.666666666666666,10.0,2.6666666666666665,4.0,3.0,3.0,50,50
8.0,18.0,2.0,45.0,0.0,10.0,4.0,Southampton,1.0,4.0,2.0,4.0,3.0,55.0,0.0,14.0,5.0,Nott'ham Forest,1.8,0.0,0.0,3.0,H,2025-01-19,H,0.8,1.396039603960396,1.221729490022173,1714.9753427172018,1485.0415513826488,229.933791334553,1.0666666666666664,1.3333333333333333,10.0,15.333333333333334,3.6666666666666665,5.0,2.4,1.0,18.666666666666668,10.0,8.0,4.0,5.0,3.0,49,31
7.0,7.0,6.0,67.0,0.0,17.0,9.0,Manchester City,3.0,1.0,4.0,4.0,0.0,33.0,0.0,8.0,4.0,Ipswich Town,0.5,0.0,3.0,0.0,A,2025-01-19,A,-2.5,0.4736842105263157,0.49329359165424747,1539.7578716005646,2000.0555871302647,-460.2977155297001,0.7999999999999999,2.0,7.333333333333333,16.0,4.333333333333333,6.333333333333333,1.4333333333333333,2.0,12.333333333333334,17.333333333333332,4.666666666666667,7.333333333333333,3.0,5.0,12,50
6.0,14.0,1.0,63.0,0.0,9.0,4.0,Wolves,1.0,2.0,3.0,8.0,3.0,37.0,0.0,19.0,7.0,Chelsea,3.1,4.0,1.0,1.0,D,2025-01-20,H,2.1,2.098901098901099,0.5879556259904913,1894.8360852874234,1603.0797539280402,291.75633135938324,2.233333333333334,1.3333333333333333,19.0,10.0,8.333333333333334,4.666666666666667,2.466666666666667,1.3333333333333333,16.333333333333332,11.0,5.0,4.666666666666667,6.0,5.0,49,50
8.0,5.0,3.0,47.0,0.0,17.0,9.0,Newcastle Utd,3.0,0.0,3.0,10.0,1.0,53.0,0.0,12.0,5.0,Southampton,0.8,1.0,2.0,1.0,A,2025-01-25,A,-2.2,0.7076023391812865,1.127388535031847,1485.0415513826488,1899.5248972494726,-414.4833458668238,0.8333333333333334,3.0,12.666666666666666,17.666666666666668,3.6666666666666665,7.333333333333333,0.8333333333333338,2.6666666666666665,11.666666666666666,14.333333333333334,3.0,5.666666666666667,21.0,21.0,30,50
1.0,11.0,1.0,69.0,0.0,3.0,1.0,Everton,1.0,4.0,9.0,8.0,0.0,31.0,0.0,16.0,1.0,Brighton,0.7,3.0,1.0,0.0,A,2025-01-25,A,-0.30000000000000004,5.193548387096775,0.4500723589001448,1770.14782868638,1726.6995064747496,43.44832221163051,1.1666666666666667,1.0,17.0,6.666666666666667,4.0,2.3333333333333335,1.533333333333333,1.0,19.666666666666668,6.666666666666667,4.666666666666667,1.3333333333333333,21.0,21.0,49,49
4.0,11.0,1.0,70.0,0.0,3.0,3.0,Ipswich Town,1.0,2.0,3.0,10.0,4.0,30.0,0.0,16.0,6.0,Liverpool,2.0,0.0,0.0,3.0,H,2025-01-25,H,1.0,5.193548387096775,0.4293865905848788,1994.8542409456659,1539.7578716005646,455.09636934510127,2.233333333333334,0.6666666666666666,18.0,6.666666666666667,6.333333333333333,2.6666666666666665,2.0,1.0,14.666666666666666,4.333333333333333,5.0,2.0,20.0,20.0,49,11
9.0,12.0,0.0,50.0,0.0,18.0,4.0,Nott'ham Forest,1.0,3.0,3.0,9.0,5.0,50.0,0.0,16.0,10.0,Bournemouth,1.7,2.0,0.0,1.0,H,2025-01-25,H,0.7,0.8895027624309393,1.0,1752.0306042874054,1714.9753427172018,37.055261570203584,1.633333333333333,0.6666666666666666,17.666666666666668,12.333333333333334,7.333333333333333,2.6666666666666665,1.3666666666666665,1.6666666666666667,14.0,13.333333333333334,6.0,4.666666666666667,21.0,19.0,49,50
5.0,10.0,1.0,49.0,1.0,9.0,3.0,Arsenal,1.0,1.0,1.0,20.0,0.0,51.0,1.0,9.0,4.0,Wolves,0.7,0.0,0.0,0.0,D,2025-01-25,A,-0.30000000000000004,1.0,1.0407331975560081,1603.0797539280402,2031.4490737704036,-428.36931984236344,1.0333333333333334,1.0,9.666666666666666,10.333333333333334,4.666666666666667,3.3333333333333335,0.8333333333333334,1.3333333333333333,8.333333333333334,10.666666666666666,3.3333333333333335,3.6666666666666665,19.0,21.0,49,50
4.0,8.0,1.0,56.0,0.0,10.0,4.0,Chelsea,2.0,2.0,2.0,6.0,3.0,44.0,0.0,15.0,6.0,Manchester City,2.2,3.0,1.0,1.0,D,2025-01-25,H,0.20000000000000018,1.495049504950495,0.786096256684492,2000.0555871302647,1894.8360852874234,105.21950184284128,2.0666666666666664,1.3333333333333333,16.333333333333332,11.666666666666666,6.0,3.6666666666666665,1.6333333333333335,1.6666666666666667,12.333333333333334,15.0,6.0,3.3333333333333335,21.0,21.0,49,50
7.0,11.0,2.0,53.0,0.0,13.0,6.0,Brentford,1.0,2.0,4.0,8.0,1.0,47.0,0.0,16.0,5.0,Crystal Palace,1.1,2.0,0.0,0.0,D,2025-01-26,A,0.10000000000000009,1.2290076335877864,0.8870056497175142,1762.76945717414,1822.9185183714126,-60.14906119727266,1.4000000000000004,1.0,16.0,11.666666666666666,7.0,3.3333333333333335,0.8999999999999999,2.0,16.0,13.666666666666666,4.333333333333333,6.666666666666667,22.0,22.0,50,49
4.0,16.0,2.0,61.0,0.0,12.0,3.0,Leicester City,2.0,5.0,6.0,6.0,1.0,39.0,0.0,15.0,6.0,Tottenham,1.0,1.0,0.0,1.0,H,2025-01-26,A,-1.0,1.2479338842975207,0.6399345335515548,1789.5016562986125,1582.0828406343953,207.41881566421716,1.3666666666666671,2.0,13.666666666666666,12.333333333333334,4.333333333333333,3.3333333333333335,1.4666666666666666,0.6666666666666666,15.666666666666666,6.666666666666667,6.0,2.0,22.0,22.0,50,30
3.0,16.0,1.0,46.0,0.0,14.0,4.0,West Ham,1.0,3.0,4.0,13.0,1.0,54.0,0.0,14.0,4.0,Aston Villa,0.9,2.0,0.0,1.0,H,2025-01-26,D,-0.09999999999999998,1.0,1.17353579175705,1853.1627836918879,1647.3033468244073,205.85943686748055,1.3666666666666665,0.6666666666666666,15.666666666666666,10.333333333333334,4.333333333333333,3.3333333333333335,1.3999999999999995,1.3333333333333333,14.0,15.666666666666666,5.333333333333333,3.3333333333333335,22.0,22.0,50,49
0.0,9.0,1.0,49.0,0.0,4.0,1.0,Manchester Utd,0.0,1.0,3.0,7.0,0.0,51.0,0.0,9.0,3.0,Fulham,0.7,0.0,0.0,0.0,D,2025-01-26,A,0.7,2.2195121951219514,1.0407331975560081,1840.3307787196475,1739.89943343953,100.43134528011751,1.3333333333333337,1.3333333333333333,11.666666666666666,9.0,4.333333333333333,4.333333333333333,1.4333333333333338,0.3333333333333333,11.666666666666666,9.333333333333334,4.333333333333333,3.0,21.0,21.0,50,49
8.0,13.0,0.0,68.0,0.0,10.0,3.0,Aston Villa,0.0,3.0,5.0,20.0,2.0,32.0,0.0,8.0,5.0,Wolves,1.6,2.0,0.0,1.0,H,2025-02-01,H,1.6,0.801980198019802,0.4713656387665199,1603.0797539280402,1853.1627836918879,-250.08302976384766,1.2666666666666666,1.0,10.0,10.0,5.0,3.0,1.3333333333333337,0.6666666666666666,12.0,9.666666666666666,4.666666666666667,3.3333333333333335,7.0,14.0,50,50
3.0,9.0,2.0,51.0,0.0,19.0,7.0,Liverpool,3.0,3.0,3.0,15.0,0.0,49.0,0.0,14.0,3.0,Bournemouth,1.6,2.0,1.0,0.0,A,2025-02-01,A,-1.4,0.7382198952879581,0.9608610567514677,1752.0306042874054,1994.8542409456659,-242.8236366582605,1.7,1.6666666666666667,16.333333333333332,15.333333333333334,7.0,3.6666666666666665,0.8666666666666667,2.6666666666666665,10.333333333333334,26.333333333333332,4.0,7.333333333333333,7.0,14.0,50,50
7.0,15.0,2.0,49.0,0.0,15.0,4.0,Fulham,2.0,4.0,4.0,10.0,1.0,51.0,0.0,11.0,4.0,Newcastle Utd,0.8,4.0,0.0,1.0,H,2025-02-01,A,-1.2,0.7350993377483444,1.0407331975560081,1899.5248972494726,1840.3307787196475,59.19411852982512,1.2333333333333336,2.0,13.666666666666666,15.666666666666666,4.666666666666667,7.0,0.7999999999999999,2.0,7.666666666666667,17.666666666666668,3.6666666666666665,3.6666666666666665,14.0,14.0,50,50
6.0,13.0,0.0,48.0,0.0,9.0,1.0,Leicester City,0.0,0.0,5.0,7.0,4.0,52.0,0.0,13.0,7.0,Everton,2.5,0.0,0.0,3.0,H,2025-02-01,H,2.5,1.4395604395604396,1.0831600831600832,1726.6995064747496,1582.0828406343953,144.61666584035424,1.8,0.6666666666666666,11.666666666666666,10.333333333333334,5.333333333333333,3.3333333333333335,1.633333333333333,0.6666666666666666,13.666666666666666,8.333333333333334,6.0,2.0,13.0,6.0,50,31
2.0,14.0,2.0,43.0,0.0,9.0,4.0,Southampton,1.0,3.0,1.0,11.0,1.0,57.0,0.0,15.0,6.0,Ipswich Town,1.8,0.0,1.0,1.0,D,2025-02-01,A,0.8,1.6593406593406594,1.3248259860788862,1539.7578716005646,1485.0415513826488,54.716320217915836,0.8666666666666666,1.6666666666666667,9.333333333333334,12.333333333333334,4.333333333333333,6.0,2.3333333333333335,1.0,17.333333333333332,10.666666666666666,6.666666666666667,4.333333333333333,13.0,13.0,13,32
6.0,13.0,0.0,62.0,0.0,10.0,5.0,Brighton,1.0,3.0,4.0,8.0,7.0,38.0,0.0,14.0,9.0,Nott'ham Forest,3.3,1.0,0.0,3.0,H,2025-02-01,H,2.3,1.396039603960396,0.6135265700483092,1714.9753427172018,1770.14782868638,-55.1724859691783,1.7999999999999996,1.3333333333333333,11.333333333333334,14.333333333333334,5.666666666666667,5.333333333333333,1.7,1.3333333333333333,9.666666666666666,9.0,4.333333333333333,4.333333333333333,13.0,13.0,50,51
0.0,13.0,2.0,66.0,0.0,11.0,3.0,Crystal Palace,3.0,1.0,11.0,12.0,0.0,34.0,0.0,17.0,2.0,Manchester Utd,1.1,3.0,0.0,0.0,D,2025-02-02,A,-1.9,1.5405405405405408,0.5158850226928896,1739.89943343953,1762.76945717414,-22.87002373460996,2.0,2.0,16.666666666666668,10.0,4.0,3.6666666666666665,1.033333333333333,2.0,15.0,10.666666666666666,2.0,4.666666666666667,14.0,15.0,51,50
3.0,11.0,2.0,46.0,0.0,13.0,2.0,Tottenham,1.0,1.0,10.0,4.0,0.0,54.0,0.0,20.0,4.0,Brentford,2.1,0.0,1.0,0.0,A,2025-02-02,A,1.1,1.5343511450381682,1.17353579175705,1822.9185183714126,1789.5016562986125,33.416862072800086,1.7666666666666666,2.0,16.333333333333332,23.666666666666668,5.333333333333333,6.0,1.7666666666666664,1.0,15.333333333333334,11.333333333333334,4.666666666666667,3.3333333333333335,15.0,14.0,51,50
2.0,7.0,1.0,54.0,0.0,7.0,4.0,Manchester City,1.0,0.0,5.0,6.0,5.0,46.0,0.0,12.0,7.0,Arsenal,1.0,2.0,0.0,1.0,H,2025-02-02,H,0.0,1.704225352112676,0.8521256931608133,2031.4490737704036,2000.0555871302647,31.393486640138917,1.2333333333333336,1.0,14.666666666666666,8.333333333333334,5.666666666666667,3.3333333333333335,1.3333333333333333,2.0,12.666666666666666,15.0,5.666666666666667,7.0,15.0,14.0,50,51
3.0,10.0,1.0,68.0,0.0,14.0,5.0,West Ham,1.0,1.0,4.0,11.0,2.0,32.0,0.0,22.0,3.0,Chelsea,1.6,3.0,1.0,0.0,A,2025-02-03,H,0.6000000000000001,1.5673758865248228,0.4713656387665199,1894.8360852874234,1647.3033468244073,247.53273846301613,2.4000000000000004,1.0,22.333333333333332,10.0,6.666666666666667,4.0,1.4666666666666661,1.0,15.333333333333334,15.0,4.666666666666667,4.333333333333333,14.0,8.0,50,50
3.0,20.0,2.0,63.0,1.0,6.0,4.0,Liverpool,1.0,2.0,2.0,9.0,2.0,37.0,1.0,10.0,3.0,Everton,1.0,2.0,1.0,1.0,D,2025-02-12,D,0.0,1.6557377049180328,0.5879556259904913,1726.6995064747496,1994.8542409456659,-268.1547344709163,1.7666666666666668,0.6666666666666666,11.666666666666666,8.666666666666666,5.333333333333333,3.6666666666666665,1.1,2.3333333333333335,11.666666666666666,20.666666666666668,4.0,6.333333333333333,11.0,11.0,51,51
9.0,15.0,0.0,31.0,0.0,8.0,0.0,Chelsea,1.0,2.0,2.0,12.0,3.0,69.0,0.0,13.0,5.0,Brighton,1.4,1.0,0.0,2.0,H,2025-02-14,H,0.3999999999999999,1.617283950617284,2.2218649517684885,1770.14782868638,1894.8360852874234,-124.68825660104335,1.2,1.0,13.333333333333334,6.666666666666667,3.3333333333333335,1.3333333333333333,1.5666666666666667,1.3333333333333333,13.666666666666666,11.0,5.666666666666667,1.6666666666666667,20.0,20.0,50,51
4.0,13.0,0.0,61.0,0.0,3.0,1.0,Newcastle Utd,1.0,1.0,7.0,5.0,4.0,39.0,0.0,11.0,7.0,Manchester City,1.9,0.0,0.0,3.0,H,2025-02-15,H,0.8999999999999999,3.5806451612903225,0.6399345335515548,2000.0555871302647,1899.5248972494726,100.53068988079212,2.0,1.3333333333333333,12.0,10.0,6.666666666666667,3.0,1.2000000000000004,2.3333333333333335,12.0,11.333333333333334,5.333333333333333,4.666666666666667,21.0,21.0,50,51
7.0,10.0,2.0,60.0,0.0,11.0,5.0,Arsenal,1.0,1.0,3.0,9.0,0.0,40.0,0.0,6.0,2.0,Leicester City,0.2,2.0,0.0,0.0,D,2025-02-15,A,-0.8,0.5495495495495495,0.6672212978369384,1582.0828406343953,2031.4490737704036,-449.3662331360083,0.8333333333333334,1.6666666666666667,11.666666666666666,12.333333333333334,3.3333333333333335,3.6666666666666665,0.8000000000000002,1.0,8.666666666666666,9.666666666666666,3.3333333333333335,3.6666666666666665,28.0,21.0,32,51
4.0,8.0,1.0,55.0,0.0,8.0,2.0,Nott'ham Forest,0.0,0.0,8.0,13.0,2.0,45.0,0.0,24.0,10.0,Fulham,2.1,0.0,1.0,1.0,D,2025-02-15,H,2.1,2.975308641975309,0.8185117967332124,1840.3307787196475,1714.9753427172018,125.35543600244569,1.6666666666666667,0.6666666666666666,16.0,6.333333333333333,5.666666666666667,2.0,1.7666666666666664,1.0,17.666666666666668,12.333333333333334,8.666666666666666,3.0,20.0,21.0,51,51
6.0,15.0,3.0,56.0,0.0,14.0,7.0,Bournemouth,1.0,3.0,4.0,13.0,1.0,44.0,0.0,11.0,4.0,Southampton,0.8,1.0,2.0,0.0,A,2025-02-15,A,-0.19999999999999996,0.7872340425531915,0.786096256684492,1485.0415513826488,1752.0306042874054,-266.9890529047566,0.6333333333333334,2.6666666666666665,10.333333333333334,17.0,3.3333333333333335,9.0,1.3666666666666665,1.3333333333333333,16.666666666666668,13.333333333333334,6.333333333333333,6.666666666666667,21.0,28.0,31,51
2.0,13.0,1.0,42.0,0.0,14.0,5.0,Brentford,2.0,1.0,9.0,10.0,0.0,58.0,0.0,13.0,3.0,West Ham,0.8,1.0,1.0,0.0,A,2025-02-15,A,-1.2,0.9290780141843972,1.3800475059382422,1647.3033468244073,1822.9185183714126,-175.61517154700527,0.6999999999999998,1.6666666666666667,8.0,15.666666666666666,2.0,5.666666666666667,0.7333333333333333,2.3333333333333335,12.333333333333334,15.666666666666666,3.0,7.333333333333333,28.0,20.0,51,50
2.0,12.0,2.0,58.0,0.0,11.0,6.0,Everton,1.0,1.0,6.0,9.0,1.0,42.0,0.0,17.0,6.0,Crystal Palace,1.6,0.0,1.0,0.0,A,2025-02-15,A,0.6000000000000001,1.5405405405405408,0.7246127366609294,1762.76945717414,1726.6995064747496,36.06995069939035,1.2666666666666668,1.0,15.333333333333334,13.0,5.666666666666667,4.333333333333333,1.3666666666666663,1.0,17.333333333333332,7.666666666666667,5.0,2.3333333333333335,20.0,21.0,51,50
1.0,11.0,1.0,75.0,1.0,4.0,3.0,Ipswich Town,0.0,3.0,16.0,7.0,1.0,25.0,0.0,25.0,6.0,Aston Villa,2.4,0.0,0.0,0.0,D,2025-02-15,D,2.4,6.121951219512196,0.3342210386151798,1853.1627836918879,1539.7578716005646,313.40491209132324,1.5666666666666667,0.3333333333333333,17.333333333333332,7.333333333333333,5.0,3.0,2.1999999999999997,1.0,18.666666666666668,4.666666666666667,5.333333333333333,3.0,20.0,21.0,51,12
3.0,13.0,1.0,50.0,0.0,16.0,4.0,Wolves,2.0,2.0,4.0,15.0,2.0,50.0,0.0,10.0,3.0,Liverpool,1.7,2.0,0.0,2.0,H,2025-02-16,H,-0.30000000000000004,0.6273291925465838,1.0,1994.8542409456659,1603.0797539280402,391.7744870176257,2.1333333333333333,1.3333333333333333,15.0,10.666666666666666,5.0,3.6666666666666665,2.3000000000000003,1.6666666666666667,15.333333333333334,12.666666666666666,5.0,5.0,22.0,27.0,50,51
5.0,9.0,0.0,45.0,0.0,16.0,6.0,Manchester Utd,2.0,2.0,10.0,13.0,1.0,55.0,0.0,22.0,7.0,Tottenham,2.2,1.0,0.0,1.0,H,2025-02-16,H,0.20000000000000018,1.3726708074534162,1.221729490022173,1789.5016562986125,1739.89943343953,49.60222285908253,1.3666666666666671,2.3333333333333335,16.666666666666668,14.0,5.666666666666667,4.333333333333333,1.8666666666666671,1.0,16.666666666666668,11.0,5.333333333333333,3.6666666666666665,21.0,21.0,51,50
8.0,6.0,2.0,48.0,0.0,17.0,3.0,Liverpool,3.0,0.0,6.0,8.0,2.0,52.0,0.0,9.0,4.0,Aston Villa,0.6,1.0,1.0,2.0,H,2025-02-19,D,-2.4,0.5321637426900584,1.0831600831600832,1853.1627836918879,1994.8542409456659,-141.69145725377803,1.3,1.3333333333333333,16.0,11.666666666666666,4.666666666666667,3.3333333333333335,1.0666666666666667,2.3333333333333335,11.0,14.0,3.3333333333333335,4.666666666666667,4.0,7.0,52,52
6.0,10.0,4.0,52.0,0.0,14.0,6.0,Brentford,2.0,0.0,5.0,10.0,0.0,48.0,0.0,8.0,3.0,Leicester City,0.5,4.0,3.0,0.0,A,2025-02-21,A,-1.5,0.5744680851063829,0.9232245681381958,1582.0828406343953,1822.9185183714126,-240.83567773701725,0.43333333333333335,1.6666666666666667,7.333333333333333,14.0,3.0,4.333333333333333,0.7999999999999998,1.6666666666666667,12.333333333333334,13.666666666666666,3.6666666666666665,5.666666666666667,6.0,6.0,33,51
7.0,7.0,2.0,62.0,0.0,10.0,5.0,Crystal Palace,1.0,3.0,7.0,10.0,0.0,38.0,0.0,10.0,0.0,Fulham,0.2,1.0,1.0,0.0,A,2025-02-22,A,-0.8,1.0,0.6135265700483092,1840.3307787196475,1762.76945717414,77.56132154550755,1.0000000000000002,0.3333333333333333,14.333333333333334,7.333333333333333,4.333333333333333,2.6666666666666665,0.5333333333333331,1.6666666666666667,11.333333333333334,11.0,0.6666666666666666,5.0,7.0,20.0,52,51
9.0,9.0,2.0,62.0,0.0,9.0,3.0,Manchester Utd,0.0,1.0,7.0,12.0,2.0,38.0,0.0,9.0,8.0,Everton,1.6,4.0,0.0,2.0,H,2025-02-22,D,1.6,1.0,0.6135265700483092,1726.6995064747496,1739.89943343953,-13.199926964780389,1.7,0.3333333333333333,10.666666666666666,8.0,6.0,2.6666666666666665,1.5000000000000007,0.6666666666666666,13.333333333333334,9.666666666666666,6.0,3.3333333333333335,10.0,6.0,52,51
7.0,9.0,1.0,54.0,0.0,13.0,5.0,Wolves,2.0,3.0,6.0,17.0,0.0,46.0,1.0,8.0,3.0,Bournemouth,0.9,3.0,1.0,0.0,A,2025-02-22,A,-1.1,0.6183206106870229,0.8521256931608133,1752.0306042874054,1603.0797539280402,148.95085035936518,1.4000000000000001,2.0,12.666666666666666,16.666666666666668,5.333333333333333,5.333333333333333,1.9000000000000001,1.6666666666666667,12.333333333333334,12.666666666666666,4.333333333333333,4.333333333333333,21.0,6.0,51,52
4.0,14.0,4.0,58.0,0.0,10.0,6.0,Tottenham,2.0,1.0,4.0,15.0,1.0,42.0,0.0,17.0,5.0,Ipswich Town,1.1,2.0,2.0,1.0,A,2025-02-22,A,-0.8999999999999999,1.6930693069306932,0.7246127366609294,1539.7578716005646,1789.5016562986125,-249.74378469804788,1.1333333333333335,2.0,13.333333333333334,12.0,5.0,6.333333333333333,1.6666666666666663,1.3333333333333333,16.333333333333332,11.333333333333334,5.0,4.666666666666667,21.0,20.0,14,51
6.0,12.0,4.0,50.0,0.0,18.0,12.0,Brighton,4.0,0.0,5.0,11.0,0.0,50.0,0.0,6.0,1.0,Southampton,0.1,2.0,1.0,0.0,A,2025-02-22,A,-3.9,0.33701657458563533,1.0,1485.0415513826488,1770.14782868638,-285.1062773037313,0.5666666666666668,2.6666666666666665,9.666666666666666,16.333333333333332,3.3333333333333335,9.333333333333334,1.633333333333333,2.3333333333333335,10.0,11.333333333333334,3.6666666666666665,6.666666666666667,7.0,21.0,32,52
0.0,15.0,1.0,68.0,0.0,5.0,2.0,West Ham,1.0,3.0,2.0,16.0,0.0,32.0,1.0,20.0,2.0,Arsenal,1.2,1.0,1.0,0.0,A,2025-02-22,A,0.19999999999999996,3.941176470588236,0.4713656387665199,2031.4490737704036,1647.3033468244073,384.14572694599633,1.166666666666667,1.0,16.666666666666668,6.666666666666667,5.0,3.3333333333333335,1.2333333333333327,1.0,18.666666666666668,11.0,3.0,3.6666666666666665,20.0,19.0,51,51
3.0,16.0,1.0,52.0,0.0,15.0,7.0,Chelsea,2.0,3.0,2.0,15.0,2.0,48.0,0.0,12.0,6.0,Aston Villa,2.3,1.0,1.0,0.0,A,2025-02-22,H,0.2999999999999998,0.8013245033112583,0.9232245681381958,1853.1627836918879,1894.8360852874234,-41.67330159553558,1.7666666666666666,1.6666666666666667,15.333333333333334,12.0,5.333333333333333,4.333333333333333,1.9666666666666668,1.6666666666666667,13.333333333333334,11.0,5.666666666666667,3.6666666666666665,3.0,8.0,53,52
6.0,13.0,3.0,57.0,0.0,17.0,5.0,Nott'ham Forest,2.0,4.0,7.0,11.0,4.0,43.0,0.0,13.0,5.0,Newcastle Utd,2.9,1.0,1.0,4.0,H,2025-02-23,H,0.8999999999999999,0.7660818713450291,0.7548161120840631,1899.5248972494726,1714.9753427172018,184.5495545322708,1.5000000000000002,2.0,12.333333333333334,17.0,4.666666666666667,6.333333333333333,2.233333333333333,1.0,17.666666666666668,14.333333333333334,8.333333333333334,3.6666666666666665,22.0,8.0,51,52
5.0,10.0,2.0,66.0,0.0,8.0,4.0,Liverpool,1.0,0.0,7.0,3.0,0.0,34.0,0.0,16.0,5.0,Manchester City,0.6,0.0,2.0,0.0,A,2025-02-23,A,-0.4,1.9876543209876545,0.5158850226928896,2000.0555871302647,1994.8542409456659,5.201346184598833,1.5666666666666664,1.3333333333333333,14.0,7.0,6.0,3.0,0.7333333333333334,1.6666666666666667,11.666666666666666,10.333333333333334,4.0,3.6666666666666665,8.0,4.0,51,53
9.0,14.0,1.0,44.0,0.0,19.0,5.0,Bournemouth,2.0,1.0,1.0,12.0,2.0,56.0,0.0,11.0,4.0,Brighton,2.4,2.0,0.0,1.0,H,2025-02-25,H,0.3999999999999999,0.5811518324607329,1.272108843537415,1770.14782868638,1752.0306042874054,18.117224398974713,1.5,1.3333333333333333,13.333333333333334,10.0,3.3333333333333335,2.0,1.333333333333333,1.6666666666666667,11.666666666666666,17.333333333333332,4.333333333333333,7.333333333333333,11.0,10.0,51,52
8.0,10.0,1.0,64.0,0.0,6.0,2.0,Aston Villa,0.0,1.0,3.0,19.0,4.0,36.0,0.0,19.0,6.0,Crystal Palace,4.3,3.0,0.0,1.0,H,2025-02-25,H,4.3,3.131147540983607,0.5631825273010921,1762.76945717414,1853.1627836918879,-90.39332651774794,2.3333333333333335,0.6666666666666666,17.333333333333332,10.0,5.666666666666667,4.666666666666667,2.4000000000000004,0.3333333333333333,15.0,8.0,5.666666666666667,3.0,10.0,24.0,52,51
5.0,15.0,2.0,40.0,0.0,11.0,5.0,Fulham,2.0,3.0,7.0,8.0,1.0,60.0,0.0,18.0,5.0,Wolves,1.3,1.0,1.0,1.0,D,2025-02-25,A,-0.7,1.6306306306306309,1.4987531172069826,1603.0797539280402,1840.3307787196475,-237.25102479160728,1.2,1.0,11.666666666666666,10.0,4.666666666666667,3.6666666666666665,0.9,2.0,12.333333333333334,14.333333333333334,4.333333333333333,3.6666666666666665,24.0,24.0,51,51
2.0,9.0,0.0,60.0,0.0,7.0,2.0,Southampton,1.0,2.0,4.0,6.0,4.0,40.0,0.0,19.0,10.0,Chelsea,2.4,1.0,0.0,3.0,H,2025-02-25,H,1.4,2.690140845070423,0.6672212978369384,1894.8360852874234,1485.0415513826488,409.79453390477465,2.366666666666667,1.0,20.0,10.0,6.666666666666667,3.6666666666666665,2.0,1.0,16.0,8.666666666666666,7.0,3.3333333333333335,22.0,24.0,51,33
6.0,16.0,2.0,45.0,0.0,12.0,3.0,Ipswich Town,1.0,4.0,5.0,9.0,3.0,55.0,1.0,10.0,6.0,Manchester Utd,0.7,4.0,2.0,2.0,D,2025-02-26,H,-0.30000000000000004,0.8347107438016529,1.221729490022173,1739.89943343953,1539.7578716005646,200.14156183896534,1.0999999999999999,2.0,12.333333333333334,9.666666666666666,3.0,3.0,1.7000000000000002,0.6666666666666666,17.0,6.333333333333333,6.0,3.0,24.0,11.0,52,13
3.0,15.0,1.0,45.0,0.0,12.0,5.0,Manchester City,2.0,0.0,8.0,12.0,0.0,55.0,0.0,11.0,6.0,Tottenham,1.3,3.0,1.0,0.0,A,2025-02-26,A,-0.7,0.9173553719008264,1.221729490022173,1789.5016562986125,2000.0555871302647,-210.55393083165222,1.5000000000000002,2.0,16.0,13.333333333333334,6.333333333333333,4.666666666666667,0.9333333333333332,2.0,10.333333333333334,12.0,5.666666666666667,6.0,10.0,24.0,52,52
5.0,6.0,1.0,52.0,0.0,14.0,4.0,Everton,2.0,1.0,2.0,3.0,1.0,48.0,0.0,12.0,3.0,Brentford,1.4,2.0,0.0,1.0,H,2025-02-26,D,-0.6000000000000001,0.8581560283687943,0.9232245681381958,1822.9185183714126,1726.6995064747496,96.219011896663,1.3999999999999997,2.0,14.333333333333334,21.333333333333332,4.333333333333333,4.666666666666667,1.233333333333333,1.3333333333333333,15.0,9.333333333333334,3.3333333333333335,3.6666666666666665,24.0,11.0,52,51
2.0,11.0,0.0,39.0,0.0,3.0,0.0,Newcastle Utd,0.0,1.0,4.0,12.0,2.0,61.0,0.0,12.0,3.0,Liverpool,1.7,0.0,0.0,1.0,H,2025-02-26,H,1.7,3.9032258064516125,1.5626598465473145,1994.8542409456659,1899.5248972494726,95.32934369619329,1.8,1.0,12.666666666666666,7.333333333333333,4.0,2.3333333333333335,1.466666666666667,1.3333333333333333,11.666666666666666,7.666666666666667,5.0,3.3333333333333335,10.0,11.0,51,52
11.0,17.0,0.0,64.0,0.0,13.0,1.0,Arsenal,1.0,1.0,3.0,10.0,0.0,36.0,0.0,6.0,2.0,Nott'ham Forest,0.4,1.0,0.0,0.0,D,2025-02-26,D,-0.6,0.46564885496183206,0.5631825273010921,1714.9753427172018,2031.4490737704036,-316.47373105320185,1.833333333333333,1.0,11.333333333333334,11.0,5.333333333333333,3.3333333333333335,0.43333333333333335,1.0,7.0,11.0,2.6666666666666665,3.0,25.0,11.0,51,52
3.0,6.0,0.0,58.0,0.0,10.0,2.0,Leicester City,0.0,0.0,3.0,12.0,2.0,42.0,0.0,8.0,2.0,West Ham,1.3,0.0,0.0,2.0,H,2025-02-27,H,1.3,0.801980198019802,0.7246127366609294,1647.3033468244073,1582.0828406343953,65.22050619001197,0.7999999999999998,1.0,9.333333333333334,12.0,1.6666666666666667,4.666666666666667,1.5999999999999999,0.6666666666666666,12.0,10.333333333333334,5.0,2.0,12.0,26.0,52,32
5.0,5.0,1.0,41.0,0.0,12.0,4.0,Aston Villa,1.0,2.0,6.0,10.0,0.0,59.0,0.0,13.0,3.0,Brentford,0.8,2.0,0.0,0.0,D,2025-03-08,A,-0.19999999999999996,1.0826446280991735,1.437956204379562,1822.9185183714126,1853.1627836918879,-30.24426532047528,1.4333333333333333,1.3333333333333333,15.0,13.0,3.3333333333333335,3.3333333333333335,2.2333333333333334,0.3333333333333333,13.333333333333334,9.333333333333334,4.666666666666667,3.0,10.0,11.0,53,52
5.0,16.0,1.0,66.0,0.0,12.0,4.0,Everton,1.0,2.0,5.0,11.0,1.0,34.0,0.0,11.0,3.0,Wolves,0.8,2.0,1.0,1.0,D,2025-03-08,D,-0.19999999999999996,0.9173553719008264,0.5158850226928896,1603.0797539280402,1726.6995064747496,-123.61975254670938,1.2333333333333334,1.0,12.333333333333334,11.0,4.333333333333333,4.0,1.2666666666666664,1.3333333333333333,13.333333333333334,12.333333333333334,4.0,4.666666666666667,11.0,10.0,52,52
2.0,7.0,0.0,69.0,0.0,14.0,3.0,Manchester City,1.0,2.0,3.0,9.0,1.0,31.0,0.0,9.0,4.0,Nott'ham Forest,0.7,3.0,0.0,0.0,D,2025-03-08,H,-0.30000000000000004,0.6453900709219859,0.4500723589001448,1714.9753427172018,2000.0555871302647,-285.0802444130629,1.4666666666666661,1.0,9.666666666666666,12.333333333333334,5.0,3.0,1.0,1.3333333333333333,10.666666666666666,11.0,5.666666666666667,4.0,10.0,10.0,52,53
4.0,9.0,1.0,71.0,0.0,6.0,4.0,Southampton,0.0,1.0,6.0,10.0,3.0,29.0,0.0,28.0,7.0,Liverpool,3.9,2.0,1.0,0.0,A,2025-03-08,H,3.9,4.606557377049181,0.409282700421941,1994.8542409456659,1485.0415513826488,509.8126895630171,2.433333333333333,0.6666666666666666,16.666666666666668,8.333333333333334,4.333333333333333,2.6666666666666665,2.6999999999999997,0.6666666666666666,20.666666666666668,7.333333333333333,7.666666666666667,3.3333333333333335,10.0,11.0,52,34
7.0,12.0,1.0,53.0,0.0,6.0,1.0,Fulham,1.0,2.0,3.0,6.0,2.0,47.0,0.0,9.0,4.0,Brighton,1.5,0.0,1.0,1.0,D,2025-03-08,H,0.5,1.4918032786885247,0.8870056497175142,1770.14782868638,1840.3307787196475,-70.18295003326739,1.7666666666666666,1.3333333333333333,11.0,11.0,4.333333333333333,2.0,1.2,1.6666666666666667,12.666666666666666,10.666666666666666,4.333333333333333,3.3333333333333335,11.0,11.0,52,52
4.0,7.0,0.0,55.0,0.0,15.0,8.0,Ipswich Town,2.0,3.0,5.0,8.0,1.0,45.0,0.0,19.0,4.0,Crystal Palace,3.2,4.0,0.0,0.0,D,2025-03-08,H,1.2000000000000002,1.2649006622516556,0.8185117967332124,1762.76945717414,1539.7578716005646,223.0115855735753,3.0333333333333337,1.0,18.333333333333332,10.666666666666666,5.333333333333333,5.333333333333333,2.1,1.0,18.0,10.333333333333334,5.333333333333333,4.666666666666667,11.0,10.0,53,14
6.0,16.0,2.0,61.0,0.0,17.0,8.0,Bournemouth,2.0,3.0,3.0,15.0,2.0,39.0,0.0,12.0,4.0,Tottenham,1.5,3.0,1.0,0.0,A,2025-03-09,D,-0.5,0.7076023391812865,0.6399345335515548,1789.5016562986125,1752.0306042874054,37.47105201120712,1.666666666666667,2.0,15.0,15.0,5.666666666666667,6.333333333333333,1.5666666666666664,1.6666666666666667,11.333333333333334,16.666666666666668,4.0,6.666666666666667,11.0,12.0,53,53
9.0,11.0,1.0,68.0,0.0,17.0,6.0,Arsenal,2.0,1.0,2.0,8.0,1.0,32.0,0.0,10.0,6.0,Manchester Utd,1.5,0.0,0.0,1.0,H,2025-03-09,D,-0.5,0.5906432748538011,0.4713656387665199,1739.89943343953,2031.4490737704036,-291.5496403308737,1.0999999999999999,2.0,12.333333333333334,13.333333333333334,4.666666666666667,4.0,0.7000000000000001,1.3333333333333333,7.333333333333333,13.666666666666666,3.3333333333333335,4.0,11.0,11.0,53,53
2.0,13.0,0.0,56.0,0.0,3.0,3.0,Leicester City,0.0,0.0,12.0,12.0,1.0,44.0,0.0,20.0,7.0,Chelsea,1.7,1.0,0.0,0.0,D,2025-03-09,H,1.7,6.483870967741936,0.786096256684492,1894.8360852874234,1582.0828406343953,312.7532446530281,1.9000000000000004,0.6666666666666666,20.333333333333332,8.0,6.666666666666667,3.3333333333333335,1.8333333333333333,0.0,13.666666666666666,7.333333333333333,5.333333333333333,2.0,12.0,10.0,52,33
4.0,15.0,1.0,49.0,0.0,9.0,3.0,Newcastle Utd,1.0,1.0,3.0,7.0,0.0,51.0,0.0,9.0,2.0,West Ham,0.7,0.0,0.0,0.0,D,2025-03-10,A,-0.30000000000000004,1.0,1.0407331975560081,1647.3033468244073,1899.5248972494726,-252.2215504250653,0.9333333333333332,1.0,10.0,11.0,2.3333333333333335,3.3333333333333335,1.4333333333333336,0.6666666666666666,10.666666666666666,5.0,4.0,1.3333333333333333,11.0,12.0,53,53
5.0,8.0,1.0,46.0,0.0,10.0,5.0,West Ham,1.0,2.0,6.0,12.0,1.0,54.0,0.0,13.0,5.0,Everton,1.0,1.0,0.0,0.0,D,2025-03-15,D,0.0,1.297029702970297,1.17353579175705,1726.6995064747496,1647.3033468244073,79.39615965034227,1.2,0.6666666666666666,10.666666666666666,8.333333333333334,5.333333333333333,4.0,1.266666666666666,1.0,18.333333333333332,9.666666666666666,3.3333333333333335,4.0,21.0,21.0,53,52
1.0,13.0,2.0,40.0,0.0,5.0,3.0,Wolves,0.0,0.0,5.0,12.0,1.0,60.0,0.0,10.0,3.0,Southampton,1.3,0.0,1.0,0.0,A,2025-03-15,A,1.3,1.9803921568627452,1.4987531172069826,1485.0415513826488,1603.0797539280402,-118.03820254539141,0.7333333333333334,1.6666666666666667,9.0,12.333333333333334,2.6666666666666665,7.333333333333333,1.3,1.3333333333333333,9.333333333333334,11.333333333333334,3.0,4.0,21.0,21.0,33,53
3.0,13.0,4.0,45.0,0.0,11.0,6.0,Nott'ham Forest,2.0,1.0,6.0,4.0,2.0,55.0,0.0,11.0,4.0,Ipswich Town,0.4,1.0,3.0,0.0,A,2025-03-15,A,-1.6,1.0,1.221729490022173,1539.7578716005646,1714.9753427172018,-175.21747111663717,1.1,1.6666666666666667,14.333333333333334,10.0,5.0,5.333333333333333,1.7999999999999996,1.3333333333333333,16.0,12.0,6.333333333333333,4.333333333333333,21.0,20.0,15,53
5.0,10.0,2.0,60.0,0.0,15.0,3.0,Brighton,2.0,5.0,4.0,10.0,2.0,40.0,0.0,11.0,3.0,Manchester City,1.7,2.0,1.0,2.0,H,2025-03-15,D,-0.30000000000000004,0.7350993377483444,0.6672212978369384,2000.0555871302647,1770.14782868638,229.90775844388463,1.3999999999999997,1.3333333333333333,12.666666666666666,8.666666666666666,5.0,2.6666666666666665,1.7,2.3333333333333335,10.333333333333334,14.333333333333334,4.333333333333333,6.666666666666667,20.0,21.0,52,53
3.0,7.0,2.0,42.0,0.0,10.0,4.0,Brentford,1.0,0.0,4.0,13.0,1.0,58.0,0.0,17.0,5.0,Bournemouth,1.6,3.0,1.0,1.0,D,2025-03-15,A,0.6000000000000001,1.6930693069306932,1.3800475059382422,1752.0306042874054,1822.9185183714126,-70.8879140840072,1.3666666666666665,2.0,13.0,14.0,3.6666666666666665,5.333333333333333,0.9666666666666665,1.6666666666666667,12.666666666666666,12.666666666666666,3.6666666666666665,5.0,21.0,22.0,52,52
4.0,13.0,0.0,42.0,0.0,8.0,2.0,Chelsea,0.0,3.0,5.0,10.0,1.0,58.0,0.0,12.0,4.0,Arsenal,0.7,3.0,0.0,1.0,H,2025-03-16,H,0.7,1.4938271604938271,1.3800475059382422,2031.4490737704036,1894.8360852874234,136.6129884829802,0.9666666666666671,0.6666666666666666,14.666666666666666,6.666666666666667,4.333333333333333,2.6666666666666665,1.4666666666666666,1.0,12.333333333333334,10.333333333333334,5.0,3.0,22.0,22.0,52,53
5.0,10.0,0.0,43.0,0.0,12.0,4.0,Tottenham,1.0,0.0,6.0,13.0,2.0,57.0,0.0,13.0,4.0,Fulham,1.0,0.0,0.0,0.0,D,2025-03-16,H,0.0,1.0826446280991735,1.3248259860788862,1840.3307787196475,1789.5016562986125,50.82912242103498,1.1000000000000003,0.6666666666666666,15.666666666666666,10.0,4.666666666666667,3.6666666666666665,1.3999999999999997,1.3333333333333333,16.666666666666668,11.666666666666666,4.333333333333333,4.0,22.0,22.0,53,52
4.0,6.0,3.0,47.0,0.0,18.0,5.0,Manchester Utd,1.0,0.0,6.0,6.0,0.0,53.0,0.0,11.0,3.0,Leicester City,1.0,2.0,1.0,0.0,A,2025-03-16,A,0.0,0.6132596685082872,1.127388535031847,1582.0828406343953,1739.89943343953,-157.81659280513463,0.5666666666666668,1.3333333333333333,8.333333333333334,14.333333333333334,2.6666666666666665,5.333333333333333,1.6000000000000003,1.0,14.0,14.333333333333334,6.0,4.666666666666667,23.0,22.0,34,52
2.0,12.0,0.0,42.0,0.0,10.0,1.0,West Ham,1.0,2.0,1.0,16.0,1.0,58.0,0.0,9.0,2.0,Wolves,1.2,4.0,0.0,1.0,H,2025-04-01,H,0.19999999999999996,0.900990099009901,1.3800475059382422,1603.0797539280402,1647.3033468244073,-44.22359289636711,1.0999999999999999,1.3333333333333333,12.666666666666666,11.0,3.3333333333333335,3.3333333333333335,1.1333333333333326,1.0,14.0,8.333333333333334,3.0,2.6666666666666665,24.0,17.0,53,53
10.0,12.0,0.0,68.0,0.0,23.0,6.0,Manchester Utd,2.0,3.0,3.0,5.0,1.0,32.0,0.0,8.0,2.0,Nott'ham Forest,0.5,1.0,0.0,1.0,H,2025-04-01,H,-1.5,0.3506493506493506,0.4713656387665199,1714.9753427172018,1739.89943343953,-24.924090722328174,0.5333333333333331,1.3333333333333333,7.666666666666667,16.666666666666668,2.6666666666666665,3.3333333333333335,1.0333333333333337,1.0,9.333333333333334,16.666666666666668,4.333333333333333,4.666666666666667,24.0,16.0,53,53
4.0,10.0,1.0,51.0,0.0,9.0,3.0,Fulham,1.0,2.0,5.0,2.0,2.0,49.0,0.0,17.0,4.0,Arsenal,2.2,1.0,0.0,1.0,H,2025-04-01,H,1.2000000000000002,1.8791208791208793,0.9608610567514677,2031.4490737704036,1840.3307787196475,191.11829505075616,1.3666666666666671,0.6666666666666666,16.333333333333332,7.333333333333333,3.3333333333333335,2.3333333333333335,1.6666666666666667,1.3333333333333333,14.666666666666666,8.666666666666666,4.333333333333333,3.0,16.0,24.0,53,53
5.0,12.0,1.0,49.0,0.0,12.0,3.0,Brentford,2.0,1.0,4.0,12.0,2.0,51.0,0.0,21.0,4.0,Newcastle Utd,1.3,1.0,0.0,1.0,H,2025-04-02,H,-0.7,1.7438016528925622,1.0407331975560081,1899.5248972494726,1822.9185183714126,76.60637887806001,1.666666666666667,2.0,15.0,14.666666666666666,4.333333333333333,4.0,1.1333333333333333,1.6666666666666667,15.333333333333334,12.0,4.0,4.333333333333333,38.0,18.0,52,53
0.0,8.0,0.0,72.0,0.0,2.0,0.0,Leicester City,0.0,4.0,5.0,11.0,2.0,28.0,0.0,18.0,5.0,Manchester City,2.2,1.0,0.0,2.0,H,2025-04-02,H,2.2,8.619047619047619,0.38973647711511794,2000.0555871302647,1582.0828406343953,417.9727464958694,1.4999999999999998,1.0,15.0,8.333333333333334,4.333333333333333,2.3333333333333335,1.7333333333333332,0.0,15.333333333333334,5.0,4.666666666666667,1.6666666666666667,18.0,24.0,53,34
2.0,9.0,1.0,57.0,0.0,9.0,3.0,Crystal Palace,1.0,1.0,2.0,14.0,1.0,43.0,0.0,8.0,2.0,Southampton,0.7,2.0,0.0,1.0,H,2025-04-02,D,-0.30000000000000004,0.8901098901098901,0.7548161120840631,1485.0415513826488,1762.76945717414,-277.72790579149114,0.7000000000000001,1.6666666666666667,8.0,10.666666666666666,2.0,6.0,0.6666666666666664,1.6666666666666667,11.666666666666666,10.0,1.3333333333333333,3.6666666666666665,18.0,39.0,34,52
3.0,15.0,2.0,63.0,0.0,10.0,2.0,Ipswich Town,1.0,2.0,8.0,14.0,1.0,37.0,0.0,24.0,7.0,Bournemouth,1.8,1.0,1.0,0.0,A,2025-04-02,A,0.8,2.3861386138613865,0.5879556259904913,1752.0306042874054,1539.7578716005646,212.27273268684075,1.4333333333333333,1.3333333333333333,16.333333333333332,11.0,5.0,3.6666666666666665,1.9000000000000001,1.3333333333333333,17.666666666666668,12.333333333333334,5.666666666666667,4.333333333333333,18.0,25.0,53,15
0.0,11.0,3.0,56.0,0.0,8.0,5.0,Aston Villa,1.0,3.0,4.0,16.0,0.0,44.0,0.0,11.0,4.0,Brighton,0.9,1.0,0.0,0.0,D,2025-04-02,A,-0.09999999999999998,1.3703703703703705,0.786096256684492,1770.14782868638,1853.1627836918879,-83.01495500550777,1.6000000000000003,1.3333333333333333,10.333333333333334,11.0,4.0,3.6666666666666665,2.0,0.6666666666666666,14.333333333333334,8.666666666666666,4.333333333333333,3.6666666666666665,25.0,25.0,53,53
5.0,11.0,0.0,73.0,0.0,5.0,0.0,Everton,1.0,2.0,11.0,7.0,1.0,27.0,0.0,17.0,3.0,Liverpool,1.5,2.0,0.0,0.0,D,2025-04-02,H,0.5,3.3529411764705888,0.37072503419972647,1994.8542409456659,1726.6995064747496,268.1547344709163,2.3666666666666667,0.3333333333333333,19.0,4.666666666666667,4.333333333333333,1.3333333333333333,1.2333333333333327,1.3333333333333333,13.333333333333334,10.333333333333334,3.0,2.6666666666666665,25.0,25.0,53,53
6.0,16.0,0.0,49.0,0.0,8.0,2.0,Tottenham,1.0,5.0,4.0,7.0,1.0,51.0,0.0,11.0,5.0,Chelsea,1.0,5.0,0.0,0.0,D,2025-04-03,H,0.0,1.3703703703703705,1.0407331975560081,1894.8360852874234,1789.5016562986125,105.33442898881094,1.7000000000000004,0.6666666666666666,16.666666666666668,6.0,7.333333333333333,2.3333333333333335,1.033333333333333,1.3333333333333333,13.666666666666666,10.0,4.666666666666667,4.0,25.0,18.0,53,53
4.0,13.0,1.0,62.0,1.0,11.0,5.0,Brighton,1.0,1.0,2.0,12.0,2.0,38.0,2.0,8.0,3.0,Crystal Palace,0.6,0.0,1.0,1.0,D,2025-04-05,H,-0.4,0.7297297297297297,0.6135265700483092,1762.76945717414,1770.14782868638,-7.3783715122401645,2.7000000000000006,1.0,15.333333333333334,10.666666666666666,4.333333333333333,5.0,0.7999999999999999,2.3333333333333335,8.333333333333334,14.666666666666666,2.3333333333333335,6.666666666666667,28.0,21.0,54,54
7.0,13.0,2.0,56.0,0.0,11.0,4.0,Bournemouth,2.0,2.0,4.0,13.0,2.0,44.0,0.0,9.0,3.0,West Ham,0.7,2.0,1.0,0.0,A,2025-04-05,D,-1.3,0.8198198198198198,0.786096256684492,1647.3033468244073,1752.0306042874054,-104.72725746299807,0.8999999999999998,1.0,8.666666666666666,10.0,2.3333333333333335,3.0,1.533333333333333,2.0,10.666666666666666,15.666666666666666,3.6666666666666665,5.666666666666667,26.0,27.0,54,54
8.0,13.0,1.0,69.0,0.0,14.0,5.0,Arsenal,2.0,1.0,3.0,17.0,1.0,31.0,0.0,5.0,2.0,Everton,1.1,3.0,1.0,0.0,A,2025-04-05,D,-0.8999999999999999,0.36170212765957444,0.4500723589001448,1726.6995064747496,2031.4490737704036,-304.74956729565406,1.2333333333333332,1.0,9.0,11.0,5.0,4.333333333333333,1.0,1.6666666666666667,7.0,14.666666666666666,3.3333333333333335,4.0,21.0,27.0,54,54
4.0,15.0,1.0,52.0,0.0,19.0,3.0,Nott'ham Forest,2.0,2.0,4.0,7.0,2.0,48.0,0.0,17.0,8.0,Aston Villa,3.0,2.0,0.0,2.0,H,2025-04-05,H,1.0,0.8952879581151832,0.9232245681381958,1853.1627836918879,1714.9753427172018,138.18744097468607,1.9666666666666668,2.3333333333333335,12.666666666666666,17.0,6.0,4.333333333333333,2.0999999999999996,2.0,13.666666666666666,15.666666666666666,5.666666666666667,4.666666666666667,42.0,21.0,54,54
8.0,16.0,2.0,55.0,0.0,22.0,7.0,Wolves,3.0,2.0,4.0,12.0,1.0,45.0,0.0,6.0,2.0,Ipswich Town,0.8,2.0,0.0,1.0,H,2025-04-05,A,-2.2,0.2760180995475113,0.8185117967332124,1539.7578716005646,1603.0797539280402,-63.32188232747558,0.7666666666666666,2.3333333333333335,11.333333333333334,14.333333333333334,3.6666666666666665,6.333333333333333,1.0,1.6666666666666667,8.0,13.333333333333334,2.6666666666666665,5.0,21.0,21.0,16,54
4.0,9.0,2.0,63.0,0.0,14.0,6.0,Liverpool,2.0,0.0,4.0,10.0,3.0,37.0,0.0,12.0,6.0,Fulham,0.7,3.0,1.0,3.0,H,2025-04-06,H,-1.3,0.8581560283687943,0.5879556259904913,1840.3307787196475,1994.8542409456659,-154.5234622260184,0.6333333333333333,1.3333333333333333,11.666666666666666,12.0,3.3333333333333335,5.0,0.6333333333333333,2.0,12.333333333333334,13.0,5.0,4.333333333333333,21.0,42.0,54,54
6.0,12.0,0.0,42.0,0.0,21.0,5.0,Chelsea,1.0,3.0,3.0,12.0,0.0,58.0,0.0,9.0,2.0,Brentford,1.1,1.0,0.0,0.0,D,2025-04-06,D,0.10000000000000009,0.4312796208530805,1.3800475059382422,1822.9185183714126,1894.8360852874234,-71.91756691601086,1.0999999999999999,1.3333333333333333,11.333333333333334,15.666666666666666,2.6666666666666665,4.333333333333333,1.3666666666666665,1.0,11.0,14.666666666666666,4.0,4.666666666666667,29.0,21.0,54,54
1.0,20.0,1.0,51.0,0.0,12.0,4.0,Southampton,1.0,1.0,4.0,16.0,3.0,49.0,0.0,13.0,8.0,Tottenham,2.1,1.0,0.0,2.0,H,2025-04-06,H,1.1,1.0826446280991735,0.9608610567514677,1789.5016562986125,1485.0415513826488,304.4601049159637,1.6333333333333337,1.6666666666666667,12.0,13.666666666666666,6.0,5.666666666666667,2.7999999999999994,0.6666666666666666,20.0,8.333333333333334,8.333333333333334,3.3333333333333335,28.0,29.0,54,35
3.0,9.0,0.0,58.0,0.0,9.0,5.0,Manchester City,1.0,2.0,5.0,13.0,0.0,42.0,0.0,13.0,2.0,Manchester Utd,0.9,3.0,0.0,0.0,D,2025-04-06,D,-0.09999999999999998,1.4395604395604396,0.7246127366609294,1739.89943343953,2000.0555871302647,-260.15615369073475,1.0333333333333334,1.3333333333333333,11.0,12.666666666666666,4.666666666666667,4.666666666666667,0.9666666666666667,1.3333333333333333,11.0,11.666666666666666,4.0,4.333333333333333,28.0,29.0,54,54
2.0,9.0,3.0,42.0,0.0,16.0,5.0,Newcastle Utd,3.0,0.0,12.0,8.0,0.0,58.0,0.0,7.0,2.0,Leicester City,0.5,2.0,3.0,0.0,A,2025-04-07,A,-2.5,0.4409937888198757,1.3800475059382422,1582.0828406343953,1899.5248972494726,-317.44205661507726,0.6666666666666666,2.0,8.666666666666666,16.0,2.6666666666666665,5.333333333333333,0.9666666666666671,1.3333333333333333,9.333333333333334,9.333333333333334,2.3333333333333335,2.6666666666666665,22.0,28.0,35,54
6.0,11.0,2.0,59.0,0.0,15.0,6.0,Leicester City,2.0,5.0,3.0,9.0,2.0,41.0,0.0,21.0,7.0,Brighton,3.8,2.0,1.0,1.0,D,2025-04-12,D,1.7999999999999998,1.3973509933774835,0.6954314720812182,1770.14782868638,1582.0828406343953,188.06498805198476,2.0666666666666664,1.3333333333333333,13.666666666666666,9.666666666666666,5.0,4.0,2.5666666666666664,0.6666666666666666,19.666666666666668,6.666666666666667,6.333333333333333,3.0,10.0,10.0,54,35
14.0,4.0,3.0,60.0,0.0,25.0,10.0,Aston Villa,3.0,1.0,2.0,11.0,0.0,40.0,0.0,7.0,2.0,Southampton,0.3,3.0,0.0,0.0,D,2025-04-12,A,-2.7,0.2828685258964143,0.6672212978369384,1485.0415513826488,1853.1627836918879,-368.1212323092391,0.7666666666666666,1.3333333333333333,8.333333333333334,13.0,2.3333333333333335,5.333333333333333,0.6666666666666666,1.6666666666666667,10.333333333333334,15.0,3.0,6.333333333333333,10.0,10.0,35,54
4.0,16.0,2.0,67.0,0.0,8.0,3.0,Crystal Palace,2.0,3.0,1.0,10.0,5.0,33.0,0.0,21.0,9.0,Manchester City,3.7,2.0,2.0,2.0,D,2025-04-12,H,1.7000000000000002,2.6049382716049387,0.49329359165424747,2000.0555871302647,1762.76945717414,237.2861299561248,2.533333333333333,1.3333333333333333,16.666666666666668,8.333333333333334,5.666666666666667,2.0,1.5333333333333332,1.3333333333333333,13.0,9.0,3.6666666666666665,3.6666666666666665,10.0,10.0,54,53
7.0,13.0,1.0,43.0,0.0,13.0,5.0,Everton,1.0,3.0,1.0,9.0,0.0,57.0,0.0,10.0,5.0,Nott'ham Forest,0.5,0.0,0.0,0.0,D,2025-04-12,A,-0.5,0.7709923664122137,1.3248259860788862,1714.9753427172018,1726.6995064747496,-11.724163757547785,0.5666666666666664,1.3333333333333333,9.0,16.666666666666668,3.6666666666666665,4.666666666666667,0.933333333333333,1.0,12.666666666666666,10.0,3.6666666666666665,3.0,11.0,10.0,54,54
5.0,9.0,1.0,63.0,0.0,3.0,2.0,Brentford,0.0,3.0,13.0,7.0,1.0,37.0,0.0,14.0,3.0,Arsenal,1.0,1.0,0.0,0.0,D,2025-04-12,D,1.0,4.548387096774193,0.5879556259904913,2031.4490737704036,1822.9185183714126,208.53055539899105,1.3000000000000005,0.3333333333333333,14.333333333333334,6.666666666666667,3.6666666666666665,2.3333333333333335,1.2999999999999998,1.0,17.333333333333332,8.333333333333334,4.0,3.0,11.0,10.0,54,54
4.0,7.0,2.0,73.0,0.0,13.0,4.0,Ipswich Town,1.0,2.0,15.0,11.0,2.0,27.0,0.0,34.0,9.0,Chelsea,2.2,2.0,2.0,0.0,A,2025-04-13,D,1.2000000000000002,2.603053435114504,0.37072503419972647,1894.8360852874234,1539.7578716005646,355.0782136868588,1.6333333333333337,0.6666666666666666,21.666666666666668,8.0,7.0,3.0,2.4,1.3333333333333333,25.666666666666668,12.666666666666666,6.666666666666667,4.666666666666667,10.0,11.0,54,16
3.0,8.0,1.0,55.0,0.0,11.0,4.0,West Ham,1.0,2.0,10.0,15.0,2.0,45.0,0.0,15.0,6.0,Liverpool,1.8,0.0,0.0,1.0,H,2025-04-13,H,0.8,1.3603603603603605,0.8185117967332124,1994.8542409456659,1647.3033468244073,347.5508941212586,2.4,0.6666666666666666,20.0,7.333333333333333,5.333333333333333,2.6666666666666665,1.3333333333333328,1.0,12.333333333333334,10.333333333333334,4.333333333333333,3.3333333333333335,11.0,12.0,54,54
2.0,9.0,1.0,52.0,0.0,9.0,5.0,Manchester Utd,1.0,2.0,7.0,7.0,4.0,48.0,0.0,13.0,6.0,Newcastle Utd,2.2,0.0,1.0,1.0,D,2025-04-13,H,1.2000000000000002,1.4395604395604396,0.9232245681381958,1899.5248972494726,1739.89943343953,159.62546380994263,2.1333333333333337,1.6666666666666667,15.666666666666666,12.666666666666666,5.0,4.333333333333333,1.2333333333333336,1.3333333333333333,10.666666666666666,16.666666666666668,3.6666666666666665,5.333333333333333,11.0,12.0,53,54
4.0,15.0,2.0,63.0,0.0,11.0,4.0,Tottenham,2.0,2.0,1.0,12.0,4.0,37.0,0.0,13.0,5.0,Wolves,2.4,1.0,0.0,2.0,H,2025-04-13,H,0.3999999999999999,1.1801801801801801,0.5879556259904913,1603.0797539280402,1789.5016562986125,-186.4219023705723,1.4666666666666668,1.3333333333333333,11.0,11.0,3.3333333333333335,3.0,1.4666666666666661,1.3333333333333333,12.333333333333334,10.333333333333334,4.666666666666667,3.3333333333333335,12.0,10.0,54,54
9.0,10.0,0.0,59.0,0.0,12.0,7.0,Fulham,1.0,2.0,6.0,11.0,1.0,41.0,0.0,12.0,3.0,Bournemouth,1.4,3.0,0.0,1.0,H,2025-04-14,H,0.3999999999999999,1.0,0.6954314720812182,1752.0306042874054,1840.3307787196475,-88.3001744322421,1.5999999999999999,1.0,17.666666666666668,10.666666666666666,5.0,4.333333333333333,1.7,1.0,12.666666666666666,9.0,3.6666666666666665,3.6666666666666665,12.0,13.0,54,54
4.0,15.0,0.0,59.0,0.0,11.0,4.0,Crystal Palace,2.0,3.0,5.0,9.0,5.0,41.0,0.0,14.0,7.0,Newcastle Utd,1.5,2.0,0.0,4.0,H,2025-04-16,H,-0.5,1.2702702702702702,0.6954314720812182,1899.5248972494726,1762.76945717414,136.75544007533267,1.666666666666667,1.6666666666666667,16.0,10.666666666666666,5.666666666666667,4.0,1.9666666666666661,1.6666666666666667,14.333333333333334,9.333333333333334,6.0,3.3333333333333335,3.0,4.0,54,54
5.0,6.0,2.0,67.0,0.0,12.0,7.0,Manchester City,2.0,0.0,2.0,7.0,0.0,33.0,0.0,8.0,3.0,Everton,0.9,4.0,0.0,0.0,D,2025-04-19,A,-1.1,0.6694214876033058,0.49329359165424747,1726.6995064747496,2000.0555871302647,-273.35608065551514,0.9999999999999999,1.6666666666666667,8.666666666666666,12.0,3.3333333333333335,5.666666666666667,0.8333333333333334,1.3333333333333333,10.0,11.666666666666666,3.0,5.0,14.0,13.0,55,55
7.0,12.0,1.0,52.0,0.0,10.0,3.0,Newcastle Utd,1.0,3.0,7.0,9.0,4.0,48.0,0.0,23.0,9.0,Aston Villa,2.2,1.0,1.0,1.0,D,2025-04-19,H,1.2000000000000002,2.2871287128712874,0.9232245681381958,1853.1627836918879,1899.5248972494726,-46.362113557584735,2.5,1.6666666666666667,17.333333333333332,14.666666666666666,7.666666666666667,4.333333333333333,1.1333333333333337,1.6666666666666667,13.0,11.666666666666666,4.333333333333333,3.6666666666666665,14.0,12.0,55,55
5.0,13.0,1.0,52.0,0.0,15.0,4.0,Southampton,1.0,1.0,2.0,14.0,1.0,48.0,0.0,12.0,4.0,West Ham,0.9,2.0,0.0,0.0,D,2025-04-19,D,-0.09999999999999998,0.8013245033112583,0.9232245681381958,1647.3033468244073,1485.0415513826488,162.26179544175852,0.7666666666666665,1.3333333333333333,10.0,11.666666666666666,3.0,3.6666666666666665,2.3000000000000003,0.6666666666666666,17.666666666666668,11.0,6.333333333333333,4.0,14.0,13.0,55,36
8.0,11.0,2.0,53.0,1.0,12.0,3.0,Brighton,1.0,3.0,4.0,7.0,4.0,47.0,0.0,16.0,8.0,Brentford,2.1,3.0,1.0,1.0,D,2025-04-19,H,1.1,1.3305785123966944,0.8870056497175142,1822.9185183714126,1770.14782868638,52.770689685032494,1.3333333333333333,1.0,12.666666666666666,15.0,4.333333333333333,4.0,1.4666666666666668,1.3333333333333333,11.666666666666666,12.666666666666666,4.666666666666667,3.6666666666666665,13.0,14.0,55,55
4.0,10.0,0.0,29.0,0.0,15.0,4.0,Bournemouth,1.0,4.0,5.0,13.0,0.0,71.0,1.0,5.0,0.0,Crystal Palace,0.4,3.0,0.0,0.0,D,2025-04-19,D,-0.6,0.33774834437086093,2.4432989690721647,1762.76945717414,1752.0306042874054,10.738852886734549,1.4000000000000004,1.3333333333333333,10.666666666666666,13.666666666666666,2.3333333333333335,5.666666666666667,0.8666666666666664,1.6666666666666667,8.666666666666666,14.333333333333334,2.3333333333333335,5.333333333333333,14.0,14.0,55,55
4.0,9.0,2.0,41.0,0.0,13.0,8.0,Chelsea,1.0,3.0,6.0,13.0,1.0,59.0,0.0,6.0,1.0,Fulham,0.3,1.0,0.0,1.0,H,2025-04-20,A,-0.7,0.46564885496183206,1.437956204379562,1840.3307787196475,1894.8360852874234,-54.50530656777596,0.6666666666666666,1.3333333333333333,10.333333333333334,13.0,3.6666666666666665,6.0,0.7000000000000001,0.6666666666666666,9.0,14.0,2.3333333333333335,5.0,14.0,14.0,55,55
12.0,7.0,4.0,75.0,0.0,24.0,7.0,Arsenal,2.0,0.0,0.0,10.0,0.0,25.0,1.0,4.0,0.0,Ipswich Town,0.2,0.0,2.0,0.0,A,2025-04-20,A,-1.8,0.1701244813278008,0.3342210386151798,1539.7578716005646,2031.4490737704036,-491.691202169839,0.4666666666666666,2.3333333333333335,7.0,19.0,2.0,6.666666666666667,0.9333333333333335,2.0,6.333333333333333,18.333333333333332,2.6666666666666665,6.0,15.0,15.0,17,55
2.0,18.0,1.0,59.0,0.0,4.0,2.0,Wolves,0.0,3.0,9.0,11.0,0.0,41.0,0.0,12.0,2.0,Manchester Utd,1.3,2.0,0.0,0.0,D,2025-04-20,A,1.3,2.951219512195122,0.6954314720812182,1739.89943343953,1603.0797539280402,136.81967951148977,1.2333333333333334,1.0,11.666666666666666,10.0,3.3333333333333335,4.333333333333333,1.1333333333333333,1.0,9.333333333333334,10.333333333333334,2.3333333333333335,4.0,14.0,15.0,55,55
13.0,7.0,1.0,58.0,0.0,28.0,10.0,Liverpool,3.0,2.0,1.0,11.0,0.0,42.0,0.0,5.0,0.0,Leicester City,0.3,1.0,0.0,0.0,D,2025-04-20,A,-2.7,0.18149466192170816,0.7246127366609294,1582.0828406343953,1994.8542409456659,-412.77140031127055,0.6000000000000001,2.3333333333333335,7.666666666666667,20.666666666666668,1.6666666666666667,6.666666666666667,0.5333333333333333,2.0,11.0,16.666666666666668,3.6666666666666665,6.666666666666667,13.0,14.0,36,55
1.0,12.0,2.0,69.0,0.0,4.0,3.0,Nott'ham Forest,1.0,4.0,7.0,11.0,1.0,31.0,0.0,22.0,6.0,Tottenham,2.1,1.0,2.0,0.0,A,2025-04-21,A,1.1,5.390243902439026,0.4500723589001448,1789.5016562986125,1714.9753427172018,74.5263135814107,1.9000000000000004,1.3333333333333333,15.666666666666666,11.0,6.0,5.0,1.833333333333333,1.6666666666666667,16.666666666666668,11.333333333333334,6.0,4.0,15.0,16.0,55,55
2.0,10.0,1.0,61.0,0.0,7.0,3.0,Aston Villa,2.0,3.0,10.0,9.0,2.0,39.0,0.0,14.0,6.0,Manchester City,1.3,3.0,1.0,1.0,D,2025-04-22,H,-0.7,1.9859154929577465,0.6399345335515548,2000.0555871302647,1853.1627836918879,146.89280343837686,2.4,1.3333333333333333,17.666666666666668,5.666666666666667,6.666666666666667,2.0,0.8333333333333334,2.0,10.666666666666666,13.333333333333334,4.0,6.0,10.0,10.0,55,55
6.0,6.0,2.0,67.0,0.0,15.0,4.0,Crystal Palace,2.0,1.0,3.0,4.0,2.0,33.0,0.0,12.0,6.0,Arsenal,1.2,1.0,1.0,2.0,H,2025-04-23,D,-0.8,0.8013245033112583,0.49329359165424747,2031.4490737704036,1762.76945717414,268.6796165962637,1.466666666666667,1.0,14.333333333333334,9.0,4.333333333333333,3.0,2.1333333333333333,2.0,15.666666666666666,11.333333333333334,7.333333333333333,3.6666666666666665,11.0,7.0,55,55
13.0,12.0,2.0,65.0,0.0,26.0,5.0,Fulham,2.0,1.0,0.0,10.0,1.0,35.0,0.0,7.0,3.0,Southampton,0.6,1.0,0.0,1.0,H,2025-04-26,A,-1.4,0.27203065134099613,0.5391705069124425,1485.0415513826488,1840.3307787196475,-355.2892273369987,0.5333333333333333,2.0,7.333333333333333,20.0,2.3333333333333335,6.0,1.4000000000000001,1.3333333333333333,12.0,15.666666666666666,3.3333333333333335,5.0,14.0,12.0,36,55
2.0,9.0,0.0,77.0,1.0,4.0,0.0,Ipswich Town,0.0,2.0,11.0,9.0,3.0,23.0,0.0,25.0,5.0,Newcastle Utd,2.4,1.0,0.0,1.0,H,2025-04-26,H,2.4,6.121951219512196,0.2996108949416343,1899.5248972494726,1539.7578716005646,359.767025648908,2.0333333333333337,1.0,17.333333333333332,8.0,6.0,3.0,2.1333333333333333,0.6666666666666666,27.666666666666668,9.0,7.0,2.0,10.0,13.0,55,17
2.0,11.0,0.0,55.0,0.0,6.0,3.0,Everton,0.0,0.0,10.0,11.0,1.0,45.0,0.0,10.0,7.0,Chelsea,0.8,0.0,0.0,1.0,H,2025-04-26,H,0.8,1.6557377049180328,0.8185117967332124,1894.8360852874234,1726.6995064747496,168.13657881267386,1.3333333333333337,0.6666666666666666,18.333333333333332,9.0,7.0,3.0,0.933333333333333,0.6666666666666666,12.333333333333334,8.0,5.0,2.6666666666666665,13.0,14.0,55,55
1.0,9.0,2.0,53.0,0.0,12.0,4.0,West Ham,1.0,1.0,8.0,7.0,3.0,47.0,0.0,16.0,9.0,Brighton,1.3,1.0,0.0,1.0,H,2025-04-26,H,0.30000000000000004,1.3305785123966944,0.8870056497175142,1770.14782868638,1647.3033468244073,122.84448186197278,2.0,1.3333333333333333,16.0,11.666666666666666,6.666666666666667,5.0,1.433333333333333,1.0,13.333333333333334,11.0,5.666666666666667,3.0,14.0,13.0,55,55
2.0,17.0,0.0,56.0,0.0,8.0,2.0,Leicester City,1.0,4.0,4.0,7.0,3.0,44.0,0.0,20.0,6.0,Wolves,2.0,1.0,0.0,1.0,H,2025-04-26,H,1.0,2.481481481481482,0.786096256684492,1603.0797539280402,1582.0828406343953,20.996913293644866,1.8666666666666665,1.3333333333333333,14.0,9.666666666666666,4.333333333333333,2.3333333333333335,2.6666666666666665,1.0,19.666666666666668,8.333333333333334,6.0,2.6666666666666665,13.0,14.0,55,36
10.0,12.0,1.0,61.0,0.0,25.0,6.0,Manchester Utd,2.0,2.0,5.0,11.0,1.0,39.0,1.0,8.0,1.0,Bournemouth,0.5,4.0,0.0,1.0,H,2025-04-27,D,-1.5,0.32270916334661354,0.6399345335515548,1752.0306042874054,1739.89943343953,12.13117084787541,1.2333333333333332,1.3333333333333333,14.666666666666666,15.666666666666666,3.6666666666666665,5.0,1.066666666666667,1.6666666666666667,9.666666666666666,19.0,3.0,5.666666666666667,13.0,14.0,55,55
2.0,9.0,1.0,61.0,0.0,8.0,3.0,Tottenham,1.0,1.0,8.0,16.0,5.0,39.0,0.0,25.0,8.0,Liverpool,2.2,2.0,1.0,3.0,H,2025-04-27,H,1.2000000000000002,3.098765432098766,0.6399345335515548,1994.8542409456659,1789.5016562986125,205.3525846470534,1.8333333333333333,1.0,19.0,8.0,5.666666666666667,2.3333333333333335,1.8666666666666663,1.3333333333333333,16.333333333333332,9.0,6.0,3.0,14.0,14.0,55,55
5.0,12.0,2.0,45.0,0.0,11.0,3.0,Brentford,1.0,5.0,4.0,10.0,0.0,55.0,0.0,14.0,5.0,Nott'ham Forest,0.9,3.0,1.0,0.0,A,2025-05-01,A,-0.09999999999999998,1.2702702702702702,1.221729490022173,1714.9753427172018,1822.9185183714126,-107.94317565421079,0.633333333333333,1.3333333333333333,10.666666666666666,15.666666666666666,4.0,4.666666666666667,1.0666666666666667,1.0,16.333333333333332,8.666666666666666,4.0,2.6666666666666665,19.0,19.0,55,55
5.0,11.0,0.0,63.0,0.0,6.0,1.0,Wolves,0.0,0.0,4.0,7.0,1.0,37.0,0.0,9.0,2.0,Manchester City,0.7,0.0,0.0,1.0,H,2025-05-02,H,0.7,1.4918032786885247,0.5879556259904913,2000.0555871302647,1603.0797539280402,396.9758332022245,1.8999999999999997,1.3333333333333333,14.666666666666666,7.0,5.666666666666667,2.3333333333333335,0.9333333333333332,1.0,9.0,10.666666666666666,2.0,3.3333333333333335,10.0,12.0,56,56
3.0,15.0,2.0,58.0,0.0,12.0,5.0,Ipswich Town,1.0,4.0,3.0,12.0,2.0,42.0,0.0,8.0,3.0,Everton,0.6,4.0,1.0,2.0,H,2025-05-03,D,-0.4,0.6694214876033058,0.7246127366609294,1726.6995064747496,1539.7578716005646,186.94163487418496,0.8666666666666666,1.6666666666666667,7.0,12.666666666666666,2.6666666666666665,5.666666666666667,1.7333333333333334,0.6666666666666666,22.333333333333332,9.666666666666666,5.666666666666667,3.0,14.0,7.0,56,18
3.0,16.0,2.0,51.0,0.0,9.0,2.0,Bournemouth,1.0,2.0,2.0,7.0,1.0,49.0,0.0,13.0,4.0,Arsenal,1.4,0.0,0.0,1.0,H,2025-05-03,A,0.3999999999999999,1.4395604395604396,0.9608610567514677,2031.4490737704036,1752.0306042874054,279.41846948299826,1.2000000000000004,1.0,13.0,9.0,4.333333333333333,2.6666666666666665,0.833333333333333,1.3333333333333333,9.0,11.666666666666666,2.3333333333333335,3.3333333333333335,10.0,14.0,56,56
3.0,17.0,0.0,52.0,0.0,11.0,3.0,Fulham,1.0,5.0,5.0,6.0,1.0,48.0,0.0,10.0,3.0,Aston Villa,1.0,0.0,0.0,1.0,H,2025-05-03,H,0.0,0.9099099099099099,0.9232245681381958,1853.1627836918879,1840.3307787196475,12.832004972240384,2.0666666666666664,1.3333333333333333,16.666666666666668,13.333333333333334,6.666666666666667,3.0,1.0,1.3333333333333333,9.666666666666666,16.333333333333332,3.0,5.0,14.0,7.0,56,56
7.0,13.0,0.0,49.0,0.0,8.0,2.0,Southampton,1.0,3.0,7.0,12.0,2.0,51.0,0.0,14.0,4.0,Leicester City,1.4,1.0,0.0,2.0,H,2025-05-03,H,0.3999999999999999,1.7407407407407407,1.0407331975560081,1582.0828406343953,1485.0415513826488,97.04128925174655,0.7333333333333334,2.3333333333333335,8.666666666666666,17.333333333333332,2.0,5.666666666666667,1.4666666666666668,1.0,13.0,11.666666666666666,5.333333333333333,3.3333333333333335,13.0,14.0,37,37
4.0,10.0,3.0,53.0,0.0,14.0,5.0,Manchester Utd,2.0,2.0,7.0,8.0,4.0,47.0,0.0,12.0,6.0,Brentford,2.8,0.0,1.0,2.0,H,2025-05-04,H,0.7999999999999998,0.8581560283687943,0.8870056497175142,1822.9185183714126,1739.89943343953,83.01908493188262,2.0,1.3333333333333333,12.333333333333334,15.666666666666666,5.333333333333333,4.333333333333333,1.8333333333333337,1.6666666666666667,11.0,16.0,4.333333333333333,5.333333333333333,15.0,7.0,56,56
4.0,10.0,1.0,55.0,0.0,13.0,5.0,Newcastle Utd,2.0,1.0,1.0,15.0,1.0,45.0,0.0,5.0,2.0,Brighton,0.7,2.0,0.0,1.0,H,2025-05-04,D,-1.3,0.3893129770992366,0.8185117967332124,1770.14782868638,1899.5248972494726,-129.3770685630925,1.933333333333333,1.6666666666666667,14.0,13.333333333333334,6.0,5.0,1.1333333333333337,2.0,11.666666666666666,13.0,4.333333333333333,4.333333333333333,8.0,15.0,56,56
3.0,15.0,1.0,45.0,0.0,7.0,2.0,Tottenham,1.0,2.0,1.0,18.0,1.0,55.0,0.0,11.0,2.0,West Ham,0.8,2.0,1.0,1.0,D,2025-05-04,D,-0.19999999999999996,1.563380281690141,1.221729490022173,1647.3033468244073,1789.5016562986125,-142.1983094742052,0.7999999999999998,1.3333333333333333,10.666666666666666,11.0,3.0,3.3333333333333335,1.7999999999999996,1.3333333333333333,16.333333333333332,8.666666666666666,5.0,3.0,15.0,7.0,56,56
6.0,11.0,1.0,64.0,0.0,11.0,2.0,Liverpool,1.0,2.0,3.0,10.0,3.0,36.0,0.0,17.0,7.0,Chelsea,3.1,2.0,0.0,1.0,H,2025-05-04,H,2.1,1.5405405405405408,0.5631825273010921,1894.8360852874234,1994.8542409456659,-100.01815565824245,2.0333333333333337,0.6666666666666666,20.333333333333332,10.0,7.666666666666667,3.0,1.3666666666666665,2.0,11.333333333333334,17.666666666666668,4.333333333333333,6.0,8.0,14.0,56,56
4.0,15.0,1.0,50.0,0.0,12.0,4.0,Nott'ham Forest,1.0,8.0,7.0,9.0,1.0,50.0,0.0,20.0,3.0,Crystal Palace,2.3,3.0,0.0,0.0,D,2025-05-05,D,1.2999999999999998,1.6611570247933887,1.0,1762.76945717414,1714.9753427172018,47.79411445693813,1.1000000000000003,1.0,11.0,12.666666666666666,2.0,4.333333333333333,2.4666666666666663,1.3333333333333333,19.666666666666668,11.666666666666666,5.666666666666667,3.3333333333333335,16.0,14.0,56,56
6.0,12.0,1.0,51.0,0.0,15.0,5.0,Brentford,1.0,4.0,5.0,6.0,0.0,49.0,0.0,11.0,4.0,Ipswich Town,0.9,2.0,1.0,0.0,A,2025-05-10,A,-0.09999999999999998,0.7350993377483444,0.9608610567514677,1539.7578716005646,1822.9185183714126,-283.16064677084796,0.6333333333333333,2.0,7.0,20.333333333333332,2.0,6.333333333333333,0.9333333333333332,0.6666666666666666,13.0,9.666666666666666,4.0,3.3333333333333335,20.0,9.0,18,56
5.0,9.0,3.0,64.0,0.0,11.0,7.0,Everton,1.0,0.0,5.0,15.0,1.0,36.0,0.0,18.0,6.0,Fulham,0.8,1.0,1.0,1.0,D,2025-05-10,A,-0.19999999999999996,1.6306306306306309,0.5631825273010921,1840.3307787196475,1726.6995064747496,113.6312722448979,0.6,1.3333333333333333,12.0,12.666666666666666,4.333333333333333,7.0,0.6999999999999996,0.6666666666666666,12.666666666666666,10.0,6.0,5.0,20.0,14.0,56,56
4.0,12.0,2.0,44.0,0.0,7.0,2.0,Brighton,2.0,1.0,7.0,8.0,0.0,56.0,0.0,10.0,3.0,Wolves,0.9,1.0,1.0,0.0,A,2025-05-10,A,-1.1,1.4225352112676057,1.272108843537415,1603.0797539280402,1770.14782868638,-167.0680747583399,1.7666666666666666,1.6666666666666667,14.333333333333334,8.666666666666666,4.666666666666667,2.6666666666666665,1.2,1.3333333333333333,11.333333333333334,10.0,4.666666666666667,3.3333333333333335,14.0,21.0,56,56
15.0,8.0,0.0,72.0,0.0,26.0,5.0,Manchester City,2.0,0.0,1.0,9.0,0.0,28.0,0.0,2.0,0.0,Southampton,0.1,2.0,0.0,0.0,D,2025-05-10,D,-1.9,0.08045977011494253,0.38973647711511794,1485.0415513826488,2000.0555871302647,-515.0140357476159,0.3333333333333333,2.3333333333333335,5.333333333333333,25.666666666666668,1.6666666666666667,6.666666666666667,0.6333333333333334,1.6666666666666667,7.666666666666667,15.666666666666666,1.6666666666666667,5.666666666666667,14.0,21.0,37,56
0.0,12.0,1.0,34.0,1.0,6.0,3.0,Aston Villa,1.0,3.0,10.0,19.0,0.0,66.0,0.0,10.0,4.0,Bournemouth,0.8,4.0,1.0,0.0,A,2025-05-10,A,-0.19999999999999996,1.6557377049180328,1.9384164222873899,1752.0306042874054,1853.1627836918879,-101.13217940448249,0.8999999999999998,1.3333333333333333,10.0,14.333333333333334,2.6666666666666665,5.333333333333333,0.8000000000000002,2.0,10.333333333333334,12.666666666666666,4.0,5.333333333333333,13.0,18.0,56,56
4.0,11.0,2.0,55.0,0.0,10.0,6.0,Leicester City,1.0,3.0,4.0,11.0,2.0,45.0,0.0,15.0,4.0,Nott'ham Forest,1.3,3.0,1.0,1.0,D,2025-05-11,D,0.30000000000000004,1.495049504950495,0.8185117967332124,1714.9753427172018,1582.0828406343953,132.89250208280646,0.8999999999999998,1.0,13.0,11.333333333333334,4.666666666666667,4.666666666666667,2.3666666666666667,1.3333333333333333,18.666666666666668,11.0,5.666666666666667,4.666666666666667,10.0,15.0,56,37
5.0,13.0,2.0,52.0,0.0,9.0,4.0,West Ham,2.0,1.0,8.0,3.0,0.0,48.0,0.0,20.0,5.0,Manchester Utd,2.1,0.0,1.0,0.0,A,2025-05-11,A,0.10000000000000009,2.208791208791209,0.9232245681381958,1739.89943343953,1647.3033468244073,92.59608661512266,1.4333333333333336,1.0,15.0,7.333333333333333,3.0,3.6666666666666665,1.7333333333333327,1.3333333333333333,17.0,10.666666666666666,6.666666666666667,4.0,21.0,15.0,56,56
8.0,13.0,0.0,45.0,1.0,10.0,3.0,Chelsea,1.0,2.0,2.0,9.0,2.0,55.0,0.0,15.0,6.0,Newcastle Utd,1.6,4.0,0.0,1.0,H,2025-05-11,H,0.6000000000000001,1.495049504950495,1.221729490022173,1899.5248972494726,1894.8360852874234,4.688811962049158,1.8333333333333337,1.0,18.0,8.333333333333334,6.0,2.3333333333333335,1.0,1.0,10.0,14.666666666666666,3.0,5.333333333333333,15.0,21.0,56,56
1.0,10.0,2.0,55.0,1.0,15.0,7.0,Arsenal,3.0,1.0,3.0,13.0,2.0,45.0,0.0,14.0,5.0,Liverpool,2.4,1.0,0.0,2.0,H,2025-05-11,D,-0.6000000000000001,0.9337748344370861,0.8185117967332124,1994.8542409456659,2031.4490737704036,-36.59483282473775,2.1333333333333333,1.6666666666666667,18.0,11.333333333333334,6.333333333333333,4.666666666666667,1.2333333333333334,2.3333333333333335,7.666666666666667,17.666666666666668,2.3333333333333335,6.333333333333333,14.0,21.0,56,56
8.0,10.0,2.0,48.0,0.0,23.0,10.0,Crystal Palace,3.0,1.0,4.0,12.0,0.0,52.0,0.0,8.0,1.0,Tottenham,0.7,1.0,1.0,0.0,A,2025-05-11,A,-2.3,0.3506493506493506,1.0831600831600832,1789.5016562986125,1762.76945717414,26.732199124472572,1.6333333333333337,1.6666666666666667,14.333333333333334,13.0,5.0,5.666666666666667,1.133333333333333,2.3333333333333335,11.333333333333334,16.333333333333332,4.666666666666667,6.0,20.0,18.0,56,56
1.0,12.0,0.0,67.0,0.0,3.0,1.0,Tottenham,1.0,2.0,9.0,5.0,2.0,33.0,0.0,18.0,7.0,Aston Villa,1.4,1.0,0.0,0.0,D,2025-05-16,H,0.3999999999999999,5.838709677419355,0.49329359165424747,1853.1627836918879,1789.5016562986125,63.661127393275365,1.5333333333333332,1.0,17.0,8.0,6.333333333333333,2.3333333333333335,1.4666666666666661,1.0,18.0,6.0,5.666666666666667,2.0,13.0,12.0,57,57
2.0,14.0,0.0,53.0,0.0,4.0,1.0,Manchester Utd,0.0,6.0,7.0,10.0,1.0,47.0,0.0,11.0,3.0,Chelsea,0.8,1.0,0.0,0.0,D,2025-05-16,H,0.8,2.707317073170732,0.8870056497175142,1894.8360852874234,1739.89943343953,154.93665184789347,1.566666666666667,0.3333333333333333,12.666666666666666,7.0,5.666666666666667,2.0,1.366666666666667,1.3333333333333333,10.333333333333334,14.333333333333334,3.3333333333333335,4.0,12.0,12.0,57,57
2.0,12.0,0.0,50.0,0.0,20.0,2.0,Ipswich Town,1.0,0.0,2.0,15.0,2.0,50.0,0.0,9.0,3.0,Leicester City,0.8,1.0,0.0,1.0,H,2025-05-18,H,-0.19999999999999996,0.45273631840796014,1.0,1582.0828406343953,1539.7578716005646,42.32496903383071,0.8333333333333334,1.6666666666666667,9.333333333333334,18.666666666666668,2.3333333333333335,4.666666666666667,1.2666666666666666,0.6666666666666666,14.0,12.0,3.6666666666666665,2.3333333333333335,15.0,15.0,38,19
7.0,9.0,0.0,51.0,0.0,14.0,5.0,Newcastle Utd,2.0,3.0,10.0,9.0,1.0,49.0,0.0,12.0,4.0,Arsenal,0.6,3.0,0.0,0.0,D,2025-05-18,H,-1.4,0.8581560283687943,0.9608610567514677,2031.4490737704036,1899.5248972494726,131.92417652093104,1.066666666666667,1.6666666666666667,12.333333333333334,12.666666666666666,4.666666666666667,3.6666666666666665,1.166666666666667,1.6666666666666667,13.333333333333334,12.333333333333334,5.0,4.333333333333333,15.0,14.0,57,57
5.0,10.0,0.0,50.0,0.0,6.0,2.0,Southampton,1.0,1.0,4.0,6.0,2.0,50.0,0.0,13.0,5.0,Everton,2.7,1.0,0.0,2.0,H,2025-05-18,H,1.7000000000000002,2.1475409836065573,1.0,1726.6995064747496,1485.0415513826488,241.6579550921008,1.3999999999999997,1.3333333333333333,9.666666666666666,10.0,3.6666666666666665,4.666666666666667,1.6666666666666667,1.0,13.0,9.666666666666666,4.333333333333333,2.6666666666666665,15.0,15.0,57,38
7.0,7.0,2.0,60.0,0.0,10.0,5.0,Nott'ham Forest,2.0,3.0,8.0,14.0,1.0,40.0,0.0,16.0,5.0,West Ham,1.1,6.0,1.0,0.0,A,2025-05-18,A,-0.8999999999999999,1.5940594059405944,0.6672212978369384,1647.3033468244073,1714.9753427172018,-67.67199589279448,0.9333333333333332,1.3333333333333333,13.0,10.666666666666666,3.6666666666666665,3.6666666666666665,1.8333333333333328,1.3333333333333333,19.333333333333332,8.666666666666666,4.666666666666667,4.0,14.0,13.0,57,57
3.0,8.0,3.0,51.0,0.0,16.0,7.0,Fulham,1.0,4.0,5.0,12.0,2.0,49.0,0.0,11.0,6.0,Brentford,2.5,4.0,1.0,2.0,H,2025-05-18,A,1.5,0.6894409937888198,0.9608610567514677,1822.9185183714126,1840.3307787196475,-17.412260348234895,2.466666666666667,1.3333333333333333,13.0,14.0,6.666666666666667,5.0,1.3666666666666665,1.3333333333333333,9.333333333333334,17.666666666666668,4.0,5.0,14.0,15.0,57,57
3.0,8.0,2.0,51.0,0.0,18.0,5.0,Liverpool,2.0,0.0,3.0,9.0,3.0,49.0,0.0,25.0,12.0,Brighton,2.2,1.0,2.0,1.0,A,2025-05-19,H,0.20000000000000018,1.3867403314917126,0.9608610567514677,1770.14782868638,1994.8542409456659,-224.7064122592858,1.4000000000000001,1.6666666666666667,15.333333333333334,14.333333333333334,7.666666666666667,4.666666666666667,1.8666666666666665,2.0,15.666666666666666,19.0,6.333333333333333,5.666666666666667,15.0,15.0,57,57
1.0,13.0,1.0,57.0,1.0,8.0,2.0,Bournemouth,1.0,3.0,3.0,7.0,3.0,43.0,1.0,12.0,5.0,Manchester City,1.5,1.0,0.0,2.0,H,2025-05-20,H,0.5,1.4938271604938271,0.7548161120840631,2000.0555871302647,1752.0306042874054,248.02498284285934,1.1666666666666663,1.0,11.666666666666666,7.0,4.333333333333333,2.0,1.0999999999999996,1.0,10.0,10.666666666666666,3.0,2.6666666666666665,18.0,17.0,57,57
10.0,8.0,2.0,31.0,0.0,12.0,3.0,Wolves,1.0,2.0,0.0,14.0,4.0,69.0,0.0,14.0,10.0,Crystal Palace,1.7,1.0,1.0,2.0,H,2025-05-20,H,0.7,1.1652892561983472,2.2218649517684885,1762.76945717414,1603.0797539280402,159.68970324609973,1.4666666666666668,1.0,13.0,13.0,4.333333333333333,3.6666666666666665,1.2333333333333334,0.3333333333333333,11.666666666666666,7.333333333333333,4.666666666666667,2.0,15.0,18.0,57,57
0.0,9.0,3.0,58.0,0.0,10.0,6.0,West Ham,1.0,1.0,4.0,10.0,1.0,42.0,0.0,14.0,4.0,Ipswich Town,0.7,1.0,1.0,0.0,A,2025-05-25,A,-0.30000000000000004,1.396039603960396,0.7246127366609294,1539.7578716005646,1647.3033468244073,-107.54547522384269,0.6,1.3333333333333333,9.666666666666666,16.333333333333332,2.6666666666666665,6.0,1.3666666666666663,1.3333333333333333,16.666666666666668,10.333333333333334,6.0,4.666666666666667,15.0,14.0,19,57
3.0,10.0,0.0,67.0,1.0,6.0,1.0,Aston Villa,0.0,2.0,4.0,10.0,2.0,33.0,0.0,25.0,10.0,Manchester Utd,2.9,2.0,0.0,0.0,D,2025-05-25,H,2.9,4.114754098360656,0.49329359165424747,1739.89943343953,1853.1627836918879,-113.2633502523579,2.1,0.6666666666666666,19.0,6.333333333333333,5.666666666666667,2.3333333333333335,1.6666666666666667,1.0,16.333333333333332,6.333333333333333,6.666666666666667,2.3333333333333335,14.0,15.0,57,57
3.0,9.0,1.0,51.0,0.0,13.0,7.0,Brentford,1.0,1.0,8.0,7.0,1.0,49.0,0.0,18.0,6.0,Wolves,1.0,2.0,1.0,0.0,A,2025-05-25,D,0.0,1.3816793893129773,0.9608610567514677,1603.0797539280402,1822.9185183714126,-219.83876444337238,1.3,1.3333333333333333,16.0,9.333333333333334,5.0,3.6666666666666665,0.9333333333333332,1.0,14.333333333333334,13.0,5.0,5.0,15.0,15.0,57,57
8.0,8.0,2.0,62.0,0.0,23.0,8.0,Arsenal,2.0,0.0,5.0,7.0,1.0,38.0,0.0,7.0,2.0,Southampton,0.6,0.0,1.0,0.0,A,2025-05-25,A,-1.4,0.30735930735930733,0.6135265700483092,1485.0415513826488,2031.4490737704036,-546.4075223877549,0.4333333333333333,2.0,5.333333333333333,25.0,1.6666666666666667,6.0,1.0666666666666667,2.3333333333333335,8.333333333333334,20.666666666666668,2.3333333333333335,7.333333333333333,15.0,14.0,38,57
0.0,10.0,1.0,69.0,0.0,8.0,5.0,Crystal Palace,2.0,0.0,11.0,7.0,1.0,31.0,1.0,14.0,3.0,Liverpool,2.1,1.0,1.0,0.0,A,2025-05-25,D,0.10000000000000009,1.7407407407407407,0.4500723589001448,1994.8542409456659,1762.76945717414,232.08478377152596,2.2333333333333334,2.0,17.666666666666668,10.333333333333334,5.333333333333333,5.0,1.333333333333333,2.3333333333333335,11.333333333333334,15.333333333333334,3.3333333333333335,6.333333333333333,14.0,14.0,57,57
4.0,11.0,1.0,48.0,0.0,6.0,2.0,Chelsea,1.0,2.0,7.0,10.0,0.0,52.0,0.0,10.0,2.0,Nott'ham Forest,1.2,2.0,0.0,0.0,D,2025-05-25,A,0.19999999999999996,1.6557377049180328,1.0831600831600832,1714.9753427172018,1894.8360852874234,-179.86074257022165,1.133333333333333,1.0,13.0,9.0,3.6666666666666665,3.6666666666666665,1.0333333333333334,1.0,10.333333333333334,9.666666666666666,3.0,4.333333333333333,14.0,14.0,57,57
11.0,8.0,4.0,66.0,0.0,23.0,8.0,Brighton,2.0,1.0,2.0,13.0,1.0,34.0,0.0,4.0,2.0,Tottenham,2.0,3.0,0.0,1.0,H,2025-05-25,A,0.0,0.17748917748917747,0.5158850226928896,1789.5016562986125,1770.14782868638,19.353827612232408,1.6000000000000003,2.0,11.333333333333334,16.666666666666668,3.0,7.0,1.6666666666666667,1.6666666666666667,10.0,14.0,4.333333333333333,4.333333333333333,14.0,15.0,57,57
3.0,9.0,1.0,65.0,0.0,14.0,6.0,Everton,1.0,4.0,12.0,12.0,0.0,35.0,0.0,17.0,6.0,Newcastle Utd,1.2,1.0,0.0,0.0,D,2025-05-25,A,0.19999999999999996,1.2127659574468086,0.5391705069124425,1899.5248972494726,1726.6995064747496,172.82539077472302,1.7333333333333336,0.6666666666666666,19.0,9.333333333333334,5.666666666666667,3.0,0.933333333333333,0.6666666666666666,15.0,10.333333333333334,6.333333333333333,5.333333333333333,14.0,15.0,57,57
1.0,16.0,0.0,63.0,0.0,3.0,0.0,Leicester City,0.0,2.0,6.0,19.0,2.0,37.0,0.0,20.0,7.0,Bournemouth,1.6,0.0,0.0,0.0,D,2025-05-25,H,1.6,6.483870967741936,0.5879556259904913,1752.0306042874054,1582.0828406343953,169.94776365301004,0.9666666666666665,1.0,12.666666666666666,11.333333333333334,4.0,3.0,1.633333333333333,0.6666666666666666,18.333333333333332,7.0,5.666666666666667,2.6666666666666665,15.0,14.0,57,38
6.0,5.0,2.0,53.0,0.0,20.0,5.0,Manchester City,3.0,0.0,1.0,11.0,0.0,47.0,0.0,13.0,3.0,Fulham,1.3,0.0,1.0,0.0,A,2025-05-25,A,-1.7,0.6517412935323382,0.8870056497175142,1840.3307787196475,2000.0555871302647,-159.72480841061724,0.8000000000000002,1.6666666666666667,12.333333333333334,14.666666666666666,3.3333333333333335,6.666666666666667,0.7666666666666666,2.3333333333333335,7.666666666666667,19.333333333333332,2.0,5.666666666666667,15.0,15.0,57,57
7.0,10.0,2.0,61.0,0.0,10.0,3.0,Bournemouth,2.0,2.0,6.0,7.0,4.0,39.0,0.0,19.0,10.0,Liverpool,2.2,1.0,0.0,1.0,H,2025-08-15,H,0.20000000000000018,1.8910891089108912,0.6399345335515548,1994.8542409456659,1752.0306042874054,242.8236366582605,2.2333333333333334,2.3333333333333335,15.666666666666666,11.0,6.0,5.0,1.7,1.3333333333333333,14.666666666666666,9.0,6.333333333333333,2.3333333333333335,82.0,87.0,58,58
6.0,11.0,0.0,59.0,0.0,16.0,3.0,Newcastle Utd,1.0,1.0,3.0,13.0,0.0,41.0,1.0,3.0,3.0,Aston Villa,0.2,1.0,0.0,0.0,D,2025-08-16,D,-0.8,0.19254658385093165,0.6954314720812182,1853.1627836918879,1899.5248972494726,-46.362113557584735,0.8666666666666667,1.0,10.333333333333334,10.0,4.333333333333333,2.3333333333333335,0.5000000000000003,1.6666666666666667,6.666666666666667,14.333333333333334,3.0,4.333333333333333,92.0,90.0,58,58
7.0,10.0,0.0,62.0,0.0,12.0,4.0,West Ham,1.0,1.0,5.0,8.0,3.0,38.0,0.0,10.0,5.0,Sunderland,0.7,0.0,0.0,0.0,D,2025-08-16,H,-0.30000000000000004,0.8347107438016529,0.6135265700483092,1757.352239388333,1647.3033468244073,110.04889256392562,0.7,1.0,10.0,12.0,5.0,4.0,1.166666666666666,1.3333333333333333,14.666666666666666,10.333333333333334,4.666666666666667,4.666666666666667,18.0,83.0,1,58
3.0,15.0,1.0,49.0,0.0,7.0,2.0,Fulham,1.0,3.0,4.0,16.0,1.0,51.0,0.0,10.0,4.0,Brighton,1.5,3.0,0.0,0.0,D,2025-08-16,D,0.5,1.4225352112676057,1.0407331975560081,1770.14782868638,1840.3307787196475,-70.18295003326739,1.4666666666666668,1.6666666666666667,13.333333333333334,12.666666666666666,6.0,4.0,1.6666666666666667,1.0,10.333333333333334,11.333333333333334,4.333333333333333,4.0,89.0,90.0,58,58
5.0,8.0,0.0,66.0,0.0,14.0,4.0,Burnley,1.0,0.0,6.0,14.0,3.0,34.0,0.0,16.0,6.0,Tottenham,2.3,0.0,0.0,1.0,H,2025-08-16,H,1.2999999999999998,1.1418439716312059,0.5158850226928896,1789.5016562986125,1549.692909742844,239.8087465557685,1.6666666666666667,2.0,9.333333333333334,20.0,3.0,7.333333333333333,2.5666666666666664,1.3333333333333333,21.333333333333332,12.333333333333334,8.333333333333334,4.666666666666667,83.0,462.0,58,20
6.0,7.0,4.0,58.0,0.0,15.0,4.0,Manchester City,2.0,2.0,4.0,13.0,0.0,42.0,0.0,9.0,3.0,Wolves,0.6,1.0,2.0,0.0,A,2025-08-16,A,-1.4,0.6026490066225165,0.7246127366609294,1603.0797539280402,2000.0555871302647,-396.9758332022245,0.8333333333333334,1.6666666666666667,12.333333333333334,11.666666666666666,4.0,4.333333333333333,0.6666666666666666,2.3333333333333335,8.0,20.333333333333332,2.0,4.666666666666667,83.0,83.0,58,58
2.0,12.0,0.0,29.0,0.0,12.0,4.0,Crystal Palace,1.0,3.0,11.0,10.0,0.0,71.0,0.0,19.0,3.0,Chelsea,1.6,2.0,0.0,0.0,D,2025-08-17,D,0.6000000000000001,1.578512396694215,2.4432989690721647,1894.8360852874234,1762.76945717414,132.0666281132835,1.833333333333334,0.6666666666666666,15.666666666666666,9.0,4.333333333333333,2.3333333333333335,1.4666666666666661,2.0,13.666666666666666,14.333333333333334,2.3333333333333335,6.333333333333333,93.0,84.0,58,58
5.0,15.0,1.0,46.0,0.0,10.0,3.0,Brentford,1.0,2.0,5.0,7.0,3.0,54.0,0.0,11.0,5.0,Nott'ham Forest,1.8,1.0,0.0,3.0,H,2025-08-17,H,0.8,1.099009900990099,1.17353579175705,1714.9753427172018,1822.9185183714126,-107.94317565421079,1.433333333333333,1.0,12.0,8.666666666666666,3.6666666666666665,3.6666666666666665,1.2333333333333332,1.0,13.333333333333334,12.666666666666666,5.0,5.0,84.0,84.0,58,58
4.0,19.0,1.0,39.0,0.0,9.0,3.0,Arsenal,1.0,4.0,3.0,10.0,0.0,61.0,0.0,22.0,7.0,Manchester Utd,1.5,1.0,1.0,0.0,A,2025-08-17,A,0.5,2.428571428571429,1.5626598465473145,1739.89943343953,2031.4490737704036,-291.5496403308737,2.1666666666666665,1.0,22.333333333333332,8.0,7.333333333333333,2.6666666666666665,1.5,2.0,14.333333333333334,15.666666666666666,4.666666666666667,6.0,84.0,84.0,58,58
2.0,8.0,0.0,46.0,0.0,7.0,1.0,Everton,1.0,2.0,7.0,6.0,1.0,54.0,0.0,21.0,3.0,Leeds United,2.0,0.0,0.0,0.0,D,2025-08-18,H,1.0,2.9718309859154934,1.17353579175705,1712.7993362650259,1726.6995064747496,-13.900170209723683,1.8333333333333333,1.6666666666666667,16.333333333333332,12.0,3.0,4.333333333333333,1.3333333333333328,1.0,18.666666666666668,10.666666666666666,5.0,4.666666666666667,813.0,85.0,20,58
5.0,10.0,5.0,58.0,0.0,12.0,7.0,Chelsea,3.0,1.0,7.0,7.0,1.0,42.0,0.0,12.0,4.0,West Ham,0.7,0.0,3.0,1.0,A,2025-08-22,A,-2.3,1.0,0.7246127366609294,1647.3033468244073,1894.8360852874234,-247.53273846301613,0.8666666666666666,2.0,13.0,9.666666666666666,3.6666666666666665,4.666666666666667,1.1666666666666667,1.6666666666666667,12.333333333333334,9.333333333333334,4.0,4.0,96.0,89.0,58,58
9.0,9.0,0.0,76.0,0.0,17.0,2.0,Aston Villa,1.0,2.0,2.0,11.0,1.0,24.0,0.0,9.0,2.0,Brentford,1.2,1.0,0.0,1.0,H,2025-08-23,H,0.19999999999999996,0.5321637426900584,0.3166885676741131,1822.9185183714126,1853.1627836918879,-30.24426532047528,2.1666666666666665,1.3333333333333333,10.666666666666666,15.666666666666666,4.666666666666667,4.666666666666667,1.633333333333333,0.6666666666666666,14.666666666666666,9.666666666666666,5.333333333333333,2.0,97.0,90.0,58,58
3.0,16.0,0.0,41.0,1.0,6.0,1.0,Wolves,1.0,4.0,8.0,13.0,1.0,59.0,0.0,14.0,4.0,Bournemouth,1.3,2.0,0.0,1.0,H,2025-08-23,H,0.30000000000000004,2.3114754098360657,1.437956204379562,1752.0306042874054,1603.0797539280402,148.95085035936518,1.2333333333333332,0.6666666666666666,14.666666666666666,5.0,5.0,1.3333333333333333,1.2333333333333334,0.6666666666666666,12.333333333333334,8.0,5.333333333333333,1.6666666666666667,90.0,95.0,58,58
2.0,11.0,0.0,67.0,0.0,3.0,1.0,Leeds United,0.0,2.0,2.0,8.0,5.0,33.0,0.0,18.0,5.0,Arsenal,2.7,0.0,0.0,2.0,H,2025-08-23,H,2.7,5.838709677419355,0.49329359165424747,2031.4490737704036,1712.7993362650259,318.64973750537774,1.566666666666667,1.0,14.333333333333334,8.666666666666666,4.333333333333333,2.6666666666666665,2.466666666666667,0.3333333333333333,18.333333333333332,6.333333333333333,6.666666666666667,2.0,97.0,825.0,58,20
3.0,5.0,0.0,42.0,0.0,9.0,1.0,Sunderland,1.0,1.0,4.0,9.0,2.0,58.0,0.0,7.0,2.0,Burnley,1.0,0.0,0.0,0.0,D,2025-08-23,H,0.0,0.7802197802197802,1.3800475059382422,1549.692909742844,1757.352239388333,-207.65932964548892,1.0666666666666667,2.0,14.666666666666666,14.666666666666666,3.3333333333333335,6.0,1.0,1.0,7.0,9.0,2.0,1.0,461.0,18.0,20,1
2.0,12.0,2.0,61.0,0.0,12.0,5.0,Tottenham,1.0,4.0,7.0,7.0,0.0,39.0,0.0,10.0,4.0,Manchester City,1.6,1.0,2.0,0.0,A,2025-08-23,A,0.6000000000000001,0.8347107438016529,0.6399345335515548,2000.0555871302647,1789.5016562986125,210.55393083165222,1.2666666666666664,0.6666666666666666,10.333333333333334,8.666666666666666,3.6666666666666665,2.6666666666666665,1.2666666666666664,1.0,13.0,7.333333333333333,4.333333333333333,2.6666666666666665,95.0,99.0,58,58
3.0,11.0,1.0,42.0,0.0,9.0,1.0,Nott'ham Forest,1.0,3.0,1.0,11.0,1.0,58.0,0.0,8.0,4.0,Crystal Palace,1.1,3.0,0.0,1.0,H,2025-08-24,D,0.10000000000000009,0.8901098901098901,1.3800475059382422,1762.76945717414,1714.9753427172018,47.79411445693813,1.7000000000000002,1.0,14.0,11.0,5.666666666666667,2.6666666666666665,1.4999999999999998,1.3333333333333333,14.666666666666666,10.333333333333334,4.0,3.3333333333333335,96.0,98.0,58,58
2.0,15.0,0.0,58.0,0.0,13.0,4.0,Brighton,2.0,3.0,2.0,7.0,2.0,42.0,0.0,11.0,3.0,Everton,1.6,4.0,0.0,1.0,H,2025-08-24,H,-0.3999999999999999,0.8473282442748091,0.7246127366609294,1726.6995064747496,1770.14782868638,-43.44832221163051,1.6333333333333335,1.3333333333333333,10.666666666666666,10.333333333333334,3.6666666666666665,3.6666666666666665,1.5,2.0,8.333333333333334,14.333333333333334,2.6666666666666665,4.666666666666667,98.0,91.0,58,58
6.0,10.0,1.0,47.0,0.0,10.0,3.0,Manchester Utd,2.0,1.0,9.0,12.0,1.0,53.0,0.0,13.0,4.0,Fulham,1.7,1.0,0.0,0.0,D,2025-08-24,D,-0.30000000000000004,1.297029702970297,1.127388535031847,1840.3307787196475,1739.89943343953,100.43134528011751,1.2666666666666668,2.0,14.666666666666666,13.666666666666666,4.333333333333333,5.0,1.7666666666666668,1.3333333333333333,12.0,9.333333333333334,4.333333333333333,3.0,91.0,100.0,58,58
1.0,15.0,3.0,38.0,0.0,5.0,4.0,Liverpool,1.0,3.0,7.0,17.0,2.0,62.0,1.0,10.0,3.0,Newcastle Utd,1.0,2.0,1.0,0.0,A,2025-08-25,A,0.0,1.9803921568627452,1.6299212598425197,1899.5248972494726,1994.8542409456659,-95.32934369619329,1.2666666666666668,1.0,14.0,9.666666666666666,5.0,4.333333333333333,2.1,1.3333333333333333,17.333333333333332,11.333333333333334,7.333333333333333,3.6666666666666665,92.0,98.0,58,58
2.0,10.0,3.0,58.0,0.0,10.0,4.0,Everton,2.0,1.0,2.0,15.0,2.0,42.0,0.0,12.0,4.0,Wolves,1.1,0.0,2.0,1.0,A,2025-08-30,A,-0.8999999999999999,1.198019801980198,0.7246127366609294,1603.0797539280402,1726.6995064747496,-123.61975254670938,0.9,1.6666666666666667,13.0,12.666666666666666,4.333333333333333,5.0,1.433333333333333,1.3333333333333333,16.666666666666668,10.333333333333334,4.333333333333333,3.6666666666666665,14.0,12.0,59,59
1.0,9.0,2.0,62.0,0.0,6.0,3.0,Burnley,1.0,5.0,7.0,9.0,3.0,38.0,0.0,26.0,6.0,Manchester Utd,3.6,1.0,0.0,1.0,H,2025-08-30,H,2.6,4.278688524590164,0.6135265700483092,1739.89943343953,1549.692909742844,190.20652369668596,2.6666666666666665,0.6666666666666666,24.333333333333332,7.0,7.666666666666667,2.3333333333333335,2.8666666666666667,1.0,21.0,9.0,7.0,3.3333333333333335,13.0,14.0,59,21
4.0,17.0,0.0,46.0,0.0,11.0,3.0,Fulham,1.0,2.0,6.0,11.0,2.0,54.0,0.0,13.0,6.0,Chelsea,2.1,2.0,0.0,1.0,H,2025-08-30,H,1.1,1.1801801801801801,1.17353579175705,1894.8360852874234,1840.3307787196475,54.50530656777596,1.5000000000000002,0.6666666666666666,14.333333333333334,9.0,4.0,2.6666666666666665,2.033333333333333,1.0,11.333333333333334,11.333333333333334,5.333333333333333,4.0,13.0,14.0,59,59
8.0,13.0,1.0,61.0,0.0,20.0,6.0,Bournemouth,2.0,4.0,0.0,17.0,0.0,39.0,0.0,5.0,1.0,Tottenham,0.2,2.0,1.0,0.0,A,2025-08-30,A,-1.8,0.25373134328358204,0.6399345335515548,1789.5016562986125,1752.0306042874054,37.47105201120712,1.5,1.6666666666666667,8.333333333333334,19.0,3.0,6.0,1.2999999999999998,1.6666666666666667,12.0,12.666666666666666,5.333333333333333,3.6666666666666665,14.0,15.0,59,59
5.0,15.0,0.0,57.0,0.0,8.0,2.0,Newcastle Utd,1.0,1.0,5.0,10.0,0.0,43.0,0.0,10.0,1.0,Leeds United,0.7,1.0,0.0,0.0,D,2025-08-30,D,-0.30000000000000004,1.2469135802469136,0.7548161120840631,1712.7993362650259,1899.5248972494726,-186.7255609844467,1.4000000000000001,1.3333333333333333,16.666666666666668,8.666666666666666,2.0,3.3333333333333335,0.5000000000000003,1.3333333333333333,8.333333333333334,12.666666666666666,2.6666666666666665,3.3333333333333335,12.0,14.0,21,59
4.0,12.0,1.0,46.0,0.0,7.0,4.0,Brentford,1.0,2.0,3.0,11.0,2.0,54.0,0.0,12.0,3.0,Sunderland,1.5,3.0,0.0,0.0,D,2025-08-30,H,0.5,1.704225352112676,1.17353579175705,1757.352239388333,1822.9185183714126,-65.56627898307966,1.1,1.0,11.0,9.5,4.0,4.0,1.4333333333333333,1.0,13.666666666666666,10.0,4.666666666666667,4.666666666666667,14.0,13.0,2,59
7.0,6.0,3.0,42.0,0.0,12.0,8.0,West Ham,2.0,0.0,9.0,14.0,0.0,58.0,0.0,11.0,3.0,Nott'ham Forest,0.7,0.0,0.0,0.0,D,2025-08-31,A,-1.3,0.9173553719008264,1.3800475059382422,1714.9753427172018,1647.3033468244073,67.67199589279448,1.2333333333333332,1.3333333333333333,10.666666666666666,9.333333333333334,3.3333333333333335,4.333333333333333,0.7,1.3333333333333333,11.666666666666666,11.333333333333334,4.0,6.0,14.0,15.0,59,59
2.0,14.0,1.0,63.0,0.0,12.0,3.0,Manchester City,2.0,2.0,3.0,16.0,2.0,37.0,0.0,12.0,7.0,Brighton,2.2,2.0,1.0,0.0,A,2025-08-31,H,0.20000000000000018,1.0,0.5879556259904913,1770.14782868638,2000.0555871302647,-229.90775844388463,1.9666666666666668,1.6666666666666667,15.666666666666666,12.333333333333334,7.666666666666667,3.3333333333333335,1.3666666666666665,2.3333333333333335,11.333333333333334,15.666666666666666,4.333333333333333,4.0,15.0,15.0,59,59
8.0,10.0,0.0,47.0,0.0,11.0,1.0,Arsenal,1.0,2.0,3.0,7.0,1.0,53.0,0.0,9.0,3.0,Liverpool,0.5,2.0,0.0,0.0,D,2025-08-31,H,-0.5,0.8198198198198198,1.127388535031847,1994.8542409456659,2031.4490737704036,-36.59483282473775,1.6000000000000003,1.6666666666666667,14.0,9.666666666666666,5.333333333333333,3.0,0.8666666666666666,1.3333333333333333,12.666666666666666,14.333333333333334,4.0,4.0,16.0,14.0,59,59
1.0,14.0,3.0,59.0,0.0,6.0,4.0,Crystal Palace,3.0,3.0,10.0,7.0,0.0,41.0,0.0,13.0,4.0,Aston Villa,1.1,2.0,1.0,0.0,A,2025-08-31,A,-1.9,2.1475409836065573,0.6954314720812182,1853.1627836918879,1762.76945717414,90.39332651774794,0.9,1.6666666666666667,11.333333333333334,8.333333333333334,4.666666666666667,2.6666666666666665,1.5999999999999996,2.0,15.333333333333334,8.666666666666666,3.3333333333333335,4.333333333333333,15.0,14.0,59,59
3.0,8.0,0.0,56.0,0.0,6.0,0.0,Sunderland,0.0,1.0,5.0,10.0,0.0,44.0,0.0,14.0,6.0,Crystal Palace,1.8,1.0,0.0,0.0,D,2025-09-13,D,1.8,2.3114754098360657,0.786096256684492,1762.76945717414,1757.352239388333,5.417217785806997,1.5333333333333339,0.6666666666666666,12.0,9.0,6.666666666666667,1.3333333333333333,1.4,0.5,10.5,7.5,4.0,0.5,20.0,21.0,59,2
4.0,11.0,0.0,54.0,0.0,5.0,1.0,Nott'ham Forest,0.0,1.0,8.0,8.0,3.0,46.0,0.0,16.0,5.0,Arsenal,1.8,1.0,0.0,1.0,H,2025-09-13,H,1.8,3.1568627450980395,0.8521256931608133,2031.4490737704036,1714.9753427172018,316.47373105320185,1.7000000000000004,0.6666666666666666,15.333333333333334,7.333333333333333,4.666666666666667,2.3333333333333335,1.333333333333333,1.0,13.333333333333334,8.0,4.666666666666667,2.3333333333333335,21.0,20.0,59,59
4.0,17.0,0.0,57.0,0.0,8.0,3.0,Wolves,1.0,4.0,10.0,10.0,1.0,43.0,0.0,16.0,4.0,Newcastle Utd,1.5,1.0,0.0,1.0,H,2025-09-13,H,0.5,1.9876543209876545,0.7548161120840631,1899.5248972494726,1603.0797539280402,296.4451433214324,1.2333333333333336,1.0,14.333333333333334,9.0,4.333333333333333,4.333333333333333,1.5,1.0,14.666666666666666,8.666666666666666,6.0,2.3333333333333335,19.0,21.0,59,59
3.0,15.0,0.0,54.0,0.0,10.0,3.0,Leeds United,1.0,2.0,3.0,20.0,1.0,46.0,0.0,5.0,3.0,Fulham,0.9,1.0,0.0,0.0,D,2025-09-13,H,-0.09999999999999998,0.504950495049505,0.8521256931608133,1840.3307787196475,1712.7993362650259,127.53144245462158,1.3,2.0,10.333333333333334,13.333333333333334,3.3333333333333335,3.6666666666666665,1.9000000000000001,0.6666666666666666,14.0,8.333333333333334,5.666666666666667,2.3333333333333335,20.0,21.0,59,21
4.0,10.0,1.0,49.0,0.0,6.0,2.0,Brighton,1.0,4.0,4.0,16.0,2.0,51.0,0.0,13.0,5.0,Bournemouth,1.4,4.0,0.0,1.0,H,2025-09-13,H,0.3999999999999999,2.1475409836065573,1.0407331975560081,1752.0306042874054,1770.14782868638,-18.117224398974713,1.433333333333333,0.6666666666666666,15.666666666666666,5.0,5.333333333333333,1.0,1.6666666666666667,1.6666666666666667,9.333333333333334,14.0,3.3333333333333335,4.666666666666667,21.0,20.0,59,59
13.0,7.0,3.0,64.0,0.0,14.0,5.0,Tottenham,1.0,1.0,2.0,8.0,0.0,36.0,1.0,7.0,4.0,West Ham,0.6,0.0,0.0,0.0,D,2025-09-13,A,-0.4,0.5035460992907801,0.5631825273010921,1647.3033468244073,1789.5016562986125,-142.1983094742052,0.7999999999999998,2.0,11.666666666666666,12.0,4.333333333333333,5.666666666666667,1.1999999999999995,1.0,11.666666666666666,9.666666666666666,5.0,3.6666666666666665,22.0,21.0,59,59
6.0,9.0,2.0,34.0,0.0,16.0,6.0,Chelsea,1.0,2.0,5.0,13.0,2.0,66.0,0.0,7.0,4.0,Brentford,1.4,3.0,0.0,1.0,H,2025-09-13,D,0.3999999999999999,0.4409937888198757,1.9384164222873899,1822.9185183714126,1894.8360852874234,-71.91756691601086,1.7000000000000002,1.0,9.0,16.333333333333332,4.0,5.0,1.0999999999999999,1.6666666666666667,9.666666666666666,11.333333333333334,3.3333333333333335,5.0,21.0,22.0,59,59
3.0,15.0,0.0,51.0,0.0,7.0,1.0,Aston Villa,0.0,3.0,10.0,17.0,0.0,49.0,0.0,20.0,2.0,Everton,2.0,3.0,0.0,0.0,D,2025-09-13,D,2.0,2.830985915492958,0.9608610567514677,1726.6995064747496,1853.1627836918879,-126.46327721713828,2.1,1.0,14.666666666666666,8.666666666666666,3.3333333333333335,2.3333333333333335,2.033333333333333,0.3333333333333333,18.0,10.0,4.666666666666667,1.3333333333333333,20.0,21.0,59,59
13.0,9.0,1.0,80.0,0.0,27.0,4.0,Liverpool,3.0,2.0,1.0,9.0,0.0,20.0,0.0,3.0,0.0,Burnley,0.1,0.0,0.0,0.0,D,2025-09-14,A,-2.9,0.1143911439114391,0.25093632958801504,1549.692909742844,1994.8542409456659,-445.1613312028219,0.7666666666666666,2.0,10.0,16.0,1.6666666666666667,3.6666666666666665,1.1,2.0,12.666666666666666,16.666666666666668,5.0,4.333333333333333,22.0,20.0,21,59
4.0,8.0,0.0,46.0,0.0,12.0,2.0,Manchester Utd,1.0,0.0,2.0,8.0,3.0,54.0,0.0,13.0,6.0,Manchester City,2.7,0.0,0.0,1.0,H,2025-09-14,H,1.7000000000000002,1.0826446280991735,1.17353579175705,2000.0555871302647,1739.89943343953,260.15615369073475,1.933333333333333,1.0,11.666666666666666,10.666666666666666,5.0,3.0,1.7333333333333336,1.0,12.333333333333334,8.666666666666666,4.333333333333333,2.0,22.0,21.0,59,59
10.0,13.0,2.0,36.0,0.0,11.0,3.0,Tottenham,1.0,2.0,2.0,10.0,2.0,64.0,0.0,12.0,4.0,Brighton,1.3,1.0,1.0,2.0,H,2025-09-20,D,0.30000000000000004,1.09009009009009,1.7756232686980606,1770.14782868638,1789.5016562986125,-19.353827612232408,1.6666666666666667,1.3333333333333333,11.333333333333334,10.0,5.0,2.6666666666666665,1.1666666666666663,1.0,9.666666666666666,12.333333333333334,4.0,4.333333333333333,20.0,7.0,60,60
0.0,9.0,3.0,56.0,0.0,6.0,4.0,Leeds United,1.0,1.0,4.0,11.0,1.0,44.0,0.0,16.0,6.0,Wolves,1.8,1.0,3.0,1.0,A,2025-09-20,A,0.8,2.6393442622950825,0.786096256684492,1603.0797539280402,1712.7993362650259,-109.7195823369857,1.1666666666666667,1.6666666666666667,12.333333333333334,10.333333333333334,4.333333333333333,4.0,1.8,0.6666666666666666,13.0,6.333333333333333,4.666666666666667,2.6666666666666665,21.0,7.0,60,22
4.0,10.0,1.0,57.0,0.0,9.0,2.0,Everton,1.0,3.0,5.0,11.0,2.0,43.0,0.0,11.0,3.0,Liverpool,0.9,2.0,0.0,2.0,H,2025-09-20,H,-0.09999999999999998,1.2197802197802199,0.7548161120840631,1994.8542409456659,1726.6995064747496,268.1547344709163,1.2,1.3333333333333333,13.0,10.0,5.333333333333333,2.0,1.3333333333333328,1.3333333333333333,14.666666666666666,8.666666666666666,3.3333333333333335,2.3333333333333335,20.0,21.0,60,60
5.0,11.0,1.0,63.0,0.0,17.0,8.0,Nott'ham Forest,1.0,1.0,4.0,12.0,1.0,37.0,0.0,12.0,5.0,Burnley,0.9,1.0,1.0,1.0,D,2025-09-20,D,-0.09999999999999998,0.7076023391812865,0.5879556259904913,1549.692909742844,1714.9753427172018,-165.2824329743578,0.6666666666666666,1.6666666666666667,7.333333333333333,17.666666666666668,2.3333333333333335,4.333333333333333,1.2666666666666664,0.6666666666666666,12.0,10.333333333333334,4.666666666666667,3.3333333333333335,6.0,7.0,22,60
10.0,13.0,1.0,48.0,0.0,8.0,3.0,Brentford,1.0,1.0,2.0,11.0,3.0,52.0,0.0,14.0,3.0,Fulham,1.0,4.0,1.0,2.0,H,2025-09-20,H,0.0,1.7407407407407407,1.0831600831600832,1840.3307787196475,1822.9185183714126,17.412260348234895,1.2,1.3333333333333333,10.666666666666666,9.333333333333334,3.3333333333333335,3.0,1.4333333333333333,1.0,12.333333333333334,8.333333333333334,3.6666666666666665,3.3333333333333335,7.0,21.0,60,60
5.0,14.0,1.0,42.0,1.0,5.0,1.0,Chelsea,0.0,5.0,5.0,13.0,2.0,58.0,1.0,11.0,4.0,Manchester Utd,1.8,0.0,0.0,2.0,H,2025-09-20,H,1.8,2.1764705882352944,1.3800475059382422,1739.89943343953,1894.8360852874234,-154.93665184789347,2.3000000000000003,0.6666666666666666,19.666666666666668,6.666666666666667,5.666666666666667,2.3333333333333335,1.2999999999999998,1.3333333333333333,10.0,11.0,4.0,4.666666666666667,21.0,7.0,60,60
8.0,5.0,2.0,43.0,0.0,18.0,3.0,Crystal Palace,2.0,3.0,8.0,15.0,1.0,57.0,0.0,8.0,3.0,West Ham,0.6,3.0,1.0,0.0,A,2025-09-20,A,-1.4,0.4475138121546961,1.3248259860788862,1647.3033468244073,1762.76945717414,-115.46611034973262,0.6333333333333331,2.0,9.0,14.666666666666666,3.6666666666666665,5.0,1.0999999999999999,2.0,13.333333333333334,12.0,3.3333333333333335,3.6666666666666665,7.0,20.0,60,60
2.0,10.0,0.0,45.0,0.0,4.0,1.0,Newcastle Utd,0.0,1.0,5.0,7.0,0.0,55.0,0.0,11.0,2.0,Bournemouth,0.5,2.0,0.0,0.0,D,2025-09-21,D,0.5,2.707317073170732,1.221729490022173,1752.0306042874054,1899.5248972494726,-147.49429296206722,1.0666666666666667,0.6666666666666666,12.666666666666666,5.333333333333333,3.6666666666666665,1.3333333333333333,0.46666666666666695,0.6666666666666666,8.0,9.333333333333334,2.0,2.0,8.0,22.0,60,60
5.0,8.0,1.0,71.0,0.0,12.0,2.0,Aston Villa,1.0,1.0,6.0,14.0,1.0,29.0,1.0,14.0,4.0,Sunderland,1.0,2.0,0.0,0.0,D,2025-09-21,D,0.0,1.1652892561983472,0.409282700421941,1757.352239388333,1853.1627836918879,-95.81054430355493,1.0666666666666667,1.0,12.0,10.333333333333334,4.0,3.3333333333333335,1.3999999999999997,0.6666666666666666,14.333333333333334,12.0,2.6666666666666665,1.6666666666666667,22.0,8.0,3,60
2.0,10.0,1.0,34.0,0.0,5.0,3.0,Manchester City,1.0,2.0,11.0,11.0,1.0,66.0,0.0,12.0,3.0,Arsenal,0.9,1.0,1.0,0.0,A,2025-09-21,D,-0.09999999999999998,2.372549019607843,1.9384164222873899,2031.4490737704036,2000.0555871302647,31.393486640138917,1.8000000000000005,0.3333333333333333,15.333333333333334,4.333333333333333,4.333333333333333,1.6666666666666667,1.2333333333333334,1.6666666666666667,11.0,10.666666666666666,4.333333333333333,3.3333333333333335,8.0,21.0,60,60
2.0,10.0,1.0,55.0,0.0,14.0,6.0,Manchester Utd,2.0,2.0,4.0,14.0,3.0,45.0,0.0,10.0,8.0,Brentford,1.9,2.0,1.0,2.0,H,2025-09-27,H,-0.10000000000000009,0.7163120567375887,0.8185117967332124,1822.9185183714126,1739.89943343953,83.01908493188262,1.5,1.3333333333333333,8.666666666666666,15.666666666666666,4.666666666666667,4.666666666666667,2.1,1.6666666666666667,12.0,12.0,6.0,3.6666666666666665,14.0,13.0,60,60
6.0,8.0,1.0,71.0,0.0,20.0,4.0,Liverpool,2.0,3.0,2.0,10.0,2.0,29.0,0.0,16.0,7.0,Crystal Palace,2.9,1.0,0.0,1.0,H,2025-09-27,H,0.8999999999999999,0.8009950248756219,0.409282700421941,1762.76945717414,1994.8542409456659,-232.08478377152596,1.9333333333333336,1.0,12.666666666666666,11.666666666666666,5.666666666666667,1.6666666666666667,1.3333333333333333,2.0,9.666666666666666,17.333333333333332,3.3333333333333335,4.0,14.0,13.0,60,60
9.0,11.0,1.0,51.0,0.0,9.0,3.0,Wolves,1.0,2.0,10.0,9.0,1.0,49.0,0.0,10.0,3.0,Tottenham,0.8,3.0,0.0,0.0,D,2025-09-27,D,-0.19999999999999996,1.10989010989011,0.9608610567514677,1789.5016562986125,1603.0797539280402,186.4219023705723,1.1,1.3333333333333333,10.333333333333334,14.333333333333334,3.3333333333333335,4.333333333333333,1.2,1.0,13.333333333333334,7.666666666666667,3.6666666666666665,2.3333333333333335,28.0,14.0,60,60
2.0,7.0,1.0,68.0,0.0,9.0,2.0,Burnley,0.0,3.0,10.0,5.0,5.0,32.0,0.0,21.0,8.0,Manchester City,2.0,1.0,1.0,1.0,D,2025-09-27,H,2.0,2.318681318681319,0.4713656387665199,2000.0555871302647,1549.692909742844,450.3626773874207,2.0999999999999996,0.6666666666666666,14.666666666666666,11.0,6.0,3.0,2.633333333333333,0.6666666666666666,21.0,9.666666666666666,6.666666666666667,3.0,13.0,28.0,60,22
4.0,13.0,2.0,59.0,0.0,12.0,5.0,Bournemouth,1.0,2.0,7.0,12.0,2.0,41.0,0.0,19.0,8.0,Leeds United,1.8,2.0,1.0,1.0,D,2025-09-27,D,0.8,1.578512396694215,0.6954314720812182,1712.7993362650259,1752.0306042874054,-39.23126802237948,1.5,1.0,16.666666666666668,9.0,4.0,2.6666666666666665,1.3999999999999997,1.6666666666666667,14.333333333333334,14.0,6.333333333333333,4.666666666666667,28.0,28.0,22,60
4.0,6.0,1.0,65.0,0.0,11.0,3.0,Sunderland,2.0,2.0,7.0,11.0,0.0,35.0,0.0,22.0,6.0,Nott'ham Forest,1.6,4.0,1.0,0.0,A,2025-09-27,A,-0.3999999999999999,1.990990990990991,0.5391705069124425,1714.9753427172018,1757.352239388333,-42.376896671131135,1.3666666666666663,1.6666666666666667,14.666666666666666,11.0,4.666666666666667,4.666666666666667,1.4666666666666668,1.0,14.333333333333334,8.666666666666666,4.666666666666667,1.3333333333333333,27.0,14.0,60,3
7.0,16.0,3.0,41.0,0.0,12.0,3.0,Brighton,2.0,5.0,5.0,9.0,1.0,59.0,1.0,13.0,3.0,Chelsea,1.8,3.0,0.0,1.0,H,2025-09-27,A,-0.19999999999999996,1.0826446280991735,1.437956204379562,1894.8360852874234,1770.14782868638,124.68825660104335,1.8333333333333337,1.3333333333333333,15.0,11.666666666666666,4.0,3.3333333333333335,1.5999999999999999,1.6666666666666667,12.333333333333334,10.333333333333334,3.6666666666666665,3.0,28.0,14.0,60,60
8.0,13.0,1.0,48.0,0.0,11.0,4.0,Fulham,1.0,4.0,2.0,10.0,3.0,52.0,0.0,9.0,4.0,Aston Villa,1.1,1.0,1.0,1.0,D,2025-09-28,H,0.10000000000000009,0.8198198198198198,1.0831600831600832,1853.1627836918879,1840.3307787196475,12.832004972240384,0.8000000000000002,1.6666666666666667,8.333333333333334,11.0,3.6666666666666665,3.6666666666666665,1.5666666666666667,1.0,10.666666666666666,9.666666666666666,4.666666666666667,3.0,28.0,29.0,60,60
12.0,9.0,2.0,63.0,0.0,20.0,7.0,Arsenal,2.0,1.0,7.0,8.0,1.0,37.0,0.0,8.0,3.0,Newcastle Utd,0.6,2.0,0.0,1.0,H,2025-09-28,A,-1.4,0.4029850746268656,0.5879556259904913,1899.5248972494726,2031.4490737704036,-131.92417652093104,1.0333333333333334,1.3333333333333333,11.333333333333334,11.0,3.3333333333333335,4.666666666666667,0.8666666666666666,1.3333333333333333,13.0,13.333333333333334,4.333333333333333,3.6666666666666665,15.0,28.0,60,60
5.0,16.0,1.0,49.0,0.0,14.0,3.0,West Ham,1.0,4.0,3.0,7.0,1.0,51.0,0.0,12.0,6.0,Everton,0.7,3.0,0.0,1.0,H,2025-09-29,D,-0.30000000000000004,0.8581560283687943,1.0407331975560081,1726.6995064747496,1647.3033468244073,79.39615965034227,1.4333333333333333,1.0,14.333333333333334,11.333333333333334,3.6666666666666665,2.6666666666666665,0.7,1.3333333333333333,11.0,12.666666666666666,4.666666666666667,5.0,16.0,29.0,60,60
3.0,10.0,1.0,46.0,0.0,12.0,4.0,Fulham,1.0,1.0,4.0,8.0,3.0,54.0,0.0,11.0,6.0,Bournemouth,1.2,0.0,0.0,0.0,D,2025-10-03,H,0.19999999999999996,0.9173553719008264,1.17353579175705,1752.0306042874054,1840.3307787196475,-88.3001744322421,1.0333333333333332,0.6666666666666666,11.666666666666666,7.333333333333333,4.333333333333333,2.3333333333333335,1.4666666666666668,1.0,11.0,11.333333333333334,5.333333333333333,3.6666666666666665,12.0,5.0,61,61
1.0,12.0,2.0,44.0,0.0,9.0,3.0,Tottenham,1.0,3.0,4.0,10.0,1.0,56.0,0.0,16.0,4.0,Leeds United,1.7,2.0,1.0,1.0,D,2025-10-04,A,0.7,1.7692307692307694,1.272108843537415,1712.7993362650259,1789.5016562986125,-76.7023200335866,1.4000000000000001,1.0,15.0,9.666666666666666,4.333333333333333,3.3333333333333335,1.1999999999999995,1.0,11.666666666666666,11.333333333333334,4.0,3.6666666666666665,7.0,14.0,23,61
3.0,14.0,0.0,67.0,0.0,4.0,0.0,West Ham,0.0,2.0,8.0,14.0,2.0,33.0,0.0,21.0,5.0,Arsenal,2.8,0.0,0.0,1.0,H,2025-10-04,H,2.8,5.146341463414635,0.49329359165424747,2031.4490737704036,1647.3033468244073,384.14572694599633,1.833333333333334,0.3333333333333333,16.333333333333332,4.666666666666667,4.333333333333333,1.3333333333333333,1.3999999999999992,1.0,14.666666666666666,10.0,4.666666666666667,3.6666666666666665,13.0,5.0,61,61
3.0,12.0,0.0,50.0,0.0,8.0,3.0,Sunderland,1.0,4.0,2.0,10.0,2.0,50.0,0.0,15.0,6.0,Manchester Utd,1.8,1.0,0.0,2.0,H,2025-10-04,H,0.8,1.8641975308641976,1.0,1739.89943343953,1757.352239388333,-17.45280594880296,2.4,0.6666666666666666,17.333333333333332,6.333333333333333,5.333333333333333,2.3333333333333335,1.7333333333333334,1.0,17.0,8.333333333333334,6.0,2.0,14.0,7.0,61,4
2.0,8.0,1.0,47.0,0.0,12.0,2.0,Liverpool,2.0,2.0,7.0,9.0,2.0,53.0,0.0,12.0,6.0,Chelsea,1.0,0.0,0.0,1.0,H,2025-10-04,H,-1.0,1.0,1.127388535031847,1894.8360852874234,1994.8542409456659,-100.01815565824245,1.6333333333333335,1.6666666666666667,12.666666666666666,11.666666666666666,5.0,2.6666666666666665,1.3333333333333333,2.3333333333333335,10.333333333333334,19.666666666666668,4.333333333333333,3.3333333333333335,7.0,7.0,61,61
8.0,9.0,1.0,59.0,0.0,17.0,6.0,Brighton,1.0,4.0,2.0,13.0,1.0,41.0,0.0,6.0,3.0,Wolves,0.6,2.0,0.0,1.0,H,2025-10-05,D,-0.4,0.35672514619883033,0.6954314720812182,1603.0797539280402,1770.14782868638,-167.0680747583399,1.1666666666666667,1.3333333333333333,11.333333333333334,11.0,4.333333333333333,4.666666666666667,1.2666666666666666,1.3333333333333333,10.666666666666666,11.666666666666666,3.6666666666666665,3.6666666666666665,15.0,8.0,61,61
4.0,16.0,1.0,49.0,0.0,15.0,8.0,Crystal Palace,2.0,3.0,2.0,13.0,2.0,51.0,0.0,14.0,7.0,Everton,2.0,2.0,1.0,0.0,A,2025-10-05,H,0.0,0.9337748344370861,1.0407331975560081,1726.6995064747496,1762.76945717414,-36.06995069939035,1.5666666666666664,1.0,15.333333333333334,12.0,5.0,4.0,1.2333333333333332,2.3333333333333335,11.666666666666666,13.0,4.666666666666667,5.0,6.0,15.0,61,61
4.0,15.0,1.0,54.0,0.0,5.0,2.0,Burnley,0.0,1.0,6.0,9.0,2.0,46.0,0.0,15.0,7.0,Aston Villa,1.1,3.0,0.0,1.0,H,2025-10-05,H,1.1,2.9607843137254903,0.8521256931608133,1853.1627836918879,1549.692909742844,303.46987394904386,1.1,1.3333333333333333,12.333333333333334,7.333333333333333,5.0,3.3333333333333335,2.233333333333333,0.3333333333333333,20.666666666666668,6.666666666666667,7.0,2.3333333333333335,7.0,8.0,61,23
1.0,15.0,0.0,52.0,0.0,5.0,4.0,Nott'ham Forest,0.0,4.0,8.0,16.0,2.0,48.0,0.0,18.0,9.0,Newcastle Utd,3.2,0.0,0.0,0.0,D,2025-10-05,H,3.2,3.549019607843138,0.9232245681381958,1899.5248972494726,1714.9753427172018,184.5495545322708,1.7666666666666668,1.0,14.0,11.0,5.333333333333333,4.666666666666667,1.9666666666666666,0.3333333333333333,15.333333333333334,9.0,6.333333333333333,4.333333333333333,7.0,15.0,61,61
2.0,6.0,1.0,69.0,0.0,10.0,4.0,Manchester City,1.0,2.0,3.0,10.0,0.0,31.0,0.0,6.0,1.0,Brentford,0.7,3.0,1.0,0.0,A,2025-10-05,A,-0.30000000000000004,0.6039603960396039,0.4500723589001448,1822.9185183714126,2000.0555871302647,-177.13706875885214,1.3333333333333333,1.3333333333333333,7.666666666666667,13.333333333333334,4.333333333333333,5.333333333333333,1.2666666666666668,1.3333333333333333,10.0,9.0,3.6666666666666665,3.3333333333333335,8.0,14.0,61,61
2.0,16.0,3.0,50.0,1.0,17.0,6.0,Chelsea,2.0,2.0,5.0,13.0,0.0,50.0,0.0,12.0,2.0,Nott'ham Forest,2.2,2.0,0.0,0.0,D,2025-10-18,A,0.20000000000000018,0.7076023391812865,1.0,1714.9753427172018,1894.8360852874234,-179.86074257022165,1.4999999999999998,2.0,15.0,13.333333333333334,3.6666666666666665,5.666666666666667,1.8,1.0,10.0,12.666666666666666,3.3333333333333335,4.333333333333333,21.0,28.0,61,61
2.0,12.0,0.0,59.0,0.0,16.0,3.0,Wolves,1.0,0.0,3.0,5.0,2.0,41.0,0.0,8.0,2.0,Sunderland,0.6,0.0,0.0,1.0,H,2025-10-18,H,-0.4,0.5031055900621118,0.6954314720812182,1757.352239388333,1603.0797539280402,154.27248546029273,1.0333333333333332,1.0,11.333333333333334,11.666666666666666,3.0,3.0,0.9666666666666667,1.0,11.333333333333334,11.0,3.0,3.0,27.0,21.0,4,61
5.0,7.0,0.0,68.0,0.0,19.0,4.0,Leeds United,2.0,1.0,1.0,10.0,2.0,32.0,0.0,4.0,3.0,Burnley,0.5,2.0,0.0,1.0,H,2025-10-18,H,-1.5,0.21465968586387432,0.4713656387665199,1549.692909742844,1712.7993362650259,-163.1064265221819,0.5,2.0,6.333333333333333,21.0,2.6666666666666665,5.333333333333333,1.0666666666666667,1.3333333333333333,8.333333333333334,11.666666666666666,4.0,3.6666666666666665,28.0,28.0,23,23
4.0,9.0,1.0,55.0,0.0,16.0,3.0,Newcastle Utd,1.0,1.0,8.0,9.0,2.0,45.0,0.0,13.0,5.0,Brighton,0.9,0.0,0.0,1.0,H,2025-10-18,H,-0.09999999999999998,0.8136645962732918,0.8185117967332124,1770.14782868638,1899.5248972494726,-129.3770685630925,1.4666666666666668,1.3333333333333333,12.333333333333334,13.0,5.333333333333333,3.0,0.7000000000000003,0.6666666666666666,11.333333333333334,9.333333333333334,2.6666666666666665,2.0,28.0,27.0,61,61
5.0,16.0,3.0,52.0,0.0,8.0,5.0,Bournemouth,2.0,4.0,6.0,8.0,3.0,48.0,0.0,20.0,7.0,Crystal Palace,4.4,1.0,2.0,0.0,A,2025-10-18,D,2.4000000000000004,2.481481481481482,0.9232245681381958,1762.76945717414,1752.0306042874054,10.738852886734549,3.0333333333333337,1.3333333333333333,16.666666666666668,11.333333333333334,6.666666666666667,3.0,2.1333333333333333,1.6666666666666667,14.666666666666666,13.333333333333334,5.333333333333333,5.333333333333333,21.0,21.0,61,61
3.0,14.0,0.0,71.0,0.0,5.0,1.0,Everton,1.0,2.0,11.0,8.0,2.0,29.0,0.0,19.0,7.0,Manchester City,2.3,0.0,0.0,0.0,D,2025-10-18,H,1.2999999999999998,3.7450980392156867,0.409282700421941,2000.0555871302647,1726.6995064747496,273.35608065551514,2.3333333333333335,0.6666666666666666,17.666666666666668,8.666666666666666,7.0,1.6666666666666667,1.433333333333333,1.3333333333333333,14.0,8.0,4.666666666666667,2.3333333333333335,21.0,28.0,61,61
10.0,4.0,1.0,63.0,0.0,16.0,5.0,Arsenal,2.0,0.0,6.0,11.0,0.0,37.0,0.0,9.0,0.0,Fulham,0.4,0.0,0.0,0.0,D,2025-10-18,A,-1.6,0.5652173913043478,0.5879556259904913,1840.3307787196475,2031.4490737704036,-191.11829505075616,0.7666666666666666,1.3333333333333333,9.333333333333334,11.333333333333334,2.0,3.6666666666666665,0.49999999999999983,1.6666666666666667,8.666666666666666,15.666666666666666,2.0,4.333333333333333,28.0,20.0,61,61
6.0,7.0,2.0,47.0,0.0,8.0,2.0,Aston Villa,0.0,0.0,6.0,11.0,1.0,53.0,0.0,9.0,3.0,Tottenham,0.9,2.0,1.0,1.0,D,2025-10-19,A,0.9,1.123456790123457,1.127388535031847,1789.5016562986125,1853.1627836918879,-63.661127393275365,0.6333333333333334,1.0,8.0,12.333333333333334,2.3333333333333335,3.6666666666666665,1.2999999999999996,0.3333333333333333,14.333333333333334,9.0,3.0,1.6666666666666667,22.0,28.0,61,61
4.0,14.0,2.0,36.0,0.0,12.0,4.0,Manchester Utd,1.0,2.0,9.0,8.0,1.0,64.0,0.0,19.0,6.0,Liverpool,2.6,0.0,1.0,0.0,A,2025-10-19,A,1.6,1.578512396694215,1.7756232686980606,1994.8542409456659,1739.89943343953,254.95480750613592,1.3333333333333333,1.0,13.0,10.666666666666666,4.0,2.3333333333333335,2.4000000000000004,1.3333333333333333,14.0,12.666666666666666,6.666666666666667,4.0,29.0,22.0,61,61
10.0,10.0,2.0,56.0,0.0,22.0,7.0,Brentford,2.0,1.0,6.0,10.0,0.0,44.0,0.0,7.0,1.0,West Ham,0.4,1.0,1.0,0.0,A,2025-10-20,A,-1.6,0.3212669683257918,0.786096256684492,1647.3033468244073,1822.9185183714126,-175.61517154700527,0.5333333333333331,1.6666666666666667,7.333333333333333,18.0,2.6666666666666665,5.0,0.9666666666666665,1.3333333333333333,11.0,12.333333333333334,2.3333333333333335,4.666666666666667,30.0,30.0,61,61
4.0,11.0,1.0,59.0,0.0,9.0,3.0,West Ham,1.0,3.0,3.0,12.0,2.0,41.0,0.0,13.0,5.0,Leeds United,1.5,3.0,0.0,2.0,H,2025-10-24,H,0.5,1.4395604395604396,0.6954314720812182,1712.7993362650259,1647.3033468244073,65.49598944061859,1.6666666666666667,1.0,16.0,10.0,5.666666666666667,3.6666666666666665,1.6666666666666659,0.6666666666666666,15.333333333333334,9.0,5.333333333333333,2.0,20.0,20.0,24,62
3.0,18.0,1.0,51.0,0.0,12.0,5.0,Fulham,1.0,2.0,4.0,11.0,2.0,49.0,0.0,18.0,7.0,Newcastle Utd,2.1,0.0,0.0,1.0,H,2025-10-25,H,1.1,1.4958677685950414,0.9608610567514677,1899.5248972494726,1840.3307787196475,59.19411852982512,1.9666666666666668,1.0,14.666666666666666,12.333333333333334,6.333333333333333,5.333333333333333,1.4666666666666668,1.0,12.666666666666666,11.666666666666666,5.666666666666667,4.333333333333333,20.0,22.0,62,62
1.0,13.0,2.0,68.0,0.0,10.0,4.0,Sunderland,1.0,1.0,9.0,15.0,1.0,32.0,0.0,16.0,7.0,Chelsea,0.9,1.0,1.0,1.0,D,2025-10-25,A,-0.09999999999999998,1.5940594059405944,0.4713656387665199,1894.8360852874234,1757.352239388333,137.4838458990905,1.2333333333333336,1.6666666666666667,13.666666666666666,11.333333333333334,5.333333333333333,3.0,1.4333333333333336,1.3333333333333333,17.666666666666668,9.666666666666666,6.333333333333333,3.3333333333333335,21.0,21.0,62,5
6.0,13.0,2.0,44.0,0.0,17.0,5.0,Brighton,1.0,2.0,1.0,4.0,4.0,56.0,0.0,13.0,9.0,Manchester Utd,1.3,2.0,0.0,2.0,H,2025-10-25,H,0.30000000000000004,0.7660818713450291,1.272108843537415,1739.89943343953,1770.14782868638,-30.248395246850123,1.6333333333333335,0.6666666666666666,13.0,10.0,6.333333333333333,3.0,1.2333333333333334,1.3333333333333333,10.666666666666666,15.333333333333334,5.0,4.666666666666667,21.0,20.0,62,62
4.0,10.0,2.0,65.0,0.0,18.0,5.0,Liverpool,2.0,2.0,5.0,7.0,3.0,35.0,0.0,17.0,8.0,Brentford,2.7,3.0,1.0,2.0,H,2025-10-25,H,0.7000000000000002,0.9447513812154696,0.5391705069124425,1822.9185183714126,1994.8542409456659,-171.9357225742533,1.7666666666666668,1.6666666666666667,11.0,14.0,5.666666666666667,5.0,2.1999999999999997,2.0,15.0,16.666666666666668,7.0,3.6666666666666665,20.0,21.0,62,62
3.0,11.0,0.0,59.0,0.0,7.0,1.0,Crystal Palace,1.0,0.0,4.0,6.0,1.0,41.0,0.0,10.0,3.0,Arsenal,0.9,0.0,0.0,1.0,H,2025-10-26,H,-0.09999999999999998,1.4225352112676057,0.6954314720812182,2031.4490737704036,1762.76945717414,268.6796165962637,1.5333333333333339,0.6666666666666666,14.333333333333334,5.333333333333333,3.6666666666666665,1.3333333333333333,1.1666666666666663,1.6666666666666667,10.666666666666666,13.333333333333334,4.333333333333333,4.0,22.0,21.0,62,62
6.0,16.0,0.0,53.0,0.0,18.0,4.0,Manchester City,1.0,4.0,5.0,8.0,1.0,47.0,0.0,9.0,3.0,Aston Villa,0.8,1.0,0.0,1.0,H,2025-10-26,H,-0.19999999999999996,0.5027624309392265,0.8870056497175142,1853.1627836918879,2000.0555871302647,-146.89280343837686,1.0000000000000002,0.6666666666666666,11.0,11.333333333333334,4.666666666666667,3.3333333333333335,0.7999999999999999,1.0,9.0,11.0,2.3333333333333335,3.6666666666666665,21.0,21.0,62,62
3.0,7.0,3.0,57.0,0.0,11.0,7.0,Burnley,1.0,0.0,5.0,12.0,2.0,43.0,0.0,15.0,7.0,Wolves,2.3,1.0,2.0,2.0,D,2025-10-26,A,1.2999999999999998,1.3603603603603605,0.7548161120840631,1603.0797539280402,1549.692909742844,53.386844185196196,1.5666666666666664,1.0,12.333333333333334,11.333333333333334,5.333333333333333,5.666666666666667,1.7999999999999996,0.3333333333333333,17.0,8.333333333333334,7.333333333333333,3.6666666666666665,21.0,21.0,62,24
4.0,7.0,0.0,52.0,0.0,8.0,4.0,Nott'ham Forest,0.0,1.0,6.0,17.0,2.0,48.0,0.0,13.0,5.0,Bournemouth,0.6,3.0,0.0,2.0,H,2025-10-26,H,0.6,1.617283950617284,0.9232245681381958,1752.0306042874054,1714.9753427172018,37.055261570203584,0.7666666666666665,0.3333333333333333,11.666666666666666,8.0,4.333333333333333,3.0,1.5666666666666664,0.3333333333333333,14.333333333333334,10.0,6.333333333333333,5.333333333333333,23.0,21.0,62,62
8.0,8.0,3.0,47.0,0.0,7.0,4.0,Tottenham,2.0,0.0,9.0,9.0,0.0,53.0,0.0,12.0,2.0,Everton,1.7,2.0,2.0,0.0,A,2025-10-26,A,-0.30000000000000004,1.704225352112676,1.127388535031847,1726.6995064747496,1789.5016562986125,-62.80214982386292,1.4666666666666666,1.6666666666666667,12.666666666666666,12.0,5.0,5.0,1.5666666666666662,1.3333333333333333,13.333333333333334,9.0,3.3333333333333335,3.3333333333333335,21.0,22.0,62,62
5.0,11.0,0.0,63.0,0.0,6.0,2.0,Brentford,1.0,3.0,6.0,7.0,2.0,37.0,0.0,9.0,2.0,Crystal Palace,0.7,0.0,0.0,1.0,H,2025-11-01,H,-0.30000000000000004,1.4918032786885247,0.5879556259904913,1762.76945717414,1822.9185183714126,-60.14906119727266,2.6666666666666665,1.6666666666666667,15.0,11.333333333333334,5.333333333333333,3.6666666666666665,0.6999999999999998,1.3333333333333333,10.0,12.0,2.0,4.0,14.0,12.0,62,62
5.0,7.0,2.0,58.0,0.0,18.0,7.0,Manchester Utd,1.0,1.0,8.0,10.0,2.0,42.0,0.0,17.0,3.0,Nott'ham Forest,1.9,1.0,1.0,0.0,A,2025-11-01,D,0.8999999999999999,0.9447513812154696,0.7246127366609294,1714.9753427172018,1739.89943343953,-24.924090722328174,1.8999999999999997,1.6666666666666667,17.0,15.333333333333334,3.6666666666666665,5.333333333333333,2.1333333333333333,1.3333333333333333,15.333333333333334,14.666666666666666,5.666666666666667,5.666666666666667,14.0,13.0,62,62
6.0,13.0,2.0,54.0,0.0,12.0,8.0,Arsenal,2.0,1.0,1.0,10.0,0.0,46.0,0.0,3.0,0.0,Burnley,0.4,2.0,2.0,0.0,A,2025-11-01,A,-1.6,0.25619834710743805,0.8521256931608133,1549.692909742844,2031.4490737704036,-481.75616402755963,0.6,1.6666666666666667,6.333333333333333,16.0,2.6666666666666665,6.666666666666667,0.4666666666666665,2.0,6.666666666666667,16.0,1.0,6.666666666666667,14.0,14.0,24,62
4.0,11.0,0.0,54.0,0.0,10.0,3.0,Aston Villa,0.0,3.0,1.0,13.0,2.0,46.0,0.0,16.0,4.0,Liverpool,1.2,2.0,0.0,1.0,H,2025-11-01,H,1.2,1.5940594059405944,0.8521256931608133,1994.8542409456659,1853.1627836918879,141.69145725377803,1.5666666666666667,0.6666666666666666,15.333333333333334,10.333333333333334,4.333333333333333,3.0,1.0333333333333332,0.3333333333333333,13.0,10.0,3.6666666666666665,2.3333333333333335,13.0,13.0,62,62
7.0,7.0,0.0,50.0,0.0,5.0,2.0,Leeds United,1.0,1.0,4.0,10.0,3.0,50.0,0.0,14.0,7.0,Brighton,3.0,0.0,0.0,1.0,H,2025-11-01,H,2.0,2.764705882352941,1.0,1770.14782868638,1712.7993362650259,57.348492421354194,1.7333333333333334,1.0,13.0,10.666666666666666,5.333333333333333,2.6666666666666665,1.7666666666666666,1.3333333333333333,11.333333333333334,10.0,5.333333333333333,3.3333333333333335,14.0,14.0,62,24
5.0,12.0,1.0,48.0,0.0,15.0,9.0,Chelsea,4.0,2.0,6.0,14.0,0.0,52.0,0.0,3.0,1.0,Tottenham,0.1,4.0,1.0,0.0,A,2025-11-01,A,-3.9,0.20529801324503313,1.0831600831600832,1789.5016562986125,1894.8360852874234,-105.33442898881094,0.6000000000000002,1.6666666666666667,7.333333333333333,10.666666666666666,2.3333333333333335,4.666666666666667,1.3666666666666665,2.0,8.666666666666666,12.333333333333334,2.3333333333333335,5.333333333333333,13.0,14.0,62,62
1.0,14.0,0.0,64.0,1.0,5.0,2.0,Wolves,0.0,3.0,10.0,13.0,3.0,36.0,0.0,19.0,6.0,Fulham,1.3,1.0,0.0,1.0,H,2025-11-01,H,1.3,3.7450980392156867,0.5631825273010921,1840.3307787196475,1603.0797539280402,237.25102479160728,0.9,1.0,14.0,9.666666666666666,3.0,3.3333333333333335,0.9,0.6666666666666666,12.333333333333334,10.0,3.6666666666666665,2.6666666666666665,14.0,14.0,62,62
6.0,10.0,1.0,62.0,0.0,12.0,4.0,Newcastle Utd,1.0,2.0,7.0,5.0,3.0,38.0,0.0,15.0,9.0,West Ham,1.7,1.0,1.0,2.0,H,2025-11-02,H,0.7,1.2479338842975207,0.6135265700483092,1647.3033468244073,1899.5248972494726,-252.2215504250653,0.8999999999999998,1.6666666666666667,10.0,17.333333333333332,4.333333333333333,4.666666666666667,1.0333333333333337,0.6666666666666666,13.0,10.666666666666666,5.333333333333333,2.6666666666666665,13.0,15.0,62,62
4.0,11.0,1.0,49.0,0.0,8.0,5.0,Bournemouth,1.0,2.0,10.0,8.0,3.0,51.0,0.0,15.0,8.0,Manchester City,2.2,2.0,1.0,2.0,H,2025-11-02,H,1.2000000000000002,1.8641975308641976,1.0407331975560081,2000.0555871302647,1752.0306042874054,248.02498284285934,2.166666666666666,0.6666666666666666,18.333333333333332,7.333333333333333,7.666666666666667,2.6666666666666665,2.7999999999999994,1.3333333333333333,18.0,9.333333333333334,7.666666666666667,5.0,15.0,15.0,62,62
1.0,12.0,1.0,40.0,0.0,8.0,2.0,Everton,1.0,2.0,4.0,10.0,1.0,60.0,0.0,17.0,3.0,Sunderland,1.2,3.0,1.0,0.0,A,2025-11-03,D,0.19999999999999996,2.111111111111111,1.4987531172069826,1757.352239388333,1726.6995064747496,30.65273291358335,0.9333333333333332,1.0,13.0,12.0,3.0,2.3333333333333335,1.4666666666666661,1.0,15.666666666666666,7.333333333333333,4.333333333333333,1.6666666666666667,16.0,16.0,5,62
3.0,8.0,2.0,45.0,0.0,5.0,2.0,Manchester Utd,0.63,1.0,5.0,10.0,2.0,55.0,0.0,10.0,4.0,Tottenham,0.92,5.0,1.0,0.0,A,2025-11-08,D,0.29000000000000004,1.9803921568627452,1.221729490022173,1789.5016562986125,1739.89943343953,49.60222285908253,0.6400000000000001,1.5433333333333332,7.333333333333333,9.333333333333334,2.6666666666666665,4.333333333333333,1.8066666666666669,0.8766666666666666,15.333333333333334,11.666666666666666,4.333333333333333,4.333333333333333,7.0,7.0,63,63
4.0,13.0,2.0,57.0,0.0,16.0,7.0,Burnley,1.06,2.0,7.0,15.0,3.0,43.0,0.0,15.0,6.0,West Ham,3.02,2.0,1.0,1.0,D,2025-11-08,H,1.96,0.9378881987577639,0.7548161120840631,1647.3033468244073,1549.692909742844,97.6104370815633,1.7066666666666663,1.3533333333333335,12.333333333333334,16.666666666666668,5.333333333333333,6.0,2.1399999999999997,0.6866666666666666,15.0,10.666666666666666,6.666666666666667,5.333333333333333,6.0,13.0,63,25
5.0,14.0,0.0,50.0,0.0,8.0,4.0,Fulham,0.4,2.0,7.0,11.0,2.0,50.0,0.0,14.0,5.0,Everton,1.44,2.0,0.0,1.0,H,2025-11-08,H,1.04,1.7407407407407407,1.0,1726.6995064747496,1840.3307787196475,-113.6312722448979,1.713333333333333,1.4666666666666668,13.333333333333334,10.0,4.666666666666667,5.333333333333333,1.58,0.7999999999999999,14.333333333333334,10.666666666666666,6.0,4.333333333333333,13.0,14.0,63,63
2.0,13.0,2.0,65.0,0.0,17.0,7.0,Arsenal,1.91,1.0,2.0,13.0,2.0,35.0,0.0,6.0,2.0,Sunderland,0.44,2.0,0.0,1.0,H,2025-11-08,D,-1.47,0.35672514619883033,0.5391705069124425,1757.352239388333,2031.4490737704036,-274.0968343820707,0.7466666666666667,1.3033333333333335,10.333333333333334,13.666666666666666,2.3333333333333335,4.0,0.41333333333333316,1.97,6.0,15.0,0.6666666666666666,6.666666666666667,5.0,7.0,6,63
1.0,14.0,0.0,36.0,0.0,3.0,0.0,Wolves,0.17,2.0,10.0,12.0,3.0,64.0,0.0,20.0,8.0,Chelsea,3.31,1.0,0.0,0.0,D,2025-11-08,H,3.14,6.483870967741936,1.7756232686980606,1894.8360852874234,1603.0797539280402,291.75633135938324,1.736666666666667,1.0566666666666666,16.0,8.333333333333334,7.0,2.0,1.7366666666666666,0.38999999999999996,15.666666666666666,8.0,5.333333333333333,1.6666666666666667,14.0,7.0,63,63
8.0,12.0,0.0,58.0,0.0,7.0,3.0,Brighton,0.39,4.0,4.0,10.0,0.0,42.0,0.0,10.0,2.0,Crystal Palace,0.75,1.0,0.0,0.0,D,2025-11-09,D,0.36,1.4225352112676057,0.7246127366609294,1762.76945717414,1770.14782868638,-7.3783715122401645,1.9500000000000004,1.1300000000000001,13.0,7.0,3.6666666666666665,3.3333333333333335,0.8833333333333334,0.7966666666666667,9.666666666666666,13.666666666666666,4.666666666666667,4.666666666666667,8.0,15.0,63,63
4.0,11.0,1.0,54.0,0.0,10.0,3.0,Leeds United,0.69,1.0,6.0,10.0,3.0,46.0,0.0,14.0,6.0,Nott'ham Forest,2.55,2.0,1.0,1.0,D,2025-11-09,H,1.8599999999999999,1.396039603960396,0.8521256931608133,1714.9753427172018,1712.7993362650259,2.1760064521758977,2.2166666666666663,1.23,14.333333333333334,15.0,3.6666666666666665,5.333333333333333,2.016666666666666,1.23,10.666666666666666,11.333333333333334,5.333333333333333,3.0,8.0,8.0,63,25
7.0,15.0,0.0,52.0,0.0,7.0,1.0,Liverpool,0.61,4.0,7.0,14.0,3.0,48.0,0.0,14.0,6.0,Manchester City,1.51,2.0,0.0,2.0,H,2025-11-09,H,0.9,1.9859154929577465,0.9232245681381958,2000.0555871302647,1994.8542409456659,5.201346184598833,2.003333333333333,0.87,16.0,6.666666666666667,7.0,2.3333333333333335,1.7366666666666666,1.5366666666666668,14.333333333333334,12.333333333333334,6.666666666666667,2.6666666666666665,7.0,15.0,63,63
2.0,13.0,1.0,51.0,0.0,5.0,1.0,Newcastle Utd,0.44,1.0,6.0,10.0,3.0,49.0,0.0,15.0,7.0,Brentford,2.35,2.0,1.0,0.0,A,2025-11-09,H,1.9100000000000001,2.9607843137254903,0.9608610567514677,1822.9185183714126,1899.5248972494726,-76.60637887806001,1.9166666666666667,1.1466666666666667,12.666666666666666,11.0,5.333333333333333,3.3333333333333335,1.6500000000000004,0.8133333333333334,14.333333333333334,11.0,7.0,2.6666666666666665,15.0,7.0,63,63
9.0,20.0,0.0,48.0,0.0,13.0,4.0,Bournemouth,1.61,2.0,6.0,8.0,4.0,52.0,0.0,16.0,8.0,Aston Villa,1.7,2.0,0.0,2.0,H,2025-11-09,H,0.08999999999999986,1.2290076335877864,1.0831600831600832,1853.1627836918879,1752.0306042874054,101.13217940448249,1.2,0.8700000000000001,13.333333333333334,12.0,6.0,3.3333333333333335,2.766666666666666,1.5366666666666668,17.0,9.666666666666666,7.666666666666667,4.666666666666667,14.0,7.0,63,63
6.0,8.0,3.0,26.0,0.0,15.0,7.0,Nott'ham Forest,1.58,0.0,8.0,11.0,0.0,74.0,0.0,21.0,4.0,Liverpool,1.93,2.0,1.0,0.0,A,2025-11-22,A,0.34999999999999987,1.3973509933774835,2.8390804597701145,1994.8542409456659,1714.9753427172018,279.8788982284641,1.9100000000000001,0.86,18.666666666666668,12.333333333333334,4.666666666666667,4.666666666666667,1.9099999999999995,0.5266666666666667,17.333333333333332,9.333333333333334,6.0,5.0,21.0,27.0,63,63
4.0,9.0,1.0,36.0,0.0,10.0,4.0,Brentford,1.91,2.0,7.0,10.0,2.0,64.0,0.0,14.0,5.0,Brighton,1.22,4.0,1.0,0.0,A,2025-11-22,H,-0.69,1.396039603960396,1.7756232686980606,1770.14782868638,1822.9185183714126,-52.770689685032494,1.7066666666666668,1.3033333333333335,13.666666666666666,10.333333333333334,5.666666666666667,3.0,0.7733333333333331,1.6366666666666667,10.0,12.666666666666666,2.6666666666666665,4.333333333333333,21.0,21.0,63,63
9.0,8.0,2.0,56.0,0.0,15.0,5.0,Chelsea,1.72,3.0,1.0,13.0,0.0,44.0,0.0,8.0,2.0,Burnley,0.44,2.0,1.0,0.0,A,2025-11-22,A,-1.28,0.5364238410596026,0.786096256684492,1549.692909742844,1894.8360852874234,-345.14317554457944,0.4466666666666667,1.9066666666666665,5.0,15.333333333333334,1.6666666666666667,5.666666666666667,0.9133333333333332,2.5733333333333333,7.666666666666667,15.666666666666666,1.6666666666666667,6.666666666666667,21.0,21.0,25,63
2.0,10.0,2.0,24.0,0.0,5.0,2.0,West Ham,0.65,2.0,9.0,9.0,2.0,76.0,0.0,28.0,10.0,Bournemouth,4.05,3.0,2.0,0.0,A,2025-11-22,D,3.4,5.509803921568628,3.1576763485477173,1752.0306042874054,1647.3033468244073,104.72725746299807,1.95,0.5499999999999999,17.333333333333332,8.333333333333334,7.0,3.3333333333333335,2.7833333333333328,0.5499999999999999,20.666666666666668,6.0,6.666666666666667,1.6666666666666667,27.0,29.0,63,63
4.0,13.0,0.0,43.0,0.0,4.0,2.0,Sunderland,0.17,3.0,7.0,5.0,1.0,57.0,0.0,24.0,6.0,Fulham,2.16,3.0,0.0,0.0,D,2025-11-22,H,1.9900000000000002,5.878048780487806,1.3248259860788862,1840.3307787196475,1757.352239388333,82.97853933131455,1.2866666666666668,0.7233333333333333,17.333333333333332,8.333333333333334,4.0,3.0,1.6199999999999999,0.7233333333333333,18.333333333333332,7.333333333333333,6.333333333333333,3.0,21.0,28.0,63,6
4.0,9.0,2.0,52.0,0.0,10.0,4.0,Crystal Palace,1.27,3.0,1.0,13.0,0.0,48.0,0.0,8.0,1.0,Wolves,1.79,2.0,0.0,0.0,D,2025-11-22,A,0.52,0.801980198019802,0.9232245681381958,1603.0797539280402,1762.76945717414,-159.68970324609973,1.5633333333333332,1.09,9.666666666666666,12.666666666666666,3.6666666666666665,5.666666666666667,1.5633333333333332,1.4233333333333331,10.666666666666666,10.666666666666666,3.6666666666666665,4.333333333333333,27.0,27.0,63,63
9.0,8.0,1.0,67.0,0.0,17.0,4.0,Manchester City,2.49,3.0,5.0,13.0,2.0,33.0,0.0,9.0,5.0,Newcastle Utd,2.24,1.0,0.0,0.0,D,2025-11-22,H,-0.25,0.5321637426900584,0.49329359165424747,1899.5248972494726,2000.0555871302647,-100.53068988079212,2.5133333333333336,1.1633333333333333,15.0,11.333333333333334,7.0,4.333333333333333,1.2466666666666668,1.4966666666666668,8.0,15.0,3.0,4.0,28.0,27.0,63,63
3.0,16.0,2.0,52.0,0.0,14.0,3.0,Aston Villa,1.58,1.0,3.0,18.0,1.0,48.0,0.0,14.0,5.0,Leeds United,1.79,5.0,0.0,1.0,H,2025-11-23,A,0.20999999999999996,1.0,0.9232245681381958,1712.7993362650259,1853.1627836918879,-140.36344742686197,1.6633333333333333,1.1933333333333334,14.333333333333334,10.666666666666666,4.666666666666667,3.0,1.2966666666666666,0.5266666666666667,13.0,10.666666666666666,4.0,2.6666666666666665,30.0,22.0,25,63
1.0,15.0,1.0,43.0,0.0,3.0,2.0,Tottenham,0.07,3.0,4.0,11.0,4.0,57.0,0.0,17.0,8.0,Arsenal,1.93,1.0,0.0,2.0,H,2025-11-23,H,1.8599999999999999,5.516129032258065,1.3248259860788862,2031.4490737704036,1789.5016562986125,241.94741747179114,1.876666666666667,0.3566666666666667,16.0,4.666666666666667,5.333333333333333,1.0,1.7766666666666662,1.0233333333333332,15.0,6.333333333333333,4.666666666666667,3.0,28.0,28.0,63,63
1.0,9.0,1.0,30.0,1.0,3.0,1.0,Everton,0.21,0.0,9.0,12.0,0.0,70.0,0.0,25.0,6.0,Manchester Utd,1.71,2.0,1.0,0.0,A,2025-11-24,A,1.5,8.096774193548388,2.3289036544850497,1739.89943343953,1726.6995064747496,13.199926964780389,1.6033333333333335,0.7366666666666667,17.666666666666668,9.333333333333334,7.0,3.0,1.7366666666666661,0.7366666666666667,20.333333333333332,5.333333333333333,5.333333333333333,1.3333333333333333,30.0,21.0,63,63
3.0,13.0,2.0,58.0,1.0,18.0,6.0,Bournemouth,1.7,5.0,6.0,14.0,3.0,42.0,0.0,12.0,6.0,Sunderland,1.28,5.0,2.0,1.0,A,2025-11-29,H,-0.41999999999999993,0.6685082872928176,0.7246127366609294,1757.352239388333,1752.0306042874054,5.321635100927551,0.9733333333333333,1.5366666666666664,11.666666666666666,14.333333333333334,3.6666666666666665,5.0,1.7266666666666666,1.4366666666666668,14.333333333333334,13.0,7.333333333333333,5.0,21.0,20.0,7,64
6.0,7.0,1.0,48.0,0.0,6.0,2.0,Burnley,0.95,2.0,5.0,7.0,3.0,52.0,0.0,14.0,4.0,Brentford,3.06,0.0,0.0,0.0,D,2025-11-29,H,2.1100000000000003,2.3114754098360657,1.0831600831600832,1822.9185183714126,1549.692909742844,273.2256086285686,2.7033333333333336,1.13,15.333333333333334,9.666666666666666,6.333333333333333,2.6666666666666665,2.793333333333333,1.0033333333333332,14.666666666666666,11.0,5.666666666666667,5.333333333333333,20.0,21.0,64,26
1.0,11.0,2.0,38.0,0.0,9.0,4.0,Leeds United,1.54,1.0,8.0,17.0,3.0,62.0,0.0,18.0,9.0,Manchester City,3.1,4.0,0.0,2.0,H,2025-11-29,H,1.56,1.9890109890109893,1.6299212598425197,2000.0555871302647,1712.7993362650259,287.2562508652388,2.2699999999999996,1.05,15.666666666666666,8.0,7.666666666666667,3.3333333333333335,2.883333333333333,1.0766666666666667,15.333333333333334,8.0,7.333333333333333,3.0,20.0,20.0,64,26
7.0,6.0,4.0,51.0,0.0,13.0,8.0,Newcastle Utd,1.91,0.0,8.0,4.0,1.0,49.0,0.0,10.0,2.0,Everton,0.99,0.0,3.0,0.0,A,2025-11-29,A,-0.9199999999999999,0.7709923664122137,0.9608610567514677,1726.6995064747496,1899.5248972494726,-172.82539077472302,1.3766666666666663,1.4366666666666668,12.0,9.333333333333334,3.0,5.333333333333333,1.6800000000000004,1.1166666666666665,13.333333333333334,10.0,6.0,4.333333333333333,21.0,20.0,64,64
2.0,7.0,2.0,37.0,0.0,7.0,3.0,Fulham,0.45,2.0,8.0,11.0,1.0,63.0,0.0,14.0,2.0,Tottenham,0.86,3.0,2.0,0.0,A,2025-11-29,A,0.41,1.9859154929577465,1.7008086253369272,1789.5016562986125,1840.3307787196475,-50.82912242103498,0.6266666666666668,1.6933333333333334,9.0,9.0,2.3333333333333335,4.666666666666667,1.4666666666666666,0.6166666666666667,15.333333333333334,9.0,4.666666666666667,4.0,21.0,21.0,64,64
3.0,21.0,0.0,48.0,0.0,9.0,4.0,Wolves,0.49,4.0,7.0,13.0,1.0,52.0,0.0,16.0,6.0,Aston Villa,0.94,0.0,0.0,0.0,D,2025-11-30,H,0.44999999999999996,1.7692307692307694,1.0831600831600832,1853.1627836918879,1603.0797539280402,250.08302976384766,1.1466666666666667,1.0333333333333334,13.666666666666666,13.333333333333334,5.666666666666667,4.0,1.8500000000000003,0.22,18.333333333333332,5.666666666666667,6.666666666666667,2.0,21.0,22.0,64,64
2.0,14.0,2.0,56.0,0.0,9.0,5.0,Liverpool,1.24,0.0,7.0,12.0,0.0,44.0,1.0,7.0,0.0,West Ham,0.29,1.0,0.0,0.0,D,2025-11-30,A,-0.95,0.7802197802197802,0.786096256684492,1647.3033468244073,1994.8542409456659,-347.5508941212586,1.6699999999999997,1.0999999999999999,12.333333333333334,12.333333333333334,5.0,5.333333333333333,1.5,1.2833333333333334,12.666666666666666,11.333333333333334,4.666666666666667,3.6666666666666665,22.0,21.0,64,64
4.0,14.0,2.0,56.0,0.0,14.0,6.0,Manchester Utd,1.19,2.0,4.0,14.0,1.0,44.0,0.0,14.0,3.0,Crystal Palace,1.83,3.0,0.0,1.0,H,2025-11-30,A,0.6400000000000001,1.0,0.786096256684492,1762.76945717414,1739.89943343953,22.87002373460996,1.0933333333333337,0.86,11.0,9.0,2.3333333333333335,3.6666666666666665,1.55,0.94,13.666666666666666,12.333333333333334,3.3333333333333335,5.0,21.0,22.0,64,64
2.0,10.0,2.0,48.0,0.0,17.0,6.0,Brighton,2.0,1.0,9.0,11.0,0.0,52.0,0.0,19.0,3.0,Nott'ham Forest,0.89,0.0,1.0,0.0,A,2025-11-30,A,-1.1099999999999999,1.1169590643274854,1.0831600831600832,1714.9753427172018,1770.14782868638,-55.1724859691783,1.7799999999999996,1.23,16.666666666666668,15.0,4.0,5.333333333333333,0.98,1.1300000000000001,14.0,13.666666666666666,4.666666666666667,4.666666666666667,21.0,21.0,64,64
3.0,13.0,1.0,62.0,0.0,8.0,4.0,Arsenal,1.26,6.0,3.0,12.0,1.0,38.0,1.0,11.0,4.0,Chelsea,0.79,1.0,0.0,0.0,D,2025-11-30,D,-0.47,1.3703703703703705,0.6135265700483092,1894.8360852874234,2031.4490737704036,-136.6129884829802,1.6666666666666672,0.8099999999999999,15.666666666666666,7.0,6.333333333333333,2.6666666666666665,0.5433333333333331,1.7233333333333334,6.666666666666667,12.333333333333334,2.0,6.333333333333333,22.0,22.0,64,64
2.0,7.0,5.0,43.0,0.0,11.0,4.0,Manchester City,2.17,1.0,7.0,9.0,4.0,57.0,0.0,12.0,6.0,Fulham,0.91,0.0,3.0,1.0,A,2025-12-02,A,-1.2599999999999998,1.09009009009009,1.3248259860788862,1840.3307787196475,2000.0555871302647,-159.72480841061724,1.4566666666666668,0.7799999999999999,18.333333333333332,6.666666666666667,6.0,2.6666666666666665,1.3166666666666667,1.8866666666666667,10.0,15.333333333333334,4.666666666666667,4.0,10.0,10.0,64,64
8.0,12.0,2.0,47.0,0.0,8.0,2.0,Tottenham,0.75,3.0,11.0,5.0,2.0,53.0,0.0,19.0,7.0,Newcastle Utd,2.04,0.0,0.0,0.0,D,2025-12-02,D,1.29,2.358024691358025,1.127388535031847,1899.5248972494726,1789.5016562986125,110.0232409508601,2.126666666666667,1.4133333333333333,15.333333333333334,12.333333333333334,6.333333333333333,3.6666666666666665,1.8899999999999995,0.9400000000000001,16.0,6.0,5.666666666666667,2.6666666666666665,10.0,9.0,64,64
6.0,14.0,1.0,45.0,0.0,13.0,3.0,Everton,1.44,3.0,1.0,14.0,0.0,55.0,0.0,5.0,2.0,Bournemouth,0.5,3.0,0.0,0.0,D,2025-12-02,A,-0.94,0.3893129770992366,1.221729490022173,1752.0306042874054,1726.6995064747496,25.3310978126558,1.7166666666666661,0.6966666666666667,15.333333333333334,8.666666666666666,5.666666666666667,3.0,1.136666666666666,0.8833333333333333,15.666666666666666,8.0,3.6666666666666665,2.0,10.0,8.0,64,64
3.0,5.0,1.0,32.0,0.0,9.0,6.0,Sunderland,0.41,1.0,7.0,10.0,1.0,68.0,0.0,23.0,4.0,Liverpool,1.45,1.0,0.0,0.0,D,2025-12-03,D,1.04,2.5384615384615388,2.1214953271028034,1994.8542409456659,1757.352239388333,237.50200155733296,1.5266666666666666,0.6633333333333333,20.0,11.333333333333334,4.0,5.333333333333333,1.5033333333333332,0.5266666666666667,21.0,7.666666666666667,5.666666666666667,4.0,11.0,11.0,64,7
2.0,13.0,1.0,71.0,0.0,14.0,2.0,Chelsea,0.96,1.0,4.0,10.0,3.0,29.0,0.0,17.0,5.0,Leeds United,2.79,1.0,0.0,2.0,H,2025-12-03,H,1.83,1.2127659574468086,0.409282700421941,1712.7993362650259,1894.8360852874234,-182.03674902239754,2.026666666666667,1.18,14.666666666666666,12.333333333333334,5.0,2.6666666666666665,1.1099999999999999,2.2266666666666666,9.333333333333334,14.666666666666666,2.6666666666666665,5.333333333333333,10.0,11.0,26,64
4.0,8.0,1.0,42.0,0.0,3.0,3.0,Crystal Palace,0.59,0.0,3.0,9.0,0.0,58.0,0.0,11.0,4.0,Burnley,0.95,0.0,1.0,0.0,A,2025-12-03,A,0.36,3.5806451612903225,1.3800475059382422,1549.692909742844,1762.76945717414,-213.07654743129592,0.5966666666666667,1.4366666666666665,7.333333333333333,10.0,2.0,5.333333333333333,1.213333333333333,0.9533333333333333,9.666666666666666,6.666666666666667,2.6666666666666665,2.6666666666666665,11.0,11.0,26,64
8.0,9.0,0.0,38.0,0.0,6.0,1.0,Brentford,0.35,1.0,4.0,7.0,2.0,62.0,0.0,15.0,7.0,Arsenal,1.77,0.0,0.0,1.0,H,2025-12-03,H,1.42,2.475409836065574,1.6299212598425197,2031.4490737704036,1822.9185183714126,208.53055539899105,1.5333333333333339,0.47333333333333333,14.0,5.333333333333333,6.0,1.3333333333333333,1.2299999999999998,1.0866666666666667,12.666666666666666,7.333333333333333,4.666666666666667,2.3333333333333335,10.0,11.0,64,64
9.0,11.0,1.0,50.0,0.0,10.0,3.0,Nott'ham Forest,0.74,2.0,3.0,19.0,0.0,50.0,0.0,5.0,1.0,Wolves,0.91,2.0,0.0,0.0,D,2025-12-03,A,0.17000000000000004,0.504950495049505,1.0,1603.0797539280402,1714.9753427172018,-111.8955887891616,1.6666666666666663,1.0033333333333332,9.333333333333334,10.333333333333334,3.0,4.666666666666667,1.1466666666666663,0.7733333333333334,13.0,11.0,3.3333333333333335,4.666666666666667,11.0,11.0,64,64
6.0,9.0,4.0,44.0,0.0,14.0,10.0,Aston Villa,2.41,2.0,5.0,10.0,3.0,56.0,0.0,16.0,7.0,Brighton,2.21,2.0,2.0,2.0,D,2025-12-03,A,-0.20000000000000018,1.1418439716312059,1.272108843537415,1770.14782868638,1853.1627836918879,-83.01495500550777,2.143333333333333,1.7733333333333334,14.666666666666666,9.666666666666666,6.333333333333333,5.333333333333333,1.7333333333333332,1.33,15.333333333333334,12.666666666666666,5.333333333333333,5.333333333333333,11.0,10.0,64,64
6.0,9.0,1.0,35.0,0.0,11.0,3.0,West Ham,0.79,2.0,6.0,13.0,1.0,65.0,0.0,17.0,4.0,Manchester Utd,1.8,2.0,0.0,0.0,D,2025-12-04,D,1.01,1.5405405405405408,1.8547008547008546,1739.89943343953,1647.3033468244073,92.59608661512266,1.6033333333333335,0.6666666666666666,18.333333333333332,10.333333333333334,6.333333333333333,3.0,2.4499999999999993,0.8133333333333334,19.333333333333332,8.333333333333334,6.333333333333333,2.6666666666666665,10.0,12.0,64,64
9.0,11.0,1.0,30.0,1.0,9.0,3.0,Burnley,1.61,2.0,9.0,9.0,2.0,70.0,0.0,17.0,7.0,Newcastle Utd,1.77,2.0,0.0,2.0,H,2025-12-06,H,0.15999999999999992,1.8791208791208793,2.3289036544850497,1899.5248972494726,1549.692909742844,349.8319875066286,2.016666666666667,1.616666666666667,15.0,11.333333333333334,6.333333333333333,3.0,2.6166666666666667,1.2066666666666668,15.333333333333334,10.333333333333334,5.666666666666667,4.0,4.0,7.0,65,27
6.0,9.0,0.0,47.0,0.0,4.0,1.0,Brentford,0.29,4.0,7.0,8.0,2.0,53.0,0.0,15.0,7.0,Tottenham,2.18,3.0,0.0,2.0,H,2025-12-06,H,1.8900000000000001,3.682926829268293,1.127388535031847,1789.5016562986125,1822.9185183714126,-33.416862072800086,1.3200000000000003,0.4566666666666667,13.0,5.333333333333333,4.333333333333333,2.0,1.7233333333333334,0.85,14.666666666666666,6.666666666666667,6.333333333333333,2.0,7.0,3.0,65,65
5.0,10.0,0.0,36.0,1.0,8.0,1.0,Sunderland,0.71,0.0,6.0,9.0,3.0,64.0,0.0,18.0,6.0,Manchester City,2.42,1.0,0.0,2.0,H,2025-12-06,H,1.71,2.234567901234568,1.7756232686980606,2000.0555871302647,1757.352239388333,242.7033477419318,2.3433333333333333,0.9533333333333333,16.666666666666668,8.0,7.0,2.0,2.01,0.43,21.666666666666668,7.0,5.333333333333333,3.0,7.0,3.0,65,8
0.0,13.0,0.0,61.0,0.0,11.0,4.0,Chelsea,0.92,2.0,5.0,15.0,0.0,39.0,0.0,13.0,5.0,Bournemouth,1.42,0.0,0.0,0.0,D,2025-12-06,D,0.4999999999999999,1.1801801801801801,0.6399345335515548,1752.0306042874054,1894.8360852874234,-142.80548100001806,1.9899999999999995,1.0033333333333332,15.333333333333334,9.666666666666666,5.666666666666667,3.0,1.5499999999999998,1.2,12.666666666666666,13.333333333333334,4.0,3.6666666666666665,4.0,3.0,65,65
3.0,15.0,0.0,59.0,0.0,7.0,3.0,Nott'ham Forest,0.53,3.0,6.0,17.0,3.0,41.0,0.0,11.0,5.0,Everton,1.12,4.0,0.0,2.0,H,2025-12-06,H,0.5900000000000001,1.563380281690141,0.6954314720812182,1726.6995064747496,1714.9753427172018,11.724163757547785,1.1833333333333333,0.9466666666666667,11.666666666666666,9.333333333333334,4.0,5.0,1.3199999999999996,0.9500000000000001,12.333333333333334,10.666666666666666,3.3333333333333335,4.333333333333333,7.0,3.0,65,65
4.0,14.0,3.0,55.0,0.0,16.0,7.0,Liverpool,1.91,3.0,5.0,14.0,3.0,45.0,0.0,12.0,5.0,Leeds United,1.51,3.0,0.0,0.0,D,2025-12-06,D,-0.3999999999999999,0.7515527950310558,0.8185117967332124,1712.7993362650259,1994.8542409456659,-282.05490468064,2.03,1.4833333333333334,14.333333333333334,14.666666666666666,5.0,4.0,1.1033333333333333,1.2533333333333332,11.0,10.666666666666666,3.6666666666666665,4.333333333333333,3.0,6.0,27,65
3.0,8.0,1.0,53.0,0.0,15.0,9.0,Arsenal,1.92,2.0,3.0,10.0,2.0,47.0,0.0,15.0,6.0,Aston Villa,2.16,0.0,0.0,1.0,H,2025-12-06,H,0.2400000000000002,1.0,0.8870056497175142,1853.1627836918879,2031.4490737704036,-178.28629007851578,1.5999999999999999,1.3399999999999999,15.666666666666666,12.333333333333334,6.666666666666667,5.666666666666667,1.13,1.6966666666666665,10.666666666666666,13.333333333333334,4.0,6.666666666666667,6.0,6.0,65,65
6.0,8.0,1.0,32.0,0.0,14.0,5.0,West Ham,1.14,2.0,10.0,12.0,1.0,68.0,0.0,22.0,4.0,Brighton,1.87,2.0,0.0,0.0,D,2025-12-07,D,0.7300000000000002,1.5673758865248228,2.1214953271028034,1770.14782868638,1647.3033468244073,122.84448186197278,1.7666666666666666,1.82,17.333333333333332,12.666666666666666,5.333333333333333,6.333333333333333,2.573333333333333,0.86,22.333333333333332,10.0,6.0,3.3333333333333335,4.0,3.0,65,65
4.0,8.0,2.0,37.0,0.0,11.0,5.0,Crystal Palace,1.65,0.0,6.0,5.0,1.0,63.0,0.0,12.0,4.0,Fulham,0.76,0.0,1.0,1.0,D,2025-12-07,A,-0.8899999999999999,1.09009009009009,1.7008086253369272,1840.3307787196475,1762.76945717414,77.56132154550755,1.2766666666666666,1.3299999999999998,16.0,8.666666666666666,5.333333333333333,3.6666666666666665,1.1666666666666663,1.17,10.333333333333334,8.0,3.0,4.0,5.0,4.0,65,65
9.0,12.0,4.0,63.0,0.0,27.0,10.0,Manchester Utd,4.24,2.0,1.0,17.0,1.0,37.0,0.0,8.0,2.0,Wolves,0.41,3.0,1.0,1.0,D,2025-12-08,A,-3.83,0.29889298892988925,0.5879556259904913,1603.0797539280402,1739.89943343953,-136.81967951148977,1.0366666666666666,2.0833333333333335,7.0,15.666666666666666,1.3333333333333333,5.666666666666667,1.0533333333333337,2.02,10.666666666666666,15.333333333333334,3.0,6.0,5.0,8.0,65,65
7.0,11.0,0.0,42.0,0.0,11.0,2.0,Everton,1.03,0.0,4.0,13.0,2.0,58.0,0.0,17.0,5.0,Chelsea,2.2,1.0,0.0,2.0,H,2025-12-13,H,1.1700000000000002,1.5405405405405408,1.3800475059382422,1894.8360852874234,1726.6995064747496,168.13657881267386,2.1,0.82,16.0,7.333333333333333,5.666666666666667,2.0,1.4699999999999995,0.8933333333333332,15.666666666666666,9.0,4.333333333333333,2.0,13.0,11.0,65,65
2.0,15.0,0.0,51.0,0.0,14.0,1.0,Brighton,1.9,2.0,2.0,8.0,2.0,49.0,0.0,18.0,4.0,Liverpool,1.89,1.0,0.0,1.0,H,2025-12-13,H,-0.010000000000000009,1.2836879432624115,0.9608610567514677,1994.8542409456659,1770.14782868638,224.7064122592858,1.7566666666666666,1.2966666666666666,20.666666666666668,12.666666666666666,4.0,4.666666666666667,1.1766666666666667,1.43,15.666666666666666,12.666666666666666,3.0,3.3333333333333335,10.0,13.0,65,65
4.0,8.0,3.0,47.0,0.0,6.0,4.0,Fulham,2.23,2.0,10.0,8.0,2.0,53.0,0.0,16.0,8.0,Burnley,2.46,1.0,2.0,1.0,A,2025-12-13,A,0.22999999999999998,2.6393442622950825,1.127388535031847,1549.692909742844,1840.3307787196475,-290.6378689768035,1.2833333333333334,1.5133333333333334,11.666666666666666,8.0,4.666666666666667,4.0,1.5866666666666667,1.0266666666666666,14.666666666666666,7.0,5.0,3.6666666666666665,10.0,14.0,27,65
0.0,15.0,1.0,31.0,0.0,3.0,2.0,Wolves,0.38,4.0,8.0,7.0,2.0,69.0,0.0,16.0,2.0,Arsenal,1.13,0.0,0.0,0.0,D,2025-12-13,H,0.7499999999999999,5.193548387096775,2.2218649517684885,2031.4490737704036,1603.0797539280402,428.36931984236344,1.6100000000000005,0.26666666666666666,16.0,4.0,5.666666666666667,1.6666666666666667,1.7933333333333332,0.3466666666666667,17.333333333333332,5.0,5.333333333333333,2.0,10.0,13.0,65,65
3.0,13.0,0.0,52.0,0.0,6.0,1.0,Tottenham,0.33,3.0,3.0,9.0,3.0,48.0,0.0,15.0,6.0,Nott'ham Forest,2.32,1.0,0.0,1.0,H,2025-12-14,H,1.9899999999999998,2.475409836065574,0.9232245681381958,1714.9753427172018,1789.5016562986125,-74.5263135814107,1.9199999999999997,1.0066666666666666,16.0,11.0,5.0,3.3333333333333335,2.0966666666666662,0.38333333333333336,17.0,5.666666666666667,7.0,1.6666666666666667,14.0,12.0,65,65
3.0,13.0,3.0,59.0,0.0,7.0,4.0,Aston Villa,0.67,2.0,5.0,18.0,2.0,41.0,0.0,10.0,3.0,West Ham,1.03,1.0,1.0,2.0,H,2025-12-14,A,0.36,1.4225352112676057,0.6954314720812182,1647.3033468244073,1853.1627836918879,-205.85943686748055,1.4466666666666665,0.9900000000000001,10.666666666666666,10.666666666666666,3.0,5.333333333333333,1.6766666666666665,1.5533333333333335,13.333333333333334,11.666666666666666,5.0,5.666666666666667,14.0,11.0,65,65
2.0,6.0,3.0,61.0,0.0,7.0,6.0,Manchester City,1.19,0.0,2.0,9.0,0.0,39.0,0.0,16.0,4.0,Crystal Palace,1.88,2.0,1.0,0.0,A,2025-12-14,A,0.69,2.2676056338028174,0.6399345335515548,1762.76945717414,2000.0555871302647,-237.2861299561248,1.486666666666667,0.9233333333333333,13.333333333333334,9.333333333333334,3.0,5.0,1.6766666666666667,1.95,12.333333333333334,11.666666666666666,5.0,4.666666666666667,14.0,12.0,65,65
6.0,10.0,0.0,53.0,0.0,6.0,2.0,Newcastle Utd,0.24,4.0,3.0,10.0,1.0,47.0,0.0,5.0,1.0,Sunderland,0.3,5.0,0.0,0.0,D,2025-12-14,H,0.06,0.8360655737704918,0.8870056497175142,1757.352239388333,1899.5248972494726,-142.17265786113967,0.6733333333333333,1.2833333333333332,7.666666666666667,13.666666666666666,3.0,5.0,1.2133333333333336,0.8633333333333333,10.0,8.0,3.3333333333333335,3.6666666666666665,15.0,15.0,8,65
3.0,9.0,1.0,43.0,0.0,18.0,4.0,Leeds United,1.52,0.0,0.0,8.0,1.0,57.0,0.0,7.0,2.0,Brentford,0.72,0.0,0.0,0.0,D,2025-12-14,D,-0.8,0.3922651933701657,1.3248259860788862,1822.9185183714126,1712.7993362650259,110.11918210638669,2.0433333333333334,0.9700000000000001,12.0,9.666666666666666,4.333333333333333,2.3333333333333335,2.123333333333333,1.25,13.0,12.333333333333334,5.666666666666667,3.6666666666666665,15.0,15.0,65,27
4.0,12.0,4.0,43.0,0.0,14.0,9.0,Bournemouth,1.94,3.0,5.0,15.0,4.0,57.0,0.0,25.0,9.0,Manchester Utd,3.4,2.0,1.0,2.0,H,2025-12-15,D,1.46,1.7801418439716314,1.3248259860788862,1739.89943343953,1752.0306042874054,-12.13117084787541,2.3033333333333332,0.98,22.333333333333332,9.333333333333334,6.333333333333333,4.333333333333333,2.1266666666666665,1.75,17.666666666666668,15.0,7.666666666666667,6.333333333333333,11.0,16.0,65,65
0.0,10.0,0.0,34.0,0.0,7.0,3.0,West Ham,0.98,1.0,6.0,16.0,3.0,66.0,0.0,17.0,8.0,Manchester City,2.1,1.0,0.0,2.0,H,2025-12-20,H,1.12,2.4084507042253525,1.9384164222873899,2000.0555871302647,1647.3033468244073,352.7522403058574,2.5399999999999996,1.0766666666666667,17.666666666666668,8.0,7.666666666666667,2.6666666666666665,1.9233333333333327,0.9700000000000001,18.666666666666668,10.666666666666666,5.333333333333333,3.6666666666666665,14.0,13.0,66,66
4.0,14.0,2.0,53.0,0.0,13.0,4.0,Chelsea,1.22,6.0,6.0,13.0,2.0,47.0,0.0,11.0,5.0,Newcastle Utd,2.31,3.0,0.0,2.0,H,2025-12-20,D,1.09,0.8473282442748091,0.8870056497175142,1899.5248972494726,1894.8360852874234,4.688811962049158,2.0400000000000005,1.1933333333333334,15.666666666666666,10.0,6.333333333333333,3.0,2.1733333333333333,1.0333333333333332,13.666666666666666,12.666666666666666,5.0,3.3333333333333335,14.0,14.0,66,66
4.0,15.0,0.0,43.0,0.0,14.0,6.0,Sunderland,1.38,2.0,3.0,11.0,0.0,57.0,0.0,16.0,4.0,Brighton,1.13,2.0,0.0,0.0,D,2025-12-20,D,-0.25,1.1418439716312059,1.3248259860788862,1770.14782868638,1757.352239388333,12.795589298047162,1.7366666666666666,1.6433333333333333,18.0,14.0,5.0,7.0,1.6666666666666667,0.8333333333333334,19.0,10.333333333333334,4.666666666666667,4.333333333333333,13.0,14.0,66,9
3.0,11.0,1.0,34.0,0.0,4.0,1.0,Burnley,0.38,1.0,5.0,11.0,1.0,66.0,0.0,16.0,1.0,Bournemouth,1.41,1.0,0.0,0.0,D,2025-12-20,D,1.0299999999999998,3.9268292682926838,1.9384164222873899,1752.0306042874054,1549.692909742844,202.33769454456137,1.1099999999999997,0.9133333333333334,11.333333333333334,9.333333333333334,2.6666666666666665,2.6666666666666665,2.0799999999999996,0.98,15.666666666666666,6.333333333333333,4.0,2.0,14.0,14.0,66,28
4.0,15.0,2.0,57.0,0.0,7.0,6.0,Brentford,1.28,4.0,3.0,12.0,0.0,43.0,0.0,9.0,2.0,Wolves,1.27,2.0,0.0,0.0,D,2025-12-20,A,-0.010000000000000009,1.2816901408450705,0.7548161120840631,1603.0797539280402,1822.9185183714126,-219.83876444337238,0.8633333333333333,2.086666666666667,7.333333333333333,14.666666666666666,1.6666666666666667,6.333333333333333,1.74,0.64,13.0,5.666666666666667,5.333333333333333,2.6666666666666665,12.0,14.0,66,66
5.0,10.0,1.0,47.0,0.0,9.0,3.0,Crystal Palace,1.57,3.0,9.0,5.0,4.0,53.0,0.0,20.0,8.0,Leeds United,2.67,1.0,0.0,2.0,H,2025-12-20,H,1.0999999999999999,2.208791208791209,1.127388535031847,1712.7993362650259,1762.76945717414,-49.97012090911403,2.3233333333333333,1.4799999999999998,16.333333333333332,13.0,6.0,4.0,1.4599999999999997,1.2699999999999998,14.333333333333334,7.666666666666667,5.333333333333333,3.6666666666666665,14.0,13.0,28,66
3.0,5.0,1.0,65.0,0.0,13.0,2.0,Arsenal,2.0,2.0,2.0,4.0,0.0,35.0,0.0,5.0,1.0,Everton,0.2,2.0,1.0,0.0,A,2025-12-20,A,-1.8,0.3893129770992366,0.5391705069124425,1726.6995064747496,2031.4490737704036,-304.74956729565406,0.7699999999999999,1.4799999999999998,8.666666666666666,11.0,2.6666666666666665,4.333333333333333,1.05,1.7266666666666666,10.333333333333334,12.0,3.6666666666666665,5.0,14.0,14.0,66,66
6.0,7.0,2.0,65.0,0.0,8.0,4.0,Liverpool,0.66,3.0,2.0,9.0,1.0,35.0,2.0,15.0,4.0,Tottenham,1.07,3.0,0.0,0.0,D,2025-12-20,A,0.41000000000000003,1.8641975308641976,0.5391705069124425,1789.5016562986125,1994.8542409456659,-205.3525846470534,1.37,0.4666666666666666,14.666666666666666,6.333333333333333,4.333333333333333,2.6666666666666665,0.9566666666666667,1.27,11.333333333333334,11.0,3.0,5.333333333333333,14.0,14.0,66,66
5.0,14.0,1.0,57.0,0.0,15.0,6.0,Manchester Utd,1.33,2.0,5.0,11.0,2.0,43.0,0.0,12.0,4.0,Aston Villa,1.54,1.0,1.0,1.0,D,2025-12-21,H,0.20999999999999996,0.8013245033112583,0.7548161120840631,1853.1627836918879,1739.89943343953,113.2633502523579,1.5466666666666669,1.2466666666666666,14.333333333333334,13.0,5.333333333333333,6.333333333333333,1.2600000000000005,2.2533333333333334,11.333333333333334,18.666666666666668,3.0,7.333333333333333,15.0,13.0,66,66
5.0,9.0,0.0,50.0,0.0,12.0,2.0,Nott'ham Forest,0.67,4.0,1.0,5.0,1.0,50.0,0.0,11.0,1.0,Fulham,1.5,5.0,0.0,1.0,H,2025-12-22,H,0.83,0.9173553719008264,1.0,1840.3307787196475,1714.9753427172018,125.35543600244569,1.0566666666666666,1.4966666666666668,11.666666666666666,11.333333333333334,3.6666666666666665,3.6666666666666665,1.1766666666666665,0.6466666666666666,9.0,9.666666666666666,2.3333333333333335,2.6666666666666665,15.0,16.0,66,66
11.0,5.0,0.0,67.0,0.0,16.0,3.0,Newcastle Utd,1.18,1.0,2.0,9.0,1.0,33.0,0.0,10.0,4.0,Manchester Utd,1.27,2.0,0.0,1.0,H,2025-12-26,H,0.09000000000000008,0.6273291925465838,0.49329359165424747,1739.89943343953,1899.5248972494726,-159.62546380994263,2.1566666666666667,1.3033333333333335,17.333333333333332,13.666666666666666,5.666666666666667,5.0,0.8533333333333336,1.11,8.333333333333334,11.666666666666666,2.3333333333333335,4.333333333333333,11.0,12.0,66,66
5.0,8.0,0.0,46.0,0.0,15.0,6.0,Everton,0.85,2.0,6.0,8.0,0.0,54.0,0.0,16.0,0.0,Burnley,1.41,0.0,0.0,0.0,D,2025-12-27,D,0.5599999999999999,1.066225165562914,1.17353579175705,1549.692909742844,1726.6995064747496,-177.00659673190557,1.6066666666666667,1.2233333333333334,14.333333333333334,8.0,4.0,4.333333333333333,1.3699999999999994,1.1066666666666667,12.666666666666666,13.0,2.3333333333333335,3.6666666666666665,14.0,14.0,28,66
5.0,13.0,2.0,66.0,0.0,16.0,5.0,Manchester City,1.45,2.0,5.0,5.0,1.0,34.0,0.0,7.0,2.0,Nott'ham Forest,0.55,1.0,0.0,0.0,D,2025-12-27,A,-0.8999999999999999,0.4409937888198757,0.5158850226928896,1714.9753427172018,2000.0555871302647,-285.0802444130629,1.253333333333333,1.26,13.666666666666666,13.0,3.6666666666666665,4.0,1.1133333333333333,1.6033333333333333,11.666666666666666,11.333333333333334,4.0,5.0,13.0,13.0,66,66
15.0,8.0,1.0,51.0,0.0,20.0,10.0,Bournemouth,2.72,2.0,2.0,9.0,4.0,49.0,0.0,15.0,7.0,Brentford,3.66,2.0,0.0,2.0,H,2025-12-27,H,0.94,0.7512437810945273,0.9608610567514677,1822.9185183714126,1752.0306042874054,70.8879140840072,2.48,1.7299999999999998,12.0,14.666666666666666,4.333333333333333,5.333333333333333,2.78,2.1199999999999997,17.333333333333332,17.333333333333332,7.333333333333333,8.333333333333334,13.0,12.0,66,66
4.0,13.0,1.0,33.0,0.0,9.0,4.0,Wolves,1.07,1.0,6.0,5.0,2.0,67.0,0.0,14.0,4.0,Liverpool,1.54,0.0,0.0,2.0,H,2025-12-27,H,0.47,1.5494505494505495,2.027190332326284,1994.8542409456659,1603.0797539280402,391.7744870176257,1.6266666666666667,1.1266666666666667,18.333333333333332,10.666666666666666,4.0,3.6666666666666665,1.2033333333333334,0.6466666666666666,15.333333333333334,7.0,4.0,3.3333333333333335,14.0,14.0,66,66
4.0,8.0,1.0,56.0,0.0,15.0,4.0,Fulham,1.62,3.0,5.0,8.0,0.0,44.0,0.0,11.0,2.0,West Ham,0.91,1.0,0.0,0.0,D,2025-12-27,A,-0.7100000000000001,0.7350993377483444,0.786096256684492,1647.3033468244073,1840.3307787196475,-193.02743189524017,0.7433333333333331,1.1766666666666667,9.333333333333334,10.333333333333334,1.6666666666666667,4.333333333333333,1.41,1.4333333333333336,13.666666666666666,9.333333333333334,4.0,3.6666666666666665,13.0,14.0,66,66
7.0,8.0,2.0,37.0,0.0,11.0,8.0,Aston Villa,1.19,3.0,6.0,16.0,1.0,63.0,0.0,14.0,3.0,Chelsea,2.14,5.0,0.0,1.0,H,2025-12-27,A,0.9500000000000002,1.2702702702702702,1.7008086253369272,1894.8360852874234,1853.1627836918879,41.67330159553558,1.7100000000000006,1.16,14.0,10.0,4.0,4.666666666666667,1.7933333333333332,1.4233333333333331,13.333333333333334,10.666666666666666,4.333333333333333,7.333333333333333,14.0,13.0,66,66
2.0,13.0,1.0,47.0,0.0,8.0,3.0,Brighton,0.85,3.0,7.0,7.0,2.0,53.0,0.0,24.0,6.0,Arsenal,3.08,2.0,0.0,1.0,H,2025-12-27,H,2.23,2.975308641975309,1.127388535031847,2031.4490737704036,1770.14782868638,261.30124508402355,1.9933333333333338,0.5266666666666666,18.333333333333332,5.666666666666667,5.0,2.0,1.9533333333333334,1.5833333333333333,20.333333333333332,13.0,4.333333333333333,3.3333333333333335,14.0,14.0,66,66
9.0,9.0,1.0,57.0,0.0,17.0,6.0,Leeds United,2.17,0.0,3.0,7.0,1.0,43.0,0.0,8.0,3.0,Sunderland,0.7,1.0,0.0,1.0,H,2025-12-28,D,-1.47,0.4736842105263157,0.7548161120840631,1757.352239388333,1712.7993362650259,44.55290312330703,0.7600000000000001,1.3699999999999999,8.333333333333334,13.666666666666666,3.3333333333333335,4.666666666666667,1.5066666666666666,1.7433333333333334,11.0,14.666666666666666,4.666666666666667,4.666666666666667,14.0,14.0,9,28
2.0,5.0,1.0,38.0,0.0,8.0,4.0,Tottenham,0.88,2.0,3.0,7.0,0.0,62.0,0.0,15.0,2.0,Crystal Palace,1.47,3.0,1.0,0.0,A,2025-12-28,A,0.59,1.8641975308641976,1.6299212598425197,1762.76945717414,1789.5016562986125,-26.732199124472572,1.7266666666666668,1.0866666666666667,15.0,9.666666666666666,3.0,5.333333333333333,1.9433333333333331,0.6533333333333333,16.333333333333332,7.333333333333333,5.0,2.3333333333333335,14.0,14.0,66,66
2.0,9.0,2.0,30.0,0.0,11.0,3.0,Everton,1.26,0.0,9.0,11.0,0.0,70.0,0.0,21.0,6.0,Nott'ham Forest,1.55,1.0,1.0,0.0,A,2025-12-30,A,0.29000000000000004,1.900900900900901,2.3289036544850497,1714.9753427172018,1726.6995064747496,-11.724163757547785,1.473333333333333,1.0133333333333334,14.333333333333334,11.0,4.666666666666667,3.0,1.7199999999999995,1.0466666666666666,18.0,12.333333333333334,3.6666666666666665,3.6666666666666665,3.0,3.0,67,67
5.0,18.0,2.0,62.0,0.0,16.0,6.0,Brighton,2.94,5.0,5.0,11.0,2.0,38.0,0.0,10.0,4.0,West Ham,2.06,3.0,1.0,2.0,H,2025-12-30,D,-0.8799999999999999,0.6273291925465838,0.6135265700483092,1647.3033468244073,1770.14782868638,-122.84448186197278,1.333333333333333,1.7433333333333334,10.333333333333334,12.666666666666666,3.0,4.666666666666667,2.3433333333333337,1.8966666666666665,17.333333333333332,12.666666666666666,4.666666666666667,3.3333333333333335,3.0,3.0,67,67
4.0,3.0,3.0,52.0,0.0,20.0,9.0,Newcastle Utd,2.31,1.0,3.0,9.0,1.0,48.0,0.0,15.0,4.0,Burnley,1.09,2.0,2.0,1.0,A,2025-12-30,A,-1.22,0.7512437810945273,0.9232245681381958,1549.692909742844,1899.5248972494726,-349.8319875066286,1.6533333333333333,1.7966666666666669,15.666666666666666,13.666666666666666,4.0,6.333333333333333,0.886666666666667,1.2433333333333332,10.0,14.0,3.0,4.666666666666667,3.0,4.0,29,67
3.0,12.0,2.0,33.0,0.0,17.0,6.0,Bournemouth,3.14,1.0,12.0,5.0,2.0,67.0,0.0,17.0,3.0,Chelsea,2.31,1.0,2.0,2.0,D,2025-12-30,D,-0.8300000000000001,1.0,2.027190332326284,1894.8360852874234,1752.0306042874054,142.80548100001806,2.2166666666666672,1.7866666666666664,16.0,13.0,3.6666666666666665,5.333333333333333,3.123333333333333,2.6,19.0,17.0,6.333333333333333,8.333333333333334,3.0,3.0,67,67
4.0,12.0,1.0,44.0,0.0,11.0,4.0,Wolves,1.16,2.0,8.0,9.0,1.0,56.0,0.0,15.0,6.0,Manchester Utd,0.84,0.0,1.0,1.0,D,2025-12-30,D,-0.31999999999999995,1.3603603603603605,1.272108843537415,1739.89943343953,1603.0797539280402,136.81967951148977,1.8366666666666667,1.4266666666666665,16.666666666666668,13.666666666666666,6.333333333333333,5.333333333333333,1.1700000000000002,0.8700000000000001,15.0,7.666666666666667,4.0,3.3333333333333335,4.0,3.0,67,67
3.0,9.0,1.0,54.0,0.0,11.0,3.0,Aston Villa,2.52,3.0,3.0,18.0,4.0,46.0,0.0,22.0,7.0,Arsenal,3.04,2.0,0.0,0.0,D,2025-12-30,H,0.52,1.990990990990991,0.8521256931608133,2031.4490737704036,1853.1627836918879,178.28629007851578,2.416666666666667,1.25,20.666666666666668,7.333333333333333,5.0,2.6666666666666665,2.07,1.46,15.333333333333334,9.666666666666666,4.333333333333333,5.0,3.0,3.0,67,67
3.0,8.0,0.0,32.0,0.0,4.0,2.0,Leeds United,0.69,2.0,8.0,10.0,0.0,68.0,0.0,19.0,4.0,Liverpool,2.08,0.0,0.0,0.0,D,2026-01-01,D,1.3900000000000001,4.658536585365854,2.1214953271028034,1994.8542409456659,1712.7993362650259,282.05490468064,1.8366666666666667,1.22,17.0,9.0,4.0,2.3333333333333335,1.1666666666666665,1.46,11.333333333333334,13.0,3.0,4.0,5.0,4.0,67,29
3.0,10.0,1.0,60.0,0.0,17.0,5.0,Fulham,1.76,5.0,6.0,7.0,1.0,40.0,0.0,11.0,2.0,Crystal Palace,1.93,0.0,0.0,1.0,H,2026-01-01,D,0.16999999999999993,0.6491228070175438,0.6672212978369384,1762.76945717414,1840.3307787196475,-77.56132154550755,1.76,1.2766666666666666,14.0,10.666666666666666,2.6666666666666665,5.0,1.7666666666666666,1.87,12.666666666666666,12.666666666666666,4.0,4.333333333333333,4.0,5.0,67,67
5.0,6.0,0.0,68.0,0.0,14.0,4.0,Manchester City,2.24,1.0,3.0,9.0,0.0,32.0,0.0,10.0,4.0,Sunderland,0.88,1.0,0.0,0.0,D,2026-01-01,D,-1.3600000000000003,0.7163120567375887,0.4713656387665199,1757.352239388333,2000.0555871302647,-242.7033477419318,0.6266666666666668,1.5499999999999998,7.666666666666667,12.333333333333334,2.6666666666666665,4.0,1.1033333333333333,1.6266666666666667,11.0,12.333333333333334,3.3333333333333335,5.0,4.0,5.0,10,67
1.0,10.0,0.0,44.0,0.0,9.0,3.0,Tottenham,0.86,2.0,3.0,8.0,0.0,56.0,0.0,7.0,2.0,Brentford,0.92,1.0,0.0,0.0,D,2026-01-01,D,0.06000000000000005,0.7802197802197802,1.272108843537415,1822.9185183714126,1789.5016562986125,33.416862072800086,1.7666666666666668,1.7,9.666666666666666,15.666666666666666,3.6666666666666665,5.666666666666667,1.5699999999999996,0.69,12.333333333333334,7.666666666666667,3.3333333333333335,2.6666666666666665,5.0,4.0,67,67
4.0,20.0,1.0,27.0,0.0,10.0,5.0,Nott'ham Forest,0.89,2.0,4.0,10.0,3.0,73.0,0.0,11.0,4.0,Aston Villa,1.59,1.0,0.0,1.0,H,2026-01-03,H,0.7000000000000001,1.099009900990099,2.6974169741697414,1853.1627836918879,1714.9753427172018,138.18744097468607,1.7633333333333334,1.38,12.666666666666666,13.333333333333334,4.666666666666667,6.666666666666667,1.403333333333333,0.6966666666666667,11.0,9.666666666666666,3.3333333333333335,3.3333333333333335,13.0,12.0,67,67
7.0,10.0,0.0,67.0,0.0,6.0,0.0,West Ham,0.25,0.0,6.0,11.0,3.0,33.0,0.0,11.0,8.0,Wolves,1.87,1.0,0.0,3.0,H,2026-01-03,H,1.62,1.819672131147541,0.49329359165424747,1603.0797539280402,1647.3033468244073,-44.22359289636711,1.1833333333333333,1.9233333333333336,9.333333333333334,13.333333333333334,4.0,5.333333333333333,1.946666666666666,0.79,16.666666666666668,9.0,6.666666666666667,2.6666666666666665,14.0,14.0,67,67
4.0,17.0,0.0,40.0,0.0,5.0,3.0,Burnley,0.3,4.0,4.0,7.0,2.0,60.0,0.0,15.0,4.0,Brighton,1.45,0.0,0.0,1.0,H,2026-01-03,H,1.15,2.9607843137254903,1.4987531172069826,1770.14782868638,1549.692909742844,220.4549189435361,1.4833333333333334,0.94,17.666666666666668,11.0,4.0,4.666666666666667,1.543333333333333,0.7633333333333333,16.0,6.0,4.0,2.3333333333333335,14.0,14.0,67,29
5.0,8.0,3.0,57.0,0.0,12.0,5.0,Arsenal,1.13,1.0,7.0,13.0,2.0,43.0,0.0,15.0,3.0,Bournemouth,1.43,3.0,1.0,1.0,D,2026-01-03,A,0.30000000000000004,1.2479338842975207,0.7548161120840631,1752.0306042874054,2031.4490737704036,-279.41846948299826,1.4199999999999997,0.8099999999999999,14.666666666666666,9.0,3.0,3.3333333333333335,1.263333333333333,1.6833333333333333,11.666666666666666,13.333333333333334,3.3333333333333335,5.333333333333333,14.0,14.0,67,67
4.0,9.0,1.0,55.0,0.0,15.0,2.0,Manchester Utd,1.58,1.0,6.0,9.0,1.0,45.0,0.0,11.0,3.0,Leeds United,0.9,0.0,0.0,0.0,D,2026-01-04,D,-0.68,0.7350993377483444,0.8185117967332124,1712.7993362650259,1739.89943343953,-27.10009717450407,1.6933333333333334,1.6866666666666668,14.333333333333334,13.333333333333334,5.333333333333333,4.0,0.9500000000000003,2.3833333333333333,10.333333333333334,19.0,3.0,6.0,15.0,14.0,29,67
6.0,12.0,0.0,41.0,0.0,11.0,1.0,Crystal Palace,0.7,3.0,8.0,5.0,2.0,59.0,0.0,12.0,7.0,Newcastle Utd,2.08,1.0,0.0,0.0,D,2026-01-04,H,1.3800000000000001,1.09009009009009,1.437956204379562,1899.5248972494726,1762.76945717414,136.75544007533267,2.0533333333333337,1.1766666666666667,13.333333333333334,11.0,6.333333333333333,2.6666666666666665,1.8366666666666662,1.3066666666666666,14.666666666666666,10.333333333333334,6.333333333333333,3.0,15.0,15.0,67,67
5.0,6.0,1.0,51.0,0.0,10.0,3.0,Sunderland,0.44,3.0,3.0,10.0,1.0,49.0,0.0,13.0,5.0,Tottenham,1.18,2.0,0.0,1.0,H,2026-01-04,D,0.74,1.297029702970297,0.9608610567514677,1789.5016562986125,1757.352239388333,32.14941691027957,1.4766666666666666,0.4633333333333334,14.333333333333334,7.333333333333333,5.333333333333333,2.6666666666666665,1.5766666666666664,0.8433333333333333,15.666666666666666,10.666666666666666,5.0,3.3333333333333335,15.0,15.0,67,10
8.0,4.0,2.0,58.0,0.0,10.0,2.0,Liverpool,1.37,1.0,3.0,11.0,2.0,42.0,0.0,8.0,2.0,Fulham,0.74,1.0,0.0,1.0,H,2026-01-04,D,-0.6300000000000001,0.801980198019802,0.7246127366609294,1840.3307787196475,1994.8542409456659,-154.5234622260184,1.0,1.23,10.333333333333334,11.0,2.3333333333333335,3.0,1.1066666666666667,1.3133333333333332,11.666666666666666,11.333333333333334,3.6666666666666665,4.333333333333333,13.0,15.0,67,67
5.0,8.0,4.0,55.0,0.0,11.0,7.0,Brentford,2.66,2.0,4.0,9.0,2.0,45.0,0.0,14.0,6.0,Everton,0.89,0.0,1.0,0.0,A,2026-01-04,A,-1.77,1.2702702702702702,0.8185117967332124,1726.6995064747496,1822.9185183714126,-96.219011896663,0.7366666666666667,1.7299999999999998,10.0,10.333333333333334,4.0,4.0,1.4466666666666665,1.4100000000000001,12.666666666666666,7.333333333333333,5.0,4.666666666666667,15.0,15.0,67,67
2.0,14.0,1.0,43.0,0.0,8.0,3.0,Chelsea,1.85,3.0,8.0,12.0,1.0,57.0,0.0,14.0,3.0,Manchester City,1.02,3.0,0.0,1.0,H,2026-01-04,D,-0.8300000000000001,1.7407407407407407,1.3248259860788862,2000.0555871302647,1894.8360852874234,105.21950184284128,1.8466666666666665,1.18,16.333333333333332,7.666666666666667,5.666666666666667,2.3333333333333335,1.5833333333333333,1.33,12.666666666666666,10.666666666666666,4.333333333333333,3.6666666666666665,15.0,15.0,67,67
5.0,9.0,2.0,53.0,0.0,13.0,5.0,Nott'ham Forest,1.38,0.0,6.0,15.0,1.0,47.0,0.0,14.0,3.0,West Ham,0.95,3.0,0.0,1.0,H,2026-01-06,A,-0.42999999999999994,1.0763358778625953,0.8870056497175142,1647.3033468244073,1714.9753427172018,-67.67199589279448,1.3066666666666664,1.9799999999999998,11.666666666666666,14.666666666666666,3.0,5.0,1.3466666666666665,0.98,12.0,11.666666666666666,2.6666666666666665,4.0,7.0,3.0,68,68
4.0,10.0,3.0,38.0,0.0,14.0,6.0,Leeds United,1.89,2.0,8.0,11.0,4.0,62.0,0.0,18.0,8.0,Newcastle Utd,2.43,3.0,2.0,1.0,A,2026-01-07,H,0.5400000000000003,1.2836879432624115,1.6299212598425197,1899.5248972494726,1712.7993362650259,186.7255609844467,2.2733333333333334,1.2699999999999998,13.666666666666666,12.666666666666666,6.666666666666667,3.6666666666666665,1.7366666666666664,1.5833333333333333,15.0,11.666666666666666,5.0,4.666666666666667,3.0,6.0,68,30
6.0,8.0,2.0,65.0,0.0,30.0,10.0,Manchester Utd,2.55,0.0,2.0,9.0,2.0,35.0,0.0,7.0,1.0,Burnley,0.24,2.0,0.0,1.0,H,2026-01-07,D,-2.3099999999999996,0.23588039867109634,0.5391705069124425,1549.692909742844,1739.89943343953,-190.20652369668596,0.9133333333333334,1.9033333333333333,12.666666666666666,21.666666666666668,1.6666666666666667,8.333333333333334,0.8933333333333335,1.82,10.0,20.0,2.6666666666666665,6.0,8.0,3.0,30,68
11.0,6.0,1.0,45.0,1.0,14.0,6.0,Chelsea,2.39,3.0,2.0,11.0,2.0,55.0,0.0,16.0,5.0,Fulham,1.2,3.0,0.0,0.0,D,2026-01-07,H,-1.1900000000000002,1.1418439716312059,1.221729490022173,1840.3307787196475,1894.8360852874234,-54.50530656777596,1.1466666666666667,1.4766666666666666,11.666666666666666,12.0,2.6666666666666665,3.3333333333333335,1.5099999999999998,1.82,13.666666666666666,11.666666666666666,4.333333333333333,4.333333333333333,3.0,3.0,68,68
2.0,16.0,1.0,40.0,0.0,6.0,3.0,Brighton,1.16,6.0,6.0,6.0,1.0,60.0,0.0,22.0,6.0,Manchester City,2.55,1.0,0.0,1.0,H,2026-01-07,D,1.39,3.6229508196721314,1.4987531172069826,2000.0555871302647,1770.14782868638,229.90775844388463,1.8899999999999995,1.33,17.666666666666668,7.0,5.666666666666667,3.0,2.563333333333333,1.6500000000000001,18.666666666666668,10.0,5.333333333333333,4.0,3.0,8.0,68,68
7.0,10.0,2.0,58.0,0.0,16.0,4.0,Tottenham,1.25,3.0,3.0,19.0,3.0,42.0,0.0,11.0,3.0,Bournemouth,1.27,3.0,1.0,2.0,H,2026-01-07,H,0.020000000000000018,0.6894409937888198,0.7246127366609294,1752.0306042874054,1789.5016562986125,-37.47105201120712,1.3699999999999999,0.9199999999999999,14.0,10.666666666666666,2.3333333333333335,3.3333333333333335,1.2199999999999998,0.9966666666666666,11.0,11.0,2.3333333333333335,3.6666666666666665,4.0,6.0,68,68
7.0,15.0,1.0,55.0,0.0,13.0,4.0,Wolves,0.73,3.0,2.0,13.0,1.0,45.0,2.0,13.0,2.0,Everton,0.89,1.0,0.0,1.0,H,2026-01-07,D,0.16000000000000003,1.0,0.8185117967332124,1726.6995064747496,1603.0797539280402,123.61975254670938,0.6599999999999998,1.7966666666666666,10.666666666666666,12.333333333333334,3.0,4.333333333333333,1.09,0.9866666666666667,14.0,11.0,4.0,4.0,3.0,8.0,68,68
4.0,13.0,0.0,50.0,0.0,11.0,3.0,Sunderland,1.72,1.0,7.0,13.0,3.0,50.0,0.0,18.0,6.0,Brentford,3.24,2.0,0.0,1.0,H,2026-01-07,H,1.5200000000000002,1.6306306306306309,1.0,1822.9185183714126,1757.352239388333,65.56627898307966,2.606666666666667,1.7666666666666668,13.333333333333334,13.333333333333334,5.0,5.333333333333333,1.8499999999999999,1.18,15.666666666666666,11.666666666666666,5.0,4.0,6.0,3.0,68,11
5.0,3.0,0.0,59.0,0.0,15.0,3.0,Aston Villa,1.74,0.0,3.0,8.0,0.0,41.0,0.0,11.0,5.0,Crystal Palace,1.5,2.0,0.0,0.0,D,2026-01-07,D,-0.24,0.7350993377483444,0.6954314720812182,1762.76945717414,1853.1627836918879,-90.39332651774794,1.6333333333333335,1.46,12.333333333333334,13.333333333333334,3.0,4.0,2.2266666666666666,1.8166666666666667,15.666666666666666,12.333333333333334,5.0,4.666666666666667,6.0,8.0,68,68
0.0,9.0,0.0,52.0,0.0,8.0,0.0,Liverpool,0.31,2.0,3.0,10.0,0.0,48.0,0.0,9.0,4.0,Arsenal,0.57,2.0,0.0,0.0,D,2026-01-08,D,0.25999999999999995,1.123456790123457,0.9232245681381958,2031.4490737704036,1994.8542409456659,36.59483282473775,2.2300000000000004,1.2266666666666668,18.333333333333332,9.0,5.666666666666667,2.0,0.7933333333333333,0.7800000000000001,10.666666666666666,8.666666666666666,3.3333333333333335,2.0,9.0,4.0,68,68
4.0,15.0,1.0,43.0,0.0,6.0,2.0,Crystal Palace,0.61,3.0,3.0,8.0,2.0,57.0,0.0,13.0,7.0,Sunderland,1.71,3.0,1.0,1.0,D,2026-01-17,H,1.1,2.1475409836065573,1.3248259860788862,1757.352239388333,1762.76945717414,-5.417217785806997,1.0966666666666667,1.6733333333333336,10.333333333333334,12.333333333333334,4.666666666666667,4.0,2.153333333333333,0.96,15.0,8.666666666666666,7.333333333333333,2.0,16.0,13.0,11,68
1.0,10.0,1.0,27.0,0.0,7.0,1.0,Burnley,0.4,2.0,9.0,8.0,1.0,73.0,0.0,32.0,11.0,Liverpool,3.18,1.0,0.0,1.0,H,2026-01-17,D,2.7800000000000002,4.521126760563381,2.6974169741697414,1994.8542409456659,1549.692909742844,445.1613312028219,2.266666666666667,0.7200000000000001,21.666666666666668,6.666666666666667,6.333333333333333,2.3333333333333335,2.013333333333333,0.36000000000000004,21.0,5.333333333333333,5.333333333333333,1.6666666666666667,16.0,14.0,68,30
6.0,8.0,0.0,68.0,0.0,7.0,1.0,Manchester City,0.45,3.0,1.0,13.0,2.0,32.0,0.0,11.0,7.0,Manchester Utd,2.27,2.0,0.0,0.0,D,2026-01-17,H,1.82,1.563380281690141,0.4713656387665199,1739.89943343953,2000.0555871302647,-260.15615369073475,1.46,0.93,12.0,11.333333333333334,5.666666666666667,2.6666666666666665,1.2333333333333334,1.38,9.333333333333334,12.333333333333334,4.333333333333333,3.3333333333333335,18.0,16.0,68,68
5.0,17.0,2.0,38.0,0.0,17.0,4.0,West Ham,2.85,3.0,11.0,12.0,1.0,62.0,0.0,21.0,6.0,Tottenham,1.44,5.0,1.0,0.0,A,2026-01-17,A,-1.4100000000000001,1.2339181286549707,1.6299212598425197,1789.5016562986125,1647.3033468244073,142.1983094742052,1.2300000000000002,1.3166666666666667,16.333333333333332,11.666666666666666,5.0,3.6666666666666665,1.8033333333333328,1.36,16.333333333333332,10.0,7.333333333333333,2.3333333333333335,13.0,14.0,68,68
9.0,10.0,0.0,54.0,0.0,15.0,5.0,Brentford,1.52,2.0,3.0,7.0,2.0,46.0,0.0,6.0,2.0,Chelsea,1.59,3.0,0.0,1.0,H,2026-01-17,H,0.07000000000000006,0.40397350993377484,0.8521256931608133,1894.8360852874234,1822.9185183714126,71.91756691601086,2.013333333333334,1.9500000000000002,12.333333333333334,14.333333333333334,2.6666666666666665,6.333333333333333,1.2499999999999998,1.82,9.666666666666666,11.0,3.3333333333333335,6.0,18.0,13.0,68,68
3.0,11.0,0.0,54.0,0.0,8.0,1.0,Fulham,0.39,5.0,7.0,6.0,1.0,46.0,0.0,14.0,5.0,Leeds United,1.43,1.0,0.0,0.0,D,2026-01-17,H,1.04,1.7407407407407407,0.8521256931608133,1712.7993362650259,1840.3307787196475,-127.53144245462158,1.6666666666666667,1.18,15.0,10.666666666666666,5.333333333333333,2.0,1.4233333333333331,1.2566666666666666,12.0,13.333333333333334,3.0,3.3333333333333335,13.0,16.0,30,68
9.0,14.0,0.0,60.0,0.0,15.0,3.0,Arsenal,2.1,1.0,4.0,8.0,0.0,40.0,0.0,6.0,0.0,Nott'ham Forest,0.34,1.0,0.0,0.0,D,2026-01-17,D,-1.76,0.40397350993377484,0.6672212978369384,1714.9753427172018,2031.4490737704036,-316.47373105320185,0.813333333333333,1.6033333333333335,11.333333333333334,14.0,2.6666666666666665,3.6666666666666665,0.6566666666666664,1.7433333333333334,8.666666666666666,13.333333333333334,1.3333333333333333,3.3333333333333335,18.0,14.0,68,68
4.0,13.0,1.0,37.0,0.0,9.0,3.0,Everton,0.51,2.0,6.0,15.0,0.0,63.0,0.0,18.0,5.0,Aston Villa,1.44,1.0,0.0,0.0,D,2026-01-18,A,0.9299999999999999,1.9890109890109893,1.7008086253369272,1853.1627836918879,1726.6995064747496,126.46327721713828,1.5233333333333334,0.91,13.666666666666666,11.333333333333334,4.333333333333333,4.666666666666667,1.4666666666666661,0.8733333333333334,18.333333333333332,11.666666666666666,3.6666666666666665,4.0,15.0,19.0,68,68
7.0,8.0,0.0,67.0,0.0,12.0,2.0,Newcastle Utd,0.94,2.0,4.0,14.0,0.0,33.0,0.0,6.0,2.0,Wolves,0.29,2.0,0.0,0.0,D,2026-01-18,D,-0.6499999999999999,0.5041322314049587,0.49329359165424747,1603.0797539280402,1899.5248972494726,-296.4451433214324,1.1433333333333333,0.8233333333333333,8.666666666666666,8.333333333333334,4.0,2.6666666666666665,0.8833333333333337,1.4766666666666666,10.333333333333334,16.0,3.3333333333333335,4.666666666666667,15.0,19.0,68,68
6.0,6.0,1.0,33.0,0.0,11.0,2.0,Bournemouth,1.29,3.0,11.0,7.0,1.0,67.0,0.0,17.0,5.0,Brighton,1.02,2.0,1.0,0.0,A,2026-01-19,D,-0.27,1.5405405405405408,2.027190332326284,1770.14782868638,1752.0306042874054,18.117224398974713,1.2,0.9899999999999999,16.0,10.0,4.333333333333333,3.6666666666666665,2.3299999999999996,2.3833333333333333,16.333333333333332,16.0,5.0,6.0,16.0,20.0,68,68
6.0,8.0,,46.52,0.0,13.0,4.0,Chelsea,1.64,2.0,3.0,12.0,,60.99,0.0,13.0,6.0,Crystal Palace,1.09,3.0,,,,2026-01-24,,-0.5499999999999998,1.0,1.3103818103818103,1762.76945717414,1894.8360852874234,-132.0666281132835,1.506666666666667,1.7133333333333336,11.666666666666666,15.0,4.333333333333333,4.0,1.1033333333333333,1.96,14.333333333333334,11.666666666666666,4.666666666666667,4.333333333333333,17.0,17.0,69,69
3.0,10.0,,41.07,0.0,8.0,3.0,Sunderland,0.8,2.0,7.0,12.0,,49.42,0.0,15.0,6.0,West Ham,1.57,3.0,,,,2026-01-24,,0.77,1.8641975308641976,1.2028175856205976,1647.3033468244073,1757.352239388333,-110.04889256392562,1.5266666666666664,1.7066666666666668,13.0,12.333333333333334,4.333333333333333,4.666666666666667,1.9966666666666668,0.9866666666666667,15.333333333333334,9.666666666666666,5.666666666666667,3.0,18.0,17.0,69,12
7.0,6.0,,53.52,0.0,14.0,3.0,Leeds United,1.4,1.0,4.0,13.0,,49.88,0.2742,13.0,3.0,Everton,1.37,2.0,,,,2026-01-24,,-0.029999999999999805,0.9290780141843972,0.9321148825065274,1726.6995064747496,1712.7993362650259,13.900170209723683,1.0499999999999998,1.5966666666666665,13.333333333333334,12.666666666666666,3.6666666666666665,4.666666666666667,1.9600000000000002,1.3266666666666664,16.666666666666668,10.666666666666666,5.0,3.6666666666666665,17.0,17.0,69,31
6.0,10.0,,43.76,0.0,15.0,6.0,Tottenham,1.62,1.0,6.0,12.0,,62.33,0.0,12.0,3.0,Burnley,1.16,3.0,,,,2026-01-24,,-0.4600000000000002,0.8013245033112583,1.4233926128590972,1549.692909742844,1789.5016562986125,-239.8087465557685,0.8300000000000001,2.16,11.333333333333334,21.666666666666668,2.6666666666666665,8.333333333333334,1.1166666666666665,1.2433333333333334,10.0,13.333333333333334,2.6666666666666665,4.333333333333333,17.0,17.0,31,69
2.0,12.0,,48.11,0.0,5.0,1.0,Wolves,0.35,2.0,11.0,8.0,,64.12,0.0,22.0,7.0,Manchester City,2.4,1.0,,,,2026-01-24,,2.05,4.333333333333334,1.3320887782617714,2000.0555871302647,1603.0797539280402,396.9758332022245,1.9899999999999995,1.1199999999999999,19.333333333333332,6.333333333333333,5.333333333333333,2.3333333333333335,1.376666666666667,0.7466666666666666,16.666666666666668,9.666666666666666,5.0,3.0,17.0,17.0,69,69
4.0,13.0,,50.03,0.0,11.0,3.0,Brighton,1.01,2.0,5.0,16.0,,50.85,0.0,8.0,2.0,Fulham,1.11,3.0,,,,2026-01-24,,0.10000000000000009,0.7297297297297297,1.016357470576501,1840.3307787196475,1770.14782868638,70.18295003326739,1.0166666666666666,1.59,10.666666666666666,11.666666666666666,3.0,3.6666666666666665,1.9066666666666665,1.7033333333333334,13.333333333333334,11.0,4.0,4.0,17.0,17.0,69,69
5.0,8.0,,45.29,0.0,16.0,7.0,Liverpool,1.98,1.0,9.0,11.0,,48.46,0.0,16.0,4.0,Bournemouth,1.53,2.0,,,,2026-01-24,,-0.44999999999999996,1.0,1.0698391716237057,1752.0306042874054,1994.8542409456659,-242.8236366582605,1.4099999999999995,1.4533333333333334,14.0,14.666666666666666,3.3333333333333335,5.333333333333333,0.9466666666666667,1.22,11.0,11.333333333333334,3.3333333333333335,3.0,17.0,16.0,69,69
4.0,10.0,,44.48,0.112,10.0,4.0,Aston Villa,0.98,2.0,8.0,15.0,,48.55,0.0,16.0,5.0,Newcastle Utd,2.06,2.0,,,,2026-01-24,,1.08,1.5940594059405944,1.0912965455361148,1899.5248972494726,1853.1627836918879,46.362113557584735,2.1900000000000004,1.1900000000000002,15.333333333333334,11.666666666666666,6.666666666666667,3.6666666666666665,2.1999999999999997,1.7466666666666664,16.333333333333332,12.0,5.666666666666667,3.3333333333333335,17.0,17.0,69,69
4.0,10.0,,52.23,0.0,12.0,5.0,Nott'ham Forest,1.25,3.0,8.0,12.0,,53.61,0.0,10.0,4.0,Brentford,1.26,3.0,,,,2026-01-24,,0.010000000000000009,0.8347107438016529,1.0263711064399006,1822.9185183714126,1714.9753427172018,107.94317565421079,1.8066666666666666,1.2766666666666666,11.666666666666666,10.666666666666666,4.0,3.6666666666666665,1.2666666666666664,1.1733333333333333,11.666666666666666,11.666666666666666,3.6666666666666665,5.0,17.0,18.0,69,69
3.0,9.0,,47.08,0.0,17.0,4.0,Manchester Utd,0.97,1.0,10.0,14.0,,58.0,0.0,17.0,6.0,Arsenal,2.02,3.0,,,,2026-01-24,,1.05,1.0,1.231454005934718,2031.4490737704036,1739.89943343953,291.5496403308737,1.876666666666667,1.2666666666666666,16.0,12.0,5.666666666666667,2.3333333333333335,1.0533333333333337,1.7,11.666666666666666,20.666666666666668,3.3333333333333335,5.333333333333333,16.0,17.0,69,69
4.0,7.0,,50.31,0.0,15.0,5.0,Burnley,1.36,1.0,7.0,14.0,,61.18,0.0,15.0,6.0,Sunderland,2.16,3.0,,,,2026-01-31,,0.8,1.0,1.2156318190835151,1757.352239388333,1549.692909742844,207.65932964548892,1.5833333333333333,1.4033333333333333,12.666666666666666,11.666666666666666,5.666666666666667,3.6666666666666665,2.263333333333333,0.6866666666666666,20.666666666666668,9.0,7.0,3.0,14.0,14.0,12,31
4.0,10.0,,48.37,0.0,11.0,2.0,Brentford,1.26,1.0,6.0,11.0,,54.92,0.0,18.0,5.0,Aston Villa,1.73,2.0,,,,2026-01-31,,0.47,1.6306306306306309,1.1351351351351353,1853.1627836918879,1822.9185183714126,30.24426532047528,1.5866666666666667,0.8866666666666667,15.666666666666666,10.0,4.666666666666667,3.3333333333333335,1.403333333333333,1.8133333333333332,12.666666666666666,12.333333333333334,4.333333333333333,4.666666666666667,13.0,14.0,69,69
6.0,7.0,,58.5,0.0,15.0,5.0,West Ham,0.78,1.0,5.0,9.0,,53.91,0.0,22.0,8.0,Chelsea,2.81,2.0,,,,2026-01-31,,2.0300000000000002,1.4635761589403975,0.9216723549488054,1894.8360852874234,1647.3033468244073,247.53273846301613,2.236666666666667,1.8133333333333335,15.0,15.666666666666666,4.333333333333333,5.333333333333333,2.039999999999999,1.2933333333333332,18.0,12.666666666666666,7.333333333333333,3.0,14.0,14.0,69,69
2.0,10.0,,53.67,0.312,6.0,2.0,Everton,0.72,2.0,6.0,10.0,,52.18,0.3213,19.0,6.0,Brighton,1.67,2.0,,,,2026-01-31,,0.95,3.131147540983607,0.9722893806955551,1770.14782868638,1726.6995064747496,43.44832221163051,1.38,0.77,17.0,7.333333333333333,5.0,2.3333333333333335,1.5533333333333328,0.8300000000000001,19.333333333333332,8.666666666666666,5.666666666666667,2.6666666666666665,12.0,13.0,69,69
4.0,9.0,,39.69,0.0,11.0,3.0,Arsenal,1.7,1.0,5.0,11.0,,57.2,0.0,13.0,5.0,Leeds United,1.28,1.0,,,,2026-01-31,,-0.41999999999999993,1.1801801801801801,1.4400603166624781,1712.7993362650259,2031.4490737704036,-318.64973750537774,1.2033333333333334,1.2233333333333334,12.666666666666666,11.333333333333334,4.333333333333333,2.0,1.0166666666666664,1.6433333333333333,11.333333333333334,12.666666666666666,2.6666666666666665,3.6666666666666665,14.0,14.0,31,69
6.0,14.0,,54.56,0.1693,13.0,5.0,Bournemouth,1.56,2.0,7.0,15.0,,44.45,0.6251,13.0,4.0,Wolves,1.12,3.0,,,,2026-01-31,,-0.43999999999999995,1.0,0.8150384193194292,1603.0797539280402,1752.0306042874054,-148.95085035936518,1.0933333333333335,0.9166666666666666,10.0,10.333333333333334,4.666666666666667,2.3333333333333335,1.4833333333333332,1.9966666666666668,15.666666666666666,13.666666666666666,4.0,4.333333333333333,13.0,12.0,69,69
4.0,10.0,,46.32,0.2289,9.0,3.0,Newcastle Utd,1.05,3.0,4.0,18.0,,53.19,0.0,17.0,7.0,Liverpool,3.26,2.0,,,,2026-01-31,,2.21,1.8791208791208793,1.1479965532098233,1994.8542409456659,1899.5248972494726,95.32934369619329,2.84,0.7133333333333333,22.666666666666668,6.666666666666667,7.333333333333333,2.0,1.5466666666666669,1.4333333333333333,12.666666666666666,13.666666666666666,4.333333333333333,4.666666666666667,14.0,13.0,69,69
5.0,14.0,,39.59,0.0,10.0,4.0,Manchester City,1.64,3.0,4.0,14.0,,56.9,0.0,13.0,5.0,Tottenham,2.21,3.0,,,,2026-01-31,,0.5700000000000001,1.297029702970297,1.4361300075585788,1789.5016562986125,2000.0555871302647,-210.55393083165222,1.61,1.6433333333333333,15.666666666666666,12.333333333333334,5.333333333333333,3.6666666666666665,1.7866666666666668,1.4433333333333334,11.333333333333334,10.333333333333334,5.333333333333333,3.0,14.0,14.0,69,69
5.0,9.0,,47.57,0.0,14.0,4.0,Crystal Palace,1.2,2.0,5.0,12.0,,55.89,0.0,15.0,4.0,Nott'ham Forest,1.19,5.0,,,,2026-01-31,,-0.010000000000000009,1.070921985815603,1.1745332494231173,1714.9753427172018,1762.76945717414,-47.79411445693813,1.0266666666666664,1.5199999999999998,14.0,13.333333333333334,3.3333333333333335,3.3333333333333335,1.6599999999999995,0.8366666666666666,13.333333333333334,10.333333333333334,6.0,2.3333333333333335,14.0,14.0,69,69
7.0,8.0,,45.32,0.2048,10.0,3.0,Fulham,1.0,2.0,5.0,8.0,,48.71,0.0,13.0,4.0,Manchester Utd,1.69,1.0,,,,2026-01-31,,0.69,1.297029702970297,1.0746367239101717,1739.89943343953,1840.3307787196475,-100.43134528011751,1.5999999999999999,0.87,13.0,9.333333333333334,5.666666666666667,2.6666666666666665,1.6833333333333333,1.05,12.666666666666666,11.666666666666666,3.6666666666666665,3.0,14.0,14.0,69,69
5.0,9.0,,35.55,0.2339,10.0,5.0,Aston Villa,1.54,3.0,7.0,21.0,,60.15,0.0,12.0,4.0,Bournemouth,1.19,3.0,,,,2026-02-07,,-0.3500000000000001,1.198019801980198,1.6900420757363255,1752.0306042874054,1853.1627836918879,-101.13217940448249,1.3299999999999998,1.59,13.0,14.0,3.6666666666666665,5.333333333333333,1.5833333333333333,1.42,13.0,11.666666666666666,4.666666666666667,4.0,14.0,14.0,70,70
8.0,8.0,,43.69,0.0,16.0,6.0,Chelsea,2.42,2.0,2.0,16.0,,46.09,0.0,9.0,4.0,Wolves,0.91,2.0,,,,2026-02-07,,-1.5099999999999998,0.5652173913043478,1.0548070335693083,1603.0797539280402,1894.8360852874234,-291.75633135938324,0.7733333333333334,1.64,9.333333333333334,13.666666666666666,3.3333333333333335,4.333333333333333,1.0666666666666667,2.15,12.666666666666666,14.333333333333334,5.0,5.333333333333333,7.0,14.0,70,70
4.0,16.0,,43.65,0.0,7.0,3.0,Sunderland,0.77,3.0,6.0,16.0,,62.53,0.0,15.0,5.0,Arsenal,1.42,2.0,,,,2026-02-07,,0.6499999999999999,2.126760563380282,1.4315428571428572,2031.4490737704036,1757.352239388333,274.0968343820707,1.3366666666666671,0.6833333333333332,13.666666666666666,10.666666666666666,5.0,2.3333333333333335,2.0766666666666667,1.0966666666666667,16.0,8.666666666666666,5.666666666666667,3.0,14.0,14.0,70,13
7.0,11.0,,41.76,0.0,15.0,6.0,Tottenham,2.26,2.0,5.0,14.0,,59.99,0.1421,14.0,5.0,Manchester Utd,1.4,3.0,,,,2026-02-07,,-0.8599999999999999,0.9337748344370861,1.4354992833253704,1739.89943343953,1789.5016562986125,-49.60222285908253,1.7866666666666664,1.2366666666666666,12.666666666666666,10.666666666666666,5.333333333333333,3.3333333333333335,1.2766666666666664,1.71,12.333333333333334,15.333333333333334,3.6666666666666665,5.333333333333333,7.0,14.0,70,70
4.0,11.0,,50.87,0.0,10.0,3.0,Nott'ham Forest,1.32,3.0,5.0,11.0,,52.59,0.0428,14.0,4.0,Leeds United,1.33,1.0,,,,2026-02-07,,0.010000000000000009,1.396039603960396,1.0337453403963117,1712.7993362650259,1714.9753427172018,-2.1760064521758977,1.3466666666666667,1.1366666666666667,13.666666666666666,9.666666666666666,4.666666666666667,2.3333333333333335,1.1799999999999997,1.3166666666666667,12.666666666666666,11.666666666666666,3.6666666666666665,4.333333333333333,7.0,14.0,32,70
4.0,10.0,,45.91,0.3987,8.0,3.0,Crystal Palace,0.66,2.0,6.0,11.0,,54.49,0.1352,13.0,5.0,Brighton,1.17,4.0,,,,2026-02-07,,0.5099999999999999,1.617283950617284,1.1864811997391873,1770.14782868638,1762.76945717414,7.3783715122401645,1.2866666666666664,0.8900000000000001,16.333333333333332,8.333333333333334,5.333333333333333,2.3333333333333335,1.3566666666666662,0.8233333333333334,13.666666666666666,9.333333333333334,5.333333333333333,3.0,7.0,7.0,70,70
4.0,10.0,,42.13,0.0,17.0,4.0,West Ham,1.86,2.0,5.0,12.0,,66.05,0.0,19.0,7.0,Burnley,1.51,2.0,,,,2026-02-07,,-0.3500000000000001,1.1169590643274854,1.5664219748993602,1549.692909742844,1647.3033468244073,-97.6104370815633,0.9700000000000001,2.0100000000000002,12.666666666666666,20.666666666666668,3.6666666666666665,6.666666666666667,1.919999999999999,1.83,20.666666666666668,16.333333333333332,7.0,4.333333333333333,14.0,7.0,32,70
6.0,10.0,,43.9,0.0,12.0,4.0,Manchester City,0.95,1.0,8.0,8.0,,59.1,0.0,16.0,5.0,Liverpool,1.98,1.0,,,,2026-02-07,,1.03,1.3305785123966944,1.3454545454545455,1994.8542409456659,2000.0555871302647,-5.201346184598833,2.8066666666666666,0.7999999999999999,21.666666666666668,9.333333333333334,7.666666666666667,2.6666666666666665,2.1533333333333338,1.013333333333333,13.333333333333334,9.666666666666666,5.666666666666667,3.0,7.0,7.0,70,70
5.0,14.0,,49.8,0.0,11.0,5.0,Brentford,1.73,1.0,3.0,12.0,,54.34,0.0,14.0,4.0,Newcastle Utd,2.13,2.0,,,,2026-02-07,,0.3999999999999999,1.2702702702702702,1.0909819639278557,1899.5248972494726,1822.9185183714126,76.60637887806001,2.206666666666667,1.5333333333333332,16.0,11.666666666666666,5.666666666666667,5.0,1.8166666666666664,1.5033333333333332,12.666666666666666,12.333333333333334,3.6666666666666665,4.0,14.0,7.0,70,70
5.0,10.0,,46.27,0.0,12.0,4.0,Everton,1.01,1.0,6.0,13.0,,48.12,0.0,16.0,6.0,Fulham,1.1,1.0,,,,2026-02-07,,0.09000000000000008,1.3305785123966944,1.0398964847962042,1840.3307787196475,1726.6995064747496,113.6312722448979,1.1366666666666667,1.47,13.333333333333334,12.333333333333334,4.333333333333333,4.333333333333333,1.4033333333333327,0.7466666666666667,17.666666666666668,9.0,5.666666666666667,3.0,14.0,7.0,70,70
9.0,12.0,,52.66,0.0145,12.0,5.0,Newcastle Utd,1.89,2.0,9.0,9.0,,51.59,0.0,12.0,3.0,Tottenham,1.0,3.0,,,,2026-02-11,,-0.8899999999999999,1.0,0.9797194844579228,1789.5016562986125,1899.5248972494726,-110.0232409508601,1.55,2.126666666666667,15.333333333333334,13.0,4.666666666666667,4.333333333333333,1.5166666666666668,1.2933333333333332,11.666666666666666,11.0,4.0,3.3333333333333335,11.0,11.0,70,70
5.0,7.0,,49.26,0.0,16.0,4.0,Manchester Utd,1.49,1.0,6.0,8.0,,49.61,0.0,13.0,4.0,West Ham,1.98,2.0,,,,2026-02-11,,0.49,0.8136645962732918,1.0070907617504052,1647.3033468244073,1739.89943343953,-92.59608661512266,1.4999999999999998,1.2233333333333334,14.0,12.333333333333334,4.333333333333333,4.0,1.4133333333333333,1.67,12.333333333333334,21.0,3.6666666666666665,6.0,18.0,18.0,70,70
2.0,14.0,,48.46,0.0,10.0,3.0,Wolves,0.98,2.0,8.0,14.0,,61.53,0.0,11.0,6.0,Nott'ham Forest,1.82,3.0,,,,2026-02-11,,0.8400000000000001,1.099009900990099,1.2691515650741352,1714.9753427172018,1603.0797539280402,111.8955887891616,1.1166666666666665,1.4266666666666667,10.666666666666666,13.0,3.3333333333333335,3.3333333333333335,1.7033333333333334,0.6866666666666666,15.333333333333334,9.333333333333334,5.0,2.6666666666666665,11.0,18.0,70,70
3.0,10.0,,49.89,0.2127,10.0,4.0,Fulham,1.3,1.0,8.0,8.0,,57.84,0.0,22.0,7.0,Manchester City,3.05,1.0,,,,2026-02-11,,1.7499999999999998,2.1881188118811883,1.1590318063612723,2000.0555871302647,1840.3307787196475,159.72480841061724,2.666666666666666,0.9366666666666666,22.0,7.0,6.666666666666667,2.6666666666666665,2.0566666666666666,0.8966666666666666,16.333333333333332,9.333333333333334,5.333333333333333,2.6666666666666665,18.0,11.0,70,70
6.0,7.0,,54.88,0.2386,14.0,4.0,Burnley,1.01,0.0,7.0,14.0,,54.05,0.0,12.0,6.0,Crystal Palace,1.12,3.0,,,,2026-02-11,,0.1100000000000001,0.8581560283687943,0.984903601309567,1762.76945717414,1549.692909742844,213.07654743129592,1.236666666666667,1.4633333333333332,12.0,14.0,5.666666666666667,3.6666666666666665,2.1533333333333333,0.9233333333333335,19.666666666666668,12.0,7.666666666666667,3.3333333333333335,18.0,11.0,70,32
4.0,11.0,,45.87,0.0,12.0,5.0,Brighton,1.62,2.0,8.0,14.0,,61.08,0.0,11.0,6.0,Aston Villa,1.83,2.0,,,,2026-02-11,,0.20999999999999996,0.9173553719008264,1.330867957363498,1853.1627836918879,1770.14782868638,83.01495500550777,1.6666666666666667,1.1300000000000001,15.666666666666666,10.666666666666666,5.333333333333333,3.3333333333333335,1.83,1.2633333333333334,13.666666666666666,9.666666666666666,4.666666666666667,3.6666666666666665,11.0,18.0,70,70
5.0,10.0,,44.9,0.0,10.0,5.0,Leeds United,1.46,0.0,5.0,15.0,,70.91,0.2488,16.0,5.0,Chelsea,1.44,2.0,,,,2026-02-11,,-0.020000000000000018,1.5940594059405944,1.5779999999999998,1894.8360852874234,1712.7993362650259,182.03674902239754,1.946666666666667,1.2533333333333332,14.666666666666666,13.333333333333334,5.0,5.0,1.7466666666666668,1.5833333333333333,15.666666666666666,12.666666666666666,5.333333333333333,4.666666666666667,11.0,18.0,70,32
4.0,10.0,,47.57,0.0273,12.0,5.0,Liverpool,1.28,1.0,8.0,13.0,,52.48,0.0,16.0,6.0,Sunderland,1.45,1.0,,,,2026-02-11,,0.16999999999999993,1.3305785123966944,1.1029997902244597,1757.352239388333,1994.8542409456659,-237.50200155733296,1.7733333333333334,1.0833333333333333,14.666666666666666,11.0,6.333333333333333,4.0,1.1833333333333333,1.1900000000000002,13.666666666666666,12.0,4.666666666666667,4.0,11.0,18.0,13,70
5.0,10.0,,44.81,0.0,12.0,5.0,Bournemouth,1.34,1.0,9.0,14.0,,56.41,0.0521,14.0,3.0,Everton,1.59,2.0,,,,2026-02-11,,0.25,1.1652892561983472,1.2582943665107993,1726.6995064747496,1752.0306042874054,-25.3310978126558,1.2833333333333332,1.1566666666666665,13.333333333333334,13.0,2.6666666666666665,4.0,1.2433333333333332,1.3966666666666667,14.666666666666666,12.0,4.0,4.0,18.0,11.0,70,70
6.0,8.0,,40.41,0.0,14.0,3.0,Arsenal,1.46,1.0,6.0,13.0,,56.85,0.0,8.0,3.0,Brentford,0.66,2.0,,,,2026-02-11,,-0.7999999999999999,0.5744680851063829,1.4058257220439399,1822.9185183714126,2031.4490737704036,-208.53055539899105,1.72,1.4766666666666666,12.0,12.333333333333334,4.333333333333333,3.6666666666666665,0.7599999999999998,1.7533333333333332,9.0,13.333333333333334,2.6666666666666665,3.0,18.0,11.0,70,70
5.0,7.0,,43.8,0.0506,14.0,4.0,Fulham,1.42,3.0,6.0,18.0,,58.15,0.0,13.0,6.0,Sunderland,1.48,3.0,,,,2026-02-21,,0.06000000000000005,0.9290780141843972,1.326879271070615,1757.352239388333,1840.3307787196475,-82.97853933131455,1.6966666666666665,1.3533333333333333,14.666666666666666,13.666666666666666,6.0,4.666666666666667,2.0733333333333337,1.24,16.0,11.333333333333334,5.666666666666667,3.6666666666666665,10.0,10.0,14,71
5.0,13.0,,49.65,0.107,13.0,3.0,Leeds United,1.66,3.0,5.0,18.0,,61.86,0.0,17.0,7.0,Aston Villa,1.7,2.0,,,,2026-02-21,,0.040000000000000036,1.3053435114503817,1.245427135678392,1853.1627836918879,1712.7993362650259,140.36344742686197,1.7533333333333332,1.5133333333333334,15.333333333333334,12.0,6.0,3.3333333333333335,1.5033333333333332,1.5066666666666666,15.333333333333334,12.333333333333334,5.0,3.6666666666666665,10.0,10.0,71,33
5.0,10.0,,49.87,0.0308,15.0,5.0,Manchester Utd,1.33,1.0,5.0,11.0,,51.39,0.238,14.0,5.0,Everton,1.43,2.0,,,,2026-02-21,,0.09999999999999987,0.9337748344370861,1.0304182509505704,1726.6995064747496,1739.89943343953,-13.199926964780389,1.4633333333333332,1.3566666666666665,13.666666666666666,13.666666666666666,3.6666666666666665,4.333333333333333,1.8100000000000003,1.2633333333333334,14.666666666666666,16.0,5.0,4.333333333333333,10.0,10.0,71,71
5.0,8.0,,51.48,0.1536,14.0,4.0,Burnley,1.13,2.0,7.0,14.0,,59.99,0.0,24.0,8.0,Chelsea,3.32,3.0,,,,2026-02-21,,2.19,1.7092198581560285,1.1649864288483909,1894.8360852874234,1549.692909742844,345.14317554457944,2.5233333333333334,1.1233333333333333,20.666666666666668,13.0,7.0,4.666666666666667,2.1999999999999997,1.1666666666666667,17.0,14.333333333333334,6.666666666666667,4.333333333333333,10.0,10.0,71,33
4.0,13.0,,35.69,0.0436,8.0,3.0,Newcastle Utd,1.51,1.0,9.0,9.0,,70.28,0.0,18.0,7.0,Manchester City,2.33,3.0,,,,2026-02-21,,0.8200000000000001,2.234567901234568,1.9664710813076278,2000.0555871302647,1899.5248972494726,100.53068988079212,2.5933333333333324,1.0533333333333335,20.666666666666668,7.666666666666667,7.0,2.6666666666666665,2.1966666666666668,1.4833333333333332,15.666666666666666,9.666666666666666,5.666666666666667,3.6666666666666665,10.0,10.0,71,71
5.0,11.0,,47.08,0.0306,11.0,5.0,Wolves,1.63,2.0,4.0,9.0,,53.0,0.2753,14.0,6.0,Crystal Palace,1.9,2.0,,,,2026-02-21,,0.27,1.2702702702702702,1.1254768969902502,1762.76945717414,1603.0797539280402,159.68970324609973,1.3700000000000003,1.4266666666666665,13.0,12.666666666666666,6.0,4.333333333333333,2.0400000000000005,0.9866666666666667,15.666666666666666,8.666666666666666,6.333333333333333,3.0,10.0,10.0,71,71
8.0,8.0,,54.14,0.0156,15.0,6.0,Bournemouth,2.3,2.0,5.0,11.0,,47.91,0.0,11.0,4.0,West Ham,1.77,1.0,,,,2026-02-21,,-0.5299999999999998,0.7350993377483444,0.8851401179941002,1647.3033468244073,1752.0306042874054,-104.72725746299807,1.7733333333333328,1.53,13.0,13.0,4.666666666666667,4.333333333333333,1.4933333333333332,1.7333333333333334,12.666666666666666,13.333333333333334,3.6666666666666665,5.333333333333333,10.0,10.0,71,71
8.0,14.0,,56.98,0.0241,20.0,4.0,Liverpool,1.42,2.0,4.0,10.0,,45.34,0.0,11.0,4.0,Nott'ham Forest,0.86,3.0,,,,2026-02-21,,-0.5599999999999999,0.5522388059701492,0.7960756832515768,1714.9753427172018,1994.8542409456659,-279.8788982284641,1.2899999999999998,1.2,12.333333333333334,14.666666666666666,4.666666666666667,3.6666666666666665,1.28,1.5599999999999998,14.333333333333334,16.0,4.666666666666667,5.333333333333333,10.0,10.0,71,71
6.0,12.0,,40.16,0.0,12.0,4.0,Arsenal,1.19,2.0,6.0,14.0,,55.01,0.0,10.0,3.0,Tottenham,1.47,2.0,,,,2026-02-21,,0.28,0.8347107438016529,1.3688524590163935,1789.5016562986125,2031.4490737704036,-241.94741747179114,1.5600000000000003,1.5733333333333333,11.666666666666666,11.333333333333334,3.6666666666666665,4.333333333333333,1.1366666666666665,1.45,10.333333333333334,12.333333333333334,3.6666666666666665,3.3333333333333335,10.0,10.0,71,71
5.0,9.0,,58.42,0.1208,17.0,4.0,Brighton,0.93,2.0,4.0,9.0,,48.22,0.0,11.0,5.0,Brentford,1.72,3.0,,,,2026-02-21,,0.7899999999999999,0.6491228070175438,0.8257006151742994,1822.9185183714126,1770.14782868638,52.770689685032494,1.2133333333333334,1.2133333333333332,9.666666666666666,14.333333333333334,4.0,4.0,1.5533333333333335,1.1866666666666668,10.0,13.333333333333334,4.333333333333333,4.0,10.0,10.0,71,71
5.0,10.0,,45.48,0.054,15.0,6.0,Manchester City,2.01,2.0,3.0,18.0,,54.32,0.0705,11.0,4.0,Leeds United,0.88,2.0,,,,2026-02-28,,-1.13,0.7350993377483444,1.1939447125932428,1712.7993362650259,2000.0555871302647,-287.2562508652388,1.1633333333333333,1.6766666666666665,12.666666666666666,12.0,4.333333333333333,4.0,1.6900000000000002,1.533333333333333,13.333333333333334,12.333333333333334,4.666666666666667,4.666666666666667,21.0,21.0,33,71
3.0,9.0,,50.61,0.0,12.0,3.0,Everton,0.96,1.0,9.0,9.0,,57.28,0.0,17.0,6.0,Newcastle Utd,2.17,1.0,,,,2026-02-28,,1.21,1.413223140495868,1.1315322421613094,1899.5248972494726,1726.6995064747496,172.82539077472302,2.1200000000000006,1.2233333333333334,15.666666666666666,11.0,5.0,4.0,1.6466666666666658,0.8966666666666666,17.333333333333332,10.0,6.0,3.0,21.0,21.0,71,71
4.0,13.0,,40.55,0.0519,12.0,4.0,Crystal Palace,1.75,2.0,6.0,13.0,,58.02,0.0287,13.0,4.0,Manchester Utd,1.25,2.0,,,,2026-02-28,,-0.5,1.0826446280991735,1.4297662976629768,1739.89943343953,1762.76945717414,-22.87002373460996,1.4466666666666665,1.67,13.333333333333334,12.333333333333334,4.333333333333333,4.333333333333333,1.203333333333333,1.2033333333333334,13.666666666666666,11.333333333333334,4.333333333333333,3.6666666666666665,21.0,21.0,71,71
5.0,9.0,,48.91,0.0,11.0,4.0,Tottenham,1.2,1.0,5.0,11.0,,50.72,0.2297,15.0,6.0,Fulham,1.48,2.0,,,,2026-02-28,,0.28,1.3603603603603605,1.0369312385227505,1840.3307787196475,1789.5016562986125,50.82912242103498,1.2300000000000002,1.0733333333333333,13.0,11.333333333333334,4.666666666666667,3.6666666666666665,1.3466666666666665,1.6933333333333334,13.666666666666666,13.666666666666666,4.666666666666667,5.333333333333333,21.0,21.0,71,71
4.0,12.0,,42.58,0.1211,12.0,5.0,Brentford,1.88,2.0,6.0,9.0,,61.76,0.1422,12.0,4.0,Burnley,1.49,3.0,,,,2026-02-28,,-0.3899999999999999,1.0,1.4493908153701969,1549.692909742844,1822.9185183714126,-273.2256086285686,1.3866666666666667,1.7866666666666668,14.333333333333334,14.666666666666666,4.666666666666667,5.0,1.7833333333333332,1.6233333333333333,14.666666666666666,11.333333333333334,4.333333333333333,4.0,21.0,21.0,33,71
5.0,10.0,,54.6,0.1828,11.0,4.0,Nott'ham Forest,1.35,2.0,6.0,18.0,,47.55,0.0278,14.0,6.0,Brighton,1.27,3.0,,,,2026-02-28,,-0.08000000000000007,1.2702702702702702,0.8711151736745886,1770.14782868638,1714.9753427172018,55.1724859691783,1.37,0.9100000000000001,15.333333333333334,8.333333333333334,5.666666666666667,3.0,1.2866666666666664,1.3066666666666666,12.666666666666666,11.0,4.666666666666667,4.0,21.0,21.0,71,71
4.0,15.0,,39.03,0.0968,12.0,3.0,Chelsea,1.23,2.0,5.0,13.0,,67.63,0.0,16.0,6.0,Arsenal,1.95,4.0,,,,2026-02-28,,0.72,1.3305785123966944,1.730897009966777,2031.4490737704036,1894.8360852874234,136.6129884829802,1.796666666666667,0.9899999999999999,16.0,12.0,5.666666666666667,3.3333333333333335,1.3166666666666664,1.763333333333333,12.666666666666666,13.666666666666666,5.333333333333333,4.333333333333333,21.0,21.0,71,71
5.0,6.0,,44.13,0.0566,10.0,3.0,West Ham,0.76,1.0,8.0,15.0,,67.61,0.0,21.0,9.0,Liverpool,2.1,1.0,,,,2026-02-28,,1.34,2.089108910891089,1.5308614062853265,1994.8542409456659,1647.3033468244073,347.5508941212586,2.4466666666666668,0.9199999999999999,18.0,10.333333333333334,7.0,3.3333333333333335,2.1399999999999992,1.1333333333333335,20.666666666666668,14.0,8.0,4.0,21.0,21.0,71,71
5.0,8.0,,40.98,0.0237,10.0,5.0,Sunderland,0.96,4.0,7.0,11.0,,54.42,0.0374,12.0,5.0,Bournemouth,1.74,4.0,,,,2026-02-28,,0.78,1.198019801980198,1.3271665043816945,1752.0306042874054,1757.352239388333,-5.321635100927551,1.4866666666666664,1.4933333333333334,13.333333333333334,12.0,4.333333333333333,5.666666666666667,1.5766666666666669,0.8433333333333334,14.0,8.333333333333334,5.333333333333333,3.6666666666666665,21.0,21.0,71,14
6.0,9.0,,44.3,0.0276,8.0,4.0,Aston Villa,0.89,2.0,4.0,19.0,,44.02,0.0,9.0,4.0,Wolves,1.45,4.0,,,,2026-02-28,,0.5599999999999999,1.123456790123457,0.9936936936936939,1603.0797539280402,1853.1627836918879,-250.08302976384766,1.16,1.6233333333333333,10.333333333333334,12.333333333333334,4.0,5.0,1.5666666666666667,1.1366666666666665,12.333333333333334,9.333333333333334,4.333333333333333,4.333333333333333,21.0,21.0,71,71
4.0,13.0,,47.22,0.0,14.0,4.0,Manchester Utd,1.17,2.0,9.0,10.0,,52.35,0.0,15.0,6.0,Newcastle Utd,1.89,2.0,,,,2026-03-04,,0.72,1.070921985815603,1.1084108199492815,1899.5248972494726,1739.89943343953,159.62546380994263,2.0633333333333335,1.2866666666666664,15.333333333333334,12.333333333333334,5.333333333333333,4.0,1.7666666666666668,1.33,14.0,15.0,5.0,4.333333333333333,4.0,11.0,72,72
5.0,10.0,,47.35,0.3225,12.0,6.0,Arsenal,2.09,2.0,6.0,14.0,,52.36,0.0,15.0,4.0,Brighton,1.43,3.0,,,,2026-03-04,,-0.6599999999999999,1.2479338842975207,1.1055848261327712,1770.14782868638,2031.4490737704036,-261.30124508402355,1.29,1.366666666666667,14.0,10.333333333333334,5.0,4.333333333333333,1.1866666666666663,1.5799999999999998,11.0,12.666666666666666,3.3333333333333335,4.333333333333333,4.0,11.0,72,72
4.0,13.0,,51.44,0.0295,11.0,4.0,Crystal Palace,1.22,2.0,7.0,9.0,,57.4,0.0,9.0,3.0,Tottenham,1.15,2.0,,,,2026-03-04,,-0.07000000000000006,0.8198198198198198,1.1156383391540552,1789.5016562986125,1762.76945717414,26.732199124472572,1.2066666666666668,1.4333333333333333,10.333333333333334,11.666666666666666,3.0,4.333333333333333,1.1899999999999997,1.21,11.666666666666666,10.333333333333334,4.0,3.6666666666666665,11.0,4.0,72,72
6.0,10.0,,43.72,0.0043,15.0,6.0,Liverpool,2.24,1.0,4.0,16.0,,53.76,0.0862,10.0,4.0,Wolves,1.45,3.0,,,,2026-03-04,,-0.7900000000000003,0.6688741721854304,1.2291191236878138,1603.0797539280402,1994.8542409456659,-391.7744870176257,1.2699999999999998,1.8500000000000003,9.333333333333334,13.0,4.0,5.333333333333333,1.2533333333333334,1.6466666666666665,12.333333333333334,15.666666666666666,4.666666666666667,5.0,4.0,11.0,72,72
5.0,7.0,,45.63,0.0,10.0,5.0,Brentford,1.26,2.0,8.0,12.0,,53.47,0.0078,16.0,5.0,Bournemouth,1.83,4.0,,,,2026-03-04,,0.5700000000000001,1.5940594059405944,1.171441067133173,1752.0306042874054,1822.9185183714126,-70.8879140840072,1.5866666666666662,1.2533333333333332,13.333333333333334,10.0,4.666666666666667,5.0,1.8166666666666664,1.6233333333333333,14.0,11.0,4.333333333333333,5.0,4.0,4.0,72,72
3.0,7.0,,38.03,0.0232,9.0,4.0,Sunderland,0.9,2.0,8.0,14.0,,65.29,0.0863,20.0,5.0,Leeds United,1.53,2.0,,,,2026-03-04,,0.63,2.208791208791209,1.7149226330972986,1712.7993362650259,1757.352239388333,-44.55290312330703,1.2466666666666666,1.4100000000000001,15.0,11.333333333333334,4.333333333333333,4.333333333333333,1.5633333333333332,0.8766666666666666,15.666666666666666,8.666666666666666,5.0,4.0,4.0,4.0,34,15
3.0,9.0,,41.07,0.0,12.0,3.0,Nott'ham Forest,0.99,1.0,5.0,10.0,,75.57,0.0,18.0,6.0,Manchester City,2.14,1.0,,,,2026-03-04,,1.1500000000000001,1.4958677685950414,1.8379888268156421,2000.0555871302647,1714.9753427172018,285.0802444130629,2.5066666666666664,1.2666666666666666,19.333333333333332,10.0,6.666666666666667,3.3333333333333335,1.5799999999999998,1.22,15.333333333333334,11.0,5.333333333333333,3.3333333333333335,11.0,4.0,72,72
3.0,10.0,,50.72,0.0,11.0,3.0,West Ham,1.27,2.0,5.0,15.0,,55.01,0.0,23.0,6.0,Fulham,2.85,2.0,,,,2026-03-04,,1.58,2.081081081081081,1.0844155844155845,1840.3307787196475,1647.3033468244073,193.02743189524017,1.8099999999999998,1.1600000000000001,18.0,11.333333333333334,6.0,3.6666666666666665,2.1533333333333324,1.2966666666666666,21.0,12.666666666666666,7.333333333333333,3.3333333333333335,4.0,4.0,72,72
6.0,9.0,,52.66,0.3848,14.0,2.0,Burnley,1.25,1.0,8.0,7.0,,61.56,0.0587,14.0,5.0,Everton,1.42,3.0,,,,2026-03-04,,0.16999999999999993,1.0,1.1686884003032603,1726.6995064747496,1549.692909742844,177.00659673190557,1.4799999999999998,1.3066666666666666,14.0,13.666666666666666,4.333333333333333,4.0,1.9533333333333331,1.13,16.666666666666668,14.0,6.333333333333333,3.3333333333333335,11.0,11.0,72,34
4.0,13.0,,45.1,0.0,12.0,5.0,Chelsea,1.9,3.0,5.0,10.0,,54.28,0.0,12.0,5.0,Aston Villa,1.65,3.0,,,,2026-03-04,,-0.25,1.0,1.2030973451327434,1853.1627836918879,1894.8360852874234,-41.67330159553558,1.7266666666666666,1.7266666666666666,13.333333333333334,12.333333333333334,6.0,4.333333333333333,1.5033333333333332,1.8499999999999996,12.333333333333334,13.333333333333334,5.0,4.666666666666667,11.0,4.0,72,72
4.0,9.0,,47.75,0.1892,9.0,5.0,Tottenham,1.1,1.0,7.0,12.0,,61.81,0.0,20.0,10.0,Liverpool,2.87,2.0,,,,2026-03-14,,1.77,2.208791208791209,1.2938349007314525,1994.8542409456659,1789.5016562986125,205.3525846470534,2.316666666666667,0.9366666666666665,19.0,10.333333333333334,8.0,4.0,1.9166666666666663,1.5199999999999998,16.333333333333332,11.666666666666666,7.0,5.0,14.0,14.0,72,72
3.0,11.0,,47.89,0.0069,6.0,2.0,Everton,0.68,3.0,8.0,8.0,,52.12,0.0,15.0,5.0,Arsenal,2.6,3.0,,,,2026-03-14,,1.92,2.475409836065574,1.0881433632006667,2031.4490737704036,1726.6995064747496,304.74956729565406,1.9900000000000002,0.8933333333333334,15.333333333333334,8.333333333333334,5.333333333333333,2.6666666666666665,1.956666666666666,0.8833333333333333,16.0,10.0,5.666666666666667,3.0,14.0,14.0,72,72
6.0,9.0,,55.61,0.0066,15.0,4.0,Wolves,0.99,3.0,6.0,11.0,,57.34,0.0,16.0,8.0,Brentford,2.28,2.0,,,,2026-03-14,,1.2899999999999998,1.066225165562914,1.0310536707951894,1822.9185183714126,1603.0797539280402,219.83876444337238,1.5533333333333335,1.1266666666666665,11.666666666666666,15.333333333333334,5.333333333333333,3.6666666666666665,2.0,1.2,13.666666666666666,12.0,6.666666666666667,4.0,21.0,21.0,72,72
4.0,13.0,,47.41,0.0081,11.0,4.0,Newcastle Utd,1.71,2.0,4.0,16.0,,53.15,0.2106,13.0,6.0,Chelsea,1.39,4.0,,,,2026-03-14,,-0.32000000000000006,1.1801801801801801,1.1208166701747002,1894.8360852874234,1899.5248972494726,-4.688811962049158,2.0500000000000003,1.4333333333333333,17.666666666666668,11.666666666666666,6.333333333333333,4.333333333333333,1.5733333333333335,1.7033333333333331,14.333333333333334,10.333333333333334,5.333333333333333,4.0,21.0,21.0,72,72
6.0,6.0,,40.62,0.0039,13.0,8.0,Manchester City,1.81,1.0,2.0,14.0,,50.22,0.0,10.0,3.0,West Ham,0.95,2.0,,,,2026-03-14,,-0.8600000000000001,0.7709923664122137,1.2357563850687623,1647.3033468244073,2000.0555871302647,-352.7522403058574,1.5666666666666664,1.8666666666666665,11.333333333333334,14.666666666666666,3.6666666666666665,6.0,1.27,1.5899999999999999,12.333333333333334,13.333333333333334,4.0,6.0,21.0,14.0,72,72
5.0,6.0,,48.34,0.0102,17.0,4.0,Fulham,1.51,2.0,4.0,10.0,,46.72,0.0,12.0,2.0,Nott'ham Forest,0.77,2.0,,,,2026-03-14,,-0.74,0.7076023391812865,0.9665565648224607,1714.9753427172018,1840.3307787196475,-125.35543600244569,1.1499999999999997,1.3033333333333332,11.333333333333334,15.666666666666666,4.0,3.6666666666666665,1.7666666666666666,1.41,15.666666666666666,13.666666666666666,5.0,4.0,21.0,21.0,72,72
5.0,11.0,,47.05,0.0288,10.0,6.0,Leeds United,1.59,2.0,5.0,11.0,,53.7,0.0493,14.0,6.0,Crystal Palace,2.06,2.0,,,,2026-03-14,,0.47,1.396039603960396,1.1410392364793214,1762.76945717414,1712.7993362650259,49.97012090911403,1.6933333333333336,1.4100000000000001,13.333333333333334,11.666666666666666,6.0,5.0,1.7333333333333332,1.57,15.666666666666666,11.0,6.0,4.666666666666667,21.0,21.0,72,34
5.0,9.0,,48.48,0.204,12.0,4.0,Aston Villa,1.21,2.0,4.0,10.0,,47.46,0.0718,17.0,7.0,Manchester Utd,1.82,3.0,,,,2026-03-14,,0.6100000000000001,1.413223140495868,0.9790037052284891,1739.89943343953,1853.1627836918879,-113.2633502523579,1.49,1.74,14.666666666666666,13.0,5.333333333333333,4.666666666666667,1.4866666666666666,1.2133333333333332,12.666666666666666,10.0,5.0,4.333333333333333,14.0,14.0,72,72
6.0,8.0,,42.94,0.0043,11.0,4.0,Bournemouth,1.27,3.0,6.0,13.0,,54.23,0.0235,11.0,5.0,Burnley,1.62,3.0,,,,2026-03-14,,0.3500000000000001,1.0,1.262314126394052,1549.692909742844,1752.0306042874054,-202.33769454456137,1.54,1.67,14.0,13.333333333333334,5.333333333333333,4.333333333333333,1.66,1.6366666666666667,12.0,12.666666666666666,4.0,5.0,14.0,21.0,34,72
5.0,11.0,,50.56,0.1596,14.0,4.0,Brighton,1.47,1.0,6.0,16.0,,51.98,0.0253,16.0,6.0,Sunderland,1.57,2.0,,,,2026-03-14,,0.10000000000000009,1.1418439716312059,1.0280300039478878,1757.352239388333,1770.14782868638,-12.795589298047162,1.5,1.39,15.0,13.333333333333334,6.0,4.333333333333333,1.7066666666666668,1.3399999999999999,12.666666666666666,14.333333333333334,5.666666666666667,4.333333333333333,21.0,21.0,15,72
2.0,10.0,,51.64,0.025,11.0,4.0,Nott'ham Forest,1.28,2.0,6.0,14.0,,56.68,0.5277,15.0,5.0,Tottenham,1.36,2.0,,,,2026-03-21,,0.08000000000000007,1.3603603603603605,1.0974101275608814,1789.5016562986125,1714.9753427172018,74.5263135814107,1.3266666666666669,1.23,11.333333333333334,11.333333333333334,3.6666666666666665,4.0,1.5899999999999999,1.2066666666666668,15.666666666666666,11.333333333333334,5.666666666666667,3.6666666666666665,17.0,17.0,73,73
5.0,14.0,,41.81,0.0064,14.0,3.0,West Ham,1.31,2.0,6.0,13.0,,63.18,-0.0,12.0,4.0,Aston Villa,1.41,3.0,,,,2026-03-21,,0.09999999999999987,0.8581560283687943,1.509902171319494,1853.1627836918879,1647.3033468244073,205.85943686748055,1.5866666666666667,1.6233333333333333,13.666666666666666,13.0,5.333333333333333,3.6666666666666665,2.119999999999999,1.1133333333333333,18.666666666666668,11.666666666666666,6.333333333333333,3.0,17.0,17.0,73,73
5.0,10.0,,50.01,0.0417,14.0,4.0,Burnley,1.4,2.0,8.0,11.0,,59.35,0.0506,19.0,7.0,Fulham,2.22,2.0,,,,2026-03-21,,0.8200000000000003,1.3546099290780143,1.18638994212732,1840.3307787196475,1549.692909742844,290.6378689768035,2.1833333333333336,1.29,19.0,12.0,6.333333333333333,3.6666666666666665,2.32,1.26,19.0,14.0,6.666666666666667,3.3333333333333335,17.0,17.0,73,35
2.0,11.0,,46.01,0.0259,10.0,5.0,Brentford,1.25,2.0,4.0,16.0,,52.49,0.03,15.0,4.0,Leeds United,1.5,2.0,,,,2026-03-21,,0.25,1.495049504950495,1.14053350683149,1712.7993362650259,1822.9185183714126,-110.11918210638669,1.3033333333333335,1.3866666666666667,15.333333333333334,11.333333333333334,4.333333333333333,5.0,1.6066666666666665,1.4633333333333332,14.333333333333334,10.666666666666666,4.333333333333333,5.0,17.0,17.0,35,73
5.0,10.0,,42.75,0.0069,18.0,5.0,Liverpool,1.52,2.0,5.0,11.0,,50.57,0.0078,16.0,5.0,Brighton,1.48,2.0,,,,2026-03-21,,-0.040000000000000036,0.8895027624309393,1.1824970828471413,1770.14782868638,1994.8542409456659,-224.7064122592858,1.3933333333333333,1.6533333333333335,15.0,13.666666666666666,5.0,5.0,1.2633333333333334,1.7266666666666666,12.333333333333334,17.666666666666668,4.333333333333333,5.0,17.0,17.0,73,73
4.0,8.0,,43.56,0.028,10.0,3.0,Sunderland,0.88,3.0,6.0,16.0,,54.9,0.0437,14.0,5.0,Newcastle Utd,1.49,3.0,,,,2026-03-21,,0.61,1.396039603960396,1.2597343105817682,1899.5248972494726,1757.352239388333,142.17265786113967,1.8500000000000003,1.0033333333333334,15.333333333333334,12.0,5.666666666666667,3.3333333333333335,1.5866666666666667,0.9133333333333334,15.333333333333334,9.666666666666666,5.0,4.0,17.0,17.0,73,16
5.0,9.0,,44.85,0.1157,13.0,5.0,Arsenal,0.79,1.0,1.0,16.0,,45.36,0.2198,7.0,3.0,Wolves,0.8,3.0,,,,2026-03-21,,0.010000000000000009,0.5419847328244275,1.0113459399332592,1603.0797539280402,2031.4490737704036,-428.36931984236344,1.2333333333333332,1.3066666666666669,8.666666666666666,12.0,3.6666666666666665,5.0,1.2333333333333332,1.3566666666666665,10.666666666666666,12.333333333333334,3.3333333333333335,5.0,17.0,17.0,73,73
7.0,10.0,,49.41,0.006,20.0,7.0,Manchester Utd,1.78,1.0,6.0,13.0,,53.02,0.3641,14.0,6.0,Bournemouth,1.39,4.0,,,,2026-03-21,,-0.3900000000000001,0.7014925373134328,1.0729145627146033,1752.0306042874054,1739.89943343953,12.13117084787541,1.653333333333333,1.3333333333333333,14.0,13.333333333333334,5.333333333333333,5.666666666666667,1.57,1.4266666666666667,14.333333333333334,16.333333333333332,5.666666666666667,5.333333333333333,17.0,17.0,73,73
6.0,10.0,,46.65,0.0037,11.0,7.0,Chelsea,1.92,1.0,6.0,17.0,,51.06,0.0,10.0,4.0,Everton,1.16,2.0,,,,2026-03-21,,-0.76,0.9099099099099099,1.0943315508021392,1726.6995064747496,1894.8360852874234,-168.13657881267386,1.3366666666666667,1.5,12.666666666666666,13.333333333333334,4.666666666666667,4.666666666666667,1.5866666666666667,1.683333333333333,12.666666666666666,11.666666666666666,5.0,5.0,17.0,17.0,73,73
3.0,12.0,,39.62,0.0137,10.0,4.0,Crystal Palace,1.41,1.0,6.0,11.0,,72.65,0.4195,15.0,8.0,Manchester City,2.19,1.0,,,,2026-03-21,,0.78,1.495049504950495,1.831570996978852,2000.0555871302647,1762.76945717414,237.2861299561248,2.2199999999999993,1.3033333333333335,17.0,10.0,7.0,3.3333333333333335,1.5299999999999996,1.46,12.333333333333334,11.0,5.0,4.0,17.0,17.0,73,73
2.0,6.0,,41.08,0.0,11.0,4.0,Fulham,0.73,3.0,5.0,10.0,,62.75,0.1827,13.0,6.0,Liverpool,1.64,2.0,,,,2026-04-11,,0.9099999999999999,1.1801801801801801,1.5262263234579894,1994.8542409456659,1840.3307787196475,154.5234622260184,2.2033333333333336,0.8633333333333333,18.0,10.0,8.333333333333334,4.0,1.2966666666666666,1.22,12.666666666666666,14.0,4.666666666666667,4.0,28.0,28.0,73,73
6.0,9.0,,47.42,0.036,19.0,4.0,Everton,1.15,1.0,6.0,8.0,,49.14,0.3026,12.0,4.0,Brentford,1.56,2.0,,,,2026-04-11,,0.41000000000000014,0.6335078534031413,1.0361952861952861,1822.9185183714126,1726.6995064747496,96.219011896663,1.8533333333333333,1.0233333333333332,13.0,17.0,5.666666666666667,4.0,2.1099999999999994,0.93,14.666666666666666,12.333333333333334,5.0,3.0,28.0,28.0,73,73
4.0,12.0,,48.23,0.0727,13.0,5.0,Tottenham,1.2,1.0,7.0,11.0,,55.54,0.0601,17.0,5.0,Sunderland,1.08,3.0,,,,2026-04-11,,-0.11999999999999988,1.3053435114503817,1.1512518104696876,1757.352239388333,1789.5016562986125,-32.14941691027957,1.3766666666666667,1.363333333333333,15.333333333333334,13.666666666666666,5.666666666666667,4.333333333333333,1.8099999999999998,1.1666666666666667,17.333333333333332,11.0,7.0,4.666666666666667,28.0,28.0,16,73
2.0,15.0,,45.41,0.0004,13.0,6.0,Wolves,1.12,4.0,5.0,10.0,,63.48,0.0,12.0,3.0,West Ham,1.28,2.0,,,,2026-04-11,,0.15999999999999992,0.9236641221374046,1.3970555921775434,1647.3033468244073,1603.0797539280402,44.22359289636711,1.333333333333333,1.7433333333333334,11.0,13.666666666666666,3.3333333333333335,6.666666666666667,1.82,1.2466666666666668,14.0,13.0,5.666666666666667,5.0,28.0,28.0,73,73
6.0,8.0,,48.03,0.0,9.0,4.0,Newcastle Utd,0.81,2.0,7.0,13.0,,52.57,0.0,12.0,4.0,Crystal Palace,1.22,2.0,,,,2026-04-11,,0.4099999999999999,1.3296703296703296,1.0943278620403074,1762.76945717414,1899.5248972494726,-136.75544007533267,1.7266666666666668,1.3433333333333335,13.333333333333334,10.0,5.333333333333333,5.0,1.6466666666666672,1.343333333333333,14.333333333333334,9.333333333333334,5.666666666666667,3.6666666666666665,28.0,28.0,73,73
6.0,6.0,,48.88,0.0767,17.0,6.0,Brighton,1.78,1.0,4.0,15.0,,53.71,0.012,10.0,4.0,Burnley,1.17,3.0,,,,2026-04-11,,-0.6100000000000001,0.5906432748538011,1.0986116782360147,1549.692909742844,1770.14782868638,-220.4549189435361,1.4266666666666667,1.6433333333333333,11.0,13.333333333333334,4.333333333333333,5.0,1.4866666666666666,1.3933333333333333,12.333333333333334,16.0,5.0,4.666666666666667,28.0,28.0,35,73
4.0,5.0,,42.89,0.0,12.0,5.0,Aston Villa,1.82,1.0,4.0,13.0,,55.1,0.0,16.0,5.0,Nott'ham Forest,2.22,2.0,,,,2026-04-11,,0.40000000000000013,1.3305785123966944,1.2840195394277738,1714.9753427172018,1853.1627836918879,-138.18744097468607,1.283333333333333,1.5833333333333333,13.0,16.333333333333332,3.6666666666666665,4.333333333333333,1.83,1.3066666666666666,14.0,10.666666666666666,5.333333333333333,4.333333333333333,28.0,28.0,73,73
5.0,12.0,,50.93,0.0,11.0,3.0,Bournemouth,1.26,2.0,5.0,9.0,,60.19,0.3136,18.0,5.0,Arsenal,1.54,1.0,,,,2026-04-11,,0.28,1.6306306306306309,1.181461885165589,2031.4490737704036,1752.0306042874054,279.41846948299826,2.0300000000000007,1.0566666666666666,16.333333333333332,9.666666666666666,5.333333333333333,2.6666666666666665,1.6433333333333333,1.61,13.333333333333334,12.333333333333334,4.666666666666667,4.333333333333333,28.0,28.0,73,73
5.0,7.0,,39.32,0.0,16.0,4.0,Manchester City,1.44,2.0,4.0,14.0,,62.91,0.0,12.0,4.0,Chelsea,1.77,2.0,,,,2026-04-11,,0.33000000000000007,0.7515527950310558,1.5984271943176052,1894.8360852874234,2000.0555871302647,-105.21950184284128,2.16,1.4266666666666665,16.333333333333332,13.666666666666666,6.0,4.0,1.2,1.753333333333333,11.0,14.666666666666666,3.6666666666666665,6.0,28.0,28.0,73,73
4.0,10.0,,47.62,0.0088,12.0,4.0,Leeds United,1.12,1.0,6.0,13.0,,56.48,0.0155,19.0,5.0,Manchester Utd,2.15,2.0,,,,2026-04-11,,1.0299999999999998,1.578512396694215,1.185666387259011,1739.89943343953,1712.7993362650259,27.10009717450407,1.7400000000000002,1.36,16.333333333333332,12.0,5.333333333333333,4.0,1.9699999999999998,1.4566666666666668,16.666666666666668,11.666666666666666,6.0,4.333333333333333,28.0,28.0,73,35
5.0,6.0,,54.29,0.0012,18.0,4.0,Fulham,0.75,2.0,5.0,10.0,,49.46,0.0,10.0,4.0,Brentford,1.63,2.0,,,,2026-04-18,,0.8799999999999999,0.5580110497237568,0.9111969111969113,1822.9185183714126,1840.3307787196475,-17.412260348234895,1.8233333333333333,0.963333333333333,12.666666666666666,17.333333333333332,5.333333333333333,4.0,1.3466666666666667,0.9966666666666667,11.666666666666666,15.333333333333334,4.0,4.0,7.0,7.0,74,74
3.0,8.0,,52.17,0.3666,8.0,3.0,West Ham,0.98,1.0,6.0,10.0,,43.19,0.0148,15.0,6.0,Crystal Palace,1.56,2.0,,,,2026-04-18,,0.5800000000000001,1.8641975308641976,0.8281997321599387,1762.76945717414,1647.3033468244073,115.46611034973262,1.6133333333333335,1.1266666666666667,13.666666666666666,9.0,5.333333333333333,4.333333333333333,1.9399999999999993,1.1866666666666668,16.666666666666668,11.0,5.333333333333333,3.0,7.0,28.0,74,74
4.0,9.0,,44.78,0.365,13.0,6.0,Wolves,1.52,2.0,4.0,12.0,,60.15,0.0202,14.0,4.0,Leeds United,1.73,4.0,,,,2026-04-18,,0.20999999999999996,1.0763358778625953,1.3424688057040997,1712.7993362650259,1603.0797539280402,109.7195823369857,1.5866666666666667,1.2233333333333334,16.333333333333332,10.666666666666666,4.333333333333333,5.0,1.7633333333333334,1.21,14.0,13.666666666666666,5.0,5.333333333333333,28.0,7.0,36,74
7.0,10.0,,47.43,0.1459,13.0,4.0,Liverpool,1.12,2.0,6.0,9.0,,50.43,0.1856,10.0,3.0,Everton,1.27,2.0,,,,2026-04-18,,0.1499999999999999,0.7709923664122137,1.0631180307174417,1726.6995064747496,1994.8542409456659,-268.1547344709163,1.283333333333333,1.43,11.333333333333334,12.666666666666666,4.0,4.333333333333333,1.4000000000000001,1.6266666666666667,12.0,15.333333333333334,4.0,5.0,28.0,28.0,74,74
6.0,11.0,,46.13,0.0006,13.0,4.0,Bournemouth,1.69,4.0,6.0,12.0,,60.37,0.0431,12.0,5.0,Newcastle Utd,1.51,1.0,,,,2026-04-18,,-0.17999999999999994,0.9236641221374046,1.308025091931646,1899.5248972494726,1752.0306042874054,147.49429296206722,1.6300000000000001,1.2466666666666666,13.666666666666666,12.333333333333334,5.333333333333333,3.6666666666666665,1.5566666666666664,1.406666666666667,13.666666666666666,11.666666666666666,5.0,3.6666666666666665,28.0,7.0,74,74
3.0,14.0,,48.01,0.3089,9.0,4.0,Manchester Utd,1.42,3.0,6.0,13.0,,52.49,0.3987,16.0,5.0,Chelsea,1.34,4.0,,,,2026-04-18,,-0.07999999999999985,1.7692307692307694,1.093119933485762,1894.8360852874234,1739.89943343953,154.93665184789347,1.5000000000000007,1.5233333333333332,13.666666666666666,12.0,5.0,4.0,1.5400000000000003,1.4566666666666668,15.0,14.333333333333334,5.666666666666667,5.0,7.0,28.0,74,74
5.0,12.0,,54.45,0.0277,13.0,5.0,Brighton,1.34,2.0,9.0,15.0,,47.41,0.0,14.0,6.0,Tottenham,1.93,2.0,,,,2026-04-18,,0.5899999999999999,1.0763358778625953,0.8709440879926672,1789.5016562986125,1770.14782868638,19.353827612232408,1.4800000000000002,1.28,12.666666666666666,11.666666666666666,4.666666666666667,4.333333333333333,1.5566666666666666,1.53,13.333333333333334,14.666666666666666,5.333333333333333,5.0,28.0,7.0,74,74
6.0,10.0,,47.35,0.1197,11.0,4.0,Burnley,0.91,2.0,6.0,14.0,,57.9,0.1065,15.0,5.0,Nott'ham Forest,1.77,2.0,,,,2026-04-18,,0.86,1.3603603603603605,1.2223393045310853,1714.9753427172018,1549.692909742844,165.2824329743578,1.5866666666666667,1.4133333333333333,14.333333333333334,13.333333333333334,4.0,4.333333333333333,1.803333333333333,1.1866666666666668,16.0,13.0,5.666666666666667,3.3333333333333335,7.0,28.0,74,36
5.0,11.0,,55.29,0.0639,6.0,4.0,Arsenal,1.02,2.0,3.0,8.0,,40.77,0.0,15.0,5.0,Manchester City,1.22,1.0,,,,2026-04-18,,0.19999999999999996,2.475409836065574,0.7378588192814588,2000.0555871302647,2031.4490737704036,-31.393486640138917,1.8499999999999996,1.1400000000000001,16.0,9.333333333333334,6.333333333333333,3.6666666666666665,1.1499999999999997,1.3,12.333333333333334,10.333333333333334,4.0,5.0,28.0,28.0,74,74
4.0,12.0,,39.19,0.504,13.0,4.0,Sunderland,1.09,1.0,6.0,10.0,,70.92,0.027,16.0,5.0,Aston Villa,1.7,2.0,,,,2026-04-18,,0.6099999999999999,1.2290076335877864,1.8075846271315856,1853.1627836918879,1757.352239388333,95.81054430355493,1.5866666666666667,1.4333333333333333,13.333333333333334,13.0,4.666666666666667,4.0,1.5733333333333333,0.9566666666666667,16.666666666666668,10.666666666666666,5.0,3.6666666666666665,28.0,28.0,74,17
5.0,8.0,,46.91,0.0055,9.0,4.0,Newcastle Utd,0.6,3.0,9.0,17.0,,51.83,0.0484,13.0,5.0,Arsenal,1.41,3.0,,,,2026-04-25,,0.8099999999999999,1.4395604395604396,1.1046585832801532,2031.4490737704036,1899.5248972494726,131.92417652093104,1.8500000000000003,0.8466666666666667,15.333333333333334,8.666666666666666,5.0,3.0,1.34,1.0399999999999998,12.666666666666666,9.666666666666666,5.0,4.0,14.0,14.0,74,74
4.0,9.0,,42.72,0.1999,11.0,3.0,Aston Villa,1.33,2.0,5.0,12.0,,59.42,0.312,14.0,4.0,Fulham,1.39,5.0,,,,2026-04-25,,0.05999999999999983,1.2702702702702702,1.3900046707146194,1840.3307787196475,1853.1627836918879,-12.832004972240384,2.1533333333333333,1.3333333333333333,18.666666666666668,12.0,5.666666666666667,3.3333333333333335,1.8099999999999998,1.4533333333333334,15.666666666666666,11.666666666666666,5.333333333333333,4.0,35.0,14.0,74,74
2.0,9.0,,48.25,0.0016,10.0,5.0,Crystal Palace,1.75,2.0,11.0,12.0,,59.94,0.1656,22.0,5.0,Liverpool,1.97,3.0,,,,2026-04-25,,0.21999999999999997,2.1881188118811883,1.241778697001034,1994.8542409456659,1762.76945717414,232.08478377152596,2.1599999999999997,1.1933333333333334,18.333333333333332,10.0,7.0,4.666666666666667,1.7699999999999996,1.46,15.333333333333334,10.333333333333334,5.333333333333333,4.333333333333333,14.0,35.0,74,74
5.0,7.0,,47.79,0.0004,13.0,6.0,Everton,1.35,2.0,6.0,13.0,,53.11,0.0,13.0,5.0,West Ham,1.4,3.0,,,,2026-04-25,,0.04999999999999982,1.0,1.1110879097932762,1647.3033468244073,1726.6995064747496,-79.39615965034227,1.2099999999999997,1.4266666666666667,11.666666666666666,13.0,3.6666666666666665,6.666666666666667,1.8533333333333326,1.0599999999999998,13.333333333333334,12.666666666666666,4.666666666666667,4.0,14.0,14.0,74,74
7.0,10.0,,44.76,0.4185,13.0,4.0,Chelsea,2.36,1.0,3.0,13.0,,59.37,0.0017,15.0,4.0,Brighton,1.47,2.0,,,,2026-04-25,,-0.8899999999999999,1.1526717557251909,1.3256798930004459,1770.14782868638,1894.8360852874234,-124.68825660104335,1.46,1.9900000000000002,15.333333333333334,14.333333333333334,4.333333333333333,5.0,1.4266666666666665,2.0599999999999996,12.333333333333334,12.0,4.333333333333333,5.333333333333333,35.0,35.0,74,74
7.0,8.0,,42.45,0.0038,13.0,3.0,Tottenham,1.81,1.0,4.0,13.0,,55.3,0.0387,9.0,5.0,Wolves,1.46,1.0,,,,2026-04-25,,-0.3500000000000001,0.6946564885496184,1.3019976498237367,1603.0797539280402,1789.5016562986125,-186.4219023705723,1.2366666666666666,1.6133333333333333,8.666666666666666,13.666666666666666,4.0,4.666666666666667,1.803333333333333,1.3699999999999999,15.333333333333334,11.666666666666666,6.666666666666667,4.333333333333333,35.0,14.0,74,74
4.0,8.0,,43.91,0.0371,12.0,4.0,Nott'ham Forest,1.33,2.0,6.0,14.0,,71.34,0.0242,15.0,4.0,Sunderland,1.62,3.0,,,,2026-04-25,,0.29000000000000004,1.2479338842975207,1.6232674392183595,1757.352239388333,1714.9753427172018,42.376896671131135,1.4233333333333336,1.333333333333333,16.0,13.0,5.0,4.333333333333333,1.7066666666666663,1.2000000000000002,16.0,11.666666666666666,5.0,3.6666666666666665,14.0,35.0,17,74
6.0,10.0,,42.68,0.0028,14.0,4.0,Brentford,1.96,1.0,5.0,14.0,,56.13,0.034,14.0,7.0,Manchester Utd,1.39,3.0,,,,2026-04-25,,-0.5700000000000001,1.0,1.3143992519869099,1739.89943343953,1822.9185183714126,-83.01908493188262,1.7866666666666668,1.43,16.666666666666668,12.666666666666666,6.333333333333333,4.0,1.573333333333333,1.49,15.0,11.333333333333334,5.333333333333333,4.666666666666667,14.0,35.0,74,74
6.0,4.0,,35.09,0.0027,13.0,5.0,Manchester City,1.67,1.0,5.0,12.0,,56.85,0.2207,11.0,3.0,Burnley,0.71,2.0,,,,2026-04-25,,-0.96,0.8473282442748091,1.6183574879227052,1549.692909742844,2000.0555871302647,-450.3626773874207,1.1666666666666667,1.5733333333333333,10.666666666666666,13.666666666666666,4.0,5.0,1.1433333333333333,1.6399999999999997,11.0,14.0,3.3333333333333335,5.666666666666667,14.0,14.0,36,74
7.0,13.0,,47.87,0.0072,13.0,5.0,Leeds United,1.47,1.0,5.0,11.0,,58.08,0.1278,14.0,7.0,Bournemouth,1.52,3.0,,,,2026-04-25,,0.050000000000000044,1.0763358778625953,1.2128413591828227,1752.0306042874054,1712.7993362650259,39.23126802237948,1.5799999999999998,1.5033333333333332,14.666666666666666,14.333333333333334,6.0,5.666666666666667,1.9099999999999995,1.3933333333333333,15.666666666666666,11.666666666666666,6.0,5.0,35.0,14.0,74,36
5.0,10.0,,48.98,0.0001,15.0,4.0,West Ham,1.0,2.0,8.0,12.0,,59.31,0.067,14.0,6.0,Brentford,1.48,2.0,,,,2026-05-02,,0.48,0.9337748344370861,1.2104726976365119,1822.9185183714126,1647.3033468244073,175.61517154700527,1.5566666666666666,0.9666666666666665,12.0,17.333333333333332,4.666666666666667,4.0,1.4833333333333325,1.0966666666666667,13.666666666666666,12.333333333333334,5.333333333333333,3.3333333333333335,14.0,14.0,75,75
4.0,10.0,,49.14,0.156,10.0,3.0,Crystal Palace,1.17,1.0,7.0,15.0,,49.98,0.06,15.0,5.0,Bournemouth,1.86,3.0,,,,2026-05-02,,0.6900000000000002,1.495049504950495,1.017059301380991,1752.0306042874054,1762.76945717414,-10.738852886734549,1.5899999999999999,1.4733333333333334,14.333333333333334,14.333333333333334,6.0,5.0,2.0066666666666664,1.4433333333333334,17.333333333333332,10.0,6.0,4.0,7.0,7.0,75,75
6.0,7.0,,43.4,0.0,14.0,5.0,Liverpool,2.32,1.0,6.0,10.0,,54.36,0.0022,11.0,4.0,Manchester Utd,1.18,3.0,,,,2026-05-02,,-1.14,0.7872340425531915,1.2519540229885058,1739.89943343953,1994.8542409456659,-254.95480750613592,1.5733333333333333,1.8,14.666666666666666,13.333333333333334,5.333333333333333,4.333333333333333,1.3100000000000003,1.653333333333333,12.333333333333334,15.0,4.0,4.666666666666667,7.0,14.0,75,75
5.0,8.0,,38.5,0.0217,10.0,4.0,Burnley,1.11,2.0,5.0,11.0,,69.99,0.036,21.0,6.0,Leeds United,2.29,2.0,,,,2026-05-02,,1.18,2.089108910891089,1.8158031088082898,1712.7993362650259,1549.692909742844,163.1064265221819,1.8399999999999999,1.2933333333333332,16.666666666666668,11.0,4.666666666666667,5.0,2.0933333333333333,1.1400000000000001,18.333333333333332,11.666666666666666,6.0,4.0,14.0,14.0,37,37
5.0,12.0,,46.13,0.1454,13.0,5.0,Nott'ham Forest,1.49,3.0,6.0,14.0,,64.19,0.1911,15.0,5.0,Chelsea,1.83,4.0,,,,2026-05-02,,0.3400000000000001,1.1526717557251909,1.3906554185593767,1894.8360852874234,1714.9753427172018,179.86074257022165,1.6466666666666672,1.45,14.333333333333334,12.666666666666666,4.666666666666667,4.333333333333333,1.6033333333333333,1.3666666666666665,15.0,12.0,4.666666666666667,4.333333333333333,14.0,7.0,75,75
3.0,10.0,,40.2,0.0964,11.0,3.0,Sunderland,0.86,1.0,4.0,10.0,,60.48,0.0168,14.0,4.0,Wolves,1.51,2.0,,,,2026-05-02,,0.65,1.2702702702702702,1.5032258064516126,1603.0797539280402,1757.352239388333,-154.27248546029273,1.2566666666666666,1.1533333333333333,10.0,12.333333333333334,4.0,3.6666666666666665,1.5666666666666664,0.9433333333333334,14.666666666666666,11.333333333333334,4.666666666666667,3.3333333333333335,7.0,14.0,75,18
8.0,4.0,,32.62,0.0,15.0,5.0,Manchester City,1.73,0.0,3.0,12.0,,58.06,0.0622,9.0,2.0,Everton,0.95,2.0,,,,2026-05-02,,-0.78,0.6026490066225165,1.7775061124694378,1726.6995064747496,2000.0555871302647,-273.35608065551514,1.1266666666666663,1.5899999999999999,9.666666666666666,13.0,3.0,5.333333333333333,1.1433333333333333,1.613333333333333,10.666666666666666,14.666666666666666,3.0,4.666666666666667,14.0,7.0,75,75
3.0,9.0,,41.22,0.0,10.0,3.0,Fulham,0.63,3.0,6.0,10.0,,69.95,0.0539,18.0,4.0,Arsenal,2.4,1.0,,,,2026-05-02,,1.77,1.7920792079207923,1.6953049370764761,2031.4490737704036,1840.3307787196475,191.11829505075616,1.7833333333333339,0.83,16.333333333333332,10.0,4.666666666666667,3.3333333333333335,1.89,0.7033333333333333,13.666666666666666,13.0,4.666666666666667,3.6666666666666665,7.0,14.0,75,75
4.0,11.0,,46.98,0.013,9.0,4.0,Tottenham,1.37,2.0,5.0,12.0,,56.28,0.33,14.0,3.0,Aston Villa,1.45,1.0,,,,2026-05-02,,0.07999999999999985,1.5494505494505495,1.197536108751062,1853.1627836918879,1789.5016562986125,63.661127393275365,1.5199999999999998,1.2566666666666668,14.0,12.0,4.0,3.6666666666666665,1.3299999999999998,1.4600000000000002,13.333333333333334,11.666666666666666,4.333333333333333,4.0,14.0,7.0,75,75
4.0,10.0,,48.8,0.0116,11.0,5.0,Brighton,0.98,2.0,5.0,11.0,,54.06,0.0,21.0,7.0,Newcastle Utd,2.08,2.0,,,,2026-05-02,,1.1,1.900900900900901,1.1075664621676893,1899.5248972494726,1770.14782868638,129.3770685630925,1.6933333333333336,1.1833333333333333,15.666666666666666,11.333333333333334,5.666666666666667,4.0,1.7266666666666666,1.3666666666666665,15.0,13.666666666666666,5.666666666666667,5.333333333333333,14.0,14.0,75,75
2.0,7.0,,48.07,0.0002,11.0,4.0,Brentford,0.99,2.0,7.0,10.0,,55.81,0.0,21.0,8.0,Manchester City,1.67,2.0,,,,2026-05-09,,0.6799999999999999,1.900900900900901,1.16068092173552,2000.0555871302647,1822.9185183714126,177.13706875885214,1.6933333333333327,1.14,17.0,9.0,7.0,4.0,1.5199999999999996,1.4000000000000001,16.666666666666668,11.666666666666666,6.333333333333333,4.333333333333333,21.0,14.0,75,75
6.0,10.0,,47.96,0.0001,13.0,5.0,Newcastle Utd,1.71,1.0,5.0,12.0,,51.66,0.0143,12.0,4.0,Nott'ham Forest,1.11,2.0,,,,2026-05-09,,-0.5999999999999999,0.9236641221374046,1.0769870994590094,1714.9753427172018,1899.5248972494726,-184.5495545322708,1.7,1.4799999999999998,14.333333333333334,12.0,4.666666666666667,4.666666666666667,1.246666666666667,1.0399999999999998,12.333333333333334,10.333333333333334,4.333333333333333,4.333333333333333,21.0,14.0,75,75
4.0,12.0,,50.72,0.0226,11.0,4.0,Everton,1.31,1.0,6.0,15.0,,56.78,0.0029,18.0,5.0,Crystal Palace,1.37,2.0,,,,2026-05-09,,0.06000000000000005,1.6306306306306309,1.1192443919716648,1762.76945717414,1726.6995064747496,36.06995069939035,1.3833333333333337,1.0333333333333334,15.0,9.333333333333334,5.0,3.6666666666666665,1.4433333333333327,1.2699999999999998,14.333333333333334,14.333333333333334,4.666666666666667,4.666666666666667,21.0,14.0,75,75
5.0,10.0,,54.19,0.0727,10.0,3.0,Wolves,0.77,2.0,5.0,17.0,,51.29,0.0,12.0,5.0,Brighton,1.57,2.0,,,,2026-05-09,,0.8,1.198019801980198,0.9465831644870142,1770.14782868638,1603.0797539280402,167.0680747583399,1.5066666666666666,1.55,14.333333333333334,13.666666666666666,4.666666666666667,4.0,1.5266666666666666,1.1366666666666667,12.666666666666666,12.0,4.0,5.0,14.0,21.0,75,75
8.0,10.0,,43.81,0.0001,13.0,5.0,Bournemouth,1.22,3.0,5.0,13.0,,59.34,0.0,15.0,6.0,Fulham,1.5,2.0,,,,2026-05-09,,0.28,1.1526717557251909,1.3536779776816215,1840.3307787196475,1752.0306042874054,88.3001744322421,1.7033333333333334,1.3166666666666667,16.0,12.666666666666666,5.666666666666667,4.0,1.5166666666666664,1.39,15.0,12.333333333333334,5.333333333333333,4.0,14.0,21.0,75,75
6.0,10.0,,45.04,0.238,15.0,4.0,Leeds United,1.48,2.0,6.0,13.0,,50.78,0.0065,12.0,7.0,Tottenham,1.51,1.0,,,,2026-05-09,,0.030000000000000027,0.8013245033112583,1.127159946832078,1789.5016562986125,1712.7993362650259,76.7023200335866,1.6000000000000003,1.366666666666667,13.666666666666666,13.0,6.0,4.333333333333333,1.7266666666666666,1.3566666666666667,15.0,13.333333333333334,6.333333333333333,4.333333333333333,21.0,14.0,75,37
4.0,11.0,,40.85,0.0932,12.0,4.0,Manchester Utd,1.58,1.0,5.0,12.0,,73.74,0.0155,14.0,4.0,Sunderland,1.55,3.0,,,,2026-05-09,,-0.030000000000000027,1.1652892561983472,1.8031746031746028,1757.352239388333,1739.89943343953,17.45280594880296,1.4166666666666667,1.3699999999999999,15.333333333333334,12.333333333333334,4.333333333333333,4.333333333333333,1.4266666666666667,1.5933333333333335,14.666666666666666,13.666666666666666,5.0,5.0,14.0,21.0,18,75
5.0,8.0,,35.98,0.0773,14.0,4.0,Aston Villa,1.62,2.0,4.0,16.0,,54.85,0.3273,10.0,3.0,Burnley,0.75,1.0,,,,2026-05-09,,-0.8700000000000001,0.7163120567375887,1.5230044345898006,1549.692909742844,1853.1627836918879,-303.46987394904386,0.8766666666666666,1.6900000000000002,10.333333333333334,14.666666666666666,3.3333333333333335,5.0,1.4533333333333334,1.59,13.333333333333334,12.333333333333334,4.0,4.0,14.0,14.0,37,75
6.0,12.0,,41.02,0.3304,16.0,6.0,Arsenal,2.16,1.0,2.0,13.0,,47.91,0.0031,8.0,3.0,West Ham,0.79,3.0,,,,2026-05-09,,-1.37,0.5031055900621118,1.1675583657587547,1647.3033468244073,2031.4490737704036,-384.14572694599633,1.1566666666666663,1.5433333333333337,11.0,14.0,3.6666666666666665,6.0,0.9366666666666662,1.3233333333333335,10.0,11.666666666666666,3.6666666666666665,5.0,14.0,21.0,75,75
4.0,11.0,,43.16,0.0387,11.0,5.0,Chelsea,1.34,2.0,5.0,13.0,,63.43,0.0271,16.0,5.0,Liverpool,2.0,2.0,,,,2026-05-09,,0.6599999999999999,1.4504504504504507,1.4685621821544153,1994.8542409456659,1894.8360852874234,100.01815565824245,1.8699999999999999,1.2733333333333332,17.0,10.666666666666666,5.333333333333333,4.666666666666667,1.543333333333333,1.873333333333333,13.666666666666666,11.666666666666666,4.333333333333333,5.333333333333333,14.0,14.0,75,75
5.0,7.0,,47.72,0.0,13.0,5.0,West Ham,1.18,1.0,7.0,17.0,,60.37,0.1533,18.0,6.0,Newcastle Utd,1.89,2.0,,,,2026-05-17,,0.71,1.3816793893129773,1.2645336679213717,1899.5248972494726,1647.3033468244073,252.2215504250653,1.8266666666666669,1.2833333333333332,17.0,12.333333333333334,6.0,4.666666666666667,1.6433333333333324,1.0533333333333335,15.666666666666666,12.0,6.0,4.0,15.0,15.0,76,76
4.0,9.0,,46.61,0.003,10.0,3.0,Nott'ham Forest,1.13,1.0,7.0,11.0,,63.81,0.0083,18.0,8.0,Manchester Utd,1.48,2.0,,,,2026-05-17,,0.3500000000000001,1.7920792079207923,1.368229501177478,1739.89943343953,1714.9753427172018,24.924090722328174,1.3500000000000003,1.8033333333333335,14.333333333333334,12.666666666666666,6.333333333333333,4.0,1.6433333333333329,1.3166666666666667,16.0,11.666666666666666,5.666666666666667,4.0,15.0,15.0,76,76
8.0,15.0,,48.69,0.0007,11.0,3.0,Tottenham,1.36,2.0,6.0,14.0,,55.03,0.0001,19.0,8.0,Chelsea,2.88,2.0,,,,2026-05-17,,1.5199999999999998,1.720720720720721,1.1299446607911459,1894.8360852874234,1789.5016562986125,105.33442898881094,2.016666666666667,1.4233333333333336,16.666666666666668,11.0,6.0,4.0,1.9299999999999997,1.5133333333333334,14.0,11.0,5.333333333333333,3.3333333333333335,15.0,15.0,76,76
4.0,10.0,,43.28,0.0035,10.0,3.0,Burnley,0.68,2.0,8.0,12.0,,67.94,0.3572,16.0,8.0,Arsenal,2.17,1.0,,,,2026-05-17,,1.4899999999999998,1.5940594059405944,1.5684647302904562,2031.4490737704036,1549.692909742844,481.75616402755963,1.9933333333333338,0.6366666666666667,15.666666666666666,9.666666666666666,5.666666666666667,3.3333333333333335,2.076666666666666,0.9000000000000002,17.333333333333332,10.333333333333334,6.333333333333333,3.6666666666666665,15.0,15.0,76,38
4.0,10.0,,43.34,0.0586,11.0,4.0,Sunderland,1.18,2.0,4.0,15.0,,53.59,0.0143,13.0,4.0,Everton,1.41,2.0,,,,2026-05-17,,0.22999999999999998,1.1801801801801801,1.2359576427255985,1726.6995064747496,1757.352239388333,-30.65273291358335,1.2099999999999997,1.343333333333333,10.666666666666666,13.0,3.0,4.333333333333333,1.54,1.0433333333333332,14.333333333333334,11.666666666666666,4.333333333333333,3.6666666666666665,15.0,15.0,76,19
5.0,9.0,,38.04,0.0391,13.0,4.0,Fulham,1.64,2.0,3.0,10.0,,59.82,0.2154,10.0,3.0,Wolves,0.76,2.0,,,,2026-05-17,,-0.8799999999999999,0.7709923664122137,1.5710540115364446,1603.0797539280402,1840.3307787196475,-237.25102479160728,1.2433333333333334,1.4366666666666668,11.0,12.333333333333334,4.0,3.3333333333333335,1.5966666666666667,1.0066666666666666,12.666666666666666,13.666666666666666,3.6666666666666665,3.6666666666666665,15.0,15.0,76,76
3.0,11.0,,44.88,0.0002,13.0,5.0,Liverpool,1.77,1.0,6.0,14.0,,57.44,0.0759,12.0,4.0,Aston Villa,1.38,3.0,,,,2026-05-17,,-0.3900000000000001,0.9236641221374046,1.2792352156514004,1853.1627836918879,1994.8542409456659,-141.69145725377803,1.5099999999999998,1.4100000000000001,14.0,11.666666666666666,4.0,4.333333333333333,1.2766666666666666,1.7366666666666664,11.0,13.333333333333334,3.6666666666666665,4.666666666666667,15.0,15.0,76,76
5.0,10.0,,44.0,0.0003,12.0,4.0,Crystal Palace,1.0,2.0,5.0,12.0,,60.81,0.0067,10.0,5.0,Brentford,1.32,2.0,,,,2026-05-17,,0.32000000000000006,0.8347107438016529,1.3811791383219956,1822.9185183714126,1762.76945717414,60.14906119727266,1.4766666666666666,0.9166666666666665,11.333333333333334,15.0,5.0,4.0,1.7166666666666666,1.3066666666666666,15.666666666666666,10.666666666666666,5.0,4.0,15.0,15.0,76,76
5.0,10.0,,45.79,0.0396,13.0,4.0,Brighton,2.42,2.0,4.0,10.0,,59.73,0.0334,13.0,5.0,Leeds United,1.6,2.0,,,,2026-05-17,,-0.8199999999999998,1.0,1.3037698845064283,1712.7993362650259,1770.14782868638,-57.348492421354194,1.8733333333333333,1.6833333333333333,16.0,12.0,5.0,4.666666666666667,1.87,1.58,16.0,12.333333333333334,6.0,4.666666666666667,15.0,15.0,38,76
6.0,5.0,,46.41,0.2562,14.0,6.0,Manchester City,1.73,2.0,3.0,7.0,,47.86,0.1367,13.0,5.0,Bournemouth,1.18,2.0,,,,2026-05-17,,-0.55,0.9290780141843972,1.0311760911631909,1752.0306042874054,2000.0555871302647,-248.02498284285934,1.5199999999999998,1.4566666666666663,14.0,12.333333333333334,5.666666666666667,4.666666666666667,0.9466666666666667,1.7099999999999997,11.0,14.0,3.3333333333333335,5.333333333333333,15.0,15.0,76,76
6.0,14.0,,35.66,0.0666,12.0,4.0,Chelsea,1.14,2.0,3.0,13.0,,73.6,0.0087,13.0,4.0,Sunderland,1.34,1.0,,,,2026-05-24,,0.20000000000000018,1.0826446280991735,2.0609619686800893,1757.352239388333,1894.8360852874234,-137.4838458990905,1.5033333333333332,1.3499999999999996,14.0,12.0,4.0,4.0,1.6033333333333328,1.613333333333333,14.666666666666666,12.0,4.333333333333333,4.333333333333333,15.0,15.0,19,76
4.0,8.0,,43.88,0.0545,13.0,4.0,Leeds United,1.23,2.0,6.0,12.0,,51.06,0.0164,16.0,5.0,West Ham,1.29,1.0,,,,2026-05-24,,0.06000000000000005,1.2290076335877864,1.1632560254661208,1647.3033468244073,1712.7993362650259,-65.49598944061859,1.1599999999999997,1.58,12.333333333333334,14.0,4.333333333333333,5.333333333333333,1.4399999999999997,1.3933333333333333,14.0,13.666666666666666,6.333333333333333,4.333333333333333,15.0,15.0,76,38
4.0,12.0,,42.1,0.001,10.0,3.0,Wolves,1.18,1.0,5.0,12.0,,66.57,0.0243,15.0,6.0,Burnley,1.24,2.0,,,,2026-05-24,,0.06000000000000005,1.495049504950495,1.579857819905213,1549.692909742844,1603.0797539280402,-53.386844185196196,0.9,1.49,12.0,12.333333333333334,4.0,4.0,1.5133333333333334,1.1566666666666665,13.666666666666666,11.0,5.0,4.0,15.0,15.0,38,76
7.0,6.0,,43.47,0.0,11.0,4.0,Everton,1.61,1.0,8.0,16.0,,62.61,0.0538,13.0,6.0,Tottenham,1.79,0.0,,,,2026-05-24,,0.17999999999999994,1.1801801801801801,1.439293091576773,1789.5016562986125,1726.6995064747496,62.80214982386292,1.7433333333333334,1.4766666666666666,13.0,13.0,6.333333333333333,4.333333333333333,1.5199999999999996,1.4233333333333331,14.666666666666666,11.666666666666666,5.333333333333333,4.666666666666667,15.0,15.0,76,76
5.0,14.0,,44.79,0.2591,11.0,5.0,Bournemouth,1.13,3.0,7.0,12.0,,54.51,0.0135,16.0,6.0,Nott'ham Forest,1.22,2.0,,,,2026-05-24,,0.09000000000000008,1.4504504504504507,1.2165292938293606,1714.9753427172018,1752.0306042874054,-37.055261570203584,1.3666666666666665,1.2499999999999998,14.333333333333334,11.666666666666666,5.0,4.666666666666667,1.4099999999999995,1.346666666666667,14.333333333333334,12.333333333333334,5.666666666666667,4.666666666666667,15.0,15.0,76,76
3.0,9.0,,47.08,0.0,10.0,4.0,Manchester Utd,1.32,2.0,5.0,9.0,,51.52,0.0,14.0,4.0,Brighton,1.76,2.0,,,,2026-05-24,,0.43999999999999995,1.396039603960396,1.0941076727426877,1770.14782868638,1739.89943343953,30.248395246850123,1.5999999999999999,1.4833333333333334,13.666666666666666,11.0,4.333333333333333,3.6666666666666665,1.55,1.4400000000000002,14.666666666666666,10.333333333333334,4.333333333333333,4.0,15.0,15.0,76,76
4.0,8.0,,41.92,0.0,11.0,6.0,Brentford,1.25,2.0,10.0,17.0,,67.57,0.0004,21.0,8.0,Liverpool,2.52,3.0,,,,2026-05-24,,1.27,1.900900900900901,1.6104236078058063,1994.8542409456659,1822.9185183714126,171.9357225742533,2.1633333333333336,1.4466666666666665,19.666666666666668,10.666666666666666,6.0,5.333333333333333,1.8599999999999997,1.4000000000000001,18.666666666666668,12.0,7.666666666666667,4.666666666666667,15.0,15.0,76,76
3.0,9.0,,45.46,0.0009,11.0,3.0,Newcastle Utd,1.28,2.0,8.0,14.0,,59.89,0.0036,16.0,6.0,Fulham,2.01,3.0,,,,2026-05-24,,0.7299999999999998,1.4504504504504507,1.3167251975417031,1840.3307787196475,1899.5248972494726,-59.19411852982512,1.6333333333333335,1.2766666666666666,15.0,11.666666666666666,5.333333333333333,3.6666666666666665,1.5100000000000005,1.1966666666666665,13.666666666666666,11.0,5.0,4.0,15.0,15.0,76,76
3.0,6.0,,38.8,0.0,13.0,5.0,Arsenal,1.67,1.0,5.0,10.0,,57.48,0.0066,12.0,4.0,Crystal Palace,1.31,1.0,,,,2026-05-24,,-0.3599999999999999,0.9236641221374046,1.4802056555269922,1762.76945717414,2031.4490737704036,-268.6796165962637,1.4133333333333338,1.32,15.0,10.666666666666666,5.0,4.0,1.1066666666666662,1.6166666666666665,11.666666666666666,11.666666666666666,4.0,5.0,15.0,15.0,76,76
3.0,11.0,,50.89,0.0014,9.0,4.0,Aston Villa,1.45,1.0,5.0,11.0,,47.87,0.0089,17.0,6.0,Manchester City,2.12,3.0,,,,2026-05-24,,0.6700000000000002,1.8791208791208793,0.9407727005295156,2000.0555871302647,1853.1627836918879,146.89280343837686,1.6699999999999993,1.1533333333333333,17.666666666666668,8.666666666666666,6.333333333333333,4.0,1.42,1.4666666666666668,13.666666666666666,11.333333333333334,4.333333333333333,3.6666666666666665,15.0,15.0,76,76
