attendance,away_corners,away_fouls,away_goals,away_possession,away_red_cards,away_shots,away_shots_on_target,away_team,away_xg,away_yellow_cards,home_corners,home_fouls,home_goals,home_possession,home_red_cards,home_shots,home_shots_on_target,home_team,home_xg,home_yellow_cards,ht_away_goals,ht_home_goals,ht_result,match_date,result
25286.0,5.0,11.0,2.0,44.0,0.0,10.0,2.0,Arsenal,1.0,2.0,3.0,16.0,0.0,56.0,0.0,10.0,2.0,Crystal Palace,1.2,1.0,1.0,0.0,A,8/5/2022,A
22207.0,4.0,9.0,2.0,67.0,0.0,11.0,4.0,Liverpool,1.0,0.0,4.0,7.0,2.0,33.0,0.0,9.0,3.0,Fulham,1.2,2.0,0.0,1.0,H,8/6/2022,D
52245.0,1.0,14.0,0.0,61.0,0.0,5.0,0.0,Nott'ham Forest,0.0,3.0,11.0,9.0,2.0,39.0,0.0,23.0,10.0,Newcastle Utd,1.7,0.0,0.0,0.0,D,8/6/2022,H
11013.0,5.0,16.0,0.0,65.0,0.0,15.0,2.0,Aston Villa,1.0,3.0,5.0,18.0,2.0,35.0,0.0,7.0,3.0,Bournemouth,0.6,3.0,0.0,1.0,H,8/6/2022,H
36347.0,4.0,9.0,1.0,60.0,0.0,15.0,6.0,Wolves,1.0,0.0,6.0,13.0,2.0,40.0,0.0,12.0,4.0,Leeds United,0.8,2.0,1.0,1.0,D,8/6/2022,H
61732.0,2.0,6.0,1.0,58.0,0.0,10.0,2.0,Southampton,1.0,0.0,10.0,11.0,4.0,42.0,0.0,18.0,8.0,Tottenham,1.5,3.0,1.0,2.0,H,8/6/2022,H
39254.0,16.0,11.0,1.0,62.0,0.0,15.0,6.0,Chelsea,2.0,2.0,4.0,14.0,0.0,38.0,0.0,8.0,4.0,Everton,0.7,3.0,1.0,0.0,A,8/6/2022,A
31794.0,6.0,5.0,2.0,44.0,0.0,8.0,3.0,Brentford,1.0,0.0,5.0,6.0,2.0,56.0,0.0,14.0,5.0,Leicester City,0.6,0.0,0.0,1.0,H,8/7/2022,D
73711.0,2.0,12.0,2.0,62.0,0.0,15.0,4.0,Brighton,2.0,1.0,6.0,7.0,1.0,38.0,0.0,17.0,5.0,Manchester Utd,1.4,4.0,2.0,0.0,A,8/7/2022,A
62443.0,4.0,4.0,2.0,75.0,0.0,14.0,2.0,Manchester City,2.0,1.0,1.0,8.0,0.0,25.0,0.0,6.0,1.0,West Ham,0.5,0.0,1.0,0.0,A,8/7/2022,A
41883.0,8.0,7.0,1.0,57.0,0.0,15.0,4.0,Everton,2.0,1.0,5.0,9.0,2.0,43.0,0.0,12.0,4.0,Aston Villa,2.3,4.0,0.0,1.0,H,8/13/2022,H
31552.0,3.0,6.0,0.0,46.0,0.0,4.0,1.0,Newcastle Utd,0.0,3.0,7.0,8.0,0.0,54.0,0.0,13.0,7.0,Brighton,1.5,2.0,0.0,0.0,D,8/13/2022,D
60033.0,2.0,9.0,2.0,50.0,0.0,6.0,2.0,Leicester City,1.0,1.0,6.0,15.0,4.0,50.0,0.0,19.0,7.0,Arsenal,2.7,1.0,0.0,2.0,H,8/13/2022,H
30815.0,5.0,12.0,2.0,57.0,0.0,13.0,5.0,Leeds United,2.0,3.0,2.0,10.0,2.0,43.0,0.0,14.0,4.0,Southampton,1.2,1.0,0.0,0.0,D,8/13/2022,D
31178.0,3.0,14.0,0.0,41.0,0.0,9.0,3.0,Fulham,2.0,3.0,5.0,7.0,0.0,59.0,0.0,7.0,1.0,Wolves,0.9,3.0,0.0,0.0,D,8/13/2022,D
53453.0,1.0,9.0,0.0,67.0,0.0,3.0,1.0,Bournemouth,0.0,3.0,11.0,9.0,4.0,33.0,0.0,19.0,7.0,Manchester City,1.7,0.0,0.0,3.0,H,8/13/2022,H
17051.0,2.0,15.0,0.0,66.0,0.0,15.0,4.0,Manchester Utd,1.0,4.0,8.0,6.0,4.0,34.0,0.0,13.0,7.0,Brentford,1.6,0.0,0.0,4.0,H,8/13/2022,H
29281.0,7.0,11.0,0.0,57.0,0.0,19.0,5.0,West Ham,2.0,1.0,6.0,10.0,1.0,43.0,0.0,13.0,6.0,Nott'ham Forest,1.3,4.0,0.0,1.0,H,8/14/2022,H
39946.0,5.0,9.0,2.0,37.0,0.0,10.0,5.0,Tottenham,1.0,0.0,8.0,9.0,2.0,63.0,0.0,16.0,3.0,Chelsea,1.6,3.0,0.0,1.0,H,8/14/2022,D
52970.0,2.0,8.0,1.0,72.0,0.0,7.0,3.0,Crystal Palace,1.0,4.0,4.0,7.0,1.0,28.0,1.0,24.0,4.0,Liverpool,2.0,2.0,1.0,0.0,A,8/15/2022,D
61298.0,6.0,8.0,0.0,50.0,0.0,20.0,3.0,Wolves,1.0,2.0,8.0,10.0,1.0,50.0,0.0,11.0,4.0,Tottenham,1.7,2.0,0.0,0.0,D,8/20/2022,H
39271.0,2.0,9.0,1.0,51.0,0.0,14.0,5.0,Nott'ham Forest,1.0,2.0,6.0,6.0,1.0,49.0,0.0,19.0,8.0,Everton,1.5,3.0,0.0,0.0,D,8/20/2022,D
22012.0,2.0,14.0,1.0,49.0,0.0,13.0,5.0,Aston Villa,1.0,1.0,4.0,16.0,3.0,51.0,0.0,17.0,9.0,Crystal Palace,2.6,2.0,1.0,1.0,D,8/20/2022,H
21798.0,3.0,7.0,2.0,57.0,0.0,13.0,5.0,Brentford,2.0,2.0,6.0,13.0,3.0,43.0,0.0,18.0,9.0,Fulham,2.4,3.0,1.0,2.0,H,8/20/2022,H
30850.0,5.0,15.0,2.0,62.0,0.0,9.0,3.0,Southampton,1.0,3.0,2.0,11.0,1.0,38.0,0.0,6.0,1.0,Leicester City,0.3,2.0,0.0,0.0,D,8/20/2022,A
10423.0,4.0,10.0,3.0,57.0,0.0,14.0,6.0,Arsenal,1.0,1.0,3.0,12.0,0.0,43.0,0.0,6.0,1.0,Bournemouth,0.3,2.0,2.0,0.0,A,8/20/2022,A
62449.0,4.0,7.0,2.0,50.0,0.0,11.0,2.0,Brighton,2.0,0.0,5.0,10.0,0.0,50.0,0.0,13.0,3.0,West Ham,0.8,2.0,1.0,0.0,A,8/21/2022,A
36372.0,6.0,15.0,0.0,61.0,1.0,14.0,3.0,Chelsea,1.0,1.0,4.0,16.0,3.0,39.0,0.0,12.0,6.0,Leeds United,2.1,0.0,0.0,2.0,H,8/21/2022,H
52258.0,5.0,7.0,3.0,69.0,0.0,21.0,10.0,Manchester City,2.0,2.0,5.0,14.0,3.0,31.0,0.0,12.0,6.0,Newcastle Utd,1.8,4.0,1.0,2.0,H,8/21/2022,D
74147.0,8.0,7.0,1.0,30.0,0.0,17.0,5.0,Liverpool,1.0,1.0,6.0,11.0,2.0,70.0,0.0,12.0,4.0,Manchester Utd,1.8,3.0,0.0,1.0,H,8/22/2022,H
31196.0,3.0,14.0,1.0,51.0,0.0,11.0,6.0,Manchester Utd,1.0,3.0,5.0,4.0,0.0,49.0,0.0,17.0,5.0,Southampton,1.4,0.0,0.0,0.0,D,8/27/2022,A
30953.0,3.0,14.0,0.0,44.0,0.0,10.0,2.0,Leeds United,2.0,3.0,5.0,10.0,1.0,56.0,0.0,13.0,4.0,Brighton,2.0,2.0,0.0,0.0,D,8/27/2022,H
17009.0,5.0,8.0,1.0,58.0,0.0,14.0,7.0,Everton,1.0,2.0,8.0,8.0,1.0,42.0,0.0,19.0,5.0,Brentford,2.1,2.0,1.0,0.0,A,8/27/2022,D
53112.0,1.0,8.0,2.0,74.0,0.0,2.0,2.0,Crystal Palace,0.0,2.0,6.0,14.0,4.0,26.0,0.0,18.0,5.0,Manchester City,2.2,1.0,2.0,0.0,A,8/27/2022,H
39953.0,11.0,7.0,1.0,45.0,0.0,17.0,5.0,Leicester City,3.0,2.0,3.0,10.0,2.0,55.0,1.0,7.0,3.0,Chelsea,1.8,1.0,0.0,0.0,D,8/27/2022,H
53328.0,1.0,5.0,0.0,69.0,0.0,5.0,2.0,Bournemouth,0.0,1.0,8.0,6.0,9.0,31.0,0.0,19.0,12.0,Liverpool,3.3,0.0,0.0,5.0,H,8/27/2022,H
60164.0,2.0,12.0,1.0,71.0,0.0,11.0,3.0,Fulham,1.0,3.0,9.0,6.0,2.0,29.0,0.0,22.0,8.0,Arsenal,2.6,2.0,0.0,0.0,D,8/27/2022,H
31311.0,13.0,11.0,1.0,63.0,0.0,21.0,6.0,Newcastle Utd,2.0,1.0,4.0,10.0,1.0,37.0,0.0,10.0,4.0,Wolves,0.7,2.0,0.0,1.0,H,8/28/2022,D
41796.0,2.0,10.0,1.0,58.0,0.0,7.0,2.0,West Ham,1.0,0.0,3.0,10.0,0.0,42.0,0.0,9.0,3.0,Aston Villa,0.5,2.0,0.0,0.0,D,8/28/2022,A
29296.0,1.0,13.0,2.0,45.0,0.0,18.0,7.0,Tottenham,2.0,1.0,6.0,11.0,0.0,55.0,0.0,17.0,1.0,Nott'ham Forest,0.9,6.0,1.0,0.0,A,8/28/2022,A
22224.0,3.0,11.0,1.0,61.0,0.0,7.0,4.0,Brighton,1.0,1.0,3.0,9.0,2.0,39.0,0.0,10.0,3.0,Fulham,0.7,2.0,0.0,0.0,D,8/30/2022,H
25043.0,6.0,8.0,1.0,51.0,0.0,9.0,3.0,Brentford,1.0,2.0,4.0,11.0,1.0,49.0,0.0,13.0,4.0,Crystal Palace,1.0,1.0,0.0,0.0,D,8/30/2022,D
31542.0,3.0,10.0,1.0,67.0,0.0,10.0,4.0,Chelsea,1.0,1.0,5.0,15.0,2.0,33.0,0.0,9.0,7.0,Southampton,1.1,2.0,1.0,2.0,H,8/30/2022,H
36338.0,2.0,9.0,1.0,31.0,0.0,7.0,2.0,Everton,1.0,3.0,10.0,10.0,1.0,69.0,0.0,14.0,5.0,Leeds United,1.0,3.0,1.0,0.0,A,8/30/2022,D
10113.0,5.0,12.0,0.0,65.0,0.0,17.0,4.0,Wolves,2.0,1.0,2.0,12.0,0.0,35.0,0.0,5.0,2.0,Bournemouth,0.4,2.0,0.0,0.0,D,8/31/2022,D
53409.0,1.0,7.0,0.0,74.0,0.0,8.0,1.0,Nott'ham Forest,1.0,1.0,10.0,9.0,6.0,26.0,0.0,17.0,9.0,Manchester City,3.3,0.0,0.0,3.0,H,8/31/2022,H
60012.0,3.0,14.0,1.0,59.0,0.0,4.0,3.0,Aston Villa,0.0,3.0,10.0,10.0,2.0,41.0,0.0,22.0,9.0,Arsenal,2.4,2.0,0.0,1.0,H,8/31/2022,H
62450.0,4.0,9.0,1.0,61.0,0.0,13.0,4.0,Tottenham,1.0,5.0,3.0,10.0,1.0,39.0,0.0,14.0,4.0,West Ham,1.2,2.0,1.0,0.0,A,8/31/2022,D
53316.0,0.0,10.0,1.0,28.0,0.0,5.0,2.0,Newcastle Utd,1.0,2.0,13.0,9.0,2.0,72.0,0.0,23.0,6.0,Liverpool,1.5,0.0,1.0,0.0,A,8/31/2022,H
32226.0,3.0,15.0,1.0,47.0,0.0,9.0,2.0,Manchester Utd,2.0,3.0,1.0,7.0,0.0,53.0,0.0,10.0,2.0,Leicester City,0.7,1.0,1.0,0.0,A,9/1/2022,A
39240.0,9.0,11.0,0.0,61.0,0.0,23.0,8.0,Liverpool,2.0,2.0,7.0,7.0,0.0,39.0,0.0,14.0,3.0,Everton,1.7,2.0,0.0,0.0,D,9/3/2022,D
61641.0,3.0,6.0,1.0,52.0,0.0,9.0,3.0,Fulham,1.0,4.0,10.0,9.0,2.0,48.0,0.0,23.0,10.0,Tottenham,2.9,3.0,0.0,1.0,H,9/3/2022,H
28720.0,6.0,10.0,3.0,48.0,0.0,8.0,3.0,Bournemouth,1.0,1.0,4.0,13.0,2.0,52.0,0.0,11.0,3.0,Nott'ham Forest,1.9,2.0,0.0,2.0,H,9/3/2022,A
30546.0,6.0,14.0,0.0,51.0,0.0,12.0,1.0,Southampton,1.0,2.0,5.0,10.0,1.0,49.0,0.0,7.0,2.0,Wolves,0.8,4.0,0.0,1.0,H,9/3/2022,H
51863.0,5.0,12.0,0.0,52.0,0.0,19.0,9.0,Crystal Palace,1.0,1.0,13.0,19.0,0.0,48.0,0.0,23.0,6.0,Newcastle Utd,2.8,2.0,0.0,0.0,D,9/3/2022,D
39923.0,3.0,11.0,1.0,67.0,0.0,6.0,3.0,West Ham,1.0,2.0,10.0,6.0,2.0,33.0,0.0,8.0,3.0,Chelsea,0.9,4.0,0.0,0.0,D,9/3/2022,H
17092.0,6.0,9.0,2.0,32.0,0.0,17.0,6.0,Leeds United,2.0,2.0,2.0,8.0,5.0,68.0,0.0,14.0,8.0,Brentford,2.3,2.0,1.0,2.0,H,9/3/2022,H
41830.0,4.0,6.0,1.0,71.0,0.0,13.0,4.0,Manchester City,2.0,0.0,1.0,7.0,1.0,29.0,0.0,3.0,1.0,Aston Villa,0.3,2.0,0.0,0.0,D,9/3/2022,D
31185.0,1.0,8.0,2.0,53.0,0.0,6.0,4.0,Leicester City,1.0,1.0,10.0,6.0,5.0,47.0,0.0,23.0,11.0,Brighton,2.6,1.0,2.0,2.0,D,9/4/2022,H
73431.0,5.0,9.0,1.0,60.0,0.0,16.0,3.0,Arsenal,1.0,3.0,2.0,13.0,3.0,40.0,0.0,10.0,6.0,Manchester Utd,1.5,3.0,0.0,1.0,H,9/4/2022,H
28654.0,10.0,10.0,3.0,59.0,0.0,15.0,7.0,Fulham,1.0,4.0,2.0,11.0,2.0,41.0,0.0,11.0,3.0,Nott'ham Forest,1.4,2.0,0.0,1.0,H,9/16/2022,A
40758.0,3.0,13.0,0.0,53.0,0.0,7.0,1.0,Southampton,0.0,1.0,6.0,13.0,1.0,47.0,0.0,11.0,3.0,Aston Villa,1.5,3.0,0.0,1.0,H,9/16/2022,H
31578.0,7.0,9.0,3.0,59.0,0.0,16.0,7.0,Manchester City,1.0,1.0,5.0,7.0,0.0,41.0,1.0,6.0,1.0,Wolves,0.4,2.0,2.0,0.0,A,9/17/2022,A
52238.0,1.0,11.0,1.0,72.0,0.0,10.0,3.0,Bournemouth,1.0,2.0,8.0,10.0,1.0,28.0,0.0,20.0,7.0,Newcastle Utd,1.9,2.0,0.0,0.0,D,9/17/2022,D
61450.0,1.0,9.0,2.0,44.0,0.0,19.0,7.0,Leicester City,2.0,2.0,6.0,9.0,6.0,56.0,0.0,16.0,11.0,Tottenham,2.2,1.0,2.0,2.0,D,9/17/2022,H
17122.0,3.0,10.0,3.0,63.0,0.0,13.0,7.0,Arsenal,2.0,2.0,3.0,10.0,0.0,37.0,0.0,5.0,2.0,Brentford,0.5,0.0,2.0,0.0,A,9/18/2022,A
39298.0,14.0,11.0,0.0,47.0,0.0,14.0,4.0,West Ham,1.0,1.0,5.0,8.0,1.0,53.0,0.0,7.0,2.0,Everton,0.4,3.0,0.0,0.0,D,9/18/2022,H
60278.0,2.0,10.0,1.0,64.0,1.0,7.0,3.0,Tottenham,2.0,1.0,5.0,10.0,3.0,36.0,0.0,22.0,9.0,Arsenal,2.4,2.0,1.0,1.0,D,10/1/2022,H
22913.0,8.0,10.0,4.0,67.0,0.0,19.0,10.0,Newcastle Utd,3.0,0.0,1.0,9.0,1.0,33.0,1.0,3.0,1.0,Fulham,0.5,2.0,3.0,0.0,A,10/1/2022,A
53320.0,2.0,13.0,3.0,54.0,0.0,6.0,6.0,Brighton,1.0,1.0,9.0,9.0,3.0,46.0,0.0,15.0,7.0,Liverpool,1.5,1.0,2.0,1.0,A,10/1/2022,D
25198.0,2.0,13.0,2.0,36.0,0.0,13.0,3.0,Chelsea,1.0,3.0,5.0,11.0,1.0,64.0,0.0,7.0,3.0,Crystal Palace,0.4,1.0,1.0,1.0,D,10/1/2022,A
10126.0,8.0,10.0,0.0,58.0,0.0,13.0,4.0,Brentford,1.0,2.0,7.0,11.0,0.0,42.0,0.0,7.0,1.0,Bournemouth,0.4,1.0,0.0,0.0,D,10/1/2022,D
30510.0,6.0,10.0,2.0,45.0,0.0,12.0,5.0,Everton,2.0,2.0,7.0,11.0,1.0,55.0,0.0,22.0,6.0,Southampton,1.7,2.0,0.0,0.0,D,10/1/2022,A
62444.0,6.0,6.0,0.0,61.0,0.0,15.0,4.0,Wolves,1.0,2.0,1.0,8.0,2.0,39.0,0.0,18.0,5.0,West Ham,0.9,2.0,0.0,1.0,H,10/1/2022,H
53475.0,1.0,9.0,3.0,53.0,0.0,12.0,8.0,Manchester Utd,2.0,3.0,5.0,3.0,6.0,47.0,0.0,22.0,10.0,Manchester City,3.2,0.0,0.0,4.0,H,10/2/2022,H
36582.0,9.0,12.0,0.0,56.0,0.0,19.0,7.0,Aston Villa,2.0,2.0,2.0,23.0,0.0,44.0,1.0,9.0,1.0,Leeds United,0.4,3.0,0.0,0.0,D,10/2/2022,D
32202.0,6.0,12.0,0.0,49.0,0.0,10.0,3.0,Nott'ham Forest,1.0,4.0,6.0,13.0,4.0,51.0,0.0,17.0,7.0,Leicester City,1.3,2.0,0.0,3.0,H,10/3/2022,H
52067.0,5.0,9.0,1.0,54.0,0.0,6.0,3.0,Brentford,1.0,1.0,9.0,14.0,5.0,46.0,0.0,16.0,6.0,Newcastle Utd,1.5,0.0,0.0,2.0,H,10/8/2022,H
10272.0,2.0,16.0,1.0,45.0,0.0,9.0,5.0,Leicester City,1.0,2.0,7.0,8.0,2.0,55.0,0.0,10.0,4.0,Bournemouth,1.1,1.0,1.0,0.0,A,10/8/2022,H
39940.0,2.0,8.0,0.0,57.0,0.0,8.0,2.0,Wolves,1.0,0.0,4.0,8.0,3.0,43.0,0.0,20.0,7.0,Chelsea,1.9,2.0,0.0,1.0,H,10/8/2022,H
53365.0,1.0,8.0,0.0,65.0,0.0,5.0,0.0,Southampton,0.0,1.0,9.0,4.0,4.0,35.0,0.0,21.0,8.0,Manchester City,2.4,0.0,0.0,2.0,H,10/8/2022,H
31498.0,2.0,14.0,1.0,59.0,0.0,8.0,3.0,Tottenham,1.0,2.0,6.0,9.0,0.0,41.0,0.0,14.0,4.0,Brighton,0.7,1.0,1.0,0.0,A,10/8/2022,A
62407.0,2.0,7.0,1.0,50.0,0.0,8.0,2.0,Fulham,1.0,3.0,4.0,9.0,3.0,50.0,0.0,17.0,8.0,West Ham,2.4,1.0,1.0,1.0,D,10/9/2022,H
25042.0,3.0,23.0,1.0,54.0,0.0,10.0,4.0,Leeds United,1.0,3.0,5.0,13.0,2.0,46.0,0.0,13.0,5.0,Crystal Palace,1.1,3.0,1.0,1.0,D,10/9/2022,H
60059.0,3.0,11.0,2.0,43.0,0.0,8.0,3.0,Liverpool,1.0,2.0,4.0,11.0,3.0,57.0,0.0,11.0,7.0,Arsenal,2.7,1.0,1.0,2.0,H,10/9/2022,H
39258.0,4.0,13.0,2.0,60.0,0.0,12.0,4.0,Manchester Utd,1.0,1.0,5.0,7.0,1.0,40.0,0.0,11.0,2.0,Everton,0.6,2.0,2.0,1.0,A,10/9/2022,A
29208.0,4.0,19.0,1.0,60.0,0.0,12.0,2.0,Aston Villa,1.0,3.0,1.0,13.0,1.0,40.0,0.0,6.0,3.0,Nott'ham Forest,0.3,3.0,1.0,1.0,D,10/10/2022,D
17016.0,11.0,15.0,0.0,72.0,0.0,21.0,7.0,Brighton,2.0,1.0,2.0,12.0,2.0,28.0,0.0,7.0,3.0,Brentford,1.5,3.0,0.0,1.0,H,10/14/2022,H
31298.0,2.0,13.0,0.0,46.0,0.0,8.0,1.0,Crystal Palace,0.0,2.0,9.0,18.0,0.0,54.0,0.0,14.0,5.0,Leicester City,1.0,2.0,0.0,0.0,D,10/15/2022,D
22541.0,6.0,11.0,2.0,69.0,0.0,10.0,6.0,Bournemouth,1.0,0.0,5.0,9.0,2.0,31.0,0.0,19.0,4.0,Fulham,2.1,2.0,2.0,1.0,A,10/15/2022,D
31554.0,5.0,13.0,0.0,58.0,0.0,10.0,2.0,Nott'ham Forest,2.0,2.0,4.0,17.0,1.0,42.0,0.0,9.0,2.0,Wolves,1.3,2.0,0.0,0.0,D,10/15/2022,H
61812.0,1.0,13.0,0.0,62.0,0.0,4.0,0.0,Everton,0.0,4.0,7.0,12.0,2.0,38.0,0.0,21.0,7.0,Tottenham,2.2,1.0,0.0,0.0,D,10/15/2022,H
73726.0,4.0,11.0,0.0,63.0,0.0,9.0,2.0,Newcastle Utd,1.0,1.0,4.0,13.0,0.0,37.0,0.0,15.0,2.0,Manchester Utd,0.8,3.0,0.0,0.0,D,10/16/2022,D
41754.0,1.0,11.0,2.0,42.0,0.0,8.0,4.0,Chelsea,1.0,3.0,7.0,12.0,0.0,58.0,0.0,18.0,7.0,Aston Villa,1.8,0.0,1.0,0.0,A,10/16/2022,A
36700.0,3.0,11.0,1.0,53.0,0.0,9.0,4.0,Arsenal,1.0,2.0,6.0,10.0,0.0,47.0,0.0,16.0,4.0,Leeds United,1.8,0.0,1.0,0.0,A,10/16/2022,A
29159.0,14.0,3.0,1.0,61.0,0.0,25.0,4.0,West Ham,2.0,1.0,4.0,7.0,1.0,39.0,0.0,10.0,8.0,Southampton,0.5,1.0,0.0,1.0,H,10/16/2022,D
53286.0,6.0,7.0,0.0,63.0,0.0,16.0,6.0,Manchester City,1.0,1.0,5.0,10.0,1.0,37.0,0.0,13.0,2.0,Liverpool,2.1,3.0,0.0,0.0,D,10/16/2022,H
31463.0,1.0,14.0,0.0,70.0,0.0,3.0,0.0,Nott'ham Forest,0.0,1.0,9.0,10.0,0.0,30.0,0.0,19.0,7.0,Brighton,1.7,3.0,0.0,0.0,D,10/18/2022,D
25125.0,3.0,18.0,1.0,51.0,0.0,10.0,4.0,Wolves,1.0,1.0,4.0,14.0,2.0,49.0,0.0,14.0,4.0,Crystal Palace,1.2,3.0,1.0,0.0,A,10/18/2022,H
10405.0,3.0,13.0,1.0,54.0,0.0,9.0,3.0,Southampton,1.0,3.0,7.0,8.0,0.0,46.0,0.0,15.0,3.0,Bournemouth,1.0,1.0,1.0,0.0,A,10/19/2022,A
52247.0,2.0,12.0,0.0,49.0,0.0,1.0,0.0,Everton,0.0,4.0,8.0,9.0,1.0,51.0,0.0,16.0,4.0,Newcastle Utd,1.5,2.0,0.0,1.0,H,10/19/2022,H
17118.0,2.0,7.0,0.0,34.0,0.0,14.0,5.0,Chelsea,1.0,0.0,6.0,7.0,0.0,66.0,0.0,8.0,5.0,Brentford,1.3,0.0,0.0,0.0,D,10/19/2022,D
52982.0,3.0,8.0,0.0,54.0,0.0,8.0,3.0,West Ham,2.0,0.0,8.0,9.0,1.0,46.0,0.0,22.0,7.0,Liverpool,1.7,0.0,0.0,1.0,H,10/19/2022,H
73677.0,3.0,7.0,0.0,52.0,0.0,9.0,2.0,Tottenham,1.0,0.0,8.0,7.0,2.0,48.0,0.0,28.0,10.0,Manchester Utd,1.5,1.0,0.0,0.0,D,10/19/2022,H
23508.0,7.0,11.0,0.0,40.0,1.0,12.0,6.0,Aston Villa,1.0,2.0,9.0,11.0,3.0,60.0,0.0,18.0,8.0,Fulham,2.1,0.0,0.0,1.0,H,10/20/2022,H
30814.0,9.0,11.0,0.0,46.0,0.0,14.0,2.0,Leeds United,1.0,1.0,2.0,15.0,2.0,54.0,0.0,5.0,1.0,Leicester City,0.8,2.0,0.0,2.0,H,10/20/2022,H
29245.0,11.0,8.0,0.0,75.0,0.0,15.0,7.0,Liverpool,2.0,1.0,2.0,14.0,1.0,25.0,0.0,10.0,7.0,Nott'ham Forest,1.9,2.0,0.0,0.0,D,10/22/2022,H
38939.0,4.0,14.0,0.0,54.0,0.0,9.0,2.0,Crystal Palace,1.0,4.0,3.0,16.0,3.0,46.0,0.0,9.0,6.0,Everton,1.4,3.0,0.0,1.0,H,10/22/2022,H
53223.0,3.0,12.0,1.0,48.0,0.0,8.0,2.0,Brighton,1.0,3.0,7.0,11.0,3.0,52.0,0.0,10.0,4.0,Manchester City,1.6,1.0,0.0,2.0,H,10/22/2022,H
39503.0,4.0,10.0,1.0,52.0,0.0,13.0,6.0,Manchester Utd,1.0,4.0,6.0,8.0,1.0,48.0,0.0,6.0,2.0,Chelsea,1.1,1.0,0.0,0.0,D,10/22/2022,D
31425.0,2.0,13.0,4.0,60.0,0.0,5.0,4.0,Leicester City,1.0,1.0,9.0,10.0,0.0,40.0,0.0,21.0,5.0,Wolves,2.1,2.0,2.0,0.0,A,10/23/2022,A
41693.0,6.0,11.0,0.0,45.0,0.0,12.0,3.0,Brentford,1.0,0.0,7.0,14.0,4.0,55.0,0.0,19.0,11.0,Aston Villa,2.8,1.0,0.0,3.0,H,10/23/2022,H
36447.0,6.0,8.0,3.0,43.0,0.0,11.0,5.0,Fulham,2.0,1.0,3.0,12.0,2.0,57.0,0.0,14.0,5.0,Leeds United,1.6,1.0,1.0,1.0,D,10/23/2022,A
31145.0,4.0,8.0,1.0,59.0,0.0,12.0,3.0,Arsenal,1.0,1.0,9.0,11.0,1.0,41.0,0.0,10.0,3.0,Southampton,0.7,2.0,1.0,0.0,A,10/23/2022,D
61726.0,7.0,6.0,2.0,47.0,0.0,13.0,5.0,Newcastle Utd,1.0,2.0,6.0,12.0,1.0,53.0,0.0,17.0,5.0,Tottenham,1.6,4.0,2.0,0.0,A,10/23/2022,A
62447.0,0.0,11.0,0.0,55.0,0.0,5.0,3.0,Bournemouth,0.0,2.0,5.0,9.0,2.0,45.0,0.0,20.0,4.0,West Ham,1.9,0.0,0.0,1.0,H,10/24/2022,H
32223.0,10.0,10.0,1.0,64.0,0.0,15.0,5.0,Manchester City,1.0,0.0,3.0,5.0,0.0,36.0,0.0,10.0,5.0,Leicester City,0.7,0.0,0.0,0.0,D,10/29/2022,A
25130.0,4.0,12.0,0.0,44.0,0.0,14.0,4.0,Southampton,1.0,3.0,8.0,13.0,1.0,56.0,0.0,12.0,3.0,Crystal Palace,0.9,3.0,0.0,1.0,H,10/29/2022,H
52233.0,0.0,11.0,0.0,59.0,0.0,3.0,0.0,Aston Villa,0.0,1.0,3.0,11.0,4.0,41.0,0.0,20.0,7.0,Newcastle Utd,3.4,1.0,0.0,1.0,H,10/29/2022,H
10430.0,19.0,5.0,3.0,69.0,0.0,23.0,7.0,Tottenham,2.0,2.0,2.0,10.0,2.0,31.0,0.0,6.0,4.0,Bournemouth,0.5,1.0,0.0,1.0,H,10/29/2022,A
31746.0,7.0,6.0,1.0,41.0,0.0,15.0,7.0,Chelsea,1.0,2.0,8.0,16.0,4.0,59.0,0.0,19.0,9.0,Brighton,2.4,1.0,0.0,3.0,H,10/29/2022,H
17051.0,6.0,17.0,1.0,58.0,1.0,14.0,4.0,Wolves,1.0,3.0,3.0,10.0,1.0,42.0,0.0,12.0,3.0,Brentford,1.4,3.0,0.0,0.0,D,10/29/2022,D
23534.0,4.0,8.0,0.0,56.0,0.0,9.0,4.0,Everton,1.0,1.0,13.0,10.0,0.0,44.0,0.0,24.0,6.0,Fulham,1.9,2.0,0.0,0.0,D,10/29/2022,D
53274.0,5.0,3.0,2.0,68.0,0.0,14.0,6.0,Leeds United,2.0,1.0,14.0,9.0,1.0,32.0,0.0,22.0,10.0,Liverpool,1.7,0.0,1.0,1.0,D,10/29/2022,A
60263.0,4.0,8.0,0.0,69.0,0.0,5.0,2.0,Nott'ham Forest,0.0,1.0,9.0,9.0,5.0,31.0,0.0,24.0,10.0,Arsenal,2.3,0.0,0.0,1.0,H,10/30/2022,H
73682.0,10.0,10.0,0.0,53.0,0.0,13.0,5.0,West Ham,1.0,3.0,5.0,12.0,1.0,47.0,0.0,16.0,3.0,Manchester Utd,1.2,1.0,0.0,1.0,H,10/30/2022,H
36304.0,3.0,10.0,3.0,40.0,0.0,9.0,6.0,Bournemouth,2.0,2.0,13.0,16.0,4.0,60.0,0.0,18.0,4.0,Leeds United,2.2,2.0,2.0,1.0,A,11/5/2022,H
30732.0,9.0,11.0,3.0,71.0,0.0,19.0,8.0,Brighton,2.0,0.0,4.0,15.0,2.0,29.0,1.0,8.0,5.0,Wolves,1.2,2.0,2.0,2.0,D,11/5/2022,A
52395.0,0.0,11.0,1.0,70.0,0.0,4.0,2.0,Fulham,1.0,4.0,9.0,6.0,2.0,30.0,1.0,16.0,5.0,Manchester City,2.1,2.0,1.0,1.0,D,11/5/2022,H
28869.0,3.0,11.0,2.0,52.0,0.0,6.0,2.0,Brentford,2.0,2.0,3.0,10.0,2.0,48.0,0.0,15.0,7.0,Nott'ham Forest,1.5,2.0,1.0,1.0,D,11/5/2022,D
39206.0,3.0,5.0,2.0,49.0,0.0,22.0,8.0,Leicester City,2.0,0.0,8.0,9.0,0.0,51.0,0.0,12.0,2.0,Everton,1.2,0.0,1.0,0.0,A,11/5/2022,A
40142.0,6.0,13.0,1.0,55.0,0.0,14.0,2.0,Arsenal,2.0,2.0,4.0,20.0,0.0,45.0,0.0,5.0,1.0,Chelsea,0.3,5.0,0.0,0.0,D,11/6/2022,A
30402.0,2.0,10.0,4.0,45.0,0.0,7.0,4.0,Newcastle Utd,1.0,0.0,8.0,7.0,1.0,55.0,0.0,16.0,5.0,Southampton,1.7,1.0,1.0,0.0,A,11/6/2022,A
62451.0,5.0,7.0,2.0,58.0,0.0,15.0,6.0,Crystal Palace,1.0,1.0,2.0,10.0,1.0,42.0,0.0,5.0,2.0,West Ham,0.3,1.0,1.0,1.0,D,11/6/2022,A
42058.0,5.0,12.0,1.0,58.0,0.0,8.0,3.0,Manchester Utd,1.0,3.0,3.0,6.0,3.0,42.0,0.0,6.0,4.0,Aston Villa,0.6,3.0,1.0,2.0,H,11/6/2022,H
62008.0,3.0,8.0,2.0,53.0,0.0,13.0,6.0,Liverpool,1.0,0.0,5.0,10.0,1.0,47.0,0.0,14.0,5.0,Tottenham,1.2,0.0,2.0,0.0,A,11/6/2022,A
52786.0,2.0,7.0,2.0,74.0,0.0,10.0,8.0,Brentford,1.0,2.0,10.0,9.0,1.0,26.0,0.0,29.0,6.0,Manchester City,1.6,2.0,1.0,1.0,D,11/12/2022,A
61667.0,2.0,7.0,3.0,55.0,1.0,12.0,5.0,Leeds United,1.0,1.0,9.0,8.0,4.0,45.0,0.0,14.0,8.0,Tottenham,1.8,1.0,2.0,1.0,A,11/12/2022,H
29045.0,5.0,13.0,0.0,68.0,0.0,8.0,0.0,Crystal Palace,1.0,4.0,1.0,11.0,1.0,32.0,0.0,9.0,2.0,Nott'ham Forest,1.1,1.0,0.0,0.0,D,11/12/2022,H
62459.0,2.0,8.0,2.0,54.0,0.0,9.0,6.0,Leicester City,2.0,1.0,7.0,9.0,0.0,46.0,0.0,18.0,6.0,West Ham,1.4,3.0,1.0,0.0,A,11/12/2022,A
53331.0,0.0,8.0,1.0,60.0,0.0,9.0,5.0,Southampton,1.0,2.0,6.0,8.0,3.0,40.0,0.0,15.0,7.0,Liverpool,1.9,0.0,1.0,3.0,H,11/12/2022,H
10382.0,5.0,8.0,0.0,36.0,0.0,15.0,3.0,Everton,1.0,0.0,3.0,12.0,3.0,64.0,0.0,16.0,9.0,Bournemouth,2.4,2.0,0.0,2.0,H,11/12/2022,H
52264.0,3.0,11.0,0.0,49.0,0.0,5.0,2.0,Chelsea,0.0,2.0,5.0,14.0,1.0,51.0,0.0,10.0,3.0,Newcastle Utd,1.0,3.0,0.0,0.0,D,11/12/2022,H
34624.0,4.0,6.0,2.0,62.0,0.0,14.0,4.0,Arsenal,2.0,2.0,6.0,5.0,0.0,38.0,0.0,11.0,2.0,Wolves,0.7,3.0,0.0,0.0,D,11/12/2022,A
31581.0,4.0,11.0,2.0,65.0,0.0,8.0,2.0,Aston Villa,2.0,7.0,11.0,14.0,1.0,35.0,0.0,7.0,2.0,Brighton,0.6,2.0,1.0,1.0,D,11/13/2022,A
24246.0,3.0,10.0,2.0,47.0,0.0,14.0,9.0,Manchester Utd,3.0,1.0,10.0,9.0,1.0,53.0,0.0,14.0,7.0,Fulham,1.4,1.0,1.0,0.0,A,11/13/2022,A
17137.0,5.0,10.0,2.0,61.0,0.0,16.0,8.0,Tottenham,1.0,1.0,6.0,11.0,2.0,39.0,0.0,9.0,5.0,Brentford,2.0,3.0,0.0,1.0,H,12/26/2022,D
25176.0,8.0,15.0,3.0,64.0,0.0,23.0,11.0,Fulham,3.0,0.0,1.0,12.0,0.0,36.0,2.0,4.0,0.0,Crystal Palace,0.4,0.0,1.0,0.0,A,12/26/2022,A
39252.0,2.0,22.0,2.0,42.0,0.0,7.0,4.0,Wolves,1.0,6.0,2.0,9.0,1.0,58.0,0.0,12.0,6.0,Everton,1.7,1.0,1.0,1.0,D,12/26/2022,A
32185.0,5.0,6.0,3.0,40.0,0.0,12.0,5.0,Newcastle Utd,2.0,0.0,5.0,9.0,0.0,60.0,0.0,8.0,2.0,Leicester City,0.5,0.0,3.0,0.0,A,12/26/2022,A
31010.0,2.0,10.0,3.0,66.0,0.0,7.0,4.0,Brighton,1.0,2.0,4.0,9.0,1.0,34.0,0.0,14.0,4.0,Southampton,1.9,1.0,2.0,0.0,A,12/26/2022,A
42085.0,6.0,12.0,3.0,52.0,0.0,16.0,9.0,Liverpool,3.0,0.0,0.0,7.0,1.0,48.0,0.0,12.0,6.0,Aston Villa,1.4,0.0,2.0,0.0,A,12/26/2022,A
60125.0,5.0,17.0,1.0,66.0,0.0,8.0,4.0,West Ham,1.0,2.0,7.0,13.0,3.0,34.0,0.0,16.0,5.0,Arsenal,2.1,0.0,1.0,0.0,A,12/26/2022,H
40046.0,8.0,10.0,0.0,60.0,0.0,9.0,4.0,Bournemouth,1.0,0.0,6.0,8.0,2.0,40.0,0.0,15.0,5.0,Chelsea,1.8,0.0,0.0,2.0,H,12/27/2022,H
73608.0,9.0,4.0,0.0,65.0,0.0,8.0,3.0,Nott'ham Forest,1.0,1.0,9.0,13.0,3.0,35.0,0.0,17.0,8.0,Manchester Utd,2.4,3.0,0.0,2.0,H,12/27/2022,H
36889.0,5.0,14.0,3.0,69.0,0.0,26.0,9.0,Manchester City,4.0,3.0,3.0,11.0,1.0,31.0,0.0,9.0,1.0,Leeds United,0.6,3.0,1.0,0.0,A,12/28/2022,A
62467.0,1.0,5.0,2.0,37.0,0.0,9.0,6.0,Brentford,2.0,0.0,8.0,9.0,0.0,63.0,0.0,20.0,5.0,West Ham,1.3,1.0,2.0,0.0,A,12/30/2022,A
53343.0,5.0,15.0,1.0,57.0,0.0,7.0,2.0,Leicester City,1.0,1.0,4.0,8.0,2.0,43.0,0.0,21.0,5.0,Liverpool,2.2,0.0,1.0,2.0,H,12/30/2022,H
31658.0,5.0,11.0,1.0,54.0,0.0,16.0,6.0,Manchester Utd,2.0,3.0,7.0,11.0,0.0,46.0,0.0,10.0,3.0,Wolves,0.7,1.0,0.0,0.0,D,12/31/2022,A
52211.0,3.0,19.0,0.0,60.0,0.0,8.0,1.0,Leeds United,0.0,5.0,9.0,13.0,0.0,40.0,0.0,16.0,5.0,Newcastle Utd,2.2,3.0,0.0,0.0,D,12/31/2022,D
24344.0,4.0,13.0,1.0,62.0,0.0,9.0,3.0,Southampton,1.0,1.0,4.0,8.0,2.0,38.0,0.0,8.0,2.0,Fulham,1.5,0.0,0.0,1.0,H,12/31/2022,H
9972.0,7.0,11.0,2.0,41.0,0.0,15.0,6.0,Crystal Palace,2.0,1.0,2.0,17.0,0.0,59.0,0.0,6.0,2.0,Bournemouth,0.6,4.0,2.0,0.0,A,12/31/2022,A
53444.0,1.0,14.0,1.0,74.0,0.0,2.0,1.0,Everton,0.0,4.0,7.0,13.0,1.0,26.0,0.0,16.0,3.0,Manchester City,1.7,3.0,0.0,1.0,H,12/31/2022,D
31647.0,4.0,11.0,4.0,32.0,0.0,14.0,7.0,Arsenal,3.0,3.0,7.0,7.0,2.0,68.0,0.0,9.0,5.0,Brighton,1.2,3.0,2.0,0.0,A,12/31/2022,A
61651.0,3.0,10.0,2.0,41.0,0.0,13.0,4.0,Aston Villa,1.0,3.0,5.0,15.0,0.0,59.0,0.0,6.0,2.0,Tottenham,0.7,4.0,0.0,0.0,D,1/1/2023,A
29229.0,2.0,14.0,1.0,71.0,0.0,7.0,2.0,Chelsea,1.0,2.0,1.0,16.0,1.0,29.0,0.0,12.0,5.0,Nott'ham Forest,1.4,2.0,1.0,0.0,A,1/1/2023,D
17163.0,9.0,8.0,1.0,72.0,0.0,16.0,6.0,Liverpool,1.0,3.0,4.0,5.0,3.0,28.0,0.0,10.0,7.0,Brentford,1.6,1.0,0.0,2.0,H,1/2/2023,H
30813.0,3.0,11.0,1.0,39.0,0.0,11.0,2.0,Fulham,2.0,6.0,6.0,12.0,0.0,61.0,0.0,15.0,6.0,Leicester City,1.7,2.0,1.0,0.0,A,1/3/2023,A
39103.0,2.0,10.0,4.0,51.0,0.0,19.0,8.0,Brighton,2.0,1.0,5.0,8.0,1.0,49.0,0.0,10.0,4.0,Everton,1.3,3.0,1.0,0.0,A,1/3/2023,A
60319.0,5.0,16.0,0.0,66.0,0.0,8.0,1.0,Newcastle Utd,1.0,4.0,5.0,10.0,0.0,34.0,0.0,17.0,4.0,Arsenal,1.1,4.0,0.0,0.0,D,1/3/2023,D
73322.0,5.0,7.0,0.0,58.0,0.0,7.0,4.0,Bournemouth,1.0,3.0,6.0,13.0,3.0,42.0,0.0,18.0,6.0,Manchester Utd,2.2,0.0,0.0,1.0,H,1/3/2023,H
30150.0,2.0,17.0,1.0,37.0,0.0,11.0,1.0,Nott'ham Forest,1.0,2.0,6.0,14.0,0.0,63.0,0.0,8.0,0.0,Southampton,0.5,2.0,1.0,0.0,A,1/4/2023,A
36173.0,1.0,18.0,2.0,38.0,0.0,15.0,2.0,West Ham,1.0,1.0,8.0,11.0,2.0,62.0,0.0,14.0,6.0,Leeds United,1.6,3.0,1.0,1.0,D,1/4/2023,D
25132.0,4.0,8.0,4.0,53.0,0.0,14.0,6.0,Tottenham,1.0,2.0,10.0,11.0,0.0,47.0,0.0,19.0,4.0,Crystal Palace,0.8,1.0,0.0,0.0,D,1/4/2023,A
39978.0,8.0,12.0,1.0,56.0,0.0,10.0,3.0,Wolves,1.0,3.0,7.0,6.0,1.0,44.0,0.0,13.0,4.0,Aston Villa,1.8,1.0,1.0,0.0,A,1/4/2023,D
39998.0,2.0,9.0,1.0,52.0,0.0,12.0,3.0,Manchester City,2.0,0.0,3.0,9.0,0.0,48.0,0.0,8.0,2.0,Chelsea,0.4,2.0,0.0,0.0,D,1/5/2023,A
24460.0,7.0,16.0,1.0,48.0,1.0,20.0,10.0,Chelsea,2.0,3.0,5.0,12.0,2.0,52.0,0.0,8.0,3.0,Fulham,1.0,4.0,0.0,1.0,H,1/12/2023,H
42008.0,11.0,8.0,1.0,52.0,0.0,16.0,4.0,Leeds United,2.0,2.0,0.0,12.0,2.0,48.0,0.0,11.0,5.0,Aston Villa,1.2,2.0,0.0,1.0,H,1/13/2023,H
75546.0,2.0,5.0,1.0,70.0,0.0,5.0,1.0,Manchester City,1.0,0.0,1.0,15.0,2.0,30.0,0.0,8.0,4.0,Manchester Utd,1.7,3.0,0.0,0.0,D,1/14/2023,H
29301.0,5.0,12.0,0.0,39.0,0.0,6.0,1.0,Leicester City,1.0,2.0,3.0,11.0,2.0,61.0,0.0,15.0,5.0,Nott'ham Forest,2.4,1.0,0.0,0.0,D,1/14/2023,H
31511.0,3.0,7.0,0.0,58.0,0.0,16.0,4.0,West Ham,1.0,2.0,4.0,10.0,1.0,42.0,0.0,17.0,4.0,Wolves,0.9,0.0,0.0,0.0,D,1/14/2023,H
31645.0,1.0,15.0,0.0,39.0,0.0,6.0,2.0,Liverpool,1.0,3.0,7.0,8.0,3.0,61.0,0.0,16.0,9.0,Brighton,1.9,1.0,0.0,0.0,D,1/14/2023,H
39305.0,4.0,19.0,2.0,52.0,0.0,13.0,5.0,Southampton,1.0,3.0,6.0,7.0,1.0,48.0,0.0,12.0,4.0,Everton,1.4,0.0,0.0,1.0,H,1/14/2023,A
17031.0,3.0,9.0,0.0,50.0,0.0,7.0,2.0,Bournemouth,1.0,1.0,5.0,5.0,2.0,50.0,0.0,12.0,4.0,Brentford,1.4,1.0,0.0,1.0,H,1/14/2023,H
52247.0,5.0,14.0,0.0,62.0,0.0,5.0,0.0,Fulham,1.0,3.0,10.0,6.0,1.0,38.0,0.0,20.0,5.0,Newcastle Utd,2.2,1.0,0.0,0.0,D,1/15/2023,H
40075.0,7.0,17.0,0.0,39.0,0.0,10.0,5.0,Crystal Palace,1.0,5.0,11.0,10.0,1.0,61.0,0.0,15.0,5.0,Chelsea,1.5,2.0,0.0,0.0,D,1/15/2023,H
61870.0,3.0,15.0,2.0,49.0,0.0,14.0,5.0,Arsenal,2.0,2.0,4.0,16.0,0.0,51.0,0.0,17.0,7.0,Tottenham,1.6,4.0,2.0,0.0,A,1/15/2023,A
23343.0,3.0,10.0,1.0,60.0,0.0,15.0,4.0,Manchester Utd,2.0,2.0,3.0,9.0,1.0,40.0,0.0,10.0,5.0,Crystal Palace,0.5,1.0,1.0,0.0,A,1/18/2023,D
53088.0,3.0,14.0,2.0,58.0,0.0,9.0,3.0,Tottenham,1.0,2.0,8.0,10.0,4.0,42.0,0.0,16.0,6.0,Manchester City,2.3,1.0,2.0,0.0,A,1/19/2023,H
53126.0,5.0,9.0,0.0,48.0,0.0,11.0,2.0,Chelsea,2.0,1.0,5.0,16.0,0.0,52.0,0.0,15.0,3.0,Liverpool,1.4,3.0,0.0,0.0,D,1/21/2023,D
30158.0,2.0,9.0,1.0,63.0,0.0,16.0,5.0,Aston Villa,1.0,2.0,2.0,19.0,0.0,37.0,0.0,8.0,5.0,Southampton,0.6,1.0,0.0,0.0,D,1/21/2023,A
10248.0,6.0,7.0,1.0,43.0,0.0,20.0,5.0,Nott'ham Forest,2.0,2.0,4.0,10.0,1.0,57.0,0.0,16.0,4.0,Bournemouth,1.4,1.0,0.0,1.0,H,1/21/2023,D
32056.0,6.0,9.0,2.0,63.0,0.0,13.0,4.0,Brighton,2.0,1.0,5.0,9.0,2.0,37.0,0.0,9.0,2.0,Leicester City,0.9,0.0,1.0,1.0,D,1/21/2023,D
62470.0,9.0,6.0,0.0,33.0,0.0,5.0,2.0,Everton,1.0,1.0,4.0,9.0,2.0,67.0,0.0,11.0,4.0,West Ham,2.2,1.0,0.0,2.0,H,1/21/2023,H
25350.0,15.0,7.0,0.0,60.0,0.0,16.0,7.0,Newcastle Utd,1.0,2.0,3.0,13.0,0.0,40.0,0.0,6.0,1.0,Crystal Palace,0.3,4.0,0.0,0.0,D,1/21/2023,D
36260.0,3.0,18.0,0.0,42.0,0.0,6.0,0.0,Brentford,0.0,2.0,2.0,10.0,0.0,58.0,0.0,9.0,5.0,Leeds United,0.5,2.0,0.0,0.0,D,1/22/2023,D
53282.0,7.0,10.0,0.0,55.0,0.0,10.0,1.0,Wolves,1.0,2.0,5.0,10.0,3.0,45.0,0.0,13.0,7.0,Manchester City,2.8,1.0,0.0,1.0,H,1/22/2023,H
60325.0,4.0,9.0,2.0,57.0,0.0,6.0,4.0,Manchester Utd,0.0,2.0,12.0,8.0,3.0,43.0,0.0,25.0,5.0,Arsenal,3.1,1.0,1.0,1.0,D,1/22/2023,H
24190.0,8.0,10.0,1.0,46.0,0.0,10.0,3.0,Tottenham,1.0,3.0,3.0,10.0,0.0,54.0,0.0,10.0,5.0,Fulham,1.0,1.0,1.0,0.0,A,1/23/2023,A
40041.0,2.0,12.0,0.0,34.0,0.0,10.0,4.0,Fulham,1.0,4.0,6.0,16.0,0.0,66.0,0.0,12.0,3.0,Chelsea,1.3,1.0,0.0,0.0,D,2/3/2023,D
39314.0,5.0,8.0,0.0,70.0,0.0,15.0,3.0,Arsenal,1.0,1.0,7.0,13.0,1.0,30.0,0.0,12.0,4.0,Everton,1.7,4.0,0.0,0.0,D,2/4/2023,H
17051.0,4.0,9.0,0.0,49.0,0.0,14.0,6.0,Southampton,1.0,2.0,4.0,10.0,3.0,51.0,0.0,14.0,4.0,Brentford,2.0,1.0,0.0,2.0,H,2/4/2023,H
31664.0,7.0,7.0,0.0,59.0,0.0,22.0,4.0,Liverpool,2.0,1.0,2.0,9.0,3.0,41.0,0.0,12.0,6.0,Wolves,2.0,1.0,0.0,2.0,H,2/4/2023,H
73420.0,5.0,9.0,1.0,52.0,0.0,10.0,3.0,Crystal Palace,1.0,2.0,5.0,9.0,2.0,48.0,1.0,14.0,5.0,Manchester Utd,2.0,1.0,0.0,1.0,H,2/4/2023,H
42055.0,3.0,10.0,4.0,62.0,0.0,9.0,5.0,Leicester City,3.0,2.0,11.0,10.0,2.0,38.0,0.0,19.0,4.0,Aston Villa,1.7,0.0,3.0,2.0,A,2/4/2023,A
31600.0,3.0,7.0,0.0,71.0,0.0,12.0,2.0,Bournemouth,1.0,1.0,7.0,14.0,1.0,29.0,0.0,20.0,6.0,Brighton,2.2,3.0,0.0,0.0,D,2/4/2023,H
52256.0,2.0,13.0,1.0,62.0,0.0,10.0,1.0,West Ham,1.0,1.0,4.0,11.0,1.0,38.0,0.0,8.0,2.0,Newcastle Utd,1.0,2.0,1.0,1.0,D,2/4/2023,D
29363.0,2.0,14.0,0.0,30.0,0.0,10.0,4.0,Leeds United,1.0,2.0,0.0,15.0,1.0,70.0,0.0,6.0,2.0,Nott'ham Forest,0.4,4.0,0.0,1.0,H,2/5/2023,H
61747.0,6.0,14.0,0.0,64.0,0.0,15.0,5.0,Manchester City,1.0,3.0,4.0,19.0,1.0,36.0,1.0,12.0,3.0,Tottenham,1.4,2.0,0.0,1.0,H,2/5/2023,H
73456.0,5.0,11.0,2.0,66.0,0.0,8.0,2.0,Leeds United,1.0,3.0,6.0,7.0,2.0,34.0,0.0,24.0,7.0,Manchester Utd,2.0,1.0,1.0,0.0,A,2/8/2023,D
62471.0,6.0,11.0,1.0,71.0,0.0,12.0,4.0,Chelsea,1.0,1.0,5.0,9.0,1.0,29.0,0.0,10.0,2.0,West Ham,1.3,1.0,1.0,1.0,D,2/11/2023,D
60254.0,4.0,9.0,1.0,69.0,0.0,9.0,2.0,Brentford,2.0,2.0,7.0,9.0,1.0,31.0,0.0,23.0,7.0,Arsenal,1.6,0.0,0.0,0.0,D,2/11/2023,D
32184.0,5.0,9.0,1.0,51.0,0.0,11.0,4.0,Tottenham,1.0,2.0,1.0,14.0,4.0,49.0,0.0,15.0,7.0,Leicester City,1.7,5.0,1.0,3.0,H,2/11/2023,H
24244.0,4.0,11.0,0.0,50.0,0.0,10.0,1.0,Nott'ham Forest,1.0,1.0,5.0,9.0,2.0,50.0,0.0,16.0,3.0,Fulham,1.5,0.0,0.0,1.0,H,2/11/2023,H
24827.0,6.0,11.0,1.0,73.0,0.0,17.0,7.0,Brighton,3.0,1.0,1.0,10.0,1.0,27.0,0.0,6.0,1.0,Crystal Palace,1.1,4.0,0.0,0.0,D,2/11/2023,D
29751.0,2.0,14.0,2.0,59.0,1.0,11.0,2.0,Wolves,1.0,2.0,5.0,12.0,1.0,41.0,0.0,17.0,2.0,Southampton,1.1,2.0,0.0,1.0,H,2/11/2023,A
10419.0,6.0,10.0,1.0,66.0,0.0,15.0,7.0,Newcastle Utd,1.0,3.0,4.0,8.0,1.0,34.0,0.0,11.0,5.0,Bournemouth,1.5,2.0,1.0,1.0,D,2/11/2023,D
36919.0,3.0,13.0,2.0,66.0,0.0,11.0,5.0,Manchester Utd,1.0,1.0,7.0,10.0,0.0,34.0,0.0,16.0,6.0,Leeds United,1.8,2.0,0.0,0.0,D,2/12/2023,A
53392.0,4.0,14.0,1.0,67.0,0.0,6.0,2.0,Aston Villa,0.0,2.0,8.0,13.0,3.0,33.0,0.0,17.0,9.0,Manchester City,3.3,1.0,0.0,3.0,H,2/12/2023,H
53027.0,3.0,16.0,0.0,59.0,0.0,6.0,1.0,Everton,0.0,3.0,3.0,8.0,2.0,41.0,0.0,15.0,6.0,Liverpool,2.3,1.0,0.0,1.0,H,2/13/2023,H
60276.0,3.0,15.0,3.0,37.0,0.0,9.0,6.0,Manchester City,2.0,3.0,1.0,11.0,1.0,63.0,0.0,10.0,1.0,Arsenal,1.6,2.0,1.0,1.0,D,2/15/2023,A
42066.0,9.0,4.0,4.0,67.0,0.0,20.0,5.0,Arsenal,3.0,1.0,2.0,13.0,2.0,33.0,0.0,7.0,5.0,Aston Villa,0.5,2.0,1.0,2.0,H,2/18/2023,A
31619.0,2.0,14.0,1.0,65.0,0.0,5.0,2.0,Fulham,0.0,5.0,10.0,12.0,0.0,35.0,0.0,21.0,7.0,Brighton,2.2,0.0,0.0,0.0,D,2/18/2023,A
17122.0,6.0,8.0,1.0,59.0,0.0,10.0,4.0,Crystal Palace,1.0,2.0,2.0,10.0,1.0,41.0,0.0,12.0,5.0,Brentford,0.9,2.0,0.0,0.0,D,2/18/2023,D
39232.0,4.0,6.0,0.0,51.0,0.0,8.0,0.0,Leeds United,1.0,3.0,6.0,8.0,1.0,49.0,0.0,15.0,6.0,Everton,1.4,2.0,0.0,0.0,D,2/18/2023,H
40152.0,2.0,24.0,1.0,62.0,0.0,8.0,5.0,Southampton,1.0,6.0,8.0,16.0,0.0,38.0,0.0,17.0,5.0,Chelsea,1.6,3.0,1.0,0.0,A,2/18/2023,A
31222.0,2.0,10.0,1.0,68.0,0.0,5.0,1.0,Bournemouth,1.0,3.0,12.0,12.0,0.0,32.0,0.0,15.0,4.0,Wolves,1.3,3.0,0.0,0.0,D,2/18/2023,A
29365.0,10.0,6.0,1.0,73.0,0.0,26.0,6.0,Manchester City,2.0,0.0,0.0,8.0,1.0,27.0,0.0,4.0,1.0,Nott'ham Forest,0.9,1.0,1.0,0.0,A,2/18/2023,D
52758.0,7.0,8.0,2.0,38.0,0.0,13.0,7.0,Liverpool,2.0,1.0,6.0,3.0,0.0,62.0,1.0,14.0,4.0,Newcastle Utd,2.0,1.0,2.0,0.0,A,2/18/2023,A
73578.0,6.0,9.0,0.0,57.0,0.0,19.0,3.0,Leicester City,2.0,2.0,6.0,9.0,3.0,43.0,0.0,26.0,8.0,Manchester Utd,4.4,0.0,0.0,1.0,H,2/19/2023,H
61476.0,7.0,10.0,0.0,57.0,0.0,6.0,1.0,West Ham,1.0,1.0,4.0,16.0,2.0,43.0,0.0,16.0,6.0,Tottenham,1.5,2.0,0.0,0.0,D,2/19/2023,H
24399.0,3.0,17.0,1.0,51.0,0.0,8.0,2.0,Wolves,1.0,0.0,4.0,12.0,1.0,49.0,0.0,10.0,5.0,Fulham,0.5,2.0,1.0,0.0,A,2/24/2023,D
32227.0,8.0,9.0,1.0,65.0,0.0,10.0,2.0,Arsenal,1.0,1.0,0.0,14.0,0.0,35.0,0.0,1.0,0.0,Leicester City,0.0,0.0,0.0,0.0,D,2/25/2023,A
39309.0,1.0,12.0,2.0,53.0,0.0,9.0,5.0,Aston Villa,2.0,1.0,5.0,12.0,0.0,47.0,0.0,15.0,5.0,Everton,1.6,2.0,0.0,0.0,D,2/25/2023,A
36641.0,2.0,13.0,0.0,61.0,0.0,8.0,2.0,Southampton,0.0,4.0,9.0,15.0,1.0,39.0,0.0,14.0,4.0,Leeds United,0.9,2.0,0.0,0.0,D,2/25/2023,H
62469.0,3.0,5.0,0.0,49.0,0.0,8.0,3.0,Nott'ham Forest,0.0,0.0,12.0,8.0,4.0,51.0,0.0,18.0,5.0,West Ham,2.7,0.0,0.0,0.0,D,2/25/2023,H
10481.0,6.0,9.0,4.0,65.0,0.0,20.0,5.0,Manchester City,2.0,2.0,4.0,10.0,1.0,35.0,0.0,13.0,2.0,Bournemouth,1.0,2.0,3.0,0.0,A,2/25/2023,A
25842.0,3.0,14.0,0.0,63.0,0.0,12.0,4.0,Liverpool,1.0,5.0,5.0,11.0,0.0,37.0,0.0,6.0,0.0,Crystal Palace,0.7,2.0,0.0,0.0,D,2/25/2023,D
61613.0,4.0,10.0,0.0,41.0,0.0,10.0,2.0,Chelsea,0.0,3.0,4.0,10.0,2.0,59.0,0.0,8.0,3.0,Tottenham,0.8,2.0,0.0,0.0,D,2/26/2023,H
60213.0,1.0,12.0,0.0,73.0,0.0,8.0,5.0,Everton,1.0,2.0,5.0,5.0,4.0,27.0,0.0,15.0,5.0,Arsenal,2.4,0.0,0.0,2.0,H,3/1/2023,H
53259.0,2.0,14.0,0.0,57.0,0.0,4.0,1.0,Wolves,1.0,3.0,5.0,13.0,2.0,43.0,0.0,15.0,6.0,Liverpool,2.6,2.0,0.0,0.0,D,3/1/2023,H
53419.0,4.0,13.0,0.0,56.0,0.0,5.0,2.0,Newcastle Utd,0.0,4.0,8.0,8.0,2.0,44.0,0.0,11.0,3.0,Manchester City,1.3,2.0,0.0,1.0,H,3/4/2023,H
39905.0,7.0,7.0,0.0,57.0,0.0,11.0,2.0,Leeds United,1.0,0.0,5.0,10.0,1.0,43.0,0.0,13.0,3.0,Chelsea,1.5,2.0,0.0,0.0,D,3/4/2023,H
41893.0,4.0,17.0,0.0,58.0,1.0,3.0,0.0,Crystal Palace,0.0,3.0,2.0,14.0,1.0,42.0,0.0,8.0,1.0,Aston Villa,1.2,2.0,0.0,1.0,H,3/4/2023,H
31585.0,8.0,18.0,0.0,54.0,0.0,21.0,6.0,Tottenham,1.0,1.0,4.0,11.0,1.0,46.0,0.0,8.0,5.0,Wolves,0.5,1.0,0.0,0.0,D,3/4/2023,H
31523.0,3.0,8.0,0.0,65.0,0.0,3.0,2.0,West Ham,0.0,3.0,7.0,6.0,4.0,35.0,0.0,20.0,9.0,Brighton,3.5,0.0,0.0,1.0,H,3/4/2023,H
60222.0,1.0,8.0,2.0,79.0,0.0,4.0,4.0,Bournemouth,1.0,2.0,17.0,6.0,3.0,21.0,0.0,31.0,9.0,Arsenal,2.1,0.0,1.0,0.0,A,3/4/2023,H
30139.0,4.0,11.0,0.0,65.0,0.0,11.0,0.0,Leicester City,2.0,2.0,3.0,12.0,1.0,35.0,0.0,11.0,5.0,Southampton,1.4,4.0,0.0,1.0,H,3/4/2023,H
29353.0,3.0,17.0,2.0,57.0,0.0,10.0,3.0,Everton,2.0,5.0,3.0,11.0,2.0,43.0,0.0,10.0,4.0,Nott'ham Forest,0.8,3.0,2.0,1.0,A,3/5/2023,D
53001.0,3.0,14.0,0.0,41.0,0.0,8.0,4.0,Manchester Utd,1.0,3.0,4.0,13.0,7.0,59.0,0.0,18.0,8.0,Liverpool,2.8,2.0,0.0,1.0,H,3/5/2023,H
17025.0,3.0,17.0,2.0,37.0,0.0,9.0,5.0,Fulham,1.0,3.0,2.0,12.0,3.0,63.0,0.0,14.0,6.0,Brentford,2.1,0.0,1.0,1.0,D,3/6/2023,H
10536.0,8.0,9.0,0.0,69.0,0.0,15.0,6.0,Liverpool,2.0,1.0,3.0,7.0,1.0,31.0,0.0,5.0,2.0,Bournemouth,0.9,2.0,0.0,1.0,H,3/11/2023,H
61460.0,10.0,13.0,1.0,55.0,0.0,9.0,5.0,Nott'ham Forest,2.0,1.0,2.0,13.0,3.0,45.0,0.0,15.0,7.0,Tottenham,2.0,3.0,0.0,2.0,H,3/11/2023,H
39274.0,8.0,12.0,0.0,67.0,0.0,12.0,4.0,Brentford,2.0,1.0,5.0,11.0,1.0,33.0,0.0,13.0,6.0,Everton,1.0,2.0,0.0,1.0,H,3/11/2023,H
32170.0,5.0,11.0,3.0,52.0,0.0,12.0,6.0,Chelsea,2.0,2.0,2.0,10.0,1.0,48.0,1.0,17.0,7.0,Leicester City,2.4,1.0,2.0,1.0,A,3/11/2023,A
36471.0,7.0,9.0,2.0,62.0,0.0,14.0,2.0,Brighton,3.0,1.0,4.0,12.0,2.0,38.0,0.0,12.0,4.0,Leeds United,0.9,1.0,1.0,1.0,D,3/11/2023,D
25844.0,6.0,17.0,1.0,67.0,0.0,14.0,4.0,Manchester City,2.0,2.0,2.0,11.0,0.0,33.0,0.0,4.0,0.0,Crystal Palace,0.2,2.0,0.0,0.0,D,3/11/2023,A
24426.0,8.0,9.0,3.0,55.0,0.0,15.0,7.0,Arsenal,2.0,1.0,4.0,10.0,0.0,45.0,0.0,12.0,2.0,Fulham,0.8,0.0,3.0,0.0,A,3/12/2023,A
62472.0,2.0,6.0,1.0,59.0,0.0,12.0,4.0,Aston Villa,2.0,0.0,13.0,8.0,1.0,41.0,0.0,17.0,6.0,West Ham,2.1,1.0,1.0,1.0,D,3/12/2023,D
73439.0,8.0,9.0,0.0,47.0,0.0,17.0,4.0,Southampton,1.0,0.0,7.0,12.0,0.0,53.0,0.0,10.0,4.0,Manchester Utd,0.8,2.0,0.0,0.0,D,3/12/2023,D
52240.0,3.0,10.0,1.0,43.0,0.0,7.0,4.0,Wolves,1.0,2.0,10.0,11.0,2.0,57.0,0.0,19.0,8.0,Newcastle Utd,1.8,1.0,0.0,1.0,H,3/12/2023,H
30438.0,3.0,10.0,2.0,34.0,0.0,11.0,5.0,Brentford,2.0,2.0,3.0,14.0,0.0,66.0,0.0,7.0,1.0,Southampton,0.5,1.0,1.0,0.0,A,3/15/2023,A
30933.0,4.0,20.0,0.0,57.0,0.0,11.0,3.0,Crystal Palace,1.0,2.0,1.0,13.0,1.0,43.0,0.0,11.0,5.0,Brighton,0.6,1.0,0.0,1.0,H,3/15/2023,H
29362.0,7.0,9.0,2.0,61.0,0.0,15.0,4.0,Newcastle Utd,2.0,1.0,3.0,17.0,1.0,39.0,0.0,5.0,3.0,Nott'ham Forest,0.4,5.0,1.0,1.0,D,3/17/2023,A
31570.0,4.0,9.0,4.0,65.0,0.0,11.0,4.0,Leeds United,2.0,5.0,5.0,15.0,2.0,35.0,1.0,23.0,8.0,Wolves,2.7,3.0,1.0,0.0,A,3/18/2023,A
17006.0,4.0,11.0,1.0,53.0,0.0,14.0,1.0,Leicester City,1.0,2.0,8.0,10.0,1.0,47.0,1.0,11.0,2.0,Brentford,0.6,1.0,0.0,1.0,H,3/18/2023,D
41021.0,6.0,13.0,0.0,56.0,0.0,10.0,3.0,Bournemouth,1.0,4.0,9.0,8.0,3.0,44.0,0.0,20.0,9.0,Aston Villa,3.5,1.0,0.0,1.0,H,3/18/2023,H
30157.0,3.0,8.0,3.0,49.0,0.0,17.0,3.0,Tottenham,2.0,1.0,10.0,13.0,3.0,51.0,0.0,19.0,7.0,Southampton,2.4,1.0,1.0,0.0,A,3/18/2023,D
40025.0,2.0,12.0,2.0,68.0,0.0,12.0,3.0,Everton,1.0,2.0,8.0,8.0,2.0,32.0,0.0,20.0,7.0,Chelsea,2.3,2.0,0.0,0.0,D,3/18/2023,D
60247.0,4.0,10.0,1.0,62.0,0.0,8.0,4.0,Crystal Palace,1.0,1.0,5.0,8.0,4.0,38.0,0.0,15.0,5.0,Arsenal,1.6,0.0,0.0,2.0,H,3/19/2023,H
52877.0,1.0,12.0,1.0,68.0,0.0,4.0,1.0,Liverpool,0.0,1.0,7.0,9.0,4.0,32.0,0.0,17.0,8.0,Manchester City,2.9,1.0,1.0,1.0,D,4/1/2023,H
60283.0,3.0,13.0,1.0,66.0,0.0,7.0,5.0,Leeds United,1.0,2.0,4.0,11.0,4.0,34.0,0.0,13.0,6.0,Arsenal,3.8,0.0,0.0,1.0,H,4/1/2023,H
10305.0,3.0,13.0,1.0,57.0,0.0,10.0,2.0,Fulham,1.0,4.0,4.0,15.0,2.0,43.0,0.0,12.0,7.0,Bournemouth,2.6,1.0,1.0,0.0,A,4/1/2023,H
25147.0,1.0,16.0,1.0,52.0,0.0,3.0,2.0,Leicester City,0.0,4.0,10.0,12.0,2.0,48.0,0.0,31.0,9.0,Crystal Palace,2.3,3.0,0.0,0.0,D,4/1/2023,H
31493.0,0.0,10.0,3.0,72.0,0.0,7.0,5.0,Brentford,2.0,1.0,14.0,16.0,3.0,28.0,0.0,33.0,15.0,Brighton,4.2,2.0,2.0,2.0,D,4/1/2023,D
29368.0,3.0,13.0,1.0,71.0,0.0,8.0,1.0,Wolves,1.0,5.0,4.0,14.0,1.0,29.0,0.0,17.0,7.0,Nott'ham Forest,1.3,3.0,0.0,1.0,H,4/1/2023,D
40082.0,2.0,16.0,2.0,31.0,0.0,5.0,2.0,Aston Villa,1.0,3.0,13.0,14.0,0.0,69.0,0.0,27.0,8.0,Chelsea,2.1,3.0,1.0,0.0,A,4/1/2023,A
62498.0,3.0,11.0,0.0,43.0,0.0,9.0,3.0,Southampton,0.0,2.0,5.0,10.0,1.0,57.0,0.0,12.0,2.0,West Ham,1.4,0.0,0.0,1.0,H,4/2/2023,H
52268.0,4.0,12.0,0.0,54.0,0.0,6.0,1.0,Manchester Utd,0.0,0.0,7.0,8.0,2.0,46.0,0.0,22.0,6.0,Newcastle Utd,3.7,0.0,0.0,0.0,D,4/2/2023,H
39294.0,3.0,14.0,1.0,61.0,1.0,8.0,2.0,Tottenham,1.0,3.0,3.0,10.0,1.0,39.0,1.0,15.0,6.0,Everton,0.9,0.0,0.0,0.0,D,4/3/2023,D
36740.0,4.0,13.0,1.0,39.0,0.0,13.0,1.0,Nott'ham Forest,1.0,4.0,11.0,11.0,2.0,61.0,0.0,21.0,6.0,Leeds United,1.8,1.0,1.0,2.0,H,4/4/2023,H
32087.0,8.0,14.0,2.0,64.0,0.0,15.0,5.0,Aston Villa,1.0,0.0,4.0,10.0,1.0,36.0,1.0,9.0,4.0,Leicester City,0.5,2.0,1.0,1.0,D,4/4/2023,A
10266.0,5.0,5.0,2.0,63.0,0.0,16.0,6.0,Brighton,3.0,1.0,5.0,11.0,0.0,37.0,0.0,14.0,3.0,Bournemouth,1.7,1.0,1.0,0.0,A,4/4/2023,A
40093.0,5.0,17.0,0.0,51.0,0.0,7.0,4.0,Liverpool,0.0,4.0,3.0,6.0,0.0,49.0,0.0,12.0,3.0,Chelsea,2.2,1.0,0.0,0.0,D,4/4/2023,D
62481.0,6.0,12.0,5.0,58.0,0.0,15.0,8.0,Newcastle Utd,3.0,1.0,7.0,11.0,1.0,42.0,0.0,7.0,2.0,West Ham,1.0,2.0,2.0,1.0,A,4/5/2023,A
73309.0,3.0,13.0,0.0,64.0,0.0,6.0,1.0,Brentford,1.0,2.0,12.0,8.0,1.0,36.0,0.0,18.0,3.0,Manchester Utd,1.2,3.0,0.0,1.0,H,4/5/2023,H
73509.0,4.0,9.0,0.0,63.0,0.0,15.0,1.0,Everton,1.0,0.0,10.0,10.0,2.0,37.0,0.0,29.0,11.0,Manchester Utd,3.4,0.0,0.0,1.0,H,4/8/2023,H
24491.0,4.0,12.0,1.0,76.0,0.0,9.0,5.0,West Ham,1.0,1.0,11.0,10.0,0.0,24.0,0.0,16.0,3.0,Fulham,0.7,1.0,1.0,0.0,A,4/8/2023,A
31614.0,8.0,10.0,0.0,62.0,0.0,13.0,1.0,Chelsea,1.0,5.0,8.0,14.0,1.0,38.0,0.0,9.0,4.0,Wolves,0.6,2.0,0.0,1.0,H,4/8/2023,H
61405.0,7.0,15.0,1.0,65.0,0.0,17.0,4.0,Brighton,1.0,1.0,3.0,15.0,2.0,35.0,0.0,9.0,3.0,Tottenham,0.8,3.0,1.0,1.0,D,4/8/2023,H
32094.0,6.0,13.0,1.0,49.0,0.0,19.0,7.0,Bournemouth,2.0,3.0,6.0,10.0,0.0,51.0,0.0,14.0,4.0,Leicester City,0.6,0.0,1.0,0.0,A,4/8/2023,A
17107.0,5.0,15.0,2.0,58.0,0.0,10.0,4.0,Newcastle Utd,1.0,0.0,6.0,10.0,1.0,42.0,0.0,12.0,6.0,Brentford,2.6,0.0,0.0,1.0,H,4/8/2023,A
42076.0,8.0,17.0,0.0,63.0,0.0,6.0,2.0,Nott'ham Forest,0.0,4.0,1.0,7.0,2.0,37.0,0.0,8.0,3.0,Aston Villa,1.3,3.0,0.0,0.0,D,4/8/2023,H
30963.0,10.0,10.0,4.0,73.0,0.0,13.0,8.0,Manchester City,3.0,2.0,0.0,6.0,1.0,27.0,0.0,4.0,1.0,Southampton,0.4,0.0,1.0,0.0,A,4/8/2023,A
36427.0,4.0,8.0,5.0,52.0,0.0,16.0,8.0,Crystal Palace,3.0,1.0,2.0,11.0,1.0,48.0,0.0,11.0,7.0,Leeds United,0.9,3.0,1.0,1.0,D,4/9/2023,A
53267.0,4.0,11.0,2.0,41.0,0.0,9.0,5.0,Arsenal,1.0,4.0,5.0,11.0,2.0,59.0,0.0,21.0,6.0,Liverpool,3.9,4.0,2.0,1.0,A,4/9/2023,D
42055.0,2.0,15.0,0.0,48.0,0.0,8.0,2.0,Newcastle Utd,1.0,1.0,7.0,13.0,3.0,52.0,0.0,16.0,6.0,Aston Villa,1.9,1.0,0.0,1.0,H,4/15/2023,H
30309.0,2.0,13.0,2.0,42.0,0.0,9.0,2.0,Crystal Palace,1.0,1.0,6.0,6.0,0.0,58.0,0.0,11.0,4.0,Southampton,0.8,3.0,0.0,0.0,D,4/15/2023,A
39241.0,8.0,6.0,3.0,54.0,0.0,21.0,7.0,Fulham,2.0,2.0,4.0,10.0,1.0,46.0,0.0,15.0,7.0,Everton,1.4,3.0,1.0,1.0,D,4/15/2023,A
61369.0,1.0,9.0,3.0,58.0,0.0,6.0,6.0,Bournemouth,1.0,2.0,8.0,8.0,2.0,42.0,0.0,24.0,8.0,Tottenham,2.2,1.0,1.0,1.0,D,4/15/2023,A
40126.0,8.0,11.0,2.0,57.0,0.0,26.0,10.0,Brighton,3.0,2.0,2.0,11.0,1.0,43.0,0.0,8.0,2.0,Chelsea,0.5,2.0,1.0,1.0,D,4/15/2023,A
30769.0,2.0,8.0,0.0,50.0,0.0,10.0,3.0,Brentford,1.0,1.0,5.0,12.0,2.0,50.0,0.0,11.0,9.0,Wolves,0.8,1.0,0.0,1.0,H,4/15/2023,H
53329.0,2.0,8.0,1.0,70.0,0.0,10.0,4.0,Leicester City,2.0,1.0,6.0,8.0,3.0,30.0,0.0,12.0,4.0,Manchester City,1.6,1.0,0.0,3.0,H,4/15/2023,H
62481.0,2.0,8.0,2.0,70.0,0.0,11.0,5.0,Arsenal,3.0,2.0,7.0,11.0,2.0,30.0,0.0,16.0,3.0,West Ham,1.8,1.0,2.0,1.0,A,4/16/2023,D
29435.0,9.0,9.0,2.0,68.0,0.0,22.0,8.0,Manchester Utd,4.0,2.0,4.0,9.0,0.0,32.0,0.0,6.0,0.0,Nott'ham Forest,0.7,2.0,1.0,0.0,A,4/16/2023,A
36657.0,2.0,12.0,6.0,73.0,0.0,13.0,7.0,Liverpool,3.0,1.0,4.0,6.0,1.0,27.0,0.0,13.0,3.0,Leeds United,1.4,0.0,2.0,0.0,A,4/17/2023,A
60175.0,2.0,14.0,3.0,74.0,0.0,8.0,6.0,Southampton,1.0,5.0,7.0,10.0,3.0,26.0,0.0,25.0,6.0,Arsenal,2.4,1.0,2.0,1.0,A,4/21/2023,D
24356.0,6.0,15.0,1.0,50.0,0.0,10.0,2.0,Leeds United,1.0,4.0,8.0,10.0,2.0,50.0,0.0,12.0,5.0,Fulham,1.7,1.0,0.0,0.0,D,4/22/2023,H
17098.0,4.0,8.0,1.0,56.0,0.0,14.0,2.0,Aston Villa,2.0,2.0,8.0,12.0,1.0,44.0,0.0,6.0,5.0,Brentford,2.7,3.0,0.0,0.0,D,4/22/2023,D
25202.0,1.0,14.0,0.0,56.0,1.0,10.0,5.0,Everton,0.0,1.0,8.0,12.0,0.0,44.0,0.0,12.0,2.0,Crystal Palace,0.5,1.0,0.0,0.0,D,4/22/2023,D
53254.0,3.0,12.0,2.0,80.0,0.0,11.0,5.0,Nott'ham Forest,1.0,1.0,9.0,9.0,3.0,20.0,0.0,18.0,6.0,Liverpool,2.8,0.0,0.0,0.0,D,4/22/2023,H
32053.0,7.0,16.0,1.0,58.0,0.0,16.0,3.0,Wolves,1.0,3.0,1.0,17.0,2.0,42.0,0.0,15.0,8.0,Leicester City,2.4,1.0,1.0,1.0,D,4/22/2023,H
10465.0,5.0,8.0,4.0,36.0,0.0,18.0,10.0,West Ham,2.0,2.0,8.0,7.0,0.0,64.0,0.0,17.0,5.0,Bournemouth,1.5,1.0,3.0,0.0,A,4/23/2023,A
52252.0,3.0,13.0,1.0,56.0,0.0,11.0,3.0,Tottenham,1.0,3.0,9.0,7.0,6.0,44.0,0.0,25.0,8.0,Newcastle Utd,3.7,0.0,0.0,5.0,H,4/23/2023,H
30294.0,11.0,14.0,0.0,59.0,0.0,14.0,4.0,Crystal Palace,1.0,4.0,6.0,13.0,2.0,41.0,0.0,9.0,3.0,Wolves,1.4,5.0,0.0,1.0,H,4/25/2023,H
41046.0,2.0,18.0,0.0,51.0,0.0,1.0,0.0,Fulham,0.0,2.0,8.0,6.0,1.0,49.0,0.0,14.0,3.0,Aston Villa,1.0,3.0,0.0,1.0,H,4/25/2023,H
36666.0,6.0,15.0,1.0,59.0,0.0,15.0,3.0,Leicester City,2.0,2.0,3.0,14.0,1.0,41.0,0.0,13.0,3.0,Leeds United,1.5,4.0,0.0,1.0,H,4/25/2023,D
28808.0,7.0,8.0,1.0,74.0,0.0,17.0,7.0,Brighton,2.0,0.0,2.0,7.0,3.0,26.0,0.0,12.0,5.0,Nott'ham Forest,2.4,2.0,1.0,1.0,D,4/26/2023,H
39929.0,2.0,13.0,2.0,29.0,0.0,7.0,1.0,Brentford,1.0,2.0,5.0,5.0,0.0,71.0,0.0,15.0,4.0,Chelsea,1.3,1.0,1.0,0.0,A,4/26/2023,A
62473.0,6.0,8.0,2.0,72.0,0.0,20.0,4.0,Liverpool,2.0,0.0,3.0,6.0,1.0,28.0,0.0,7.0,2.0,West Ham,0.8,0.0,1.0,1.0,D,4/26/2023,A
53482.0,3.0,13.0,1.0,52.0,0.0,8.0,2.0,Arsenal,1.0,1.0,1.0,13.0,4.0,48.0,0.0,14.0,9.0,Manchester City,2.5,3.0,0.0,2.0,H,4/26/2023,H
30414.0,4.0,11.0,1.0,43.0,0.0,16.0,2.0,Bournemouth,1.0,3.0,6.0,9.0,0.0,57.0,0.0,11.0,2.0,Southampton,0.5,0.0,0.0,0.0,D,4/27/2023,A
39248.0,14.0,6.0,4.0,60.0,0.0,15.0,8.0,Newcastle Utd,2.0,1.0,3.0,8.0,1.0,40.0,0.0,13.0,5.0,Everton,0.9,2.0,1.0,0.0,A,4/27/2023,A
61586.0,8.0,7.0,2.0,60.0,0.0,17.0,8.0,Manchester Utd,2.0,2.0,6.0,8.0,2.0,40.0,0.0,18.0,7.0,Tottenham,2.5,1.0,2.0,0.0,A,4/27/2023,D
25148.0,5.0,17.0,3.0,59.0,0.0,8.0,4.0,West Ham,2.0,2.0,8.0,9.0,4.0,41.0,0.0,16.0,6.0,Crystal Palace,2.1,1.0,2.0,3.0,H,4/29/2023,H
17080.0,0.0,13.0,1.0,68.0,0.0,5.0,3.0,Nott'ham Forest,1.0,2.0,6.0,6.0,2.0,32.0,0.0,14.0,8.0,Brentford,1.6,1.0,1.0,0.0,A,4/29/2023,H
31584.0,5.0,11.0,0.0,57.0,0.0,10.0,2.0,Wolves,1.0,1.0,2.0,14.0,6.0,43.0,0.0,22.0,8.0,Brighton,3.3,1.0,0.0,4.0,H,4/29/2023,H
24498.0,5.0,10.0,2.0,62.0,0.0,12.0,9.0,Manchester City,3.0,3.0,2.0,9.0,1.0,38.0,0.0,4.0,1.0,Fulham,0.2,1.0,2.0,1.0,A,4/30/2023,A
73592.0,4.0,7.0,0.0,57.0,0.0,7.0,1.0,Aston Villa,1.0,0.0,1.0,16.0,1.0,43.0,0.0,14.0,6.0,Manchester Utd,1.2,2.0,0.0,1.0,H,4/30/2023,H
52234.0,2.0,10.0,1.0,63.0,0.0,4.0,3.0,Southampton,1.0,4.0,11.0,7.0,3.0,37.0,0.0,22.0,5.0,Newcastle Utd,4.3,1.0,1.0,0.0,A,4/30/2023,H
10434.0,6.0,14.0,1.0,42.0,0.0,15.0,6.0,Leeds United,2.0,0.0,2.0,12.0,4.0,58.0,0.0,12.0,7.0,Bournemouth,1.9,1.0,1.0,2.0,H,4/30/2023,H
53275.0,2.0,6.0,3.0,67.0,0.0,10.0,7.0,Tottenham,2.0,2.0,5.0,12.0,4.0,33.0,0.0,12.0,4.0,Liverpool,2.2,3.0,1.0,3.0,H,4/30/2023,H
32173.0,9.0,12.0,2.0,46.0,0.0,23.0,8.0,Everton,3.0,1.0,2.0,10.0,2.0,54.0,0.0,15.0,6.0,Leicester City,3.4,4.0,1.0,2.0,H,5/1/2023,D
60144.0,2.0,10.0,1.0,55.0,0.0,7.0,4.0,Chelsea,1.0,2.0,7.0,10.0,3.0,45.0,0.0,16.0,10.0,Arsenal,1.7,0.0,0.0,3.0,H,5/2/2023,H
52602.0,5.0,8.0,0.0,57.0,0.0,9.0,3.0,Fulham,1.0,0.0,7.0,10.0,1.0,43.0,0.0,15.0,3.0,Liverpool,1.8,0.0,0.0,1.0,H,5/3/2023,H
53305.0,3.0,8.0,0.0,69.0,0.0,6.0,2.0,West Ham,0.0,1.0,6.0,8.0,3.0,31.0,0.0,16.0,7.0,Manchester City,2.3,0.0,0.0,0.0,D,5/3/2023,H
31577.0,6.0,14.0,0.0,41.0,0.0,16.0,5.0,Manchester Utd,1.0,4.0,8.0,10.0,1.0,59.0,0.0,22.0,6.0,Brighton,2.3,4.0,0.0,0.0,D,5/4/2023,H
61093.0,4.0,14.0,0.0,56.0,0.0,7.0,2.0,Crystal Palace,0.0,5.0,8.0,15.0,1.0,44.0,0.0,8.0,3.0,Tottenham,0.9,3.0,0.0,1.0,H,5/6/2023,H
53406.0,1.0,16.0,1.0,80.0,0.0,4.0,2.0,Leeds United,0.0,3.0,10.0,3.0,2.0,20.0,0.0,18.0,6.0,Manchester City,2.6,0.0,0.0,2.0,H,5/6/2023,H
10357.0,7.0,11.0,3.0,65.0,0.0,11.0,5.0,Chelsea,1.0,3.0,7.0,9.0,1.0,35.0,0.0,10.0,4.0,Bournemouth,1.2,1.0,1.0,1.0,D,5/6/2023,A
31641.0,6.0,9.0,0.0,62.0,0.0,16.0,3.0,Aston Villa,2.0,3.0,5.0,20.0,1.0,38.0,0.0,6.0,2.0,Wolves,0.8,3.0,0.0,1.0,H,5/6/2023,H
52838.0,3.0,10.0,0.0,54.0,0.0,5.0,1.0,Brentford,0.0,2.0,7.0,19.0,1.0,46.0,0.0,15.0,5.0,Liverpool,2.2,4.0,0.0,1.0,H,5/6/2023,H
50267.0,4.0,12.0,2.0,45.0,0.0,10.0,6.0,Arsenal,1.0,1.0,9.0,16.0,0.0,55.0,0.0,12.0,5.0,Newcastle Utd,1.3,2.0,1.0,0.0,A,5/7/2023,A
62477.0,6.0,9.0,0.0,65.0,0.0,19.0,4.0,Manchester Utd,1.0,2.0,5.0,4.0,1.0,35.0,0.0,15.0,4.0,West Ham,1.3,0.0,0.0,1.0,H,5/7/2023,H
24442.0,7.0,15.0,3.0,57.0,0.0,18.0,9.0,Leicester City,3.0,3.0,2.0,13.0,5.0,43.0,0.0,17.0,7.0,Fulham,1.6,0.0,0.0,3.0,H,5/8/2023,H
31567.0,1.0,13.0,5.0,78.0,0.0,10.0,5.0,Everton,2.0,5.0,15.0,11.0,1.0,22.0,0.0,23.0,5.0,Brighton,3.2,1.0,3.0,0.0,A,5/8/2023,A
29154.0,11.0,10.0,3.0,36.0,0.0,19.0,5.0,Southampton,3.0,0.0,2.0,16.0,4.0,64.0,0.0,9.0,4.0,Nott'ham Forest,1.8,1.0,1.0,3.0,H,5/8/2023,H
36955.0,6.0,14.0,2.0,64.0,0.0,18.0,5.0,Newcastle Utd,2.0,2.0,2.0,16.0,2.0,36.0,1.0,9.0,4.0,Leeds United,2.0,3.0,1.0,1.0,D,5/13/2023,D
40030.0,5.0,15.0,2.0,75.0,0.0,11.0,2.0,Nott'ham Forest,1.0,1.0,2.0,13.0,2.0,25.0,0.0,14.0,6.0,Chelsea,1.2,3.0,1.0,0.0,A,5/13/2023,D
73570.0,7.0,9.0,0.0,48.0,0.0,5.0,0.0,Wolves,0.0,2.0,11.0,9.0,2.0,52.0,0.0,27.0,9.0,Manchester Utd,3.2,3.0,0.0,1.0,H,5/13/2023,H
42164.0,3.0,14.0,1.0,48.0,0.0,5.0,2.0,Tottenham,1.0,3.0,8.0,9.0,2.0,52.0,0.0,8.0,4.0,Aston Villa,1.2,3.0,0.0,1.0,H,5/13/2023,H
25034.0,2.0,12.0,0.0,59.0,0.0,5.0,0.0,Bournemouth,0.0,2.0,11.0,5.0,2.0,41.0,0.0,17.0,5.0,Crystal Palace,1.5,0.0,0.0,1.0,H,5/13/2023,H
28978.0,8.0,12.0,2.0,64.0,0.0,9.0,4.0,Fulham,1.0,0.0,1.0,17.0,0.0,36.0,0.0,5.0,1.0,Southampton,0.4,2.0,0.0,0.0,D,5/13/2023,A
17075.0,5.0,5.0,0.0,53.0,0.0,4.0,4.0,West Ham,0.0,0.0,7.0,5.0,2.0,47.0,0.0,24.0,10.0,Brentford,3.4,1.0,0.0,2.0,H,5/14/2023,H
39376.0,6.0,4.0,3.0,63.0,0.0,9.0,4.0,Manchester City,1.0,0.0,8.0,12.0,0.0,37.0,0.0,7.0,3.0,Everton,1.6,1.0,2.0,0.0,A,5/14/2023,A
60139.0,2.0,17.0,3.0,41.0,0.0,12.0,6.0,Brighton,2.0,2.0,5.0,13.0,0.0,59.0,0.0,14.0,2.0,Arsenal,0.9,1.0,0.0,0.0,D,5/14/2023,A
32225.0,4.0,17.0,3.0,66.0,0.0,16.0,5.0,Liverpool,2.0,1.0,4.0,11.0,0.0,34.0,0.0,4.0,4.0,Leicester City,0.4,2.0,2.0,0.0,A,5/15/2023,A
52122.0,1.0,16.0,1.0,35.0,0.0,8.0,2.0,Brighton,1.0,4.0,6.0,17.0,4.0,65.0,0.0,22.0,9.0,Newcastle Utd,3.6,2.0,0.0,2.0,H,5/18/2023,H
61514.0,2.0,9.0,3.0,61.0,0.0,11.0,4.0,Brentford,1.0,1.0,8.0,11.0,1.0,39.0,0.0,22.0,8.0,Tottenham,1.7,1.0,0.0,1.0,H,5/20/2023,A
31684.0,7.0,10.0,1.0,52.0,0.0,19.0,4.0,Everton,2.0,1.0,1.0,18.0,1.0,48.0,0.0,13.0,5.0,Wolves,1.6,5.0,0.0,1.0,H,5/20/2023,D
53306.0,4.0,13.0,1.0,66.0,0.0,6.0,3.0,Aston Villa,1.0,5.0,9.0,16.0,1.0,34.0,0.0,10.0,5.0,Liverpool,0.7,3.0,1.0,0.0,A,5/20/2023,D
10240.0,6.0,7.0,1.0,59.0,0.0,20.0,5.0,Manchester Utd,1.0,0.0,3.0,6.0,0.0,41.0,0.0,10.0,4.0,Bournemouth,1.0,1.0,1.0,0.0,A,5/20/2023,A
24356.0,4.0,12.0,2.0,49.0,0.0,11.0,5.0,Crystal Palace,2.0,0.0,7.0,13.0,2.0,51.0,0.0,11.0,4.0,Fulham,1.7,3.0,1.0,1.0,D,5/20/2023,D
29514.0,6.0,12.0,0.0,81.0,0.0,11.0,3.0,Arsenal,1.0,2.0,3.0,11.0,1.0,19.0,0.0,6.0,2.0,Nott'ham Forest,0.6,3.0,0.0,1.0,H,5/20/2023,H
62478.0,5.0,11.0,1.0,59.0,0.0,12.0,3.0,Leeds United,1.0,3.0,9.0,6.0,3.0,41.0,0.0,19.0,9.0,West Ham,2.1,1.0,1.0,1.0,D,5/21/2023,H
31507.0,3.0,9.0,1.0,63.0,0.0,5.0,1.0,Southampton,1.0,5.0,4.0,8.0,3.0,37.0,0.0,26.0,8.0,Brighton,2.5,2.0,0.0,2.0,H,5/21/2023,H
53490.0,2.0,9.0,0.0,64.0,0.0,13.0,6.0,Chelsea,1.0,2.0,5.0,12.0,1.0,36.0,0.0,15.0,2.0,Manchester City,1.2,0.0,0.0,1.0,H,5/21/2023,H
52152.0,1.0,5.0,0.0,77.0,0.0,1.0,1.0,Leicester City,0.0,0.0,12.0,9.0,0.0,23.0,0.0,23.0,4.0,Newcastle Utd,2.1,2.0,0.0,0.0,D,5/22/2023,D
31388.0,1.0,11.0,1.0,60.0,0.0,13.0,4.0,Manchester City,2.0,1.0,5.0,16.0,1.0,40.0,0.0,20.0,7.0,Brighton,2.2,2.0,1.0,1.0,D,5/24/2023,D
73561.0,4.0,6.0,1.0,42.0,0.0,14.0,5.0,Chelsea,2.0,1.0,3.0,12.0,4.0,58.0,0.0,18.0,9.0,Manchester Utd,5.2,1.0,0.0,2.0,H,5/25/2023,H
17120.0,4.0,8.0,0.0,65.0,0.0,17.0,3.0,Manchester City,2.0,0.0,3.0,12.0,1.0,35.0,0.0,11.0,4.0,Brentford,1.3,4.0,0.0,0.0,D,5/28/2023,H
39201.0,3.0,12.0,0.0,62.0,0.0,7.0,2.0,Bournemouth,1.0,3.0,9.0,11.0,1.0,38.0,0.0,13.0,6.0,Everton,1.0,1.0,0.0,0.0,D,5/28/2023,H
25198.0,4.0,13.0,1.0,66.0,0.0,7.0,4.0,Nott'ham Forest,1.0,2.0,5.0,9.0,1.0,34.0,0.0,16.0,4.0,Crystal Palace,1.4,0.0,1.0,0.0,A,5/28/2023,D
31129.0,9.0,10.0,4.0,69.0,0.0,30.0,8.0,Liverpool,4.0,2.0,2.0,4.0,4.0,31.0,0.0,15.0,10.0,Southampton,1.8,0.0,2.0,2.0,D,5/28/2023,D
32183.0,5.0,10.0,1.0,52.0,0.0,16.0,3.0,West Ham,1.0,1.0,3.0,8.0,2.0,48.0,0.0,13.0,4.0,Leicester City,1.4,1.0,0.0,1.0,H,5/28/2023,H
41791.0,3.0,16.0,1.0,59.0,0.0,8.0,4.0,Brighton,1.0,4.0,4.0,15.0,2.0,41.0,0.0,12.0,5.0,Aston Villa,2.8,4.0,1.0,2.0,H,5/28/2023,H
36871.0,3.0,5.0,4.0,48.0,0.0,11.0,7.0,Tottenham,2.0,0.0,12.0,7.0,1.0,52.0,0.0,19.0,2.0,Leeds United,1.5,3.0,1.0,0.0,A,5/28/2023,A
60095.0,4.0,11.0,0.0,51.0,0.0,6.0,0.0,Wolves,1.0,0.0,8.0,8.0,5.0,49.0,0.0,14.0,8.0,Arsenal,2.8,0.0,0.0,3.0,H,5/28/2023,H
73465.0,4.0,10.0,1.0,53.0,0.0,10.0,3.0,Fulham,2.0,2.0,5.0,14.0,2.0,47.0,0.0,21.0,8.0,Manchester Utd,2.9,1.0,1.0,1.0,D,5/28/2023,H
40130.0,3.0,11.0,1.0,36.0,0.0,13.0,4.0,Newcastle Utd,2.0,0.0,10.0,9.0,1.0,64.0,0.0,22.0,5.0,Chelsea,2.2,0.0,1.0,1.0,D,5/28/2023,D
21572.0,5.0,8.0,3.0,65.0,0.0,17.0,8.0,Manchester City,2.0,0.0,6.0,11.0,0.0,35.0,1.0,6.0,1.0,Burnley,0.3,0.0,2.0,0.0,A,8/11/2023,A
59984.0,3.0,12.0,1.0,78.0,0.0,6.0,2.0,Nott'ham Forest,1.0,2.0,8.0,12.0,2.0,22.0,0.0,15.0,7.0,Arsenal,0.8,2.0,0.0,2.0,H,8/12/2023,H
39940.0,4.0,6.0,1.0,58.0,0.0,9.0,2.0,Fulham,2.0,2.0,10.0,12.0,0.0,42.0,0.0,19.0,9.0,Everton,2.7,0.0,0.0,0.0,D,8/12/2023,A
31872.0,7.0,12.0,1.0,70.0,0.0,9.0,3.0,Luton Town,2.0,2.0,6.0,11.0,4.0,30.0,0.0,27.0,12.0,Brighton,4.0,2.0,0.0,1.0,H,8/12/2023,H
31194.0,5.0,11.0,1.0,68.0,0.0,24.0,8.0,Crystal Palace,2.0,0.0,5.0,18.0,0.0,32.0,0.0,8.0,1.0,Sheffield Utd,0.5,3.0,0.0,0.0,D,8/12/2023,A
11245.0,4.0,14.0,1.0,38.0,0.0,16.0,3.0,West Ham,1.0,4.0,10.0,9.0,1.0,62.0,0.0,14.0,5.0,Bournemouth,1.3,1.0,0.0,0.0,D,8/12/2023,D
52207.0,5.0,17.0,1.0,52.0,0.0,16.0,6.0,Aston Villa,2.0,4.0,6.0,12.0,5.0,48.0,0.0,17.0,13.0,Newcastle Utd,3.3,4.0,1.0,2.0,H,8/12/2023,H
17066.0,6.0,13.0,2.0,69.0,0.0,18.0,6.0,Tottenham,1.0,4.0,3.0,12.0,2.0,31.0,0.0,11.0,6.0,Brentford,2.2,1.0,2.0,2.0,D,8/13/2023,D
40096.0,4.0,12.0,1.0,35.0,0.0,13.0,1.0,Liverpool,1.0,3.0,4.0,5.0,1.0,65.0,0.0,10.0,4.0,Chelsea,1.4,3.0,1.0,1.0,D,8/13/2023,D
73358.0,7.0,10.0,0.0,51.0,0.0,23.0,6.0,Wolves,2.0,3.0,8.0,14.0,1.0,49.0,0.0,15.0,3.0,Manchester Utd,2.2,2.0,0.0,0.0,D,8/14/2023,H
29432.0,7.0,9.0,1.0,50.0,0.0,7.0,3.0,Sheffield Utd,1.0,3.0,6.0,5.0,2.0,50.0,0.0,16.0,4.0,Nott'ham Forest,1.4,2.0,0.0,1.0,H,8/18/2023,H
31317.0,3.0,11.0,4.0,53.0,0.0,16.0,8.0,Brighton,2.0,6.0,5.0,14.0,1.0,47.0,1.0,16.0,5.0,Wolves,2.1,3.0,1.0,0.0,A,8/19/2023,A
24236.0,5.0,12.0,3.0,45.0,0.0,17.0,8.0,Brentford,4.0,2.0,5.0,13.0,0.0,55.0,1.0,10.0,2.0,Fulham,0.5,2.0,1.0,0.0,A,8/19/2023,A
53145.0,2.0,13.0,1.0,64.0,0.0,13.0,5.0,Bournemouth,1.0,3.0,10.0,11.0,3.0,36.0,1.0,26.0,10.0,Liverpool,3.0,1.0,1.0,2.0,H,8/19/2023,H
61910.0,6.0,8.0,0.0,45.0,0.0,22.0,6.0,Manchester Utd,2.0,3.0,5.0,9.0,2.0,55.0,0.0,17.0,6.0,Tottenham,1.7,1.0,0.0,0.0,D,8/19/2023,H
53419.0,0.0,11.0,0.0,59.0,0.0,7.0,1.0,Newcastle Utd,0.0,5.0,3.0,12.0,1.0,41.0,0.0,14.0,4.0,Manchester City,1.0,1.0,0.0,1.0,H,8/19/2023,H
41694.0,6.0,12.0,0.0,60.0,0.0,9.0,2.0,Everton,1.0,4.0,7.0,8.0,4.0,40.0,0.0,13.0,7.0,Aston Villa,2.9,3.0,0.0,2.0,H,8/20/2023,H
62451.0,9.0,9.0,1.0,75.0,0.0,17.0,4.0,Chelsea,3.0,3.0,3.0,12.0,3.0,25.0,1.0,12.0,6.0,West Ham,1.8,2.0,1.0,1.0,D,8/20/2023,H
24189.0,8.0,10.0,1.0,53.0,1.0,14.0,3.0,Arsenal,2.0,1.0,1.0,14.0,0.0,47.0,0.0,14.0,2.0,Crystal Palace,1.0,2.0,0.0,0.0,D,8/21/2023,A
39893.0,4.0,12.0,0.0,67.0,0.0,11.0,1.0,Luton Town,0.0,3.0,6.0,15.0,3.0,33.0,0.0,19.0,8.0,Chelsea,2.2,2.0,0.0,1.0,H,8/25/2023,H
10567.0,2.0,11.0,2.0,56.0,0.0,17.0,6.0,Tottenham,2.0,3.0,6.0,18.0,0.0,44.0,0.0,11.0,3.0,Bournemouth,0.7,1.0,1.0,0.0,A,8/26/2023,A
38851.0,0.0,14.0,1.0,53.0,0.0,11.0,2.0,Wolves,1.0,4.0,7.0,10.0,0.0,47.0,0.0,15.0,7.0,Everton,1.3,3.0,0.0,0.0,D,8/26/2023,A
73595.0,3.0,11.0,2.0,66.0,1.0,9.0,4.0,Nott'ham Forest,1.0,4.0,11.0,13.0,3.0,34.0,0.0,18.0,9.0,Manchester Utd,2.8,4.0,2.0,1.0,A,8/26/2023,H
16997.0,6.0,15.0,1.0,60.0,0.0,15.0,5.0,Crystal Palace,1.0,0.0,8.0,9.0,1.0,40.0,0.0,12.0,1.0,Brentford,1.0,0.0,0.0,1.0,H,8/26/2023,D
59961.0,3.0,5.0,2.0,71.0,1.0,8.0,3.0,Fulham,1.0,3.0,8.0,6.0,2.0,29.0,0.0,19.0,11.0,Arsenal,3.2,0.0,1.0,0.0,A,8/26/2023,D
31508.0,4.0,9.0,3.0,78.0,0.0,12.0,3.0,West Ham,3.0,3.0,17.0,10.0,1.0,22.0,0.0,25.0,10.0,Brighton,1.5,1.0,1.0,0.0,A,8/26/2023,A
31336.0,12.0,2.0,2.0,79.0,0.0,30.0,9.0,Manchester City,4.0,0.0,1.0,11.0,1.0,21.0,0.0,6.0,2.0,Sheffield Utd,0.7,3.0,0.0,0.0,D,8/27/2023,A
21591.0,6.0,11.0,3.0,43.0,0.0,16.0,6.0,Aston Villa,3.0,0.0,4.0,12.0,1.0,57.0,0.0,9.0,2.0,Burnley,0.7,2.0,2.0,0.0,A,8/27/2023,A
52214.0,9.0,10.0,2.0,59.0,1.0,9.0,4.0,Liverpool,1.0,2.0,5.0,16.0,1.0,41.0,0.0,23.0,8.0,Newcastle Utd,2.0,1.0,0.0,1.0,H,8/27/2023,A
10802.0,6.0,13.0,2.0,61.0,0.0,9.0,3.0,West Ham,1.0,1.0,9.0,8.0,1.0,39.0,0.0,16.0,1.0,Luton Town,1.4,1.0,1.0,0.0,A,9/1/2023,A
31124.0,6.0,13.0,2.0,54.0,0.0,16.0,6.0,Everton,3.0,2.0,4.0,11.0,2.0,46.0,0.0,13.0,8.0,Sheffield Utd,1.2,1.0,1.0,2.0,H,9/2/2023,D
16973.0,2.0,13.0,2.0,60.0,0.0,12.0,5.0,Bournemouth,2.0,2.0,5.0,6.0,2.0,40.0,0.0,21.0,7.0,Brentford,2.9,1.0,1.0,1.0,D,9/2/2023,D
52899.0,5.0,12.0,1.0,68.0,0.0,6.0,4.0,Fulham,1.0,4.0,4.0,12.0,5.0,32.0,0.0,7.0,5.0,Manchester City,2.2,2.0,1.0,2.0,H,9/2/2023,H
39820.0,0.0,9.0,1.0,75.0,0.0,7.0,3.0,Nott'ham Forest,1.0,4.0,8.0,10.0,0.0,25.0,0.0,21.0,2.0,Chelsea,2.3,3.0,0.0,0.0,D,9/2/2023,A
21750.0,4.0,9.0,5.0,53.0,0.0,20.0,10.0,Tottenham,2.0,3.0,7.0,15.0,2.0,47.0,0.0,16.0,4.0,Burnley,1.3,4.0,2.0,1.0,A,9/2/2023,A
31620.0,3.0,17.0,1.0,44.0,0.0,9.0,2.0,Newcastle Utd,1.0,4.0,5.0,14.0,3.0,56.0,0.0,15.0,6.0,Brighton,1.3,4.0,0.0,1.0,H,9/2/2023,H
24741.0,2.0,12.0,2.0,43.0,0.0,12.0,4.0,Wolves,1.0,3.0,4.0,12.0,3.0,57.0,0.0,16.0,11.0,Crystal Palace,2.1,1.0,0.0,0.0,D,9/3/2023,H
50109.0,3.0,7.0,0.0,63.0,0.0,9.0,3.0,Aston Villa,1.0,1.0,7.0,12.0,3.0,37.0,0.0,17.0,4.0,Liverpool,2.5,0.0,0.0,2.0,H,9/3/2023,H
60192.0,3.0,7.0,1.0,55.0,0.0,10.0,2.0,Manchester Utd,1.0,3.0,12.0,8.0,3.0,45.0,0.0,17.0,5.0,Arsenal,2.3,2.0,1.0,1.0,D,9/3/2023,H
31257.0,4.0,4.0,3.0,65.0,0.0,16.0,6.0,Liverpool,3.0,3.0,4.0,10.0,1.0,35.0,0.0,11.0,2.0,Wolves,0.6,1.0,0.0,1.0,H,9/16/2023,A
61706.0,2.0,14.0,1.0,70.0,1.0,7.0,5.0,Sheffield Utd,1.0,5.0,15.0,13.0,2.0,30.0,0.0,28.0,10.0,Tottenham,2.1,6.0,0.0,0.0,D,9/16/2023,H
62475.0,11.0,11.0,3.0,68.0,0.0,29.0,15.0,Manchester City,4.0,2.0,4.0,7.0,1.0,32.0,0.0,6.0,3.0,West Ham,0.9,3.0,0.0,1.0,H,9/16/2023,A
40809.0,2.0,9.0,1.0,66.0,0.0,6.0,3.0,Crystal Palace,1.0,3.0,4.0,13.0,3.0,34.0,0.0,16.0,5.0,Aston Villa,3.0,5.0,0.0,0.0,D,9/16/2023,H
24467.0,2.0,14.0,0.0,77.0,0.0,7.0,2.0,Luton Town,1.0,2.0,6.0,6.0,1.0,23.0,0.0,13.0,2.0,Fulham,1.0,2.0,0.0,0.0,D,9/16/2023,H
73592.0,1.0,9.0,3.0,44.0,0.0,10.0,8.0,Brighton,2.0,2.0,8.0,8.0,1.0,56.0,0.0,14.0,4.0,Manchester Utd,1.0,2.0,1.0,0.0,A,9/16/2023,A
51670.0,3.0,12.0,0.0,56.0,0.0,11.0,2.0,Brentford,1.0,5.0,8.0,8.0,1.0,44.0,0.0,9.0,2.0,Newcastle Utd,1.4,3.0,0.0,0.0,D,9/16/2023,H
10421.0,7.0,20.0,0.0,64.0,0.0,14.0,6.0,Chelsea,2.0,5.0,1.0,15.0,0.0,36.0,0.0,13.0,4.0,Bournemouth,1.0,1.0,0.0,0.0,D,9/17/2023,D
39217.0,11.0,10.0,1.0,74.0,0.0,13.0,4.0,Arsenal,1.0,1.0,1.0,12.0,0.0,26.0,0.0,8.0,1.0,Everton,0.3,1.0,0.0,0.0,D,9/17/2023,A
28958.0,4.0,10.0,1.0,46.0,1.0,10.0,3.0,Burnley,1.0,3.0,5.0,16.0,1.0,54.0,0.0,14.0,4.0,Nott'ham Forest,0.7,2.0,1.0,0.0,A,9/18/2023,D
10893.0,1.0,17.0,1.0,43.0,1.0,3.0,3.0,Wolves,1.0,2.0,10.0,12.0,1.0,57.0,0.0,20.0,4.0,Luton Town,2.1,0.0,0.0,0.0,D,9/23/2023,D
53413.0,6.0,17.0,0.0,57.0,0.0,10.0,3.0,Nott'ham Forest,1.0,7.0,6.0,5.0,2.0,43.0,1.0,7.0,4.0,Manchester City,1.3,3.0,0.0,2.0,H,9/23/2023,H
25072.0,2.0,15.0,0.0,49.0,0.0,10.0,5.0,Fulham,1.0,2.0,3.0,10.0,0.0,51.0,0.0,7.0,3.0,Crystal Palace,0.3,3.0,0.0,0.0,D,9/23/2023,D
16981.0,4.0,12.0,3.0,57.0,0.0,18.0,6.0,Everton,2.0,2.0,1.0,9.0,1.0,43.0,0.0,12.0,2.0,Brentford,1.0,2.0,1.0,1.0,D,9/23/2023,A
21593.0,5.0,12.0,1.0,39.0,0.0,11.0,4.0,Manchester Utd,1.0,2.0,9.0,6.0,0.0,61.0,0.0,12.0,4.0,Burnley,1.1,1.0,1.0,0.0,A,9/23/2023,A
39700.0,11.0,11.0,1.0,47.0,0.0,15.0,7.0,Aston Villa,1.0,3.0,5.0,9.0,0.0,53.0,0.0,10.0,4.0,Chelsea,1.3,2.0,0.0,0.0,D,9/24/2023,A
60156.0,4.0,19.0,2.0,47.0,0.0,13.0,5.0,Tottenham,1.0,4.0,11.0,12.0,2.0,53.0,0.0,13.0,6.0,Arsenal,1.8,3.0,1.0,1.0,D,9/24/2023,D
50136.0,4.0,13.0,1.0,63.0,0.0,11.0,4.0,West Ham,1.0,2.0,7.0,12.0,3.0,37.0,0.0,22.0,7.0,Liverpool,3.0,0.0,1.0,1.0,D,9/24/2023,H
31617.0,4.0,17.0,1.0,61.0,0.0,12.0,4.0,Bournemouth,1.0,3.0,4.0,12.0,3.0,39.0,0.0,13.0,4.0,Brighton,1.9,3.0,1.0,1.0,D,9/24/2023,H
31127.0,6.0,8.0,8.0,58.0,0.0,22.0,15.0,Newcastle Utd,4.0,0.0,2.0,12.0,0.0,42.0,0.0,9.0,1.0,Sheffield Utd,0.9,3.0,3.0,0.0,A,9/24/2023,A
40636.0,3.0,21.0,1.0,61.0,0.0,11.0,3.0,Brighton,2.0,4.0,1.0,19.0,6.0,39.0,0.0,19.0,9.0,Aston Villa,1.6,4.0,0.0,3.0,H,9/30/2023,H
73428.0,4.0,8.0,1.0,77.0,0.0,8.0,2.0,Crystal Palace,1.0,2.0,10.0,10.0,0.0,23.0,0.0,19.0,4.0,Manchester Utd,1.3,3.0,1.0,0.0,A,9/30/2023,A
31415.0,6.0,12.0,1.0,68.0,0.0,23.0,8.0,Manchester City,1.0,4.0,0.0,18.0,2.0,32.0,0.0,3.0,1.0,Wolves,0.4,5.0,0.0,1.0,H,9/30/2023,H
62459.0,4.0,9.0,0.0,52.0,0.0,16.0,2.0,Sheffield Utd,1.0,1.0,7.0,6.0,2.0,48.0,0.0,20.0,9.0,West Ham,2.1,1.0,0.0,2.0,H,9/30/2023,H
11193.0,6.0,10.0,4.0,57.0,0.0,15.0,8.0,Arsenal,3.0,1.0,6.0,11.0,0.0,43.0,0.0,8.0,1.0,Bournemouth,0.6,0.0,2.0,0.0,A,9/30/2023,A
51687.0,3.0,15.0,0.0,53.0,0.0,8.0,2.0,Burnley,1.0,3.0,5.0,7.0,2.0,47.0,0.0,20.0,8.0,Newcastle Utd,3.1,1.0,0.0,1.0,H,9/30/2023,H
39289.0,6.0,10.0,2.0,67.0,0.0,9.0,2.0,Luton Town,1.0,1.0,3.0,8.0,1.0,33.0,0.0,23.0,5.0,Everton,2.9,0.0,2.0,1.0,A,9/30/2023,A
62001.0,5.0,17.0,1.0,36.0,2.0,12.0,4.0,Liverpool,1.0,4.0,12.0,11.0,2.0,64.0,0.0,24.0,8.0,Tottenham,2.2,5.0,1.0,1.0,D,9/30/2023,H
29004.0,11.0,10.0,1.0,59.0,0.0,18.0,5.0,Brentford,2.0,2.0,1.0,6.0,1.0,41.0,1.0,6.0,1.0,Nott'ham Forest,0.5,1.0,0.0,0.0,D,10/1/2023,D
24445.0,1.0,12.0,2.0,56.0,0.0,11.0,4.0,Chelsea,2.0,4.0,8.0,15.0,0.0,44.0,0.0,10.0,3.0,Fulham,1.1,1.0,2.0,0.0,A,10/2/2023,A
10918.0,6.0,6.0,2.0,49.0,0.0,14.0,4.0,Burnley,1.0,2.0,7.0,14.0,1.0,51.0,0.0,18.0,3.0,Luton Town,1.3,4.0,1.0,0.0,A,10/3/2023,A
10290.0,6.0,7.0,1.0,66.0,1.0,15.0,4.0,Tottenham,2.0,1.0,5.0,16.0,0.0,34.0,0.0,12.0,2.0,Luton Town,0.8,2.0,0.0,0.0,D,10/7/2023,A
21654.0,3.0,8.0,4.0,62.0,0.0,9.0,5.0,Chelsea,2.0,4.0,7.0,11.0,1.0,38.0,0.0,10.0,3.0,Burnley,0.7,2.0,1.0,1.0,D,10/7/2023,A
73453.0,5.0,17.0,1.0,64.0,0.0,11.0,3.0,Brentford,1.0,5.0,7.0,10.0,2.0,36.0,0.0,21.0,8.0,Manchester Utd,1.4,0.0,1.0,0.0,A,10/7/2023,H
38815.0,7.0,15.0,0.0,52.0,0.0,11.0,4.0,Bournemouth,1.0,2.0,8.0,14.0,3.0,48.0,0.0,25.0,8.0,Everton,2.4,1.0,0.0,2.0,H,10/7/2023,H
24361.0,4.0,10.0,1.0,60.0,0.0,5.0,2.0,Sheffield Utd,1.0,2.0,9.0,8.0,3.0,40.0,0.0,20.0,6.0,Fulham,2.2,1.0,0.0,0.0,D,10/7/2023,H
25017.0,7.0,12.0,0.0,52.0,0.0,16.0,5.0,Nott'ham Forest,1.0,1.0,3.0,7.0,0.0,48.0,0.0,8.0,2.0,Crystal Palace,0.8,0.0,0.0,0.0,D,10/7/2023,D
62473.0,2.0,18.0,2.0,64.0,0.0,10.0,3.0,Newcastle Utd,2.0,3.0,4.0,11.0,2.0,36.0,0.0,5.0,3.0,West Ham,1.2,3.0,0.0,1.0,H,10/8/2023,D
31425.0,10.0,9.0,1.0,53.0,0.0,18.0,4.0,Aston Villa,2.0,2.0,2.0,19.0,1.0,47.0,1.0,8.0,3.0,Wolves,1.7,2.0,0.0,0.0,D,10/8/2023,D
31752.0,1.0,20.0,2.0,54.0,0.0,14.0,4.0,Liverpool,2.0,2.0,8.0,12.0,2.0,46.0,0.0,14.0,3.0,Brighton,2.3,1.0,2.0,1.0,A,10/8/2023,D
60233.0,4.0,7.0,0.0,51.0,0.0,4.0,1.0,Manchester City,1.0,3.0,5.0,8.0,1.0,49.0,0.0,12.0,2.0,Arsenal,0.4,2.0,0.0,0.0,D,10/8/2023,H
50201.0,4.0,9.0,0.0,77.0,1.0,6.0,1.0,Everton,0.0,1.0,12.0,9.0,2.0,23.0,0.0,26.0,6.0,Liverpool,2.2,1.0,0.0,0.0,D,10/21/2023,H
17029.0,5.0,12.0,0.0,50.0,1.0,6.0,1.0,Burnley,1.0,2.0,5.0,14.0,3.0,50.0,0.0,23.0,10.0,Brentford,3.1,5.0,0.0,1.0,H,10/21/2023,H
29361.0,2.0,11.0,2.0,57.0,0.0,13.0,4.0,Luton Town,2.0,0.0,4.0,12.0,2.0,43.0,0.0,19.0,8.0,Nott'ham Forest,2.9,3.0,0.0,0.0,D,10/21/2023,D
11175.0,12.0,10.0,2.0,65.0,0.0,20.0,7.0,Wolves,2.0,6.0,3.0,15.0,1.0,35.0,1.0,7.0,4.0,Bournemouth,0.6,2.0,0.0,1.0,H,10/21/2023,A
52189.0,8.0,12.0,0.0,59.0,0.0,17.0,3.0,Crystal Palace,1.0,3.0,6.0,7.0,4.0,41.0,0.0,10.0,7.0,Newcastle Utd,2.4,2.0,0.0,3.0,H,10/21/2023,H
53466.0,2.0,11.0,1.0,55.0,0.0,5.0,3.0,Brighton,1.0,2.0,2.0,9.0,2.0,45.0,1.0,10.0,6.0,Manchester City,0.8,2.0,0.0,2.0,H,10/21/2023,H
39723.0,7.0,14.0,2.0,56.0,0.0,13.0,3.0,Arsenal,1.0,3.0,2.0,7.0,2.0,44.0,0.0,11.0,5.0,Chelsea,1.3,3.0,0.0,1.0,H,10/21/2023,D
31543.0,4.0,10.0,2.0,62.0,0.0,14.0,5.0,Manchester Utd,1.0,1.0,5.0,12.0,1.0,38.0,0.0,12.0,6.0,Sheffield Utd,1.4,3.0,1.0,1.0,D,10/21/2023,A
41734.0,7.0,15.0,1.0,58.0,0.0,14.0,4.0,West Ham,1.0,1.0,8.0,9.0,4.0,42.0,0.0,15.0,7.0,Aston Villa,1.9,0.0,0.0,1.0,H,10/22/2023,H
61286.0,5.0,14.0,0.0,55.0,0.0,10.0,3.0,Fulham,1.0,0.0,3.0,10.0,2.0,45.0,0.0,15.0,5.0,Tottenham,1.5,2.0,0.0,1.0,H,10/23/2023,H
25074.0,2.0,11.0,2.0,75.0,0.0,10.0,1.0,Tottenham,1.0,1.0,11.0,19.0,1.0,25.0,0.0,13.0,3.0,Crystal Palace,0.6,2.0,0.0,0.0,D,10/27/2023,A
39575.0,1.0,7.0,2.0,32.0,0.0,7.0,5.0,Brentford,2.0,4.0,10.0,12.0,0.0,68.0,0.0,17.0,2.0,Chelsea,1.9,1.0,0.0,0.0,D,10/28/2023,A
60153.0,1.0,13.0,0.0,67.0,0.0,2.0,0.0,Sheffield Utd,0.0,3.0,6.0,9.0,5.0,33.0,0.0,13.0,8.0,Arsenal,2.8,0.0,0.0,1.0,H,10/28/2023,H
11152.0,5.0,12.0,1.0,45.0,0.0,6.0,3.0,Burnley,1.0,3.0,10.0,9.0,2.0,55.0,0.0,13.0,6.0,Bournemouth,1.1,2.0,1.0,1.0,D,10/28/2023,H
31584.0,7.0,15.0,2.0,57.0,0.0,13.0,5.0,Newcastle Utd,2.0,4.0,8.0,13.0,2.0,43.0,0.0,11.0,6.0,Wolves,0.9,1.0,2.0,1.0,A,10/28/2023,D
62469.0,3.0,11.0,1.0,64.0,0.0,10.0,4.0,Everton,1.0,1.0,4.0,7.0,0.0,36.0,0.0,12.0,2.0,West Ham,0.7,4.0,0.0,0.0,D,10/29/2023,A
31550.0,3.0,8.0,1.0,71.0,0.0,10.0,5.0,Fulham,1.0,3.0,7.0,12.0,1.0,29.0,0.0,18.0,7.0,Brighton,1.4,0.0,0.0,1.0,H,10/29/2023,D
50143.0,3.0,13.0,0.0,72.0,0.0,9.0,1.0,Nott'ham Forest,0.0,3.0,8.0,9.0,3.0,28.0,0.0,21.0,8.0,Liverpool,3.2,2.0,0.0,2.0,H,10/29/2023,H
41785.0,4.0,10.0,1.0,70.0,0.0,7.0,1.0,Luton Town,1.0,2.0,6.0,11.0,3.0,30.0,0.0,17.0,6.0,Aston Villa,2.3,3.0,0.0,1.0,H,10/29/2023,H
73502.0,12.0,4.0,3.0,60.0,0.0,21.0,10.0,Manchester City,4.0,1.0,7.0,9.0,0.0,40.0,0.0,7.0,3.0,Manchester Utd,0.9,4.0,1.0,0.0,A,10/29/2023,A
24415.0,4.0,15.0,1.0,55.0,0.0,12.0,5.0,Manchester Utd,1.0,2.0,9.0,9.0,0.0,45.0,0.0,18.0,3.0,Fulham,1.0,5.0,0.0,0.0,D,11/4/2023,A
17103.0,3.0,14.0,2.0,58.0,0.0,12.0,2.0,West Ham,2.0,4.0,4.0,12.0,3.0,42.0,0.0,16.0,4.0,Brentford,1.5,1.0,2.0,1.0,A,11/4/2023,H
21578.0,1.0,12.0,2.0,33.0,0.0,4.0,3.0,Crystal Palace,1.0,5.0,12.0,9.0,0.0,67.0,0.0,17.0,5.0,Burnley,1.1,0.0,1.0,0.0,A,11/4/2023,A
53358.0,1.0,9.0,1.0,65.0,0.0,5.0,1.0,Bournemouth,1.0,1.0,12.0,8.0,6.0,35.0,0.0,21.0,8.0,Manchester City,1.9,0.0,0.0,3.0,H,11/4/2023,H
38683.0,3.0,5.0,1.0,79.0,0.0,7.0,2.0,Brighton,1.0,2.0,3.0,15.0,1.0,21.0,0.0,10.0,4.0,Everton,0.7,4.0,0.0,1.0,H,11/4/2023,D
29454.0,4.0,10.0,1.0,61.0,0.0,10.0,3.0,Wolves,1.0,3.0,4.0,13.0,2.0,39.0,0.0,11.0,2.0,Sheffield Utd,1.0,2.0,0.0,0.0,D,11/4/2023,H
52194.0,11.0,9.0,0.0,58.0,0.0,14.0,1.0,Arsenal,1.0,1.0,0.0,14.0,1.0,42.0,0.0,9.0,2.0,Newcastle Utd,1.0,5.0,0.0,0.0,D,11/4/2023,H
29313.0,10.0,9.0,0.0,73.0,0.0,13.0,3.0,Aston Villa,1.0,1.0,0.0,6.0,2.0,27.0,0.0,5.0,3.0,Nott'ham Forest,0.4,1.0,0.0,1.0,H,11/5/2023,H
11049.0,7.0,13.0,1.0,73.0,0.0,24.0,6.0,Liverpool,3.0,1.0,4.0,7.0,1.0,27.0,0.0,8.0,5.0,Luton Town,0.8,1.0,0.0,0.0,D,11/5/2023,D
61726.0,6.0,21.0,4.0,40.0,0.0,17.0,8.0,Chelsea,4.0,5.0,1.0,12.0,1.0,60.0,2.0,8.0,5.0,Tottenham,0.9,1.0,1.0,1.0,D,11/6/2023,A
31642.0,3.0,15.0,1.0,58.0,0.0,6.0,2.0,Tottenham,1.0,3.0,11.0,19.0,2.0,42.0,0.0,17.0,4.0,Wolves,2.1,4.0,1.0,0.0,A,11/11/2023,H
73599.0,3.0,11.0,0.0,64.0,0.0,10.0,4.0,Luton Town,0.0,2.0,11.0,9.0,1.0,36.0,0.0,15.0,4.0,Manchester Utd,2.2,0.0,0.0,0.0,D,11/11/2023,H
25103.0,2.0,18.0,3.0,67.0,0.0,8.0,4.0,Everton,2.0,4.0,9.0,9.0,2.0,33.0,0.0,13.0,4.0,Crystal Palace,2.2,1.0,1.0,1.0,D,11/11/2023,A
60232.0,3.0,9.0,1.0,63.0,0.0,8.0,5.0,Burnley,0.0,1.0,3.0,8.0,3.0,37.0,1.0,16.0,6.0,Arsenal,1.8,0.0,0.0,1.0,H,11/11/2023,H
11201.0,5.0,4.0,0.0,52.0,0.0,8.0,5.0,Newcastle Utd,1.0,1.0,6.0,10.0,2.0,48.0,0.0,19.0,10.0,Bournemouth,2.4,2.0,0.0,0.0,D,11/11/2023,H
41608.0,2.0,17.0,1.0,51.0,0.0,9.0,5.0,Fulham,1.0,5.0,2.0,4.0,3.0,49.0,0.0,12.0,6.0,Aston Villa,3.0,2.0,0.0,2.0,H,11/12/2023,H
31367.0,3.0,16.0,1.0,61.0,0.0,9.0,1.0,Sheffield Utd,1.0,2.0,6.0,13.0,1.0,39.0,1.0,11.0,6.0,Brighton,1.5,3.0,0.0,1.0,H,11/12/2023,D
50151.0,8.0,12.0,0.0,58.0,0.0,16.0,3.0,Brentford,2.0,2.0,6.0,16.0,3.0,42.0,0.0,17.0,10.0,Liverpool,1.7,1.0,0.0,1.0,H,11/12/2023,H
62470.0,4.0,12.0,2.0,54.0,0.0,10.0,5.0,Nott'ham Forest,2.0,2.0,9.0,9.0,3.0,46.0,0.0,16.0,6.0,West Ham,1.8,2.0,1.0,1.0,D,11/12/2023,H
39532.0,3.0,15.0,4.0,55.0,0.0,15.0,10.0,Manchester City,3.0,3.0,3.0,12.0,4.0,45.0,0.0,17.0,9.0,Chelsea,2.9,5.0,2.0,2.0,D,11/12/2023,D
53289.0,6.0,11.0,1.0,59.0,0.0,8.0,3.0,Liverpool,1.0,3.0,9.0,9.0,1.0,41.0,0.0,16.0,5.0,Manchester City,1.3,1.0,0.0,1.0,H,11/25/2023,D
30208.0,7.0,8.0,3.0,54.0,0.0,23.0,11.0,Bournemouth,3.0,1.0,4.0,6.0,1.0,46.0,0.0,10.0,2.0,Sheffield Utd,0.8,4.0,2.0,0.0,A,11/25/2023,A
52227.0,2.0,19.0,1.0,54.0,1.0,7.0,4.0,Chelsea,1.0,4.0,4.0,13.0,4.0,46.0,0.0,14.0,5.0,Newcastle Utd,2.4,4.0,1.0,1.0,D,11/25/2023,H
11029.0,5.0,12.0,1.0,61.0,0.0,16.0,8.0,Crystal Palace,2.0,1.0,4.0,15.0,2.0,39.0,0.0,8.0,3.0,Luton Town,0.9,6.0,0.0,0.0,D,11/25/2023,H
21319.0,5.0,7.0,2.0,50.0,0.0,11.0,3.0,West Ham,1.0,3.0,4.0,11.0,1.0,50.0,0.0,11.0,5.0,Burnley,1.3,1.0,0.0,0.0,D,11/25/2023,A
29404.0,4.0,7.0,3.0,53.0,1.0,11.0,5.0,Brighton,1.0,4.0,6.0,12.0,2.0,47.0,0.0,18.0,5.0,Nott'ham Forest,1.9,2.0,2.0,1.0,A,11/25/2023,A
17201.0,8.0,7.0,1.0,63.0,0.0,15.0,4.0,Arsenal,2.0,1.0,1.0,9.0,0.0,37.0,0.0,9.0,3.0,Brentford,1.1,1.0,0.0,0.0,D,11/25/2023,A
61679.0,3.0,13.0,2.0,38.0,0.0,15.0,5.0,Aston Villa,2.0,4.0,9.0,11.0,1.0,62.0,0.0,18.0,8.0,Tottenham,2.3,0.0,1.0,1.0,D,11/26/2023,A
39257.0,5.0,8.0,3.0,49.0,0.0,9.0,4.0,Manchester Utd,2.0,0.0,6.0,10.0,0.0,51.0,0.0,24.0,6.0,Everton,2.4,3.0,1.0,0.0,A,11/26/2023,A
24366.0,2.0,13.0,2.0,60.0,0.0,10.0,6.0,Wolves,1.0,2.0,6.0,13.0,3.0,40.0,0.0,12.0,6.0,Fulham,2.9,2.0,1.0,1.0,D,11/27/2023,H
60262.0,0.0,10.0,1.0,57.0,0.0,6.0,3.0,Wolves,1.0,2.0,4.0,10.0,2.0,43.0,0.0,19.0,6.0,Arsenal,2.8,1.0,0.0,2.0,H,12/2/2023,H
17075.0,5.0,8.0,1.0,68.0,0.0,7.0,1.0,Luton Town,0.0,2.0,7.0,10.0,3.0,32.0,0.0,27.0,6.0,Brentford,3.1,1.0,0.0,0.0,D,12/2/2023,H
21478.0,1.0,12.0,0.0,63.0,1.0,6.0,3.0,Sheffield Utd,0.0,5.0,6.0,9.0,5.0,37.0,0.0,19.0,7.0,Burnley,1.8,2.0,0.0,2.0,H,12/2/2023,H
29404.0,3.0,14.0,1.0,61.0,0.0,12.0,3.0,Everton,1.0,0.0,4.0,15.0,0.0,39.0,0.0,13.0,2.0,Nott'ham Forest,0.7,1.0,0.0,0.0,D,12/2/2023,A
52214.0,3.0,13.0,0.0,42.0,0.0,8.0,1.0,Manchester Utd,1.0,2.0,7.0,6.0,1.0,58.0,0.0,22.0,4.0,Newcastle Utd,2.4,1.0,0.0,0.0,D,12/2/2023,H
11191.0,7.0,12.0,2.0,62.0,0.0,11.0,3.0,Aston Villa,1.0,3.0,7.0,16.0,2.0,38.0,0.0,15.0,7.0,Bournemouth,2.0,5.0,1.0,1.0,D,12/3/2023,D
62414.0,3.0,7.0,1.0,45.0,0.0,9.0,2.0,Crystal Palace,1.0,0.0,2.0,17.0,1.0,55.0,0.0,9.0,3.0,West Ham,1.1,2.0,0.0,1.0,H,12/3/2023,D
50124.0,4.0,7.0,3.0,61.0,0.0,9.0,5.0,Fulham,1.0,0.0,3.0,6.0,4.0,39.0,0.0,26.0,12.0,Liverpool,2.1,0.0,2.0,2.0,D,12/3/2023,H
39647.0,8.0,12.0,2.0,68.0,0.0,18.0,9.0,Brighton,1.0,5.0,5.0,16.0,3.0,32.0,1.0,8.0,5.0,Chelsea,2.1,3.0,1.0,2.0,H,12/3/2023,H
53473.0,8.0,14.0,3.0,55.0,0.0,8.0,4.0,Tottenham,1.0,4.0,10.0,14.0,3.0,45.0,0.0,18.0,4.0,Manchester City,2.6,4.0,1.0,2.0,H,12/3/2023,D
30439.0,8.0,15.0,0.0,51.0,0.0,12.0,3.0,Burnley,1.0,4.0,6.0,11.0,1.0,49.0,0.0,7.0,4.0,Wolves,0.8,2.0,0.0,1.0,H,12/5/2023,H
11031.0,8.0,7.0,4.0,66.0,0.0,23.0,9.0,Arsenal,2.0,1.0,3.0,14.0,3.0,34.0,0.0,6.0,4.0,Luton Town,0.5,2.0,2.0,1.0,A,12/5/2023,A
31406.0,12.0,8.0,2.0,75.0,0.0,15.0,8.0,Liverpool,2.0,3.0,2.0,12.0,0.0,25.0,0.0,6.0,1.0,Sheffield Utd,1.0,2.0,1.0,0.0,A,12/6/2023,A
31571.0,3.0,8.0,1.0,61.0,0.0,8.0,2.0,Brentford,2.0,1.0,7.0,10.0,2.0,39.0,0.0,18.0,7.0,Brighton,1.5,3.0,1.0,1.0,D,12/6/2023,H
25078.0,9.0,17.0,2.0,59.0,0.0,11.0,4.0,Bournemouth,2.0,3.0,3.0,10.0,0.0,41.0,0.0,16.0,3.0,Crystal Palace,1.0,1.0,1.0,0.0,A,12/6/2023,A
24105.0,1.0,10.0,0.0,63.0,0.0,4.0,1.0,Nott'ham Forest,0.0,1.0,6.0,7.0,5.0,37.0,0.0,14.0,6.0,Fulham,2.5,0.0,0.0,2.0,H,12/6/2023,H
41421.0,0.0,13.0,0.0,54.0,0.0,2.0,2.0,Manchester City,1.0,2.0,6.0,13.0,1.0,46.0,0.0,22.0,7.0,Aston Villa,2.3,2.0,0.0,0.0,D,12/6/2023,H
73607.0,4.0,12.0,1.0,45.0,0.0,13.0,3.0,Chelsea,2.0,0.0,12.0,12.0,2.0,55.0,0.0,28.0,9.0,Manchester Utd,4.1,4.0,1.0,1.0,D,12/6/2023,H
38198.0,2.0,8.0,0.0,62.0,0.0,13.0,3.0,Newcastle Utd,2.0,0.0,5.0,18.0,3.0,38.0,0.0,21.0,6.0,Everton,3.3,3.0,0.0,0.0,D,12/7/2023,H
61171.0,4.0,12.0,2.0,74.0,0.0,11.0,5.0,West Ham,2.0,3.0,8.0,11.0,1.0,26.0,0.0,23.0,7.0,Tottenham,1.8,3.0,0.0,1.0,H,12/7/2023,A
25103.0,5.0,17.0,2.0,76.0,0.0,14.0,2.0,Liverpool,1.0,2.0,6.0,17.0,1.0,24.0,1.0,8.0,4.0,Crystal Palace,1.7,5.0,0.0,0.0,D,12/9/2023,A
28509.0,4.0,13.0,0.0,59.0,0.0,10.0,4.0,Brentford,1.0,1.0,3.0,14.0,1.0,41.0,0.0,9.0,4.0,Sheffield Utd,0.8,5.0,0.0,1.0,H,12/9/2023,H
31511.0,1.0,8.0,1.0,72.0,0.0,6.0,3.0,Burnley,1.0,4.0,9.0,5.0,1.0,28.0,0.0,29.0,11.0,Brighton,2.6,0.0,1.0,0.0,A,12/9/2023,D
31543.0,3.0,11.0,1.0,68.0,0.0,8.0,2.0,Nott'ham Forest,1.0,1.0,4.0,9.0,1.0,32.0,0.0,10.0,4.0,Wolves,1.2,0.0,1.0,1.0,D,12/9/2023,D
73427.0,4.0,10.0,3.0,68.0,0.0,10.0,4.0,Bournemouth,2.0,1.0,10.0,7.0,0.0,32.0,0.0,20.0,3.0,Manchester Utd,1.1,3.0,1.0,0.0,A,12/9/2023,A
42000.0,3.0,11.0,0.0,61.0,0.0,12.0,5.0,Arsenal,1.0,2.0,3.0,16.0,1.0,39.0,0.0,10.0,3.0,Aston Villa,0.6,4.0,0.0,1.0,H,12/9/2023,H
11047.0,3.0,6.0,2.0,65.0,0.0,18.0,6.0,Manchester City,1.6,1.0,6.0,16.0,1.0,35.0,0.0,4.0,2.0,Luton Town,0.3,2.0,0.0,1.0,H,12/10/2023,A
23988.0,6.0,10.0,0.0,63.0,0.0,9.0,5.0,West Ham,1.0,1.0,3.0,5.0,5.0,37.0,0.0,14.0,8.0,Fulham,2.3,2.0,0.0,3.0,H,12/10/2023,H
39280.0,8.0,12.0,0.0,71.0,0.0,16.0,4.0,Chelsea,1.0,2.0,4.0,12.0,2.0,29.0,0.0,9.0,5.0,Everton,1.2,2.0,0.0,0.0,D,12/10/2023,H
61171.0,6.0,12.0,1.0,44.0,0.0,9.0,3.0,Newcastle Utd,2.0,3.0,3.0,10.0,4.0,56.0,0.0,23.0,12.0,Tottenham,3.8,1.0,0.0,2.0,H,12/10/2023,H
29296.0,4.0,11.0,2.0,66.0,1.0,12.0,6.0,Tottenham,2.0,4.0,6.0,16.0,0.0,34.0,0.0,15.0,1.0,Nott'ham Forest,1.3,2.0,1.0,0.0,A,12/15/2023,A
39599.0,6.0,14.0,0.0,78.0,0.0,6.0,1.0,Sheffield Utd,0.0,3.0,7.0,9.0,2.0,22.0,0.0,15.0,6.0,Chelsea,3.1,1.0,0.0,0.0,D,12/16/2023,H
52055.0,1.0,12.0,0.0,70.0,1.0,6.0,4.0,Fulham,0.0,2.0,5.0,7.0,3.0,30.0,0.0,27.0,10.0,Newcastle Utd,3.5,0.0,0.0,0.0,D,12/16/2023,H
53248.0,1.0,9.0,2.0,74.0,0.0,5.0,2.0,Crystal Palace,2.0,1.0,6.0,12.0,2.0,26.0,0.0,19.0,9.0,Manchester City,1.6,1.0,0.0,1.0,H,12/16/2023,D
21413.0,6.0,8.0,2.0,39.0,0.0,9.0,6.0,Everton,1.0,1.0,8.0,9.0,0.0,61.0,0.0,14.0,2.0,Burnley,0.7,0.0,2.0,0.0,A,12/16/2023,A
62455.0,6.0,15.0,0.0,55.0,0.0,14.0,3.0,Wolves,1.0,1.0,6.0,12.0,3.0,45.0,0.0,13.0,4.0,West Ham,1.1,3.0,0.0,2.0,H,12/17/2023,H
60257.0,1.0,9.0,0.0,49.0,0.0,6.0,1.0,Brighton,1.0,3.0,10.0,11.0,2.0,51.0,0.0,26.0,9.0,Arsenal,2.3,1.0,0.0,0.0,D,12/17/2023,H
17034.0,12.0,6.0,2.0,66.0,1.0,15.0,5.0,Aston Villa,1.0,4.0,7.0,19.0,1.0,34.0,1.0,4.0,3.0,Brentford,0.5,6.0,0.0,1.0,H,12/17/2023,A
57158.0,0.0,8.0,0.0,32.0,1.0,6.0,1.0,Manchester Utd,1.0,4.0,12.0,13.0,0.0,68.0,0.0,34.0,8.0,Liverpool,2.3,2.0,0.0,0.0,D,12/17/2023,D
24171.0,1.0,11.0,1.0,65.0,0.0,18.0,6.0,Brighton,1.0,2.0,3.0,12.0,1.0,35.0,0.0,11.0,3.0,Crystal Palace,1.3,5.0,0.0,1.0,H,12/21/2023,D
41651.0,1.0,16.0,1.0,77.0,0.0,5.0,2.0,Sheffield Utd,1.0,3.0,9.0,11.0,1.0,23.0,0.0,12.0,4.0,Aston Villa,0.9,3.0,0.0,0.0,D,12/22/2023,D
64472.0,4.0,15.0,0.0,65.0,0.0,11.0,3.0,Manchester Utd,1.0,3.0,4.0,13.0,2.0,35.0,0.0,12.0,5.0,West Ham,1.2,2.0,0.0,0.0,D,12/23/2023,H
23598.0,6.0,17.0,2.0,66.0,0.0,7.0,2.0,Burnley,0.0,1.0,8.0,5.0,0.0,34.0,0.0,19.0,5.0,Fulham,1.3,2.0,0.0,0.0,D,12/23/2023,A
29188.0,6.0,10.0,3.0,66.0,0.0,18.0,7.0,Bournemouth,2.0,3.0,6.0,10.0,2.0,34.0,1.0,11.0,5.0,Nott'ham Forest,1.0,0.0,0.0,0.0,D,12/23/2023,A
11042.0,7.0,5.0,0.0,65.0,0.0,15.0,2.0,Newcastle Utd,1.0,1.0,6.0,11.0,1.0,35.0,0.0,16.0,5.0,Luton Town,1.4,2.0,0.0,1.0,H,12/23/2023,H
61808.0,8.0,18.0,1.0,61.0,0.0,18.0,8.0,Everton,2.0,4.0,3.0,6.0,2.0,39.0,0.0,13.0,6.0,Tottenham,1.5,1.0,0.0,2.0,H,12/23/2023,H
57548.0,5.0,14.0,1.0,48.0,0.0,13.0,2.0,Arsenal,1.0,5.0,4.0,13.0,1.0,52.0,0.0,13.0,3.0,Liverpool,1.0,2.0,1.0,1.0,D,12/23/2023,D
31641.0,6.0,9.0,1.0,68.0,0.0,16.0,5.0,Chelsea,2.0,5.0,10.0,11.0,2.0,32.0,0.0,14.0,6.0,Wolves,1.3,3.0,0.0,0.0,D,12/24/2023,H
52207.0,2.0,11.0,3.0,62.0,0.0,15.0,6.0,Nott'ham Forest,4.0,3.0,10.0,10.0,1.0,38.0,0.0,19.0,7.0,Newcastle Utd,2.4,3.0,1.0,1.0,D,12/26/2023,A
11099.0,5.0,10.0,0.0,57.0,0.0,8.0,3.0,Fulham,0.0,2.0,6.0,10.0,3.0,43.0,0.0,16.0,4.0,Bournemouth,1.8,0.0,0.0,1.0,H,12/26/2023,H
31041.0,4.0,13.0,3.0,49.0,0.0,12.0,4.0,Luton Town,1.0,0.0,9.0,13.0,2.0,51.0,0.0,21.0,6.0,Sheffield Utd,2.4,5.0,1.0,0.0,A,12/26/2023,A
21624.0,4.0,10.0,2.0,68.0,0.0,19.0,10.0,Liverpool,2.0,1.0,4.0,7.0,0.0,32.0,0.0,9.0,0.0,Burnley,0.8,2.0,1.0,0.0,A,12/26/2023,A
73574.0,6.0,10.0,2.0,46.0,0.0,10.0,4.0,Aston Villa,2.0,3.0,3.0,10.0,3.0,54.0,0.0,13.0,7.0,Manchester Utd,1.1,1.0,2.0,0.0,A,12/26/2023,H
17109.0,2.0,14.0,4.0,60.0,0.0,11.0,5.0,Wolves,2.0,1.0,8.0,5.0,1.0,40.0,0.0,14.0,4.0,Brentford,2.2,1.0,3.0,1.0,A,12/27/2023,A
39618.0,3.0,16.0,1.0,37.0,0.0,13.0,5.0,Crystal Palace,1.0,2.0,4.0,13.0,2.0,63.0,0.0,9.0,4.0,Chelsea,2.6,3.0,1.0,1.0,D,12/27/2023,H
39327.0,4.0,5.0,3.0,72.0,0.0,23.0,9.0,Manchester City,2.0,2.0,8.0,13.0,1.0,28.0,0.0,7.0,2.0,Everton,1.0,4.0,0.0,1.0,H,12/27/2023,A
31675.0,6.0,6.0,2.0,45.0,0.0,19.0,3.0,Tottenham,2.0,2.0,7.0,18.0,4.0,55.0,0.0,15.0,9.0,Brighton,3.2,3.0,0.0,2.0,H,12/28/2023,H
60261.0,3.0,8.0,2.0,73.0,0.0,6.0,3.0,West Ham,1.0,0.0,10.0,8.0,0.0,27.0,0.0,30.0,8.0,Arsenal,2.7,2.0,1.0,0.0,A,12/28/2023,A
11041.0,2.0,21.0,3.0,48.0,0.0,12.0,8.0,Chelsea,2.0,2.0,7.0,14.0,2.0,52.0,0.0,15.0,6.0,Luton Town,2.3,2.0,2.0,0.0,A,12/30/2023,A
25472.0,4.0,10.0,1.0,54.0,0.0,9.0,4.0,Brentford,1.0,1.0,7.0,14.0,3.0,46.0,0.0,13.0,6.0,Crystal Palace,1.0,0.0,1.0,2.0,H,12/30/2023,H
31639.0,2.0,14.0,0.0,53.0,0.0,10.0,0.0,Everton,0.0,3.0,5.0,9.0,3.0,47.0,0.0,12.0,6.0,Wolves,1.9,2.0,0.0,1.0,H,12/30/2023,H
53108.0,2.0,6.0,0.0,80.0,0.0,4.0,2.0,Sheffield Utd,0.0,1.0,12.0,5.0,2.0,20.0,0.0,18.0,4.0,Manchester City,2.2,1.0,0.0,1.0,H,12/30/2023,H
41613.0,2.0,14.0,2.0,64.0,1.0,9.0,5.0,Burnley,1.0,1.0,6.0,9.0,3.0,36.0,0.0,19.0,7.0,Aston Villa,3.2,4.0,1.0,2.0,H,12/30/2023,H
29529.0,5.0,11.0,1.0,56.0,0.0,10.0,5.0,Manchester Utd,1.0,4.0,4.0,9.0,2.0,44.0,0.0,8.0,2.0,Nott'ham Forest,0.7,2.0,0.0,0.0,D,12/30/2023,H
24444.0,4.0,10.0,1.0,60.0,0.0,13.0,3.0,Arsenal,2.0,1.0,5.0,11.0,2.0,40.0,0.0,15.0,4.0,Fulham,1.2,4.0,1.0,1.0,D,12/31/2023,H
61780.0,13.0,18.0,1.0,50.0,0.0,24.0,4.0,Bournemouth,2.0,3.0,4.0,9.0,3.0,50.0,0.0,12.0,6.0,Tottenham,2.3,3.0,0.0,1.0,H,12/31/2023,H
57471.0,3.0,15.0,2.0,39.0,0.0,5.0,3.0,Newcastle Utd,1.0,5.0,7.0,16.0,4.0,61.0,0.0,34.0,15.0,Liverpool,7.0,3.0,0.0,0.0,D,1/1/2024,H
62462.0,0.0,6.0,0.0,68.0,0.0,22.0,8.0,Brighton,2.0,0.0,2.0,4.0,0.0,32.0,0.0,6.0,2.0,West Ham,0.7,1.0,0.0,0.0,D,1/2/2024,D
20155.0,8.0,12.0,1.0,61.0,0.0,14.0,5.0,Luton Town,1.0,0.0,2.0,7.0,1.0,39.0,0.0,13.0,7.0,Burnley,1.1,1.0,0.0,1.0,H,1/12/2024,D
39643.0,4.0,9.0,0.0,45.0,0.0,14.0,4.0,Fulham,1.0,1.0,6.0,13.0,1.0,55.0,0.0,17.0,3.0,Chelsea,2.2,5.0,0.0,1.0,H,1/13/2024,H
52190.0,13.0,7.0,3.0,72.0,0.0,27.0,11.0,Manchester City,3.0,2.0,3.0,7.0,2.0,28.0,0.0,12.0,5.0,Newcastle Utd,1.3,1.0,1.0,2.0,H,1/13/2024,A
39284.0,5.0,14.0,0.0,68.0,0.0,16.0,5.0,Aston Villa,1.0,4.0,4.0,13.0,0.0,32.0,0.0,10.0,2.0,Everton,1.1,1.0,0.0,0.0,D,1/14/2024,D
73489.0,13.0,5.0,2.0,37.0,0.0,16.0,6.0,Tottenham,1.0,1.0,8.0,8.0,2.0,63.0,0.0,9.0,2.0,Manchester Utd,0.8,2.0,1.0,2.0,H,1/14/2024,D
60284.0,7.0,12.0,0.0,60.0,0.0,12.0,5.0,Crystal Palace,0.0,0.0,6.0,8.0,5.0,40.0,0.0,21.0,6.0,Arsenal,3.3,0.0,0.0,2.0,H,1/20/2024,H
17077.0,4.0,14.0,2.0,48.0,0.0,12.0,3.0,Nott'ham Forest,1.0,3.0,6.0,10.0,3.0,52.0,0.0,11.0,5.0,Brentford,1.2,1.0,1.0,1.0,D,1/20/2024,H
29164.0,1.0,10.0,2.0,43.0,1.0,16.0,5.0,West Ham,2.0,1.0,4.0,11.0,2.0,57.0,1.0,21.0,6.0,Sheffield Utd,2.5,3.0,1.0,1.0,D,1/21/2024,D
11228.0,5.0,12.0,4.0,60.0,0.0,14.0,7.0,Liverpool,2.0,2.0,8.0,9.0,0.0,40.0,0.0,11.0,1.0,Bournemouth,1.4,1.0,0.0,0.0,D,1/21/2024,A
41505.0,2.0,13.0,0.0,72.0,0.0,8.0,3.0,Wolves,1.0,4.0,8.0,10.0,0.0,28.0,0.0,11.0,4.0,Brighton,1.0,1.0,0.0,0.0,D,1/22/2024,D
29387.0,11.0,7.0,2.0,73.0,0.0,19.0,3.0,Arsenal,1.0,1.0,2.0,6.0,1.0,27.0,0.0,9.0,3.0,Nott'ham Forest,0.5,0.0,0.0,0.0,D,1/30/2024,A
10994.0,4.0,14.0,0.0,59.0,0.0,9.0,2.0,Brighton,1.0,2.0,7.0,13.0,4.0,41.0,0.0,18.0,8.0,Luton Town,3.1,2.0,0.0,3.0,H,1/30/2024,H
24376.0,6.0,13.0,0.0,70.0,0.0,21.0,4.0,Everton,2.0,2.0,15.0,6.0,0.0,30.0,0.0,25.0,6.0,Fulham,1.6,1.0,0.0,0.0,D,1/30/2024,D
24781.0,1.0,18.0,2.0,53.0,0.0,9.0,5.0,Sheffield Utd,1.0,4.0,11.0,8.0,3.0,47.0,0.0,12.0,4.0,Crystal Palace,1.1,1.0,2.0,2.0,D,1/30/2024,H
42191.0,7.0,12.0,3.0,39.0,0.0,14.0,5.0,Newcastle Utd,3.0,1.0,8.0,14.0,1.0,61.0,0.0,12.0,6.0,Aston Villa,1.4,4.0,2.0,0.0,A,1/30/2024,A
52143.0,3.0,13.0,1.0,74.0,0.0,8.0,3.0,Burnley,1.0,2.0,7.0,3.0,3.0,26.0,0.0,14.0,4.0,Manchester City,1.7,2.0,0.0,2.0,H,1/31/2024,H
61210.0,3.0,15.0,2.0,67.0,0.0,9.0,5.0,Brentford,2.0,3.0,5.0,13.0,3.0,33.0,0.0,19.0,5.0,Tottenham,2.9,2.0,1.0,0.0,A,1/31/2024,H
57524.0,1.0,16.0,1.0,50.0,0.0,4.0,3.0,Chelsea,1.0,4.0,8.0,15.0,4.0,50.0,0.0,28.0,13.0,Liverpool,2.9,2.0,0.0,2.0,H,1/31/2024,H
62478.0,5.0,11.0,1.0,48.0,0.0,9.0,4.0,Bournemouth,1.0,3.0,1.0,13.0,1.0,52.0,0.0,9.0,3.0,West Ham,1.4,1.0,1.0,0.0,A,2/1/2024,D
31641.0,5.0,10.0,4.0,47.0,0.0,21.0,8.0,Manchester Utd,3.0,5.0,4.0,10.0,3.0,53.0,0.0,16.0,7.0,Wolves,2.1,2.0,2.0,0.0,A,2/1/2024,A
39321.0,5.0,14.0,2.0,57.0,0.0,9.0,6.0,Tottenham,1.0,0.0,9.0,8.0,2.0,43.0,0.0,14.0,5.0,Everton,2.6,3.0,2.0,1.0,A,2/3/2024,D
20203.0,13.0,7.0,2.0,56.0,0.0,15.0,7.0,Fulham,2.0,2.0,2.0,11.0,2.0,44.0,0.0,12.0,4.0,Burnley,1.8,2.0,2.0,0.0,A,2/3/2024,D
31345.0,2.0,14.0,1.0,68.0,0.0,7.0,5.0,Crystal Palace,0.0,3.0,3.0,8.0,4.0,32.0,0.0,13.0,6.0,Brighton,1.4,1.0,0.0,3.0,H,2/3/2024,H
52211.0,2.0,16.0,4.0,55.0,0.0,11.0,8.0,Luton Town,2.0,2.0,8.0,13.0,4.0,45.0,0.0,19.0,6.0,Newcastle Utd,2.3,2.0,2.0,2.0,D,2/3/2024,D
30187.0,4.0,7.0,5.0,63.0,0.0,14.0,10.0,Aston Villa,2.0,0.0,3.0,10.0,0.0,37.0,0.0,10.0,5.0,Sheffield Utd,1.4,1.0,4.0,0.0,A,2/3/2024,A
39628.0,1.0,11.0,4.0,64.0,0.0,14.0,7.0,Wolves,2.0,2.0,10.0,15.0,2.0,36.0,0.0,15.0,6.0,Chelsea,1.7,3.0,2.0,1.0,A,2/4/2024,A
11200.0,6.0,12.0,1.0,45.0,0.0,8.0,6.0,Nott'ham Forest,1.0,2.0,11.0,19.0,1.0,55.0,1.0,9.0,2.0,Bournemouth,1.3,3.0,1.0,1.0,D,2/4/2024,D
73612.0,8.0,5.0,0.0,51.0,0.0,22.0,3.0,West Ham,1.0,1.0,5.0,10.0,3.0,49.0,0.0,12.0,5.0,Manchester Utd,0.7,0.0,0.0,1.0,H,2/4/2024,H
60374.0,4.0,11.0,1.0,43.0,1.0,10.0,1.0,Liverpool,0.0,2.0,2.0,11.0,3.0,57.0,0.0,15.0,7.0,Arsenal,3.5,6.0,1.0,1.0,D,2/4/2024,H
17096.0,13.0,4.0,3.0,72.0,0.0,25.0,15.0,Manchester City,2.0,0.0,8.0,2.0,1.0,28.0,0.0,9.0,3.0,Brentford,1.0,1.0,1.0,1.0,D,2/5/2024,A
52187.0,0.0,11.0,0.0,72.0,0.0,5.0,1.0,Everton,0.0,2.0,9.0,6.0,2.0,28.0,0.0,19.0,3.0,Manchester City,1.6,0.0,0.0,0.0,D,2/10/2024,H
30731.0,4.0,9.0,2.0,29.0,0.0,9.0,6.0,Brentford,2.0,3.0,7.0,11.0,0.0,71.0,0.0,17.0,5.0,Wolves,1.0,2.0,1.0,0.0,A,2/10/2024,A
24271.0,14.0,11.0,1.0,49.0,0.0,25.0,4.0,Bournemouth,2.0,2.0,1.0,11.0,3.0,51.0,0.0,7.0,6.0,Fulham,1.6,1.0,0.0,2.0,H,2/10/2024,H
61445.0,6.0,13.0,1.0,48.0,0.0,6.0,3.0,Brighton,1.0,3.0,9.0,14.0,2.0,52.0,0.0,16.0,6.0,Tottenham,1.6,2.0,1.0,0.0,A,2/10/2024,H
59896.0,3.0,13.0,1.0,70.0,0.0,9.0,4.0,Burnley,1.0,2.0,9.0,11.0,3.0,30.0,0.0,25.0,10.0,Liverpool,2.8,3.0,1.0,1.0,D,2/10/2024,H
11138.0,1.0,12.0,3.0,74.0,0.0,7.0,3.0,Sheffield Utd,2.0,2.0,13.0,7.0,1.0,26.0,0.0,20.0,5.0,Luton Town,1.8,1.0,2.0,0.0,A,2/10/2024,A
29451.0,4.0,6.0,3.0,61.0,0.0,7.0,5.0,Newcastle Utd,1.0,2.0,4.0,9.0,2.0,39.0,0.0,13.0,3.0,Nott'ham Forest,1.5,1.0,2.0,2.0,D,2/10/2024,A
62475.0,6.0,11.0,6.0,70.0,0.0,25.0,12.0,Arsenal,4.0,0.0,2.0,17.0,0.0,30.0,0.0,5.0,1.0,West Ham,0.2,4.0,4.0,0.0,A,2/11/2024,A
42185.0,8.0,7.0,2.0,44.0,0.0,17.0,5.0,Manchester Utd,2.0,2.0,10.0,9.0,1.0,56.0,0.0,23.0,10.0,Aston Villa,2.4,3.0,1.0,0.0,A,2/11/2024,A
25110.0,7.0,7.0,3.0,23.0,0.0,14.0,5.0,Chelsea,1.0,2.0,1.0,14.0,1.0,77.0,0.0,13.0,4.0,Crystal Palace,0.6,2.0,0.0,1.0,H,2/12/2024,A
17193.0,6.0,18.0,4.0,62.0,0.0,15.0,8.0,Liverpool,3.0,1.0,1.0,4.0,1.0,38.0,0.0,15.0,6.0,Brentford,1.6,2.0,1.0,0.0,A,2/17/2024,A
29490.0,3.0,15.0,0.0,51.0,1.0,10.0,3.0,West Ham,1.0,4.0,5.0,13.0,2.0,49.0,0.0,19.0,8.0,Nott'ham Forest,2.8,4.0,0.0,1.0,H,2/17/2024,H
21311.0,6.0,8.0,5.0,64.0,0.0,16.0,7.0,Arsenal,2.0,1.0,4.0,11.0,0.0,36.0,0.0,8.0,0.0,Burnley,0.3,2.0,2.0,0.0,A,2/17/2024,A
24401.0,4.0,6.0,2.0,48.0,0.0,12.0,3.0,Aston Villa,2.0,2.0,4.0,11.0,1.0,52.0,0.0,15.0,4.0,Fulham,1.5,5.0,1.0,0.0,A,2/17/2024,A
52224.0,2.0,22.0,2.0,62.0,0.0,12.0,7.0,Bournemouth,2.0,3.0,4.0,9.0,2.0,38.0,0.0,17.0,5.0,Newcastle Utd,2.2,1.0,0.0,0.0,D,2/17/2024,D
61532.0,4.0,13.0,2.0,71.0,0.0,12.0,7.0,Wolves,2.0,1.0,10.0,8.0,1.0,29.0,0.0,15.0,4.0,Tottenham,1.6,0.0,1.0,0.0,A,2/17/2024,A
52178.0,1.0,12.0,1.0,70.0,0.0,9.0,6.0,Chelsea,1.0,3.0,12.0,7.0,1.0,30.0,0.0,31.0,5.0,Manchester City,2.6,1.0,1.0,0.0,A,2/17/2024,D
29522.0,10.0,5.0,5.0,79.0,0.0,24.0,10.0,Brighton,3.0,4.0,5.0,3.0,0.0,21.0,1.0,6.0,1.0,Sheffield Utd,0.6,1.0,2.0,0.0,A,2/18/2024,A
11483.0,6.0,21.0,2.0,42.0,0.0,21.0,9.0,Manchester Utd,3.0,5.0,8.0,7.0,1.0,58.0,0.0,22.0,4.0,Luton Town,1.8,3.0,2.0,1.0,A,2/18/2024,A
38164.0,6.0,12.0,1.0,39.0,0.0,10.0,4.0,Crystal Palace,1.0,2.0,3.0,8.0,1.0,61.0,0.0,19.0,4.0,Everton,1.7,0.0,0.0,0.0,D,2/19/2024,D
52247.0,1.0,6.0,0.0,70.0,0.0,6.0,2.0,Brentford,0.0,4.0,10.0,12.0,1.0,30.0,0.0,25.0,11.0,Manchester City,2.3,2.0,0.0,0.0,D,2/20/2024,H
59713.0,4.0,14.0,1.0,60.0,0.0,12.0,3.0,Luton Town,1.0,4.0,13.0,15.0,4.0,40.0,0.0,29.0,13.0,Liverpool,3.3,1.0,1.0,0.0,A,2/21/2024,H
42131.0,2.0,16.0,2.0,58.0,0.0,10.0,3.0,Nott'ham Forest,3.0,2.0,7.0,7.0,4.0,42.0,0.0,16.0,6.0,Aston Villa,3.6,1.0,1.0,3.0,H,2/24/2024,H
73487.0,9.0,11.0,2.0,57.0,0.0,17.0,5.0,Fulham,1.0,5.0,10.0,6.0,1.0,43.0,0.0,21.0,9.0,Manchester Utd,1.7,2.0,0.0,0.0,D,2/24/2024,A
24042.0,3.0,13.0,0.0,56.0,1.0,2.0,0.0,Burnley,0.0,1.0,12.0,8.0,3.0,44.0,0.0,15.0,6.0,Crystal Palace,2.4,3.0,0.0,0.0,D,2/24/2024,H
41646.0,3.0,14.0,1.0,64.0,0.0,6.0,3.0,Everton,0.0,3.0,11.0,9.0,1.0,36.0,1.0,23.0,7.0,Brighton,1.4,2.0,0.0,0.0,D,2/24/2024,D
11184.0,8.0,6.0,1.0,62.0,0.0,15.0,6.0,Manchester City,2.0,2.0,3.0,14.0,0.0,38.0,0.0,13.0,4.0,Bournemouth,0.9,2.0,1.0,0.0,A,2/24/2024,A
60298.0,0.0,6.0,1.0,55.0,0.0,3.0,2.0,Newcastle Utd,0.0,0.0,9.0,15.0,4.0,45.0,0.0,18.0,8.0,Arsenal,2.8,1.0,0.0,2.0,H,2/24/2024,H
30789.0,6.0,4.0,0.0,63.0,0.0,12.0,4.0,Sheffield Utd,1.0,1.0,5.0,8.0,1.0,37.0,0.0,13.0,2.0,Wolves,1.3,2.0,0.0,1.0,H,2/25/2024,H
62450.0,7.0,9.0,2.0,59.0,0.0,14.0,8.0,Brentford,1.0,2.0,1.0,5.0,4.0,41.0,0.0,17.0,6.0,West Ham,1.7,1.0,1.0,2.0,H,2/26/2024,H
17140.0,6.0,9.0,2.0,33.0,0.0,17.0,6.0,Chelsea,2.0,1.0,0.0,10.0,2.0,67.0,0.0,14.0,5.0,Brentford,1.8,3.0,1.0,0.0,A,3/2/2024,D
52206.0,5.0,11.0,0.0,44.0,0.0,12.0,3.0,Wolves,1.0,1.0,3.0,8.0,3.0,56.0,0.0,14.0,7.0,Newcastle Utd,2.1,0.0,0.0,2.0,H,3/2/2024,H
24460.0,6.0,10.0,0.0,70.0,0.0,15.0,5.0,Brighton,1.0,2.0,2.0,16.0,3.0,30.0,0.0,12.0,5.0,Fulham,1.3,1.0,0.0,2.0,H,3/2/2024,H
39262.0,5.0,6.0,3.0,45.0,0.0,12.0,5.0,West Ham,2.0,2.0,4.0,9.0,1.0,55.0,0.0,22.0,11.0,Everton,2.7,1.0,0.0,0.0,D,3/2/2024,A
61339.0,1.0,16.0,1.0,78.0,0.0,4.0,1.0,Crystal Palace,0.0,2.0,11.0,7.0,3.0,22.0,0.0,14.0,6.0,Tottenham,1.9,1.0,0.0,0.0,D,3/2/2024,H
29603.0,12.0,12.0,1.0,69.0,0.0,22.0,2.0,Liverpool,2.0,2.0,3.0,11.0,0.0,31.0,0.0,8.0,2.0,Nott'ham Forest,1.0,2.0,0.0,0.0,D,3/2/2024,A
11594.0,6.0,19.0,3.0,54.0,0.0,12.0,8.0,Aston Villa,2.0,4.0,8.0,8.0,2.0,46.0,0.0,13.0,5.0,Luton Town,1.8,1.0,2.0,0.0,A,3/2/2024,A
19713.0,2.0,13.0,2.0,26.0,0.0,10.0,3.0,Bournemouth,1.0,4.0,7.0,8.0,0.0,74.0,0.0,20.0,6.0,Burnley,1.5,2.0,1.0,0.0,A,3/3/2024,A
53514.0,2.0,10.0,1.0,73.0,0.0,3.0,1.0,Manchester Utd,0.0,1.0,15.0,5.0,3.0,27.0,0.0,27.0,8.0,Manchester City,3.3,0.0,1.0,0.0,A,3/3/2024,H
29157.0,7.0,4.0,6.0,80.0,0.0,22.0,10.0,Arsenal,2.0,0.0,0.0,11.0,0.0,20.0,0.0,4.0,0.0,Sheffield Utd,0.2,1.0,5.0,0.0,A,3/4/2024,A
73601.0,8.0,11.0,0.0,51.0,0.0,23.0,6.0,Everton,2.0,2.0,5.0,13.0,2.0,49.0,0.0,15.0,8.0,Manchester Utd,2.7,1.0,0.0,2.0,H,3/9/2024,H
30860.0,4.0,11.0,1.0,52.0,0.0,23.0,6.0,Fulham,3.0,2.0,3.0,7.0,2.0,48.0,0.0,8.0,3.0,Wolves,0.8,2.0,0.0,0.0,D,3/9/2024,H
11074.0,3.0,11.0,2.0,69.0,0.0,13.0,9.0,Sheffield Utd,1.0,5.0,10.0,12.0,2.0,31.0,0.0,32.0,12.0,Bournemouth,3.3,3.0,1.0,0.0,A,3/9/2024,D
25103.0,6.0,11.0,1.0,49.0,0.0,8.0,2.0,Luton Town,1.0,3.0,8.0,20.0,1.0,51.0,0.0,21.0,4.0,Crystal Palace,2.7,2.0,0.0,1.0,H,3/9/2024,D
60331.0,4.0,10.0,1.0,71.0,0.0,9.0,4.0,Brentford,1.0,4.0,10.0,9.0,2.0,29.0,0.0,17.0,6.0,Arsenal,1.3,2.0,1.0,1.0,D,3/9/2024,H
42310.0,4.0,15.0,4.0,32.0,0.0,9.0,5.0,Tottenham,2.0,2.0,6.0,11.0,0.0,68.0,1.0,10.0,1.0,Aston Villa,0.8,0.0,0.0,0.0,D,3/10/2024,A
31505.0,3.0,14.0,0.0,63.0,0.0,9.0,4.0,Nott'ham Forest,1.0,4.0,6.0,14.0,1.0,37.0,0.0,10.0,3.0,Brighton,0.4,4.0,0.0,1.0,H,3/10/2024,H
62441.0,4.0,18.0,2.0,52.0,0.0,11.0,4.0,Burnley,1.0,4.0,4.0,11.0,2.0,48.0,0.0,22.0,4.0,West Ham,2.1,2.0,2.0,0.0,A,3/10/2024,D
59947.0,4.0,10.0,1.0,47.0,0.0,10.0,6.0,Manchester City,2.0,3.0,7.0,6.0,1.0,53.0,0.0,19.0,6.0,Liverpool,2.7,0.0,1.0,0.0,A,3/10/2024,D
37753.0,4.0,7.0,2.0,56.0,0.0,11.0,3.0,Newcastle Utd,1.0,1.0,0.0,12.0,3.0,44.0,0.0,12.0,8.0,Chelsea,1.6,3.0,1.0,1.0,D,3/11/2024,H
11198.0,3.0,11.0,3.0,59.0,0.0,8.0,4.0,Luton Town,2.0,2.0,11.0,16.0,4.0,41.0,0.0,24.0,10.0,Bournemouth,2.3,1.0,3.0,0.0,A,3/13/2024,H
20431.0,4.0,17.0,1.0,40.0,1.0,9.0,5.0,Brentford,1.0,4.0,5.0,14.0,2.0,60.0,0.0,17.0,6.0,Burnley,2.8,2.0,0.0,1.0,H,3/16/2024,H
11630.0,7.0,17.0,1.0,40.0,0.0,16.0,6.0,Nott'ham Forest,2.0,2.0,6.0,10.0,1.0,60.0,0.0,10.0,4.0,Luton Town,0.6,1.0,1.0,0.0,A,3/16/2024,D
24410.0,5.0,10.0,0.0,57.0,0.0,14.0,5.0,Tottenham,2.0,3.0,4.0,9.0,3.0,43.0,0.0,16.0,7.0,Fulham,2.6,2.0,0.0,1.0,H,3/16/2024,H
62461.0,11.0,12.0,1.0,69.0,0.0,13.0,5.0,Aston Villa,1.0,3.0,7.0,13.0,1.0,31.0,0.0,13.0,5.0,West Ham,2.0,3.0,0.0,1.0,H,3/17/2024,D
52199.0,4.0,8.0,3.0,60.0,0.0,10.0,4.0,West Ham,1.0,1.0,3.0,9.0,4.0,40.0,1.0,24.0,9.0,Newcastle Utd,4.1,1.0,2.0,1.0,A,3/30/2024,H
29520.0,6.0,12.0,1.0,41.0,0.0,10.0,3.0,Crystal Palace,1.0,1.0,4.0,14.0,1.0,59.0,0.0,12.0,5.0,Nott'ham Forest,0.9,1.0,1.0,0.0,A,3/30/2024,D
30010.0,15.0,13.0,3.0,73.0,0.0,24.0,9.0,Fulham,1.0,1.0,2.0,10.0,3.0,27.0,0.0,8.0,4.0,Sheffield Utd,1.9,4.0,0.0,0.0,D,3/30/2024,D
39535.0,4.0,7.0,2.0,69.0,1.0,18.0,7.0,Burnley,2.0,2.0,12.0,12.0,2.0,31.0,0.0,33.0,13.0,Chelsea,4.2,2.0,0.0,1.0,H,3/30/2024,D
61534.0,6.0,14.0,1.0,70.0,0.0,7.0,3.0,Luton Town,1.0,4.0,3.0,16.0,2.0,30.0,0.0,17.0,4.0,Tottenham,2.9,2.0,1.0,0.0,A,3/30/2024,H
11207.0,8.0,11.0,1.0,48.0,0.0,7.0,3.0,Everton,1.0,2.0,9.0,14.0,2.0,52.0,0.0,11.0,4.0,Bournemouth,1.3,1.0,0.0,0.0,D,3/30/2024,H
42640.0,4.0,19.0,0.0,48.0,0.0,13.0,3.0,Wolves,2.0,4.0,5.0,11.0,2.0,52.0,0.0,11.0,5.0,Aston Villa,1.0,3.0,0.0,1.0,H,3/30/2024,H
17138.0,4.0,14.0,1.0,53.0,0.0,11.0,5.0,Manchester Utd,1.0,2.0,14.0,7.0,1.0,47.0,0.0,31.0,5.0,Brentford,3.2,2.0,0.0,0.0,D,3/30/2024,D
60061.0,4.0,6.0,1.0,55.0,0.0,9.0,3.0,Brighton,1.0,3.0,8.0,20.0,2.0,45.0,0.0,30.0,8.0,Liverpool,2.8,5.0,1.0,1.0,D,3/31/2024,H
52178.0,4.0,20.0,0.0,72.0,0.0,6.0,2.0,Arsenal,1.0,2.0,7.0,9.0,0.0,28.0,0.0,12.0,1.0,Manchester City,1.0,0.0,0.0,0.0,D,3/31/2024,D
52135.0,3.0,14.0,1.0,57.0,0.0,10.0,3.0,Everton,1.0,3.0,7.0,9.0,1.0,43.0,0.0,18.0,6.0,Newcastle Utd,2.4,0.0,0.0,1.0,H,4/2/2024,D
28997.0,8.0,8.0,1.0,66.0,0.0,18.0,3.0,Fulham,2.0,0.0,3.0,7.0,3.0,34.0,0.0,16.0,4.0,Nott'ham Forest,1.5,0.0,0.0,3.0,H,4/2/2024,H
11058.0,2.0,14.0,0.0,50.0,0.0,3.0,2.0,Crystal Palace,0.0,2.0,9.0,13.0,1.0,50.0,0.0,11.0,6.0,Bournemouth,1.1,3.0,0.0,0.0,D,4/2/2024,H
21528.0,4.0,12.0,1.0,49.0,0.0,8.0,2.0,Wolves,1.0,2.0,7.0,10.0,1.0,51.0,0.0,13.0,6.0,Burnley,1.3,0.0,1.0,1.0,D,4/2/2024,D
62469.0,5.0,9.0,1.0,67.0,0.0,13.0,4.0,Tottenham,1.0,4.0,9.0,13.0,1.0,33.0,0.0,11.0,4.0,West Ham,1.5,1.0,1.0,1.0,D,4/2/2024,D
17024.0,5.0,12.0,0.0,66.0,0.0,24.0,6.0,Brighton,1.0,1.0,1.0,9.0,0.0,34.0,0.0,5.0,2.0,Brentford,0.6,1.0,0.0,0.0,D,4/3/2024,D
60262.0,1.0,8.0,0.0,58.0,0.0,5.0,1.0,Luton Town,0.0,1.0,3.0,12.0,2.0,42.0,0.0,13.0,4.0,Arsenal,0.7,1.0,0.0,2.0,H,4/3/2024,H
53422.0,3.0,13.0,1.0,67.0,0.0,8.0,3.0,Aston Villa,1.0,2.0,2.0,6.0,4.0,33.0,0.0,25.0,11.0,Manchester City,3.4,1.0,1.0,2.0,H,4/3/2024,H
60055.0,1.0,9.0,1.0,82.0,0.0,8.0,3.0,Sheffield Utd,1.0,1.0,13.0,6.0,3.0,18.0,0.0,29.0,9.0,Liverpool,1.8,0.0,0.0,1.0,H,4/4/2024,H
39694.0,3.0,15.0,3.0,43.0,0.0,19.0,5.0,Manchester Utd,2.0,0.0,12.0,7.0,4.0,57.0,0.0,28.0,10.0,Chelsea,3.0,3.0,2.0,2.0,D,4/4/2024,H
25132.0,9.0,3.0,4.0,75.0,0.0,18.0,8.0,Manchester City,2.0,1.0,2.0,13.0,2.0,25.0,0.0,7.0,4.0,Crystal Palace,1.1,1.0,1.0,1.0,D,4/6/2024,A
11797.0,2.0,14.0,1.0,45.0,0.0,8.0,1.0,Bournemouth,0.0,0.0,7.0,7.0,2.0,55.0,0.0,19.0,9.0,Luton Town,1.5,0.0,0.0,0.0,D,4/6/2024,H
39125.0,5.0,13.0,0.0,38.0,1.0,6.0,1.0,Burnley,1.0,1.0,3.0,11.0,1.0,62.0,0.0,12.0,3.0,Everton,0.9,2.0,0.0,1.0,H,4/6/2024,H
31504.0,4.0,7.0,2.0,58.0,0.0,11.0,4.0,West Ham,1.0,2.0,4.0,15.0,1.0,42.0,0.0,14.0,7.0,Wolves,1.5,5.0,0.0,1.0,H,4/6/2024,A
42118.0,3.0,11.0,3.0,69.0,0.0,8.0,3.0,Brentford,2.0,2.0,11.0,15.0,3.0,31.0,0.0,11.0,3.0,Aston Villa,1.5,2.0,0.0,1.0,H,4/6/2024,D
24418.0,3.0,13.0,1.0,34.0,0.0,12.0,5.0,Newcastle Utd,1.0,2.0,14.0,10.0,0.0,66.0,0.0,14.0,4.0,Fulham,1.2,1.0,0.0,0.0,D,4/6/2024,A
31677.0,7.0,13.0,3.0,46.0,0.0,20.0,7.0,Arsenal,3.0,2.0,8.0,14.0,0.0,54.0,0.0,10.0,2.0,Brighton,0.5,1.0,1.0,0.0,A,4/6/2024,A
73501.0,11.0,10.0,2.0,38.0,0.0,28.0,7.0,Liverpool,4.0,2.0,6.0,9.0,2.0,62.0,0.0,9.0,5.0,Manchester Utd,0.7,5.0,1.0,0.0,A,4/7/2024,D
28638.0,6.0,10.0,2.0,68.0,0.0,6.0,3.0,Chelsea,0.0,2.0,7.0,12.0,2.0,32.0,0.0,11.0,6.0,Sheffield Utd,1.4,4.0,1.0,1.0,D,4/7/2024,D
61098.0,2.0,12.0,1.0,63.0,0.0,13.0,6.0,Nott'ham Forest,2.0,3.0,12.0,11.0,3.0,37.0,0.0,17.0,7.0,Tottenham,1.5,2.0,1.0,1.0,D,4/7/2024,H
52147.0,3.0,12.0,0.0,28.0,0.0,11.0,2.0,Tottenham,1.0,4.0,16.0,14.0,4.0,72.0,0.0,18.0,5.0,Newcastle Utd,2.8,0.0,0.0,2.0,H,4/13/2024,H
52149.0,1.0,6.0,1.0,73.0,0.0,4.0,2.0,Luton Town,1.0,0.0,12.0,7.0,5.0,27.0,0.0,33.0,13.0,Manchester City,4.2,1.0,0.0,1.0,H,4/13/2024,H
20687.0,5.0,8.0,1.0,56.0,0.0,20.0,8.0,Brighton,1.0,2.0,4.0,18.0,1.0,44.0,0.0,11.0,3.0,Burnley,1.7,1.0,0.0,0.0,D,4/13/2024,D
29604.0,1.0,10.0,2.0,54.0,0.0,11.0,4.0,Wolves,1.0,3.0,10.0,15.0,2.0,46.0,0.0,18.0,9.0,Nott'ham Forest,1.9,2.0,1.0,1.0,D,4/13/2024,D
17115.0,6.0,11.0,0.0,53.0,0.0,8.0,2.0,Sheffield Utd,1.0,1.0,3.0,8.0,2.0,47.0,0.0,9.0,5.0,Brentford,1.0,3.0,0.0,0.0,D,4/13/2024,H
11229.0,2.0,14.0,2.0,57.0,0.0,8.0,2.0,Manchester Utd,1.0,0.0,7.0,13.0,2.0,43.0,0.0,20.0,5.0,Bournemouth,1.6,4.0,1.0,2.0,H,4/13/2024,D
60090.0,1.0,10.0,1.0,69.0,0.0,8.0,5.0,Crystal Palace,2.0,1.0,11.0,10.0,0.0,31.0,0.0,21.0,6.0,Liverpool,2.7,1.0,1.0,0.0,A,4/14/2024,A
62459.0,3.0,13.0,2.0,42.0,0.0,18.0,10.0,Fulham,3.0,2.0,8.0,6.0,0.0,58.0,0.0,15.0,4.0,West Ham,0.9,1.0,1.0,0.0,A,4/14/2024,A
60350.0,6.0,7.0,2.0,52.0,0.0,11.0,2.0,Aston Villa,1.0,1.0,4.0,12.0,0.0,48.0,0.0,18.0,4.0,Arsenal,1.6,3.0,0.0,0.0,D,4/14/2024,A
39392.0,8.0,21.0,0.0,58.0,0.0,10.0,2.0,Everton,2.0,4.0,4.0,5.0,6.0,42.0,0.0,14.0,10.0,Chelsea,3.1,1.0,0.0,4.0,H,4/15/2024,H
28964.0,2.0,9.0,4.0,51.0,0.0,16.0,9.0,Burnley,2.0,0.0,11.0,10.0,1.0,49.0,0.0,18.0,11.0,Sheffield Utd,2.4,1.0,2.0,0.0,A,4/20/2024,A
11877.0,9.0,9.0,5.0,47.0,0.0,21.0,9.0,Brentford,3.0,2.0,4.0,13.0,1.0,53.0,0.0,6.0,3.0,Luton Town,0.6,1.0,2.0,0.0,A,4/20/2024,A
31621.0,2.0,9.0,2.0,54.0,0.0,24.0,9.0,Arsenal,1.0,2.0,1.0,14.0,0.0,46.0,0.0,5.0,3.0,Wolves,0.2,3.0,1.0,0.0,A,4/20/2024,A
39239.0,4.0,9.0,0.0,59.0,0.0,8.0,3.0,Nott'ham Forest,1.0,2.0,6.0,15.0,2.0,41.0,0.0,7.0,4.0,Everton,0.3,3.0,0.0,1.0,H,4/21/2024,H
25145.0,0.0,9.0,2.0,60.0,0.0,4.0,1.0,West Ham,1.0,2.0,4.0,9.0,5.0,40.0,0.0,18.0,7.0,Crystal Palace,2.4,3.0,1.0,4.0,H,4/21/2024,H
42189.0,4.0,14.0,1.0,56.0,0.0,14.0,6.0,Bournemouth,2.0,3.0,8.0,8.0,3.0,44.0,0.0,14.0,4.0,Aston Villa,2.4,1.0,1.0,1.0,D,4/21/2024,H
24414.0,4.0,11.0,3.0,60.0,0.0,14.0,7.0,Liverpool,1.0,0.0,1.0,5.0,1.0,40.0,0.0,12.0,5.0,Fulham,0.8,3.0,1.0,1.0,D,4/21/2024,A
60238.0,2.0,11.0,0.0,45.0,0.0,7.0,1.0,Chelsea,2.0,2.0,4.0,12.0,5.0,55.0,0.0,27.0,10.0,Arsenal,3.3,2.0,0.0,1.0,H,4/23/2024,H
25541.0,12.0,17.0,1.0,63.0,1.0,21.0,6.0,Bournemouth,2.0,1.0,8.0,10.0,0.0,37.0,0.0,15.0,4.0,Wolves,0.5,4.0,1.0,0.0,A,4/24/2024,A
38222.0,13.0,13.0,0.0,75.0,0.0,23.0,7.0,Liverpool,2.0,3.0,4.0,6.0,2.0,25.0,0.0,16.0,6.0,Everton,1.2,0.0,0.0,1.0,H,4/24/2024,H
73549.0,4.0,9.0,2.0,71.0,0.0,10.0,4.0,Sheffield Utd,1.0,1.0,9.0,7.0,4.0,29.0,0.0,25.0,13.0,Manchester Utd,2.9,0.0,1.0,1.0,D,4/24/2024,H
25002.0,2.0,15.0,0.0,53.0,0.0,7.0,2.0,Newcastle Utd,0.0,3.0,7.0,10.0,2.0,47.0,0.0,20.0,7.0,Crystal Palace,0.9,3.0,0.0,0.0,D,4/24/2024,H
31596.0,4.0,3.0,4.0,64.0,0.0,14.0,6.0,Manchester City,1.0,0.0,4.0,10.0,0.0,36.0,0.0,7.0,3.0,Brighton,0.6,2.0,3.0,0.0,A,4/25/2024,A
62474.0,8.0,10.0,2.0,71.0,0.0,28.0,8.0,Liverpool,2.0,2.0,5.0,8.0,2.0,29.0,0.0,11.0,8.0,West Ham,0.7,0.0,0.0,1.0,H,4/27/2024,D
31531.0,4.0,14.0,1.0,58.0,0.0,9.0,6.0,Luton Town,1.0,1.0,4.0,14.0,2.0,42.0,0.0,13.0,5.0,Wolves,1.2,3.0,0.0,1.0,H,4/27/2024,H
73571.0,5.0,11.0,1.0,48.0,0.0,16.0,7.0,Burnley,2.0,3.0,6.0,7.0,1.0,52.0,0.0,27.0,10.0,Manchester Utd,2.7,1.0,0.0,0.0,D,4/27/2024,D
24142.0,9.0,15.0,1.0,53.0,0.0,14.0,4.0,Crystal Palace,1.0,2.0,5.0,11.0,1.0,47.0,0.0,9.0,2.0,Fulham,1.1,0.0,0.0,0.0,D,4/27/2024,D
52196.0,5.0,10.0,1.0,60.0,0.0,15.0,5.0,Sheffield Utd,2.0,0.0,4.0,9.0,5.0,40.0,0.0,20.0,7.0,Newcastle Utd,3.1,0.0,1.0,1.0,D,4/27/2024,H
39098.0,6.0,12.0,0.0,52.0,0.0,10.0,4.0,Brentford,1.0,2.0,6.0,10.0,1.0,48.0,0.0,18.0,1.0,Everton,0.8,1.0,0.0,0.0,D,4/27/2024,H
42354.0,4.0,14.0,2.0,29.0,0.0,21.0,5.0,Chelsea,2.0,5.0,2.0,13.0,2.0,71.0,0.0,9.0,4.0,Aston Villa,1.1,3.0,0.0,2.0,H,4/27/2024,D
61554.0,6.0,16.0,3.0,38.0,0.0,9.0,3.0,Arsenal,1.0,1.0,8.0,12.0,2.0,62.0,0.0,14.0,2.0,Tottenham,2.3,2.0,3.0,0.0,A,4/28/2024,A
11188.0,2.0,10.0,0.0,69.0,0.0,13.0,1.0,Brighton,1.0,2.0,8.0,14.0,3.0,31.0,0.0,15.0,6.0,Bournemouth,1.9,2.0,0.0,1.0,H,4/28/2024,H
29677.0,5.0,6.0,2.0,66.0,0.0,11.0,5.0,Manchester City,1.0,0.0,4.0,8.0,0.0,34.0,0.0,14.0,2.0,Nott'ham Forest,1.9,0.0,1.0,0.0,A,4/28/2024,A
39086.0,9.0,16.0,0.0,63.0,0.0,19.0,3.0,Tottenham,2.0,1.0,4.0,12.0,2.0,37.0,0.0,16.0,5.0,Chelsea,2.2,0.0,0.0,1.0,H,5/2/2024,H
11873.0,7.0,12.0,1.0,49.0,0.0,10.0,3.0,Everton,1.0,3.0,8.0,14.0,1.0,51.0,0.0,18.0,5.0,Luton Town,0.8,1.0,1.0,1.0,D,5/3/2024,D
60348.0,1.0,12.0,0.0,55.0,0.0,7.0,2.0,Bournemouth,1.0,3.0,6.0,16.0,3.0,45.0,0.0,25.0,9.0,Arsenal,3.3,2.0,0.0,1.0,H,5/4/2024,H
17090.0,6.0,6.0,0.0,54.0,0.0,15.0,3.0,Fulham,1.0,1.0,7.0,3.0,0.0,46.0,0.0,7.0,3.0,Brentford,0.6,1.0,0.0,0.0,D,5/4/2024,D
21781.0,11.0,8.0,4.0,53.0,0.0,23.0,11.0,Newcastle Utd,3.0,2.0,4.0,8.0,1.0,47.0,0.0,17.0,5.0,Burnley,1.0,2.0,3.0,0.0,A,5/4/2024,A
28516.0,3.0,7.0,3.0,46.0,0.0,15.0,4.0,Nott'ham Forest,1.0,1.0,5.0,9.0,1.0,54.0,1.0,17.0,5.0,Sheffield Utd,2.2,0.0,1.0,1.0,D,5/4/2024,A
52439.0,0.0,17.0,1.0,58.0,0.0,2.0,1.0,Wolves,0.0,4.0,6.0,4.0,5.0,42.0,0.0,20.0,12.0,Manchester City,3.7,0.0,0.0,3.0,H,5/4/2024,H
31596.0,3.0,10.0,0.0,52.0,0.0,2.0,1.0,Aston Villa,0.0,1.0,7.0,13.0,1.0,48.0,0.0,15.0,8.0,Brighton,2.5,2.0,0.0,0.0,D,5/5/2024,H
39295.0,6.0,10.0,0.0,69.0,0.0,13.0,2.0,West Ham,1.0,3.0,8.0,12.0,5.0,31.0,0.0,25.0,14.0,Chelsea,4.1,1.0,0.0,3.0,H,5/5/2024,H
60075.0,3.0,12.0,2.0,44.0,0.0,11.0,6.0,Tottenham,1.0,4.0,8.0,14.0,4.0,56.0,0.0,25.0,13.0,Liverpool,3.3,1.0,0.0,2.0,H,5/5/2024,H
25190.0,3.0,8.0,0.0,57.0,0.0,7.0,2.0,Manchester Utd,0.0,1.0,6.0,12.0,4.0,43.0,0.0,18.0,10.0,Crystal Palace,1.7,1.0,0.0,2.0,H,5/6/2024,H
24418.0,7.0,6.0,4.0,64.0,0.0,16.0,9.0,Manchester City,3.0,0.0,1.0,9.0,0.0,36.0,1.0,1.0,1.0,Fulham,0.1,1.0,1.0,0.0,A,5/11/2024,A
51997.0,4.0,16.0,1.0,57.0,0.0,15.0,4.0,Brighton,1.0,4.0,8.0,9.0,1.0,43.0,0.0,18.0,7.0,Newcastle Utd,2.2,3.0,1.0,1.0,D,5/11/2024,D
61148.0,3.0,14.0,1.0,63.0,0.0,7.0,3.0,Burnley,1.0,5.0,9.0,10.0,2.0,37.0,0.0,21.0,9.0,Tottenham,2.7,3.0,1.0,1.0,D,5/11/2024,H
31424.0,3.0,12.0,3.0,38.0,1.0,13.0,3.0,Crystal Palace,3.0,2.0,8.0,13.0,1.0,62.0,0.0,13.0,7.0,Wolves,1.6,3.0,2.0,0.0,A,5/11/2024,A
11154.0,8.0,12.0,2.0,52.0,0.0,11.0,5.0,Brentford,1.0,2.0,3.0,16.0,1.0,48.0,0.0,13.0,4.0,Bournemouth,0.7,2.0,0.0,0.0,D,5/11/2024,A
39221.0,6.0,11.0,0.0,58.0,0.0,13.0,1.0,Sheffield Utd,1.0,2.0,3.0,6.0,1.0,42.0,0.0,15.0,6.0,Everton,2.3,1.0,0.0,1.0,H,5/11/2024,H
62475.0,6.0,15.0,1.0,58.0,0.0,4.0,1.0,Luton Town,0.0,3.0,7.0,9.0,3.0,42.0,0.0,24.0,8.0,West Ham,3.2,1.0,1.0,0.0,A,5/11/2024,H
29708.0,6.0,8.0,3.0,67.0,0.0,12.0,5.0,Chelsea,2.0,3.0,5.0,14.0,2.0,33.0,0.0,20.0,4.0,Nott'ham Forest,1.5,2.0,1.0,1.0,D,5/11/2024,A
73600.0,7.0,6.0,1.0,46.0,0.0,11.0,5.0,Arsenal,2.0,2.0,4.0,5.0,0.0,54.0,0.0,14.0,2.0,Manchester Utd,0.5,0.0,1.0,0.0,A,5/12/2024,A
42241.0,4.0,15.0,3.0,59.0,0.0,14.0,7.0,Liverpool,2.0,1.0,5.0,11.0,3.0,41.0,0.0,19.0,5.0,Aston Villa,3.1,1.0,2.0,1.0,A,5/13/2024,D
61065.0,4.0,11.0,2.0,47.0,0.0,8.0,5.0,Manchester City,2.0,3.0,7.0,14.0,0.0,53.0,0.0,10.0,5.0,Tottenham,1.7,3.0,0.0,0.0,D,5/14/2024,A
31555.0,6.0,14.0,2.0,55.0,1.0,13.0,6.0,Chelsea,2.0,2.0,4.0,13.0,1.0,45.0,0.0,12.0,2.0,Brighton,1.3,2.0,1.0,0.0,A,5/15/2024,A
73582.0,9.0,7.0,2.0,45.0,0.0,21.0,8.0,Newcastle Utd,2.0,3.0,9.0,16.0,3.0,55.0,0.0,17.0,8.0,Manchester Utd,1.5,3.0,0.0,1.0,H,5/15/2024,H
60059.0,2.0,11.0,0.0,67.0,1.0,4.0,3.0,Wolves,1.0,1.0,10.0,14.0,2.0,33.0,0.0,36.0,14.0,Liverpool,4.5,1.0,0.0,2.0,H,5/19/2024,H
12027.0,4.0,20.0,4.0,59.0,0.0,15.0,7.0,Fulham,1.0,4.0,4.0,15.0,2.0,41.0,0.0,15.0,6.0,Luton Town,2.0,5.0,2.0,1.0,A,5/19/2024,A
39724.0,5.0,9.0,1.0,61.0,0.0,22.0,5.0,Bournemouth,2.0,3.0,6.0,5.0,2.0,39.0,0.0,16.0,6.0,Chelsea,1.1,2.0,0.0,1.0,H,5/19/2024,H
21109.0,3.0,5.0,2.0,28.0,0.0,12.0,6.0,Nott'ham Forest,2.0,0.0,4.0,11.0,1.0,72.0,0.0,20.0,3.0,Burnley,1.2,1.0,2.0,0.0,A,5/19/2024,A
25191.0,4.0,8.0,0.0,46.0,0.0,8.0,2.0,Aston Villa,1.0,4.0,2.0,10.0,5.0,54.0,0.0,15.0,9.0,Crystal Palace,2.5,1.0,0.0,2.0,H,5/19/2024,H
31662.0,5.0,9.0,2.0,45.0,0.0,11.0,4.0,Manchester Utd,1.0,3.0,7.0,10.0,0.0,55.0,0.0,17.0,3.0,Brighton,1.7,1.0,0.0,0.0,D,5/19/2024,A
17124.0,0.0,11.0,4.0,46.0,0.0,12.0,7.0,Newcastle Utd,3.0,4.0,3.0,15.0,2.0,54.0,0.0,10.0,5.0,Brentford,1.1,4.0,3.0,0.0,A,5/19/2024,A
55097.0,2.0,12.0,1.0,71.0,0.0,3.0,2.0,West Ham,0.0,1.0,11.0,3.0,3.0,29.0,0.0,28.0,12.0,Manchester City,1.9,0.0,1.0,2.0,H,5/19/2024,H
60312.0,1.0,11.0,1.0,68.0,0.0,5.0,2.0,Everton,1.0,3.0,8.0,8.0,2.0,32.0,0.0,26.0,5.0,Arsenal,2.9,4.0,1.0,1.0,D,5/19/2024,H
29116.0,6.0,9.0,3.0,75.0,0.0,18.0,9.0,Tottenham,3.0,0.0,2.0,11.0,0.0,25.0,0.0,6.0,1.0,Sheffield Utd,1.0,2.0,1.0,0.0,A,5/19/2024,A
73297.0,8.0,10.0,0.0,55.0,0.0,10.0,2.0,Fulham,0.0,3.0,7.0,12.0,1.0,45.0,0.0,14.0,5.0,Manchester Utd,2.4,2.0,0.0,0.0,D,8/16/2024,H
30014.0,10.0,18.0,2.0,62.0,0.0,18.0,5.0,Liverpool,3.0,1.0,2.0,9.0,0.0,38.0,0.0,7.0,2.0,Ipswich Town,0.5,3.0,0.0,0.0,D,8/17/2024,A
52196.0,12.0,16.0,0.0,23.0,0.0,19.0,4.0,Southampton,2.0,4.0,3.0,15.0,1.0,77.0,1.0,3.0,1.0,Newcastle Utd,0.3,2.0,0.0,1.0,H,8/17/2024,H
39217.0,5.0,8.0,3.0,60.0,0.0,10.0,5.0,Brighton,1.0,1.0,1.0,8.0,0.0,40.0,1.0,9.0,1.0,Everton,0.5,1.0,1.0,0.0,A,8/17/2024,A
29763.0,6.0,8.0,1.0,47.0,0.0,13.0,4.0,Bournemouth,1.0,3.0,2.0,17.0,1.0,53.0,0.0,14.0,8.0,Nott'ham Forest,1.3,1.0,0.0,1.0,H,8/17/2024,D
60261.0,2.0,14.0,0.0,53.0,0.0,9.0,3.0,Wolves,1.0,2.0,8.0,17.0,2.0,47.0,0.0,18.0,6.0,Arsenal,1.2,2.0,0.0,1.0,H,8/17/2024,H
62463.0,3.0,11.0,2.0,48.0,0.0,15.0,3.0,Aston Villa,2.0,2.0,5.0,18.0,1.0,52.0,0.0,14.0,3.0,West Ham,2.3,1.0,1.0,1.0,D,8/17/2024,A
16988.0,7.0,15.0,1.0,46.0,0.0,14.0,6.0,Crystal Palace,1.0,5.0,4.0,6.0,2.0,54.0,0.0,9.0,5.0,Brentford,1.6,1.0,0.0,1.0,H,8/18/2024,H
39818.0,3.0,9.0,2.0,52.0,0.0,11.0,5.0,Manchester City,1.0,1.0,4.0,12.0,0.0,48.0,0.0,10.0,3.0,Chelsea,1.0,1.0,1.0,0.0,A,8/18/2024,A
31977.0,13.0,12.0,1.0,70.0,0.0,15.0,7.0,Tottenham,1.0,1.0,2.0,11.0,1.0,30.0,0.0,7.0,3.0,Leicester City,1.0,1.0,1.0,0.0,A,8/19/2024,D
31537.0,4.0,13.0,1.0,52.0,0.0,11.0,4.0,Manchester Utd,1.0,2.0,4.0,9.0,2.0,48.0,0.0,14.0,5.0,Brighton,2.1,1.0,0.0,1.0,H,8/24/2024,H
53147.0,1.0,15.0,1.0,75.0,0.0,1.0,1.0,Ipswich Town,0.0,3.0,10.0,4.0,4.0,25.0,0.0,14.0,5.0,Manchester City,3.3,2.0,1.0,3.0,H,8/24/2024,H
31150.0,10.0,14.0,1.0,36.0,0.0,23.0,8.0,Nott'ham Forest,2.0,3.0,4.0,14.0,0.0,64.0,0.0,5.0,1.0,Southampton,0.1,3.0,0.0,0.0,D,8/24/2024,A
61357.0,5.0,15.0,0.0,70.0,0.0,10.0,1.0,Everton,1.0,0.0,12.0,11.0,4.0,30.0,0.0,13.0,7.0,Tottenham,2.4,0.0,0.0,2.0,H,8/24/2024,H
25401.0,5.0,13.0,1.0,54.0,0.0,10.0,4.0,Leicester City,1.0,2.0,7.0,14.0,2.0,46.0,0.0,18.0,6.0,Fulham,1.8,2.0,1.0,1.0,D,8/24/2024,H
25099.0,3.0,17.0,2.0,58.0,0.0,18.0,3.0,West Ham,1.0,1.0,3.0,9.0,0.0,42.0,0.0,14.0,2.0,Crystal Palace,1.3,1.0,0.0,0.0,D,8/24/2024,A
41587.0,1.0,15.0,2.0,60.0,0.0,9.0,4.0,Arsenal,1.0,3.0,4.0,8.0,0.0,40.0,0.0,11.0,3.0,Aston Villa,1.2,1.0,0.0,0.0,D,8/24/2024,A
31235.0,5.0,13.0,6.0,60.0,0.0,14.0,8.0,Chelsea,2.0,3.0,5.0,13.0,2.0,40.0,0.0,12.0,4.0,Wolves,1.9,2.0,2.0,2.0,D,8/25/2024,A
11161.0,9.0,8.0,1.0,61.0,0.0,14.0,5.0,Newcastle Utd,2.0,2.0,8.0,19.0,1.0,39.0,0.0,16.0,4.0,Bournemouth,2.2,2.0,0.0,1.0,H,8/25/2024,D
60017.0,4.0,7.0,0.0,62.0,0.0,8.0,2.0,Brentford,1.0,3.0,9.0,10.0,2.0,38.0,0.0,19.0,8.0,Liverpool,2.5,2.0,0.0,1.0,H,8/25/2024,H
60326.0,7.0,7.0,1.0,36.0,0.0,22.0,4.0,Brighton,2.0,2.0,3.0,12.0,1.0,64.0,1.0,11.0,7.0,Arsenal,2.1,3.0,0.0,1.0,H,8/31/2024,D
29517.0,6.0,15.0,1.0,52.0,0.0,9.0,4.0,Fulham,1.0,3.0,8.0,15.0,1.0,48.0,0.0,11.0,4.0,Ipswich Town,0.4,2.0,1.0,1.0,D,8/31/2024,D
29918.0,3.0,18.0,1.0,48.0,0.0,11.0,3.0,Wolves,1.0,4.0,7.0,15.0,1.0,52.0,0.0,16.0,5.0,Nott'ham Forest,1.0,3.0,1.0,1.0,D,8/31/2024,D
16955.0,8.0,7.0,1.0,37.0,0.0,18.0,6.0,Southampton,2.0,1.0,2.0,10.0,3.0,63.0,0.0,20.0,7.0,Brentford,2.8,2.0,0.0,1.0,H,8/31/2024,H
31725.0,4.0,21.0,2.0,43.0,0.0,10.0,5.0,Aston Villa,1.0,5.0,1.0,13.0,1.0,57.0,0.0,9.0,3.0,Leicester City,0.4,4.0,1.0,0.0,A,8/31/2024,A
38805.0,4.0,1.0,3.0,53.0,0.0,17.0,7.0,Bournemouth,2.0,1.0,8.0,6.0,2.0,47.0,0.0,18.0,8.0,Everton,1.8,2.0,0.0,0.0,D,8/31/2024,A
62469.0,11.0,3.0,3.0,67.0,0.0,23.0,8.0,Manchester City,3.0,2.0,3.0,10.0,1.0,33.0,0.0,10.0,2.0,West Ham,0.7,3.0,2.0,1.0,A,8/31/2024,A
52211.0,12.0,13.0,1.0,35.0,0.0,20.0,6.0,Tottenham,1.0,4.0,7.0,16.0,2.0,65.0,0.0,9.0,3.0,Newcastle Utd,1.8,4.0,0.0,1.0,H,9/1/2024,H
39298.0,5.0,13.0,1.0,38.0,0.0,9.0,3.0,Crystal Palace,1.0,2.0,4.0,9.0,1.0,62.0,0.0,13.0,7.0,Chelsea,2.4,4.0,0.0,1.0,H,9/1/2024,D
73738.0,2.0,7.0,3.0,53.0,0.0,11.0,3.0,Liverpool,2.0,1.0,5.0,7.0,0.0,47.0,0.0,8.0,3.0,Manchester Utd,1.4,4.0,2.0,0.0,A,9/1/2024,A
31144.0,7.0,14.0,3.0,56.0,0.0,20.0,10.0,Manchester Utd,3.0,4.0,0.0,11.0,0.0,44.0,1.0,6.0,4.0,Southampton,1.1,1.0,2.0,0.0,A,9/14/2024,A
52148.0,3.0,3.0,1.0,54.0,0.0,8.0,5.0,Brentford,1.0,1.0,12.0,9.0,2.0,46.0,0.0,18.0,7.0,Manchester City,2.1,3.0,1.0,2.0,H,9/14/2024,H
60344.0,2.0,6.0,1.0,68.0,0.0,5.0,3.0,Nott'ham Forest,0.0,4.0,7.0,15.0,0.0,32.0,0.0,14.0,5.0,Liverpool,0.9,4.0,0.0,0.0,D,9/14/2024,A
25147.0,2.0,15.0,2.0,66.0,0.0,9.0,4.0,Leicester City,1.0,3.0,5.0,11.0,2.0,34.0,0.0,20.0,4.0,Crystal Palace,2.5,0.0,1.0,0.0,A,9/14/2024,D
26528.0,2.0,18.0,1.0,54.0,0.0,11.0,3.0,West Ham,1.0,3.0,3.0,15.0,1.0,46.0,0.0,21.0,5.0,Fulham,1.5,2.0,0.0,1.0,H,9/14/2024,D
41573.0,2.0,16.0,0.0,68.0,0.0,6.0,1.0,Ipswich Town,0.0,3.0,9.0,14.0,0.0,32.0,0.0,21.0,6.0,Brighton,1.6,4.0,0.0,0.0,D,9/14/2024,D
41573.0,2.0,12.0,2.0,72.0,0.0,6.0,2.0,Everton,1.0,4.0,6.0,10.0,3.0,28.0,0.0,17.0,8.0,Aston Villa,2.1,1.0,2.0,1.0,A,9/14/2024,H
11235.0,3.0,9.0,1.0,66.0,0.0,10.0,3.0,Chelsea,1.0,8.0,6.0,16.0,0.0,34.0,0.0,19.0,7.0,Bournemouth,1.7,6.0,0.0,0.0,D,9/14/2024,A
61645.0,6.0,10.0,1.0,37.0,0.0,7.0,4.0,Arsenal,1.0,3.0,7.0,13.0,0.0,63.0,0.0,15.0,5.0,Tottenham,0.7,5.0,0.0,0.0,D,9/15/2024,A
30255.0,7.0,6.0,2.0,51.0,0.0,14.0,6.0,Newcastle Utd,2.0,3.0,4.0,17.0,1.0,49.0,0.0,12.0,5.0,Wolves,1.2,3.0,0.0,1.0,H,9/15/2024,A
62473.0,5.0,9.0,3.0,47.0,0.0,12.0,5.0,Chelsea,2.0,2.0,6.0,17.0,0.0,53.0,0.0,15.0,7.0,West Ham,0.9,5.0,2.0,0.0,A,9/21/2024,A
61246.0,4.0,9.0,1.0,48.0,0.0,6.0,6.0,Brentford,1.0,1.0,9.0,11.0,3.0,52.0,0.0,23.0,10.0,Tottenham,3.5,3.0,1.0,2.0,H,9/21/2024,H
39978.0,5.0,16.0,1.0,53.0,0.0,10.0,4.0,Wolves,1.0,6.0,6.0,11.0,3.0,47.0,0.0,9.0,4.0,Aston Villa,1.7,3.0,1.0,0.0,A,9/21/2024,H
25700.0,0.0,8.0,1.0,61.0,0.0,15.0,4.0,Newcastle Utd,2.0,0.0,6.0,16.0,3.0,39.0,0.0,22.0,11.0,Fulham,2.2,6.0,0.0,2.0,H,9/21/2024,H
31117.0,10.0,16.0,1.0,53.0,0.0,13.0,6.0,Ipswich Town,2.0,4.0,2.0,16.0,1.0,47.0,0.0,11.0,3.0,Southampton,2.4,4.0,0.0,1.0,H,9/21/2024,D
31765.0,1.0,12.0,1.0,42.0,0.0,16.0,5.0,Everton,1.0,2.0,6.0,11.0,1.0,58.0,0.0,12.0,2.0,Leicester City,0.7,1.0,1.0,0.0,A,9/21/2024,D
60347.0,9.0,12.0,0.0,58.0,0.0,19.0,6.0,Bournemouth,1.0,4.0,3.0,10.0,3.0,42.0,0.0,19.0,13.0,Liverpool,2.0,1.0,0.0,3.0,H,9/21/2024,H
25172.0,11.0,12.0,0.0,67.0,0.0,15.0,6.0,Manchester Utd,2.0,1.0,4.0,7.0,0.0,33.0,0.0,9.0,4.0,Crystal Palace,1.0,3.0,0.0,0.0,D,9/21/2024,D
31444.0,1.0,11.0,2.0,70.0,1.0,4.0,3.0,Nott'ham Forest,1.0,4.0,9.0,12.0,2.0,30.0,0.0,14.0,3.0,Brighton,1.0,3.0,1.0,2.0,H,9/22/2024,D
52846.0,2.0,10.0,2.0,77.0,1.0,5.0,3.0,Arsenal,1.0,4.0,8.0,7.0,2.0,23.0,0.0,33.0,11.0,Manchester City,2.1,3.0,2.0,1.0,A,9/22/2024,D
52248.0,6.0,10.0,1.0,62.0,0.0,16.0,6.0,Manchester City,1.0,4.0,5.0,14.0,1.0,38.0,0.0,11.0,4.0,Newcastle Utd,1.6,4.0,1.0,0.0,A,9/28/2024,D
17050.0,7.0,11.0,1.0,57.0,0.0,19.0,3.0,West Ham,1.0,3.0,7.0,2.0,1.0,43.0,0.0,8.0,3.0,Brentford,0.4,2.0,0.0,1.0,H,9/28/2024,D
38954.0,8.0,11.0,1.0,59.0,0.0,17.0,5.0,Crystal Palace,1.0,1.0,5.0,13.0,2.0,41.0,0.0,8.0,2.0,Everton,0.9,2.0,1.0,0.0,A,9/28/2024,H
60323.0,0.0,6.0,2.0,74.0,0.0,5.0,3.0,Leicester City,0.0,4.0,17.0,11.0,4.0,26.0,0.0,36.0,16.0,Arsenal,4.4,2.0,0.0,2.0,H,9/28/2024,H
39495.0,2.0,8.0,2.0,59.0,0.0,15.0,5.0,Brighton,1.0,2.0,8.0,11.0,4.0,41.0,0.0,15.0,7.0,Chelsea,4.2,3.0,2.0,4.0,H,9/28/2024,H
30139.0,5.0,15.0,1.0,59.0,0.0,14.0,2.0,Fulham,1.0,4.0,6.0,11.0,0.0,41.0,0.0,11.0,1.0,Nott'ham Forest,0.8,2.0,0.0,0.0,D,9/28/2024,A
31413.0,10.0,8.0,2.0,55.0,0.0,10.0,6.0,Liverpool,3.0,3.0,2.0,16.0,1.0,45.0,0.0,8.0,3.0,Wolves,0.6,2.0,1.0,0.0,A,9/28/2024,A
29943.0,0.0,14.0,2.0,56.0,0.0,7.0,3.0,Aston Villa,1.0,1.0,10.0,10.0,2.0,44.0,0.0,15.0,5.0,Ipswich Town,1.2,4.0,2.0,1.0,A,9/29/2024,D
73587.0,3.0,14.0,3.0,39.0,0.0,24.0,10.0,Tottenham,4.0,3.0,5.0,16.0,0.0,61.0,1.0,11.0,2.0,Manchester Utd,1.0,5.0,1.0,0.0,A,9/29/2024,A
11243.0,4.0,12.0,1.0,40.0,0.0,9.0,3.0,Southampton,1.0,5.0,7.0,19.0,3.0,60.0,0.0,14.0,6.0,Bournemouth,1.3,2.0,0.0,3.0,H,9/30/2024,H
25185.0,8.0,15.0,1.0,68.0,0.0,16.0,4.0,Liverpool,1.0,2.0,3.0,7.0,0.0,32.0,0.0,9.0,5.0,Crystal Palace,0.6,4.0,1.0,0.0,A,10/5/2024,A
16960.0,3.0,10.0,3.0,44.0,0.0,17.0,6.0,Wolves,1.0,3.0,10.0,9.0,5.0,56.0,0.0,19.0,12.0,Brentford,4.2,2.0,2.0,4.0,H,10/5/2024,H
31706.0,9.0,14.0,0.0,55.0,0.0,17.0,2.0,Bournemouth,2.0,1.0,0.0,12.0,1.0,45.0,0.0,6.0,2.0,Leicester City,0.8,4.0,0.0,1.0,H,10/5/2024,H
53017.0,3.0,10.0,2.0,58.0,0.0,11.0,4.0,Fulham,3.0,1.0,8.0,4.0,3.0,42.0,0.0,20.0,7.0,Manchester City,1.6,2.0,1.0,1.0,D,10/5/2024,H
62467.0,5.0,6.0,1.0,52.0,0.0,9.0,2.0,Ipswich Town,1.0,1.0,5.0,12.0,4.0,48.0,0.0,23.0,13.0,West Ham,3.6,0.0,1.0,2.0,H,10/5/2024,H
60307.0,1.0,9.0,1.0,59.0,0.0,8.0,2.0,Southampton,1.0,3.0,13.0,10.0,3.0,41.0,0.0,29.0,6.0,Arsenal,2.8,0.0,0.0,0.0,D,10/5/2024,H
39265.0,10.0,8.0,0.0,67.0,0.0,14.0,3.0,Newcastle Utd,2.0,2.0,0.0,12.0,0.0,33.0,0.0,8.0,2.0,Everton,0.7,1.0,0.0,0.0,D,10/5/2024,D
42682.0,3.0,11.0,0.0,47.0,0.0,10.0,4.0,Manchester Utd,1.0,5.0,6.0,12.0,0.0,53.0,0.0,11.0,1.0,Aston Villa,0.5,1.0,0.0,0.0,D,10/6/2024,D
39501.0,3.0,11.0,1.0,65.0,1.0,16.0,9.0,Nott'ham Forest,1.0,2.0,11.0,12.0,1.0,35.0,0.0,22.0,8.0,Chelsea,2.3,6.0,0.0,0.0,D,10/6/2024,D
31487.0,7.0,10.0,2.0,41.0,0.0,13.0,3.0,Tottenham,1.0,2.0,4.0,14.0,3.0,59.0,0.0,11.0,4.0,Brighton,1.8,2.0,2.0,0.0,A,10/6/2024,H
61381.0,5.0,15.0,1.0,57.0,1.0,11.0,4.0,West Ham,1.0,3.0,13.0,10.0,4.0,43.0,0.0,22.0,7.0,Tottenham,1.9,1.0,1.0,1.0,D,10/19/2024,H
26743.0,11.0,11.0,3.0,48.0,1.0,14.0,5.0,Aston Villa,2.0,3.0,6.0,8.0,1.0,52.0,1.0,10.0,4.0,Fulham,1.8,3.0,1.0,1.0,D,10/19/2024,A
29862.0,8.0,10.0,2.0,45.0,0.0,11.0,8.0,Everton,2.0,1.0,5.0,12.0,0.0,55.0,0.0,13.0,2.0,Ipswich Town,1.3,1.0,2.0,0.0,A,10/19/2024,A
31145.0,6.0,10.0,3.0,58.0,0.0,18.0,4.0,Leicester City,3.0,3.0,10.0,10.0,2.0,42.0,1.0,14.0,7.0,Southampton,2.1,5.0,0.0,2.0,H,10/19/2024,A
73738.0,2.0,5.0,1.0,50.0,0.0,8.0,2.0,Brentford,1.0,2.0,9.0,14.0,2.0,50.0,0.0,23.0,11.0,Manchester Utd,1.3,2.0,1.0,0.0,A,10/19/2024,H
52220.0,4.0,9.0,1.0,60.0,0.0,10.0,5.0,Brighton,1.0,2.0,9.0,11.0,0.0,40.0,0.0,21.0,6.0,Newcastle Utd,2.0,2.0,1.0,0.0,A,10/19/2024,A
11235.0,4.0,11.0,0.0,51.0,1.0,6.0,1.0,Arsenal,1.0,1.0,7.0,12.0,2.0,49.0,0.0,13.0,4.0,Bournemouth,1.8,1.0,0.0,0.0,D,10/19/2024,H
31319.0,18.0,5.0,2.0,77.0,0.0,22.0,7.0,Manchester City,2.0,1.0,1.0,8.0,1.0,23.0,0.0,3.0,2.0,Wolves,0.8,4.0,1.0,1.0,D,10/20/2024,A
60277.0,6.0,13.0,1.0,43.0,0.0,12.0,2.0,Chelsea,1.0,3.0,1.0,12.0,2.0,57.0,0.0,9.0,5.0,Liverpool,1.9,4.0,0.0,1.0,H,10/20/2024,H
29443.0,6.0,12.0,0.0,49.0,0.0,20.0,7.0,Crystal Palace,1.0,3.0,6.0,9.0,1.0,51.0,0.0,20.0,6.0,Nott'ham Forest,1.7,2.0,0.0,0.0,D,10/21/2024,H
31879.0,7.0,9.0,3.0,35.0,0.0,20.0,5.0,Nott'ham Forest,2.0,2.0,6.0,16.0,1.0,65.0,0.0,11.0,1.0,Leicester City,0.8,5.0,1.0,1.0,D,10/25/2024,A
31840.0,6.0,10.0,2.0,51.0,0.0,14.0,7.0,Wolves,1.0,3.0,9.0,12.0,2.0,49.0,0.0,19.0,6.0,Brighton,1.3,3.0,0.0,1.0,H,10/26/2024,D
52844.0,1.0,9.0,0.0,57.0,0.0,5.0,2.0,Southampton,0.0,3.0,12.0,9.0,1.0,43.0,0.0,22.0,8.0,Manchester City,2.9,1.0,0.0,1.0,H,10/26/2024,H
17109.0,5.0,10.0,3.0,65.0,1.0,11.0,5.0,Ipswich Town,1.0,1.0,5.0,7.0,4.0,35.0,0.0,20.0,9.0,Brentford,4.0,0.0,2.0,2.0,D,10/26/2024,H
42165.0,7.0,14.0,1.0,57.0,0.0,11.0,3.0,Bournemouth,0.0,6.0,9.0,12.0,1.0,43.0,0.0,18.0,8.0,Aston Villa,1.8,7.0,0.0,0.0,D,10/26/2024,D
38742.0,2.0,8.0,1.0,60.0,0.0,14.0,3.0,Fulham,1.0,0.0,4.0,8.0,1.0,40.0,0.0,10.0,5.0,Everton,0.8,1.0,0.0,0.0,D,10/26/2024,D
62474.0,5.0,7.0,1.0,58.0,0.0,18.0,5.0,Manchester Utd,2.0,1.0,6.0,6.0,2.0,42.0,0.0,12.0,3.0,West Ham,2.8,5.0,0.0,0.0,D,10/27/2024,H
39526.0,4.0,16.0,1.0,50.0,0.0,11.0,3.0,Newcastle Utd,2.0,3.0,7.0,13.0,2.0,50.0,0.0,17.0,7.0,Chelsea,1.6,6.0,1.0,1.0,D,10/27/2024,H
25108.0,8.0,12.0,0.0,66.0,0.0,11.0,3.0,Tottenham,1.0,4.0,8.0,16.0,1.0,34.0,0.0,14.0,6.0,Crystal Palace,0.8,4.0,0.0,1.0,H,10/27/2024,H
60383.0,3.0,14.0,2.0,45.0,0.0,9.0,4.0,Liverpool,1.0,2.0,1.0,14.0,2.0,55.0,0.0,9.0,3.0,Arsenal,0.9,2.0,1.0,2.0,H,10/27/2024,D
52249.0,6.0,18.0,0.0,63.0,0.0,10.0,1.0,Arsenal,1.0,4.0,4.0,16.0,1.0,37.0,0.0,9.0,4.0,Newcastle Utd,0.5,4.0,0.0,1.0,H,11/2/2024,H
60331.0,7.0,18.0,1.0,49.0,0.0,13.0,5.0,Brighton,1.0,1.0,10.0,10.0,2.0,51.0,0.0,16.0,8.0,Liverpool,1.6,1.0,1.0,0.0,A,11/2/2024,H
31143.0,6.0,18.0,0.0,35.0,0.0,16.0,5.0,Everton,2.0,2.0,3.0,14.0,1.0,65.0,0.0,9.0,2.0,Southampton,0.7,4.0,0.0,0.0,D,11/2/2024,H
30112.0,6.0,9.0,0.0,46.0,1.0,4.0,2.0,West Ham,0.0,2.0,11.0,7.0,3.0,54.0,0.0,19.0,6.0,Nott'ham Forest,2.2,1.0,0.0,1.0,H,11/2/2024,H
29874.0,6.0,10.0,1.0,57.0,0.0,20.0,6.0,Leicester City,2.0,2.0,4.0,11.0,1.0,43.0,1.0,14.0,2.0,Ipswich Town,1.0,4.0,0.0,0.0,D,11/2/2024,D
11231.0,10.0,6.0,1.0,64.0,0.0,18.0,4.0,Manchester City,2.0,1.0,3.0,11.0,2.0,36.0,0.0,12.0,6.0,Bournemouth,2.0,2.0,0.0,1.0,H,11/2/2024,H
31124.0,6.0,9.0,2.0,43.0,0.0,19.0,7.0,Crystal Palace,2.0,2.0,3.0,7.0,2.0,57.0,0.0,11.0,6.0,Wolves,1.5,1.0,0.0,0.0,D,11/2/2024,D
61253.0,4.0,14.0,1.0,49.0,0.0,12.0,1.0,Aston Villa,2.0,0.0,6.0,14.0,4.0,51.0,0.0,16.0,6.0,Tottenham,2.4,2.0,1.0,0.0,A,11/3/2024,H
73813.0,8.0,14.0,1.0,46.0,0.0,12.0,3.0,Chelsea,1.0,2.0,4.0,19.0,1.0,54.0,0.0,11.0,4.0,Manchester Utd,2.0,6.0,0.0,0.0,D,11/3/2024,D
24931.0,3.0,10.0,1.0,32.0,0.0,5.0,2.0,Brentford,1.0,1.0,11.0,3.0,2.0,68.0,0.0,26.0,12.0,Fulham,1.3,2.0,1.0,0.0,A,11/4/2024,H
62463.0,6.0,9.0,0.0,49.0,0.0,18.0,4.0,Everton,1.0,2.0,7.0,10.0,0.0,51.0,0.0,11.0,6.0,West Ham,0.8,1.0,0.0,0.0,D,11/9/2024,D
25142.0,8.0,11.0,2.0,64.0,0.0,17.0,7.0,Fulham,2.0,1.0,1.0,10.0,0.0,36.0,1.0,13.0,5.0,Crystal Palace,1.5,1.0,1.0,0.0,A,11/9/2024,A
31403.0,9.0,12.0,0.0,29.0,0.0,9.0,0.0,Southampton,1.0,4.0,1.0,14.0,2.0,71.0,0.0,8.0,4.0,Wolves,1.3,1.0,0.0,1.0,H,11/9/2024,H
16587.0,4.0,16.0,2.0,51.0,0.0,15.0,3.0,Bournemouth,3.0,4.0,6.0,8.0,3.0,49.0,0.0,12.0,6.0,Brentford,1.5,2.0,1.0,1.0,D,11/9/2024,H
31715.0,4.0,10.0,1.0,60.0,0.0,15.0,6.0,Manchester City,2.0,3.0,0.0,12.0,2.0,40.0,0.0,10.0,4.0,Brighton,2.3,3.0,1.0,0.0,A,11/9/2024,H
60292.0,9.0,15.0,0.0,62.0,0.0,12.0,2.0,Aston Villa,1.0,3.0,2.0,11.0,2.0,38.0,0.0,14.0,5.0,Liverpool,2.0,0.0,0.0,1.0,H,11/9/2024,H
61505.0,2.0,19.0,2.0,66.0,0.0,8.0,3.0,Ipswich Town,2.0,5.0,12.0,10.0,1.0,34.0,0.0,17.0,5.0,Tottenham,1.5,1.0,2.0,0.0,A,11/10/2024,A
30145.0,5.0,6.0,3.0,56.0,0.0,17.0,6.0,Newcastle Utd,2.0,1.0,4.0,13.0,1.0,44.0,0.0,9.0,3.0,Nott'ham Forest,0.6,1.0,0.0,1.0,H,11/10/2024,A
73829.0,5.0,5.0,0.0,51.0,0.0,6.0,5.0,Leicester City,1.0,1.0,1.0,9.0,3.0,49.0,0.0,13.0,3.0,Manchester Utd,0.8,0.0,0.0,2.0,H,11/10/2024,H
39780.0,3.0,12.0,1.0,51.0,0.0,13.0,3.0,Arsenal,2.0,2.0,4.0,12.0,1.0,49.0,0.0,17.0,3.0,Chelsea,1.5,4.0,0.0,0.0,D,11/10/2024,D
31880.0,9.0,12.0,2.0,63.0,0.0,16.0,7.0,Chelsea,3.0,3.0,2.0,15.0,1.0,37.0,0.0,4.0,1.0,Leicester City,1.1,4.0,1.0,0.0,A,11/23/2024,A
42175.0,1.0,11.0,2.0,69.0,0.0,13.0,6.0,Crystal Palace,1.0,2.0,10.0,10.0,2.0,31.0,0.0,17.0,5.0,Aston Villa,3.0,3.0,2.0,1.0,A,11/23/2024,D
26685.0,2.0,14.0,4.0,59.0,0.0,10.0,5.0,Wolves,1.0,0.0,7.0,14.0,1.0,41.0,0.0,10.0,3.0,Fulham,1.0,3.0,1.0,1.0,D,11/23/2024,A
11196.0,0.0,10.0,2.0,45.0,1.0,6.0,4.0,Brighton,1.0,2.0,7.0,13.0,1.0,55.0,0.0,19.0,5.0,Bournemouth,1.6,2.0,1.0,0.0,A,11/23/2024,A
60298.0,1.0,1.0,0.0,66.0,0.0,7.0,0.0,Nott'ham Forest,0.0,2.0,8.0,10.0,3.0,34.0,0.0,19.0,7.0,Arsenal,1.2,3.0,0.0,1.0,H,11/23/2024,H
38915.0,4.0,10.0,0.0,41.0,1.0,9.0,2.0,Brentford,1.0,0.0,10.0,8.0,0.0,59.0,0.0,27.0,5.0,Everton,1.2,0.0,0.0,0.0,D,11/23/2024,D
52478.0,3.0,9.0,4.0,58.0,0.0,9.0,7.0,Tottenham,3.0,2.0,9.0,19.0,0.0,42.0,0.0,23.0,5.0,Manchester City,2.1,4.0,2.0,0.0,A,11/23/2024,A
31278.0,10.0,9.0,3.0,62.0,0.0,27.0,11.0,Liverpool,3.0,4.0,3.0,11.0,2.0,38.0,0.0,7.0,5.0,Southampton,1.3,3.0,1.0,1.0,D,11/24/2024,A
30017.0,3.0,10.0,1.0,60.0,0.0,11.0,4.0,Manchester Utd,1.0,0.0,4.0,11.0,1.0,40.0,0.0,11.0,6.0,Ipswich Town,1.6,0.0,1.0,1.0,D,11/24/2024,D
52094.0,3.0,8.0,2.0,53.0,0.0,15.0,6.0,West Ham,1.0,0.0,8.0,11.0,0.0,47.0,0.0,18.0,2.0,Newcastle Utd,1.6,1.0,1.0,0.0,A,11/25/2024,A
31542.0,6.0,16.0,1.0,53.0,0.0,10.0,2.0,Southampton,1.0,4.0,7.0,20.0,1.0,47.0,0.0,22.0,5.0,Brighton,1.7,2.0,0.0,1.0,H,11/29/2024,D
26685.0,4.0,11.0,4.0,60.0,0.0,12.0,8.0,Bournemouth,3.0,1.0,3.0,13.0,2.0,40.0,0.0,10.0,3.0,Wolves,0.5,4.0,3.0,1.0,A,11/30/2024,A
30237.0,7.0,16.0,0.0,45.0,0.0,7.0,3.0,Ipswich Town,1.0,3.0,8.0,5.0,1.0,55.0,0.0,12.0,5.0,Nott'ham Forest,1.6,1.0,0.0,0.0,D,11/30/2024,H
17084.0,4.0,10.0,1.0,60.0,0.0,7.0,3.0,Leicester City,1.0,1.0,5.0,9.0,4.0,40.0,0.0,13.0,6.0,Brentford,2.4,1.0,1.0,3.0,H,11/30/2024,H
25101.0,9.0,11.0,1.0,51.0,0.0,1.0,0.0,Newcastle Utd,0.0,3.0,8.0,12.0,1.0,49.0,0.0,16.0,4.0,Crystal Palace,1.7,3.0,0.0,0.0,D,11/30/2024,D
62475.0,10.0,13.0,5.0,60.0,0.0,16.0,7.0,Arsenal,4.0,1.0,2.0,10.0,2.0,40.0,0.0,12.0,5.0,West Ham,1.5,4.0,5.0,2.0,A,11/30/2024,A
73817.0,2.0,12.0,0.0,60.0,0.0,8.0,2.0,Everton,1.0,3.0,2.0,12.0,4.0,40.0,0.0,11.0,5.0,Manchester Utd,1.1,2.0,0.0,2.0,H,12/1/2024,H
61141.0,11.0,14.0,1.0,51.0,1.0,14.0,6.0,Fulham,2.0,1.0,7.0,4.0,1.0,49.0,0.0,8.0,3.0,Tottenham,0.8,0.0,0.0,0.0,D,12/1/2024,D
40853.0,4.0,6.0,0.0,36.0,0.0,10.0,4.0,Aston Villa,1.0,2.0,3.0,21.0,3.0,64.0,0.0,17.0,8.0,Chelsea,1.6,2.0,0.0,2.0,H,12/1/2024,H
60248.0,4.0,8.0,0.0,56.0,0.0,8.0,2.0,Manchester City,1.0,3.0,7.0,9.0,2.0,44.0,0.0,18.0,7.0,Liverpool,3.4,1.0,0.0,1.0,H,12/1/2024,H
29533.0,7.0,13.0,1.0,46.0,0.0,13.0,3.0,Crystal Palace,2.0,4.0,4.0,14.0,0.0,54.0,0.0,9.0,2.0,Ipswich Town,0.5,2.0,0.0,0.0,D,12/3/2024,A
30947.0,9.0,7.0,1.0,61.0,0.0,31.0,10.0,West Ham,3.0,2.0,3.0,9.0,3.0,39.0,0.0,8.0,6.0,Leicester City,1.7,2.0,0.0,1.0,H,12/3/2024,H
52237.0,6.0,17.0,3.0,42.0,0.0,16.0,5.0,Liverpool,2.0,5.0,5.0,9.0,3.0,58.0,0.0,17.0,6.0,Newcastle Utd,2.1,2.0,0.0,1.0,H,12/4/2024,D
38820.0,4.0,8.0,0.0,56.0,0.0,6.0,2.0,Wolves,1.0,0.0,3.0,10.0,4.0,44.0,0.0,13.0,4.0,Everton,1.0,2.0,0.0,2.0,H,12/4/2024,H
51764.0,2.0,15.0,0.0,66.0,0.0,12.0,3.0,Nott'ham Forest,1.0,4.0,8.0,7.0,3.0,34.0,0.0,17.0,7.0,Manchester City,2.4,2.0,0.0,2.0,H,12/4/2024,H
31193.0,7.0,14.0,5.0,55.0,0.0,26.0,13.0,Chelsea,5.0,0.0,5.0,7.0,1.0,45.0,1.0,6.0,4.0,Southampton,1.6,1.0,3.0,1.0,A,12/4/2024,A
60256.0,0.0,8.0,0.0,51.0,0.0,5.0,2.0,Manchester Utd,0.0,3.0,13.0,12.0,2.0,49.0,0.0,14.0,6.0,Arsenal,2.1,1.0,0.0,0.0,D,12/4/2024,H
42148.0,5.0,15.0,1.0,49.0,0.0,9.0,1.0,Brentford,1.0,2.0,10.0,11.0,3.0,51.0,0.0,20.0,10.0,Aston Villa,2.4,2.0,0.0,3.0,H,12/4/2024,H
26368.0,6.0,8.0,1.0,57.0,0.0,13.0,3.0,Brighton,1.0,2.0,5.0,7.0,3.0,43.0,0.0,6.0,2.0,Fulham,1.1,2.0,0.0,1.0,H,12/5/2024,H
11234.0,9.0,8.0,0.0,65.0,0.0,12.0,4.0,Tottenham,1.0,2.0,5.0,15.0,1.0,35.0,0.0,21.0,8.0,Bournemouth,3.5,2.0,0.0,1.0,H,12/5/2024,H
42453.0,1.0,15.0,0.0,47.0,0.0,4.0,0.0,Southampton,0.0,3.0,14.0,18.0,1.0,53.0,0.0,18.0,5.0,Aston Villa,2.3,1.0,0.0,1.0,H,12/7/2024,H
25142.0,8.0,10.0,2.0,68.0,1.0,12.0,4.0,Manchester City,1.0,0.0,6.0,4.0,2.0,32.0,0.0,12.0,3.0,Crystal Palace,1.3,1.0,1.0,1.0,D,12/7/2024,D
17078.0,4.0,7.0,2.0,57.0,0.0,16.0,3.0,Newcastle Utd,2.0,0.0,3.0,10.0,4.0,43.0,0.0,11.0,8.0,Brentford,1.2,3.0,2.0,2.0,D,12/7/2024,A
73778.0,3.0,13.0,3.0,71.0,0.0,11.0,3.0,Nott'ham Forest,1.0,2.0,5.0,10.0,2.0,29.0,0.0,17.0,7.0,Manchester Utd,1.6,0.0,1.0,1.0,D,12/7/2024,A
31647.0,5.0,10.0,2.0,44.0,0.0,16.0,7.0,Brighton,2.0,2.0,5.0,9.0,2.0,56.0,0.0,10.0,3.0,Leicester City,1.3,1.0,1.0,0.0,A,12/8/2024,D
29180.0,13.0,13.0,2.0,56.0,0.0,22.0,6.0,Bournemouth,3.0,1.0,6.0,9.0,1.0,44.0,0.0,18.0,5.0,Ipswich Town,1.3,2.0,0.0,1.0,H,12/8/2024,A
26954.0,6.0,9.0,1.0,66.0,0.0,12.0,4.0,Arsenal,2.0,2.0,0.0,10.0,1.0,34.0,0.0,2.0,2.0,Fulham,0.2,4.0,0.0,1.0,H,12/8/2024,D
61184.0,10.0,11.0,4.0,39.0,0.0,17.0,8.0,Chelsea,3.0,2.0,5.0,17.0,3.0,61.0,0.0,13.0,5.0,Tottenham,2.8,2.0,1.0,2.0,H,12/8/2024,A
62474.0,0.0,17.0,1.0,46.0,0.0,19.0,5.0,Wolves,1.0,4.0,11.0,12.0,2.0,54.0,0.0,19.0,4.0,West Ham,1.0,5.0,0.0,0.0,D,12/9/2024,H
60333.0,4.0,7.0,2.0,61.0,0.0,12.0,3.0,Fulham,1.0,4.0,5.0,10.0,2.0,39.0,1.0,16.0,4.0,Liverpool,2.1,3.0,1.0,0.0,A,12/14/2024,D
30866.0,3.0,9.0,2.0,54.0,0.0,10.0,5.0,Ipswich Town,1.0,2.0,7.0,13.0,1.0,46.0,1.0,16.0,6.0,Wolves,1.3,0.0,1.0,0.0,A,12/14/2024,A
52235.0,2.0,16.0,0.0,59.0,0.0,4.0,1.0,Leicester City,0.0,3.0,5.0,7.0,4.0,41.0,0.0,27.0,11.0,Newcastle Utd,3.8,3.0,0.0,1.0,H,12/14/2024,H
60176.0,2.0,9.0,0.0,76.0,0.0,2.0,0.0,Everton,0.0,3.0,8.0,6.0,0.0,24.0,0.0,13.0,5.0,Arsenal,1.2,0.0,0.0,0.0,D,12/14/2024,D
30117.0,3.0,6.0,1.0,50.0,0.0,8.0,2.0,Aston Villa,0.0,1.0,4.0,12.0,2.0,50.0,0.0,17.0,6.0,Nott'ham Forest,1.7,0.0,0.0,0.0,D,12/14/2024,H
30893.0,5.0,15.0,3.0,64.0,0.0,13.0,5.0,Crystal Palace,2.0,4.0,8.0,11.0,1.0,36.0,0.0,17.0,5.0,Brighton,1.0,1.0,2.0,0.0,A,12/15/2024,A
53184.0,2.0,14.0,2.0,52.0,0.0,10.0,3.0,Manchester Utd,2.0,1.0,8.0,5.0,1.0,48.0,0.0,10.0,3.0,Manchester City,0.9,1.0,0.0,1.0,H,12/15/2024,A
31090.0,5.0,15.0,5.0,58.0,0.0,18.0,9.0,Tottenham,2.0,3.0,2.0,8.0,0.0,42.0,0.0,9.0,3.0,Southampton,0.8,1.0,5.0,0.0,A,12/15/2024,A
39571.0,5.0,7.0,1.0,38.0,0.0,9.0,4.0,Brentford,2.0,2.0,8.0,11.0,2.0,62.0,1.0,26.0,8.0,Chelsea,2.2,0.0,0.0,1.0,H,12/15/2024,H
11204.0,6.0,11.0,1.0,48.0,0.0,16.0,3.0,West Ham,2.0,2.0,12.0,6.0,1.0,52.0,0.0,29.0,9.0,Bournemouth,1.9,0.0,0.0,0.0,D,12/16/2024,D
42345.0,4.0,7.0,1.0,56.0,0.0,12.0,6.0,Manchester City,1.0,3.0,5.0,14.0,2.0,44.0,0.0,11.0,6.0,Aston Villa,1.6,3.0,0.0,1.0,H,12/21/2024,H
29774.0,1.0,7.0,4.0,58.0,0.0,15.0,7.0,Newcastle Utd,2.0,0.0,2.0,9.0,0.0,42.0,0.0,10.0,2.0,Ipswich Town,0.7,2.0,3.0,0.0,A,12/21/2024,A
17115.0,5.0,14.0,2.0,64.0,0.0,10.0,6.0,Nott'ham Forest,1.0,4.0,9.0,9.0,0.0,36.0,0.0,7.0,3.0,Brentford,0.7,3.0,1.0,0.0,A,12/21/2024,A
62460.0,4.0,20.0,1.0,53.0,0.0,12.0,6.0,Brighton,1.0,2.0,8.0,14.0,1.0,47.0,0.0,11.0,4.0,West Ham,1.2,2.0,0.0,0.0,D,12/21/2024,D
25167.0,3.0,8.0,5.0,58.0,0.0,14.0,6.0,Arsenal,3.0,2.0,3.0,9.0,1.0,42.0,0.0,15.0,6.0,Crystal Palace,1.6,2.0,3.0,1.0,A,12/21/2024,A
73720.0,1.0,11.0,3.0,60.0,0.0,10.0,5.0,Bournemouth,2.0,3.0,13.0,11.0,0.0,40.0,0.0,23.0,7.0,Manchester Utd,2.2,1.0,1.0,0.0,A,12/22/2024,A
31818.0,1.0,16.0,3.0,46.0,0.0,8.0,4.0,Wolves,1.0,0.0,6.0,15.0,0.0,54.0,0.0,9.0,5.0,Leicester City,0.8,2.0,3.0,0.0,A,12/22/2024,A
39358.0,5.0,12.0,0.0,75.0,0.0,12.0,5.0,Chelsea,1.0,1.0,2.0,20.0,0.0,25.0,0.0,5.0,4.0,Everton,1.0,4.0,0.0,0.0,D,12/22/2024,D
26819.0,5.0,15.0,0.0,57.0,0.0,5.0,1.0,Southampton,0.0,3.0,6.0,8.0,0.0,43.0,0.0,16.0,5.0,Fulham,0.9,1.0,0.0,0.0,D,12/22/2024,D
61439.0,5.0,9.0,6.0,48.0,0.0,24.0,12.0,Liverpool,6.0,2.0,7.0,7.0,3.0,52.0,0.0,9.0,5.0,Tottenham,1.3,1.0,3.0,1.0,A,12/22/2024,A
55527.0,5.0,10.0,1.0,66.0,0.0,8.0,3.0,Everton,1.0,4.0,8.0,5.0,1.0,34.0,0.0,24.0,5.0,Manchester City,2.1,1.0,1.0,1.0,D,12/26/2024,D
31059.0,2.0,8.0,1.0,46.0,0.0,16.0,2.0,West Ham,2.0,2.0,2.0,15.0,0.0,54.0,0.0,18.0,5.0,Southampton,1.4,1.0,0.0,0.0,D,12/26/2024,A
52168.0,6.0,10.0,0.0,62.0,1.0,4.0,1.0,Aston Villa,0.0,1.0,9.0,15.0,3.0,38.0,0.0,22.0,8.0,Newcastle Utd,2.7,2.0,0.0,1.0,H,12/26/2024,H
30200.0,7.0,13.0,0.0,70.0,1.0,13.0,4.0,Tottenham,1.0,2.0,2.0,12.0,1.0,30.0,0.0,10.0,3.0,Nott'ham Forest,1.1,3.0,0.0,1.0,H,12/26/2024,H
11129.0,2.0,12.0,0.0,48.0,0.0,10.0,4.0,Crystal Palace,0.0,2.0,5.0,13.0,0.0,52.0,0.0,18.0,4.0,Bournemouth,1.4,2.0,0.0,0.0,D,12/26/2024,D
39687.0,1.0,13.0,2.0,53.0,0.0,14.0,7.0,Fulham,2.0,3.0,3.0,13.0,1.0,47.0,0.0,12.0,8.0,Chelsea,1.1,1.0,0.0,1.0,H,12/26/2024,A
31407.0,4.0,12.0,0.0,49.0,1.0,11.0,4.0,Manchester Utd,0.0,2.0,4.0,12.0,2.0,51.0,0.0,7.0,4.0,Wolves,0.9,2.0,0.0,0.0,D,12/26/2024,H
60300.0,1.0,5.0,1.0,68.0,0.0,4.0,1.0,Leicester City,0.0,2.0,14.0,17.0,3.0,32.0,0.0,19.0,7.0,Liverpool,2.0,3.0,1.0,1.0,D,12/26/2024,H
31548.0,3.0,12.0,0.0,57.0,0.0,8.0,3.0,Brentford,1.0,2.0,5.0,6.0,0.0,43.0,0.0,24.0,7.0,Brighton,1.3,0.0,0.0,0.0,D,12/27/2024,D
60271.0,1.0,12.0,0.0,68.0,0.0,3.0,0.0,Ipswich Town,0.0,1.0,5.0,7.0,1.0,32.0,0.0,13.0,5.0,Arsenal,1.8,1.0,0.0,1.0,H,12/27/2024,H
32057.0,4.0,6.0,2.0,47.0,0.0,14.0,5.0,Manchester City,1.0,1.0,4.0,11.0,0.0,53.0,0.0,11.0,4.0,Leicester City,1.3,2.0,1.0,0.0,A,12/29/2024,A
25414.0,4.0,10.0,2.0,36.0,0.0,11.0,7.0,Nott'ham Forest,2.0,1.0,5.0,13.0,0.0,64.0,0.0,13.0,2.0,Everton,0.9,4.0,1.0,0.0,A,12/29/2024,A
61284.0,5.0,10.0,2.0,48.0,0.0,11.0,3.0,Wolves,1.0,2.0,5.0,9.0,2.0,52.0,0.0,13.0,3.0,Tottenham,2.2,1.0,1.0,2.0,H,12/29/2024,D
27301.0,7.0,16.0,2.0,52.0,0.0,16.0,9.0,Bournemouth,2.0,3.0,1.0,7.0,2.0,48.0,0.0,11.0,6.0,Fulham,1.1,1.0,0.0,1.0,H,12/29/2024,D
25130.0,7.0,19.0,1.0,47.0,0.0,7.0,3.0,Southampton,1.0,3.0,8.0,18.0,2.0,53.0,0.0,19.0,10.0,Crystal Palace,2.0,2.0,1.0,1.0,D,12/29/2024,H
62476.0,6.0,10.0,5.0,54.0,0.0,22.0,13.0,Liverpool,3.0,0.0,3.0,7.0,0.0,46.0,0.0,7.0,0.0,West Ham,0.4,0.0,3.0,0.0,A,12/29/2024,A
41414.0,3.0,14.0,2.0,41.0,0.0,13.0,4.0,Brighton,1.0,3.0,12.0,9.0,2.0,59.0,0.0,20.0,4.0,Aston Villa,1.8,2.0,1.0,1.0,D,12/30/2024,D
29968.0,7.0,5.0,0.0,76.0,0.0,20.0,5.0,Chelsea,2.0,4.0,4.0,9.0,2.0,24.0,0.0,9.0,6.0,Ipswich Town,1.6,4.0,0.0,1.0,H,12/30/2024,H
73809.0,3.0,8.0,2.0,52.0,0.0,12.0,4.0,Newcastle Utd,2.0,1.0,2.0,13.0,0.0,48.0,0.0,10.0,0.0,Manchester Utd,0.8,1.0,2.0,0.0,A,12/30/2024,A
47190.0,3.0,8.0,3.0,50.0,0.0,14.0,5.0,Arsenal,2.0,2.0,4.0,6.0,1.0,50.0,0.0,5.0,2.0,Brentford,0.3,1.0,1.0,1.0,D,1/1/2025,A
61293.0,10.0,15.0,2.0,44.0,0.0,14.0,4.0,Newcastle Utd,3.0,4.0,9.0,11.0,1.0,56.0,0.0,13.0,4.0,Tottenham,0.9,1.0,2.0,1.0,A,1/4/2025,A
42386.0,2.0,11.0,1.0,60.0,0.0,4.0,2.0,Leicester City,0.0,1.0,7.0,10.0,2.0,40.0,0.0,13.0,5.0,Aston Villa,1.4,0.0,0.0,0.0,D,1/4/2025,H
11223.0,3.0,14.0,0.0,58.0,0.0,9.0,0.0,Everton,1.0,2.0,9.0,15.0,1.0,42.0,0.0,19.0,8.0,Bournemouth,1.8,2.0,0.0,0.0,D,1/4/2025,H
25179.0,6.0,12.0,1.0,39.0,0.0,15.0,1.0,Chelsea,1.0,2.0,6.0,9.0,1.0,61.0,0.0,13.0,6.0,Crystal Palace,1.1,0.0,1.0,0.0,A,1/4/2025,D
31001.0,2.0,4.0,5.0,50.0,0.0,20.0,11.0,Brentford,4.0,0.0,2.0,10.0,0.0,50.0,0.0,8.0,1.0,Southampton,0.3,2.0,1.0,0.0,A,1/4/2025,A
52737.0,1.0,13.0,1.0,56.0,0.0,17.0,4.0,West Ham,1.0,1.0,7.0,8.0,4.0,44.0,0.0,10.0,7.0,Manchester City,1.9,2.0,0.0,2.0,H,1/4/2025,H
31714.0,5.0,14.0,1.0,55.0,0.0,9.0,3.0,Arsenal,1.0,3.0,2.0,17.0,1.0,45.0,0.0,11.0,4.0,Brighton,1.5,2.0,1.0,0.0,A,1/4/2025,D
27042.0,2.0,14.0,2.0,73.0,0.0,7.0,3.0,Ipswich Town,2.0,5.0,9.0,10.0,2.0,27.0,0.0,15.0,4.0,Fulham,2.2,1.0,1.0,0.0,A,1/5/2025,D
60275.0,9.0,13.0,2.0,47.0,0.0,13.0,4.0,Manchester Utd,1.0,4.0,6.0,10.0,2.0,53.0,0.0,19.0,6.0,Liverpool,2.7,2.0,0.0,0.0,D,1/5/2025,D
29940.0,3.0,8.0,3.0,60.0,0.0,11.0,3.0,Nott'ham Forest,2.0,2.0,5.0,10.0,0.0,40.0,0.0,13.0,6.0,Wolves,1.5,1.0,2.0,0.0,A,1/6/2025,A
62456.0,3.0,18.0,2.0,56.0,0.0,21.0,5.0,Fulham,2.0,3.0,0.0,9.0,3.0,44.0,0.0,4.0,3.0,West Ham,1.0,3.0,0.0,2.0,H,1/14/2025,H
39092.0,3.0,16.0,2.0,57.0,0.0,7.0,3.0,Bournemouth,1.0,3.0,9.0,15.0,2.0,43.0,0.0,26.0,10.0,Chelsea,2.5,2.0,0.0,1.0,H,1/14/2025,D
17048.0,5.0,4.0,2.0,55.0,0.0,21.0,8.0,Manchester City,2.0,0.0,4.0,4.0,2.0,45.0,0.0,18.0,6.0,Brentford,2.5,0.0,0.0,0.0,D,1/14/2025,D
30249.0,9.0,10.0,1.0,70.0,0.0,23.0,7.0,Liverpool,2.0,1.0,0.0,7.0,1.0,30.0,0.0,6.0,3.0,Nott'ham Forest,0.3,2.0,0.0,1.0,H,1/14/2025,D
29766.0,3.0,6.0,2.0,43.0,0.0,9.0,4.0,Crystal Palace,2.0,0.0,4.0,7.0,0.0,57.0,0.0,21.0,4.0,Leicester City,1.7,0.0,0.0,0.0,D,1/15/2025,A
39085.0,5.0,10.0,1.0,50.0,0.0,11.0,3.0,Aston Villa,1.0,1.0,8.0,17.0,0.0,50.0,0.0,10.0,3.0,Everton,1.1,2.0,0.0,0.0,D,1/15/2025,A
51975.0,2.0,13.0,0.0,60.0,0.0,13.0,7.0,Wolves,2.0,2.0,4.0,10.0,3.0,40.0,0.0,17.0,5.0,Newcastle Utd,2.1,0.0,0.0,1.0,H,1/15/2025,H
60287.0,4.0,9.0,1.0,53.0,0.0,10.0,2.0,Tottenham,1.0,1.0,10.0,16.0,2.0,47.0,0.0,14.0,4.0,Arsenal,1.4,3.0,1.0,2.0,H,1/15/2025,H
29403.0,9.0,14.0,2.0,53.0,0.0,11.0,5.0,Brighton,1.0,2.0,1.0,13.0,0.0,47.0,0.0,5.0,3.0,Ipswich Town,0.3,2.0,0.0,0.0,D,1/16/2025,A
73722.0,4.0,10.0,1.0,60.0,0.0,13.0,5.0,Southampton,1.0,3.0,5.0,7.0,3.0,40.0,0.0,23.0,9.0,Manchester Utd,3.4,1.0,1.0,0.0,A,1/16/2025,H
52227.0,6.0,18.0,4.0,56.0,0.0,19.0,10.0,Bournemouth,2.0,6.0,7.0,7.0,1.0,44.0,0.0,13.0,5.0,Newcastle Utd,0.8,1.0,2.0,1.0,A,1/18/2025,A
31500.0,2.0,8.0,2.0,60.0,0.0,17.0,2.0,Fulham,2.0,1.0,5.0,8.0,0.0,40.0,0.0,8.0,4.0,Leicester City,0.6,3.0,0.0,0.0,D,1/18/2025,A
62469.0,4.0,10.0,2.0,47.0,0.0,12.0,7.0,Crystal Palace,1.0,0.0,2.0,13.0,0.0,53.0,1.0,7.0,0.0,West Ham,0.3,1.0,0.0,0.0,D,1/18/2025,A
17215.0,15.0,14.0,2.0,60.0,0.0,37.0,8.0,Liverpool,3.0,3.0,2.0,6.0,0.0,40.0,0.0,11.0,6.0,Brentford,0.7,2.0,0.0,0.0,D,1/18/2025,A
60067.0,1.0,18.0,2.0,66.0,0.0,8.0,4.0,Aston Villa,1.0,3.0,10.0,10.0,2.0,34.0,0.0,18.0,6.0,Arsenal,1.3,2.0,0.0,1.0,H,1/18/2025,D
39326.0,8.0,14.0,2.0,64.0,0.0,11.0,6.0,Tottenham,1.0,1.0,3.0,14.0,3.0,36.0,0.0,12.0,6.0,Everton,1.8,2.0,0.0,3.0,H,1/19/2025,H
73758.0,2.0,12.0,3.0,51.0,0.0,6.0,3.0,Brighton,2.0,3.0,4.0,13.0,1.0,49.0,0.0,10.0,1.0,Manchester Utd,1.5,3.0,1.0,1.0,D,1/19/2025,A
30180.0,8.0,18.0,2.0,45.0,0.0,10.0,4.0,Southampton,1.0,4.0,2.0,4.0,3.0,55.0,0.0,14.0,5.0,Nott'ham Forest,1.8,0.0,0.0,3.0,H,1/19/2025,H
29841.0,7.0,7.0,6.0,67.0,0.0,17.0,9.0,Manchester City,3.0,1.0,4.0,4.0,0.0,33.0,0.0,8.0,4.0,Ipswich Town,0.5,0.0,3.0,0.0,A,1/19/2025,A
39221.0,6.0,14.0,1.0,63.0,0.0,9.0,4.0,Wolves,1.0,2.0,3.0,8.0,3.0,37.0,0.0,19.0,7.0,Chelsea,3.1,4.0,1.0,1.0,D,1/20/2025,H
31141.0,8.0,5.0,3.0,47.0,0.0,17.0,9.0,Newcastle Utd,3.0,0.0,3.0,10.0,1.0,53.0,0.0,12.0,5.0,Southampton,0.8,1.0,2.0,1.0,A,1/25/2025,A
31087.0,1.0,11.0,1.0,69.0,0.0,3.0,1.0,Everton,1.0,4.0,9.0,8.0,0.0,31.0,0.0,16.0,1.0,Brighton,0.7,3.0,1.0,0.0,A,1/25/2025,A
60420.0,4.0,11.0,1.0,70.0,0.0,3.0,3.0,Ipswich Town,1.0,2.0,3.0,10.0,4.0,30.0,0.0,16.0,6.0,Liverpool,2.0,0.0,0.0,3.0,H,1/25/2025,H
11228.0,9.0,12.0,0.0,50.0,0.0,18.0,4.0,Nott'ham Forest,1.0,3.0,3.0,9.0,5.0,50.0,0.0,16.0,10.0,Bournemouth,1.7,2.0,0.0,1.0,H,1/25/2025,H
31503.0,5.0,10.0,1.0,49.0,1.0,9.0,3.0,Arsenal,1.0,1.0,1.0,20.0,0.0,51.0,1.0,9.0,4.0,Wolves,0.7,0.0,0.0,0.0,D,1/25/2025,A
52687.0,4.0,8.0,1.0,56.0,0.0,10.0,4.0,Chelsea,2.0,2.0,2.0,6.0,3.0,44.0,0.0,15.0,6.0,Manchester City,2.2,3.0,1.0,1.0,D,1/25/2025,H
25066.0,7.0,11.0,2.0,53.0,0.0,13.0,6.0,Brentford,1.0,2.0,4.0,8.0,1.0,47.0,0.0,16.0,5.0,Crystal Palace,1.1,2.0,0.0,0.0,D,1/26/2025,A
61295.0,4.0,16.0,2.0,61.0,0.0,12.0,3.0,Leicester City,2.0,5.0,6.0,6.0,1.0,39.0,0.0,15.0,6.0,Tottenham,1.0,1.0,0.0,1.0,H,1/26/2025,A
41628.0,3.0,16.0,1.0,46.0,0.0,14.0,4.0,West Ham,1.0,3.0,4.0,13.0,1.0,54.0,0.0,14.0,4.0,Aston Villa,0.9,2.0,0.0,1.0,H,1/26/2025,D
27288.0,0.0,9.0,1.0,49.0,0.0,4.0,1.0,Manchester Utd,0.0,1.0,3.0,7.0,0.0,51.0,0.0,9.0,3.0,Fulham,0.7,0.0,0.0,0.0,D,1/26/2025,A
30164.0,6.0,13.0,0.0,62.0,0.0,10.0,5.0,Brighton,1.0,3.0,4.0,8.0,7.0,38.0,0.0,14.0,9.0,Nott'ham Forest,3.3,1.0,0.0,3.0,H,2/1/2025,H
39376.0,6.0,13.0,0.0,48.0,0.0,9.0,1.0,Leicester City,0.0,0.0,5.0,7.0,4.0,52.0,0.0,13.0,7.0,Everton,2.5,0.0,0.0,3.0,H,2/1/2025,H
52173.0,7.0,15.0,2.0,49.0,0.0,15.0,4.0,Fulham,2.0,4.0,4.0,10.0,1.0,51.0,0.0,11.0,4.0,Newcastle Utd,0.8,4.0,0.0,1.0,H,2/1/2025,A
11239.0,3.0,9.0,2.0,51.0,0.0,19.0,7.0,Liverpool,3.0,3.0,3.0,15.0,0.0,49.0,0.0,14.0,3.0,Bournemouth,1.6,2.0,1.0,0.0,A,2/1/2025,A
29902.0,2.0,14.0,2.0,43.0,0.0,9.0,4.0,Southampton,1.0,3.0,1.0,11.0,1.0,57.0,0.0,15.0,6.0,Ipswich Town,1.8,0.0,1.0,1.0,D,2/1/2025,A
31385.0,8.0,13.0,0.0,68.0,0.0,10.0,3.0,Aston Villa,0.0,3.0,5.0,20.0,2.0,32.0,0.0,8.0,5.0,Wolves,1.6,2.0,0.0,1.0,H,2/1/2025,H
73751.0,0.0,13.0,2.0,66.0,0.0,11.0,3.0,Crystal Palace,3.0,1.0,11.0,12.0,0.0,34.0,0.0,17.0,2.0,Manchester Utd,1.1,3.0,0.0,0.0,D,2/2/2025,A
17154.0,3.0,11.0,2.0,46.0,0.0,13.0,2.0,Tottenham,1.0,1.0,10.0,4.0,0.0,54.0,0.0,20.0,4.0,Brentford,2.1,0.0,1.0,0.0,A,2/2/2025,A
60355.0,2.0,7.0,1.0,54.0,0.0,7.0,4.0,Manchester City,1.0,0.0,5.0,6.0,5.0,46.0,0.0,12.0,7.0,Arsenal,1.0,2.0,0.0,1.0,H,2/2/2025,H
39459.0,3.0,10.0,1.0,68.0,0.0,14.0,5.0,West Ham,1.0,1.0,4.0,11.0,2.0,32.0,0.0,22.0,3.0,Chelsea,1.6,3.0,1.0,0.0,A,2/3/2025,H
39280.0,3.0,20.0,2.0,63.0,1.0,6.0,4.0,Liverpool,1.0,2.0,2.0,9.0,2.0,37.0,1.0,10.0,3.0,Everton,1.0,2.0,1.0,1.0,D,2/12/2025,D
31324.0,9.0,15.0,0.0,31.0,0.0,8.0,0.0,Chelsea,1.0,2.0,2.0,12.0,3.0,69.0,0.0,13.0,5.0,Brighton,1.4,1.0,0.0,2.0,H,2/14/2025,H
31968.0,7.0,10.0,2.0,60.0,0.0,11.0,5.0,Arsenal,1.0,1.0,3.0,9.0,0.0,40.0,0.0,6.0,2.0,Leicester City,0.2,2.0,0.0,0.0,D,2/15/2025,A
27164.0,4.0,8.0,1.0,55.0,0.0,8.0,2.0,Nott'ham Forest,0.0,0.0,8.0,13.0,2.0,45.0,0.0,24.0,10.0,Fulham,2.1,0.0,1.0,1.0,D,2/15/2025,H
52479.0,4.0,13.0,0.0,61.0,0.0,3.0,1.0,Newcastle Utd,1.0,1.0,7.0,5.0,4.0,39.0,0.0,11.0,7.0,Manchester City,1.9,0.0,0.0,3.0,H,2/15/2025,H
31037.0,6.0,15.0,3.0,56.0,0.0,14.0,7.0,Bournemouth,1.0,3.0,4.0,13.0,1.0,44.0,0.0,11.0,4.0,Southampton,0.8,1.0,2.0,0.0,A,2/15/2025,A
42510.0,1.0,11.0,1.0,75.0,1.0,4.0,3.0,Ipswich Town,0.0,3.0,16.0,7.0,1.0,25.0,0.0,25.0,6.0,Aston Villa,2.4,0.0,0.0,0.0,D,2/15/2025,D
62415.0,2.0,13.0,1.0,42.0,0.0,14.0,5.0,Brentford,2.0,1.0,9.0,10.0,0.0,58.0,0.0,13.0,3.0,West Ham,0.8,1.0,1.0,0.0,A,2/15/2025,A
25108.0,2.0,12.0,2.0,58.0,0.0,11.0,6.0,Everton,1.0,1.0,6.0,9.0,1.0,42.0,0.0,17.0,6.0,Crystal Palace,1.6,0.0,1.0,0.0,A,2/15/2025,A
60248.0,3.0,13.0,1.0,50.0,0.0,16.0,4.0,Wolves,2.0,2.0,4.0,15.0,2.0,50.0,0.0,10.0,3.0,Liverpool,1.7,2.0,0.0,2.0,H,2/16/2025,H
61383.0,5.0,9.0,0.0,45.0,0.0,16.0,6.0,Manchester Utd,2.0,2.0,10.0,13.0,1.0,55.0,0.0,22.0,7.0,Tottenham,2.2,1.0,0.0,1.0,H,2/16/2025,H
41910.0,8.0,6.0,2.0,48.0,0.0,17.0,3.0,Liverpool,3.0,0.0,6.0,8.0,2.0,52.0,0.0,9.0,4.0,Aston Villa,0.6,1.0,1.0,2.0,H,2/19/2025,D
31077.0,6.0,10.0,4.0,52.0,0.0,14.0,6.0,Brentford,2.0,0.0,5.0,10.0,0.0,48.0,0.0,8.0,3.0,Leicester City,0.5,4.0,3.0,0.0,A,2/21/2025,A
39290.0,9.0,9.0,2.0,62.0,0.0,9.0,3.0,Manchester Utd,0.0,1.0,7.0,12.0,2.0,38.0,0.0,9.0,8.0,Everton,1.6,4.0,0.0,2.0,H,2/22/2025,D
26777.0,7.0,7.0,2.0,62.0,0.0,10.0,5.0,Crystal Palace,1.0,3.0,7.0,10.0,0.0,38.0,0.0,10.0,0.0,Fulham,0.2,1.0,1.0,0.0,A,2/22/2025,A
11206.0,7.0,9.0,1.0,54.0,0.0,13.0,5.0,Wolves,2.0,3.0,6.0,17.0,0.0,46.0,1.0,8.0,3.0,Bournemouth,0.9,3.0,1.0,0.0,A,2/22/2025,A
30003.0,4.0,14.0,4.0,58.0,0.0,10.0,6.0,Tottenham,2.0,1.0,4.0,15.0,1.0,42.0,0.0,17.0,5.0,Ipswich Town,1.1,2.0,2.0,1.0,A,2/22/2025,A
60262.0,0.0,15.0,1.0,68.0,0.0,5.0,2.0,West Ham,1.0,3.0,2.0,16.0,0.0,32.0,1.0,20.0,2.0,Arsenal,1.2,1.0,1.0,0.0,A,2/22/2025,A
30775.0,6.0,12.0,4.0,50.0,0.0,18.0,12.0,Brighton,4.0,0.0,5.0,11.0,0.0,50.0,0.0,6.0,1.0,Southampton,0.1,2.0,1.0,0.0,A,2/22/2025,A
42423.0,3.0,16.0,1.0,52.0,0.0,15.0,7.0,Chelsea,2.0,3.0,2.0,15.0,2.0,48.0,0.0,12.0,6.0,Aston Villa,2.3,1.0,1.0,0.0,A,2/22/2025,H
52223.0,6.0,13.0,3.0,57.0,0.0,17.0,5.0,Nott'ham Forest,2.0,4.0,7.0,11.0,4.0,43.0,0.0,13.0,5.0,Newcastle Utd,2.9,1.0,1.0,4.0,H,2/23/2025,H
52803.0,5.0,10.0,2.0,66.0,0.0,8.0,4.0,Liverpool,1.0,0.0,7.0,3.0,0.0,34.0,0.0,16.0,5.0,Manchester City,0.6,0.0,2.0,0.0,A,2/23/2025,A
31138.0,9.0,14.0,1.0,44.0,0.0,19.0,5.0,Bournemouth,2.0,1.0,1.0,12.0,2.0,56.0,0.0,11.0,4.0,Brighton,2.4,2.0,0.0,1.0,H,2/25/2025,H
24712.0,8.0,10.0,1.0,64.0,0.0,6.0,2.0,Aston Villa,0.0,1.0,3.0,19.0,4.0,36.0,0.0,19.0,6.0,Crystal Palace,4.3,3.0,0.0,1.0,H,2/25/2025,H
28708.0,5.0,15.0,2.0,40.0,0.0,11.0,5.0,Fulham,2.0,3.0,7.0,8.0,1.0,60.0,0.0,18.0,5.0,Wolves,1.3,1.0,1.0,1.0,D,2/25/2025,A
39485.0,2.0,9.0,0.0,60.0,0.0,7.0,2.0,Southampton,1.0,2.0,4.0,6.0,4.0,40.0,0.0,19.0,10.0,Chelsea,2.4,1.0,0.0,3.0,H,2/25/2025,H
60820.0,3.0,15.0,1.0,45.0,0.0,12.0,5.0,Manchester City,2.0,0.0,8.0,12.0,0.0,55.0,0.0,11.0,6.0,Tottenham,1.3,3.0,1.0,0.0,A,2/26/2025,A
30200.0,11.0,17.0,0.0,64.0,0.0,13.0,1.0,Arsenal,1.0,1.0,3.0,10.0,0.0,36.0,0.0,6.0,2.0,Nott'ham Forest,0.4,1.0,0.0,0.0,D,2/26/2025,D
73827.0,6.0,16.0,2.0,45.0,0.0,12.0,3.0,Ipswich Town,1.0,4.0,5.0,9.0,3.0,55.0,1.0,10.0,6.0,Manchester Utd,0.7,4.0,2.0,2.0,D,2/26/2025,H
17082.0,5.0,6.0,1.0,52.0,0.0,14.0,4.0,Everton,2.0,1.0,2.0,3.0,1.0,48.0,0.0,12.0,3.0,Brentford,1.4,2.0,0.0,1.0,H,2/26/2025,D
60374.0,2.0,11.0,0.0,39.0,0.0,3.0,0.0,Newcastle Utd,0.0,1.0,4.0,12.0,2.0,61.0,0.0,12.0,3.0,Liverpool,1.7,0.0,0.0,1.0,H,2/26/2025,H
62455.0,3.0,6.0,0.0,58.0,0.0,10.0,2.0,Leicester City,0.0,0.0,3.0,12.0,2.0,42.0,0.0,8.0,2.0,West Ham,1.3,0.0,0.0,2.0,H,2/27/2025,H
30252.0,2.0,7.0,0.0,69.0,0.0,14.0,3.0,Manchester City,1.0,2.0,3.0,9.0,1.0,31.0,0.0,9.0,4.0,Nott'ham Forest,0.7,3.0,0.0,0.0,D,3/8/2025,H
60399.0,4.0,9.0,1.0,71.0,0.0,6.0,4.0,Southampton,0.0,1.0,6.0,10.0,3.0,29.0,0.0,28.0,7.0,Liverpool,3.9,2.0,1.0,0.0,A,3/8/2025,H
31584.0,7.0,12.0,1.0,53.0,0.0,6.0,1.0,Fulham,1.0,2.0,3.0,6.0,2.0,47.0,0.0,9.0,4.0,Brighton,1.5,0.0,1.0,1.0,D,3/8/2025,H
25155.0,4.0,7.0,0.0,55.0,0.0,15.0,8.0,Ipswich Town,2.0,3.0,5.0,8.0,1.0,45.0,0.0,19.0,4.0,Crystal Palace,3.2,4.0,0.0,0.0,D,3/8/2025,H
17171.0,5.0,5.0,1.0,41.0,0.0,12.0,4.0,Aston Villa,1.0,2.0,6.0,10.0,0.0,59.0,0.0,13.0,3.0,Brentford,0.8,2.0,0.0,0.0,D,3/8/2025,A
30738.0,5.0,16.0,1.0,66.0,0.0,12.0,4.0,Everton,1.0,2.0,5.0,11.0,1.0,34.0,0.0,11.0,3.0,Wolves,0.8,2.0,1.0,1.0,D,3/8/2025,D
39750.0,2.0,13.0,0.0,56.0,0.0,3.0,3.0,Leicester City,0.0,0.0,12.0,12.0,1.0,44.0,0.0,20.0,7.0,Chelsea,1.7,1.0,0.0,0.0,D,3/9/2025,H
61178.0,6.0,16.0,2.0,61.0,0.0,17.0,8.0,Bournemouth,2.0,3.0,3.0,15.0,2.0,39.0,0.0,12.0,4.0,Tottenham,1.5,3.0,1.0,0.0,A,3/9/2025,D
73812.0,9.0,11.0,1.0,68.0,0.0,17.0,6.0,Arsenal,2.0,1.0,2.0,8.0,1.0,32.0,0.0,10.0,6.0,Manchester Utd,1.5,0.0,0.0,1.0,H,3/9/2025,D
62463.0,4.0,15.0,1.0,49.0,0.0,9.0,3.0,Newcastle Utd,1.0,1.0,3.0,7.0,0.0,51.0,0.0,9.0,2.0,West Ham,0.7,0.0,0.0,0.0,D,3/10/2025,A
39343.0,5.0,8.0,1.0,46.0,0.0,10.0,5.0,West Ham,1.0,2.0,6.0,12.0,1.0,54.0,0.0,13.0,5.0,Everton,1.0,1.0,0.0,0.0,D,3/15/2025,D
30950.0,1.0,13.0,2.0,40.0,0.0,5.0,3.0,Wolves,0.0,0.0,5.0,12.0,1.0,60.0,0.0,10.0,3.0,Southampton,1.3,0.0,1.0,0.0,A,3/15/2025,A
29878.0,3.0,13.0,4.0,45.0,0.0,11.0,6.0,Nott'ham Forest,2.0,1.0,6.0,4.0,2.0,55.0,0.0,11.0,4.0,Ipswich Town,0.4,1.0,3.0,0.0,A,3/15/2025,A
52471.0,5.0,10.0,2.0,60.0,0.0,15.0,3.0,Brighton,2.0,5.0,4.0,10.0,2.0,40.0,0.0,11.0,3.0,Manchester City,1.7,2.0,1.0,2.0,H,3/15/2025,D
11180.0,3.0,7.0,2.0,42.0,0.0,10.0,4.0,Brentford,1.0,0.0,4.0,13.0,1.0,58.0,0.0,17.0,5.0,Bournemouth,1.6,3.0,1.0,1.0,D,3/15/2025,A
60311.0,4.0,13.0,0.0,42.0,0.0,8.0,2.0,Chelsea,0.0,3.0,5.0,10.0,1.0,58.0,0.0,12.0,4.0,Arsenal,0.7,3.0,0.0,1.0,H,3/16/2025,H
27182.0,5.0,10.0,0.0,43.0,0.0,12.0,4.0,Tottenham,1.0,0.0,6.0,13.0,2.0,57.0,0.0,13.0,4.0,Fulham,1.0,0.0,0.0,0.0,D,3/16/2025,H
31773.0,4.0,6.0,3.0,47.0,0.0,18.0,5.0,Manchester Utd,1.0,0.0,6.0,6.0,0.0,53.0,0.0,11.0,3.0,Leicester City,1.0,2.0,1.0,0.0,A,3/16/2025,A
60256.0,4.0,10.0,1.0,51.0,0.0,9.0,3.0,Fulham,1.0,2.0,5.0,2.0,2.0,49.0,0.0,17.0,4.0,Arsenal,2.2,1.0,0.0,1.0,H,4/1/2025,H
29587.0,2.0,12.0,0.0,42.0,0.0,10.0,1.0,West Ham,1.0,2.0,1.0,16.0,1.0,58.0,0.0,9.0,2.0,Wolves,1.2,4.0,0.0,1.0,H,4/1/2025,H
30249.0,10.0,12.0,0.0,68.0,0.0,23.0,6.0,Manchester Utd,2.0,3.0,3.0,5.0,1.0,32.0,0.0,8.0,2.0,Nott'ham Forest,0.5,1.0,0.0,1.0,H,4/1/2025,H
52021.0,5.0,12.0,1.0,49.0,0.0,12.0,3.0,Brentford,2.0,1.0,4.0,12.0,2.0,51.0,0.0,21.0,4.0,Newcastle Utd,1.3,1.0,0.0,1.0,H,4/2/2025,H
52148.0,0.0,8.0,0.0,72.0,0.0,2.0,0.0,Leicester City,0.0,4.0,5.0,11.0,2.0,28.0,0.0,18.0,5.0,Manchester City,2.2,1.0,0.0,2.0,H,4/2/2025,H
30158.0,2.0,9.0,1.0,57.0,0.0,9.0,3.0,Crystal Palace,1.0,1.0,2.0,14.0,1.0,43.0,0.0,8.0,2.0,Southampton,0.7,2.0,0.0,1.0,H,4/2/2025,D
11192.0,3.0,15.0,2.0,63.0,0.0,10.0,2.0,Ipswich Town,1.0,2.0,8.0,14.0,1.0,37.0,0.0,24.0,7.0,Bournemouth,1.8,1.0,1.0,0.0,A,4/2/2025,A
27895.0,0.0,11.0,3.0,56.0,0.0,8.0,5.0,Aston Villa,1.0,3.0,4.0,16.0,0.0,44.0,0.0,11.0,4.0,Brighton,0.9,1.0,0.0,0.0,D,4/2/2025,A
60457.0,5.0,11.0,0.0,73.0,0.0,5.0,0.0,Everton,1.0,2.0,11.0,7.0,1.0,27.0,0.0,17.0,3.0,Liverpool,1.5,2.0,0.0,0.0,D,4/2/2025,H
39852.0,6.0,16.0,0.0,49.0,0.0,8.0,2.0,Tottenham,1.0,5.0,4.0,7.0,1.0,51.0,0.0,11.0,5.0,Chelsea,1.0,5.0,0.0,0.0,D,4/3/2025,H
39316.0,8.0,13.0,1.0,69.0,0.0,14.0,5.0,Arsenal,2.0,1.0,3.0,17.0,1.0,31.0,0.0,5.0,2.0,Everton,1.1,3.0,1.0,0.0,A,4/5/2025,D
24564.0,4.0,13.0,1.0,62.0,1.0,11.0,5.0,Brighton,1.0,1.0,2.0,12.0,2.0,38.0,2.0,8.0,3.0,Crystal Palace,0.6,0.0,1.0,1.0,D,4/5/2025,H
29549.0,8.0,16.0,2.0,55.0,0.0,22.0,7.0,Wolves,3.0,2.0,4.0,12.0,1.0,45.0,0.0,6.0,2.0,Ipswich Town,0.8,2.0,0.0,1.0,H,4/5/2025,A
62459.0,7.0,13.0,2.0,56.0,0.0,11.0,4.0,Bournemouth,2.0,2.0,4.0,13.0,2.0,44.0,0.0,9.0,3.0,West Ham,0.7,2.0,1.0,0.0,A,4/5/2025,D
42743.0,4.0,15.0,1.0,52.0,0.0,19.0,3.0,Nott'ham Forest,2.0,2.0,4.0,7.0,2.0,48.0,0.0,17.0,8.0,Aston Villa,3.0,2.0,0.0,2.0,H,4/5/2025,H
27770.0,4.0,9.0,2.0,63.0,0.0,14.0,6.0,Liverpool,2.0,0.0,4.0,10.0,3.0,37.0,0.0,12.0,6.0,Fulham,0.7,3.0,1.0,3.0,H,4/6/2025,H
17183.0,6.0,12.0,0.0,42.0,0.0,21.0,5.0,Chelsea,1.0,3.0,3.0,12.0,0.0,58.0,0.0,9.0,2.0,Brentford,1.1,1.0,0.0,0.0,D,4/6/2025,D
60984.0,1.0,20.0,1.0,51.0,0.0,12.0,4.0,Southampton,1.0,1.0,4.0,16.0,3.0,49.0,0.0,13.0,8.0,Tottenham,2.1,1.0,0.0,2.0,H,4/6/2025,H
73738.0,3.0,9.0,0.0,58.0,0.0,9.0,5.0,Manchester City,1.0,2.0,5.0,13.0,0.0,42.0,0.0,13.0,2.0,Manchester Utd,0.9,3.0,0.0,0.0,D,4/6/2025,D
30403.0,2.0,9.0,3.0,42.0,0.0,16.0,5.0,Newcastle Utd,3.0,0.0,12.0,8.0,0.0,58.0,0.0,7.0,2.0,Leicester City,0.5,2.0,3.0,0.0,A,4/7/2025,A
52489.0,4.0,16.0,2.0,67.0,0.0,8.0,3.0,Crystal Palace,2.0,3.0,1.0,10.0,5.0,33.0,0.0,21.0,9.0,Manchester City,3.7,2.0,2.0,2.0,D,4/12/2025,H
31150.0,6.0,11.0,2.0,59.0,0.0,15.0,6.0,Leicester City,2.0,5.0,3.0,9.0,2.0,41.0,0.0,21.0,7.0,Brighton,3.8,2.0,1.0,1.0,D,4/12/2025,D
30199.0,14.0,4.0,3.0,60.0,0.0,25.0,10.0,Aston Villa,3.0,1.0,2.0,11.0,0.0,40.0,0.0,7.0,2.0,Southampton,0.3,3.0,0.0,0.0,D,4/12/2025,A
30199.0,7.0,13.0,1.0,43.0,0.0,13.0,5.0,Everton,1.0,3.0,1.0,9.0,0.0,57.0,0.0,10.0,5.0,Nott'ham Forest,0.5,0.0,0.0,0.0,D,4/12/2025,A
60184.0,5.0,9.0,1.0,63.0,0.0,3.0,2.0,Brentford,0.0,3.0,13.0,7.0,1.0,37.0,0.0,14.0,3.0,Arsenal,1.0,1.0,0.0,0.0,D,4/12/2025,D
60376.0,3.0,8.0,1.0,55.0,0.0,11.0,4.0,West Ham,1.0,2.0,10.0,15.0,2.0,45.0,0.0,15.0,6.0,Liverpool,1.8,0.0,0.0,1.0,H,4/13/2025,H
39805.0,4.0,7.0,2.0,73.0,0.0,13.0,4.0,Ipswich Town,1.0,2.0,15.0,11.0,2.0,27.0,0.0,34.0,9.0,Chelsea,2.2,2.0,2.0,0.0,A,4/13/2025,D
31463.0,4.0,15.0,2.0,63.0,0.0,11.0,4.0,Tottenham,2.0,2.0,1.0,12.0,4.0,37.0,0.0,13.0,5.0,Wolves,2.4,1.0,0.0,2.0,H,4/13/2025,H
52252.0,2.0,9.0,1.0,52.0,0.0,9.0,5.0,Manchester Utd,1.0,2.0,7.0,7.0,4.0,48.0,0.0,13.0,6.0,Newcastle Utd,2.2,0.0,1.0,1.0,D,4/13/2025,H
11195.0,9.0,10.0,0.0,59.0,0.0,12.0,7.0,Fulham,1.0,2.0,6.0,11.0,1.0,41.0,0.0,12.0,3.0,Bournemouth,1.4,3.0,0.0,1.0,H,4/14/2025,H
52197.0,4.0,15.0,0.0,59.0,0.0,11.0,4.0,Crystal Palace,2.0,3.0,5.0,9.0,5.0,41.0,0.0,14.0,7.0,Newcastle Utd,1.5,2.0,0.0,4.0,H,4/16/2025,H
39332.0,5.0,6.0,2.0,67.0,0.0,12.0,7.0,Manchester City,2.0,0.0,2.0,7.0,0.0,33.0,0.0,8.0,3.0,Everton,0.9,4.0,0.0,0.0,D,4/19/2025,A
62461.0,5.0,13.0,1.0,52.0,0.0,15.0,4.0,Southampton,1.0,1.0,2.0,14.0,1.0,48.0,0.0,12.0,4.0,West Ham,0.9,2.0,0.0,0.0,D,4/19/2025,D
25185.0,4.0,10.0,0.0,29.0,0.0,15.0,4.0,Bournemouth,1.0,4.0,5.0,13.0,0.0,71.0,1.0,5.0,0.0,Crystal Palace,0.4,3.0,0.0,0.0,D,4/19/2025,D
17083.0,8.0,11.0,2.0,53.0,1.0,12.0,3.0,Brighton,1.0,3.0,4.0,7.0,4.0,47.0,0.0,16.0,8.0,Brentford,2.1,3.0,1.0,1.0,D,4/19/2025,H
42618.0,7.0,12.0,1.0,52.0,0.0,10.0,3.0,Newcastle Utd,1.0,3.0,7.0,9.0,4.0,48.0,0.0,23.0,9.0,Aston Villa,2.2,1.0,1.0,1.0,D,4/19/2025,H
27712.0,4.0,9.0,2.0,41.0,0.0,13.0,8.0,Chelsea,1.0,3.0,6.0,13.0,1.0,59.0,0.0,6.0,1.0,Fulham,0.3,1.0,0.0,1.0,H,4/20/2025,A
29549.0,12.0,7.0,4.0,75.0,0.0,24.0,7.0,Arsenal,2.0,0.0,0.0,10.0,0.0,25.0,1.0,4.0,0.0,Ipswich Town,0.2,0.0,2.0,0.0,A,4/20/2025,A
73819.0,2.0,18.0,1.0,59.0,0.0,4.0,2.0,Wolves,0.0,3.0,9.0,11.0,0.0,41.0,0.0,12.0,2.0,Manchester Utd,1.3,2.0,0.0,0.0,D,4/20/2025,A
30402.0,13.0,7.0,1.0,58.0,0.0,28.0,10.0,Liverpool,3.0,2.0,1.0,11.0,0.0,42.0,0.0,5.0,0.0,Leicester City,0.3,1.0,0.0,0.0,D,4/20/2025,A
59314.0,1.0,12.0,2.0,69.0,0.0,4.0,3.0,Nott'ham Forest,1.0,4.0,7.0,11.0,1.0,31.0,0.0,22.0,6.0,Tottenham,2.1,1.0,2.0,0.0,A,4/21/2025,A
51834.0,2.0,10.0,1.0,61.0,0.0,7.0,3.0,Aston Villa,2.0,3.0,10.0,9.0,2.0,39.0,0.0,14.0,6.0,Manchester City,1.3,3.0,1.0,1.0,D,4/22/2025,H
60167.0,6.0,6.0,2.0,67.0,0.0,15.0,4.0,Crystal Palace,2.0,1.0,3.0,4.0,2.0,33.0,0.0,12.0,6.0,Arsenal,1.2,1.0,1.0,2.0,H,4/23/2025,D
39894.0,2.0,11.0,0.0,55.0,0.0,6.0,3.0,Everton,0.0,0.0,10.0,11.0,1.0,45.0,0.0,10.0,7.0,Chelsea,0.8,0.0,0.0,1.0,H,4/26/2025,H
31499.0,1.0,9.0,2.0,53.0,0.0,12.0,4.0,West Ham,1.0,1.0,8.0,7.0,3.0,47.0,0.0,16.0,9.0,Brighton,1.3,1.0,0.0,1.0,H,4/26/2025,H
31518.0,2.0,17.0,0.0,56.0,0.0,8.0,2.0,Leicester City,1.0,4.0,4.0,7.0,3.0,44.0,0.0,20.0,6.0,Wolves,2.0,1.0,0.0,1.0,H,4/26/2025,H
28946.0,13.0,12.0,2.0,65.0,0.0,26.0,5.0,Fulham,2.0,1.0,0.0,10.0,1.0,35.0,0.0,7.0,3.0,Southampton,0.6,1.0,0.0,1.0,H,4/26/2025,A
52171.0,2.0,9.0,0.0,77.0,1.0,4.0,0.0,Ipswich Town,0.0,2.0,11.0,9.0,3.0,23.0,0.0,25.0,5.0,Newcastle Utd,2.4,1.0,0.0,1.0,H,4/26/2025,H
11241.0,10.0,12.0,1.0,61.0,0.0,25.0,6.0,Manchester Utd,2.0,2.0,5.0,11.0,1.0,39.0,1.0,8.0,1.0,Bournemouth,0.5,4.0,0.0,1.0,H,4/27/2025,D
60415.0,2.0,9.0,1.0,61.0,0.0,8.0,3.0,Tottenham,1.0,1.0,8.0,16.0,5.0,39.0,0.0,25.0,8.0,Liverpool,2.2,2.0,1.0,3.0,H,4/27/2025,H
29040.0,5.0,12.0,2.0,45.0,0.0,11.0,3.0,Brentford,1.0,5.0,4.0,10.0,0.0,55.0,0.0,14.0,5.0,Nott'ham Forest,0.9,3.0,1.0,0.0,A,5/1/2025,A
53282.0,5.0,11.0,0.0,63.0,0.0,6.0,1.0,Wolves,0.0,0.0,4.0,7.0,1.0,37.0,0.0,9.0,2.0,Manchester City,0.7,0.0,0.0,1.0,H,5/2/2025,H
42515.0,3.0,17.0,0.0,52.0,0.0,11.0,3.0,Fulham,1.0,5.0,5.0,6.0,1.0,48.0,0.0,10.0,3.0,Aston Villa,1.0,0.0,0.0,1.0,H,5/3/2025,H
31240.0,7.0,13.0,0.0,49.0,0.0,8.0,2.0,Southampton,1.0,3.0,7.0,12.0,2.0,51.0,0.0,14.0,4.0,Leicester City,1.4,1.0,0.0,2.0,H,5/3/2025,H
39305.0,3.0,15.0,2.0,58.0,0.0,12.0,5.0,Ipswich Town,1.0,4.0,3.0,12.0,2.0,42.0,0.0,8.0,3.0,Everton,0.6,4.0,1.0,2.0,H,5/3/2025,D
60110.0,3.0,16.0,2.0,51.0,0.0,9.0,2.0,Bournemouth,1.0,2.0,2.0,7.0,1.0,49.0,0.0,13.0,4.0,Arsenal,1.4,0.0,0.0,1.0,H,5/3/2025,A
31580.0,4.0,10.0,1.0,55.0,0.0,13.0,5.0,Newcastle Utd,2.0,1.0,1.0,15.0,1.0,45.0,0.0,5.0,2.0,Brighton,0.7,2.0,0.0,1.0,H,5/4/2025,D
62468.0,3.0,15.0,1.0,45.0,0.0,7.0,2.0,Tottenham,1.0,2.0,1.0,18.0,1.0,55.0,0.0,11.0,2.0,West Ham,0.8,2.0,1.0,1.0,D,5/4/2025,D
18915.0,4.0,10.0,3.0,53.0,0.0,14.0,5.0,Manchester Utd,2.0,2.0,7.0,8.0,4.0,47.0,0.0,12.0,6.0,Brentford,2.8,0.0,1.0,2.0,H,5/4/2025,H
39829.0,6.0,11.0,1.0,64.0,0.0,11.0,2.0,Liverpool,1.0,2.0,3.0,10.0,3.0,36.0,0.0,17.0,7.0,Chelsea,3.1,2.0,0.0,1.0,H,5/4/2025,H
25096.0,4.0,15.0,1.0,50.0,0.0,12.0,4.0,Nott'ham Forest,1.0,8.0,7.0,9.0,1.0,50.0,0.0,20.0,3.0,Crystal Palace,2.3,3.0,0.0,0.0,D,5/5/2025,D
29511.0,6.0,12.0,1.0,51.0,0.0,15.0,5.0,Brentford,1.0,4.0,5.0,6.0,0.0,49.0,0.0,11.0,4.0,Ipswich Town,0.9,2.0,1.0,0.0,A,5/10/2025,A
27653.0,5.0,9.0,3.0,64.0,0.0,11.0,7.0,Everton,1.0,0.0,5.0,15.0,1.0,36.0,0.0,18.0,6.0,Fulham,0.8,1.0,1.0,1.0,D,5/10/2025,A
31279.0,4.0,12.0,2.0,44.0,0.0,7.0,2.0,Brighton,2.0,1.0,7.0,8.0,0.0,56.0,0.0,10.0,3.0,Wolves,0.9,1.0,1.0,0.0,A,5/10/2025,A
30937.0,15.0,8.0,0.0,72.0,0.0,26.0,5.0,Manchester City,2.0,0.0,1.0,9.0,0.0,28.0,0.0,2.0,0.0,Southampton,0.1,2.0,0.0,0.0,D,5/10/2025,D
11187.0,0.0,12.0,1.0,34.0,1.0,6.0,3.0,Aston Villa,1.0,3.0,10.0,19.0,0.0,66.0,0.0,10.0,4.0,Bournemouth,0.8,4.0,1.0,0.0,A,5/10/2025,A
52231.0,8.0,13.0,0.0,45.0,1.0,10.0,3.0,Chelsea,1.0,2.0,2.0,9.0,2.0,55.0,0.0,15.0,6.0,Newcastle Utd,1.6,4.0,0.0,1.0,H,5/11/2025,H
30245.0,4.0,11.0,2.0,55.0,0.0,10.0,6.0,Leicester City,1.0,3.0,4.0,11.0,2.0,45.0,0.0,15.0,4.0,Nott'ham Forest,1.3,3.0,1.0,1.0,D,5/11/2025,D
60254.0,8.0,10.0,2.0,48.0,0.0,23.0,10.0,Crystal Palace,3.0,1.0,4.0,12.0,0.0,52.0,0.0,8.0,1.0,Tottenham,0.7,1.0,1.0,0.0,A,5/11/2025,A
73804.0,5.0,13.0,2.0,52.0,0.0,9.0,4.0,West Ham,2.0,1.0,8.0,3.0,0.0,48.0,0.0,20.0,5.0,Manchester Utd,2.1,0.0,1.0,0.0,A,5/11/2025,A
60324.0,1.0,10.0,2.0,55.0,1.0,15.0,7.0,Arsenal,3.0,1.0,3.0,13.0,2.0,45.0,0.0,14.0,5.0,Liverpool,2.4,1.0,0.0,2.0,H,5/11/2025,D
42239.0,1.0,12.0,0.0,67.0,0.0,3.0,1.0,Tottenham,1.0,2.0,9.0,5.0,2.0,33.0,0.0,18.0,7.0,Aston Villa,1.4,1.0,0.0,0.0,D,5/16/2025,H
39849.0,2.0,14.0,0.0,53.0,0.0,4.0,1.0,Manchester Utd,0.0,6.0,7.0,10.0,1.0,47.0,0.0,11.0,3.0,Chelsea,0.8,1.0,0.0,0.0,D,5/16/2025,H
39201.0,5.0,10.0,0.0,50.0,0.0,6.0,2.0,Southampton,1.0,1.0,4.0,6.0,2.0,50.0,0.0,13.0,5.0,Everton,2.7,1.0,0.0,2.0,H,5/18/2025,H
62466.0,7.0,7.0,2.0,60.0,0.0,10.0,5.0,Nott'ham Forest,2.0,3.0,8.0,14.0,1.0,40.0,0.0,16.0,5.0,West Ham,1.1,6.0,1.0,0.0,A,5/18/2025,A
17136.0,3.0,8.0,3.0,51.0,0.0,16.0,7.0,Fulham,1.0,4.0,5.0,12.0,2.0,49.0,0.0,11.0,6.0,Brentford,2.5,4.0,1.0,2.0,H,5/18/2025,A
31986.0,2.0,12.0,0.0,50.0,0.0,20.0,2.0,Ipswich Town,1.0,0.0,2.0,15.0,2.0,50.0,0.0,9.0,3.0,Leicester City,0.8,1.0,0.0,1.0,H,5/18/2025,H
60160.0,7.0,9.0,0.0,51.0,0.0,14.0,5.0,Newcastle Utd,2.0,3.0,10.0,9.0,1.0,49.0,0.0,12.0,4.0,Arsenal,0.6,3.0,0.0,0.0,D,5/18/2025,H
31611.0,3.0,8.0,2.0,51.0,0.0,18.0,5.0,Liverpool,2.0,0.0,3.0,9.0,3.0,49.0,0.0,25.0,12.0,Brighton,2.2,1.0,2.0,1.0,A,5/19/2025,H
52487.0,1.0,13.0,1.0,57.0,1.0,8.0,2.0,Bournemouth,1.0,3.0,3.0,7.0,3.0,43.0,1.0,12.0,5.0,Manchester City,1.5,1.0,0.0,2.0,H,5/20/2025,H
24766.0,10.0,8.0,2.0,31.0,0.0,12.0,3.0,Wolves,1.0,2.0,0.0,14.0,4.0,69.0,0.0,14.0,10.0,Crystal Palace,1.7,1.0,1.0,2.0,H,5/20/2025,H
73839.0,3.0,10.0,0.0,67.0,1.0,6.0,1.0,Aston Villa,0.0,2.0,4.0,10.0,2.0,33.0,0.0,25.0,10.0,Manchester Utd,2.9,2.0,0.0,0.0,D,5/25/2025,H
29771.0,0.0,9.0,3.0,58.0,0.0,10.0,6.0,West Ham,1.0,1.0,4.0,10.0,1.0,42.0,0.0,14.0,4.0,Ipswich Town,0.7,1.0,1.0,0.0,A,5/25/2025,A
31382.0,3.0,9.0,1.0,51.0,0.0,13.0,7.0,Brentford,1.0,1.0,8.0,7.0,1.0,49.0,0.0,18.0,6.0,Wolves,1.0,2.0,1.0,0.0,A,5/25/2025,D
31289.0,8.0,8.0,2.0,62.0,0.0,23.0,8.0,Arsenal,2.0,0.0,5.0,7.0,1.0,38.0,0.0,7.0,2.0,Southampton,0.6,0.0,1.0,0.0,A,5/25/2025,A
60382.0,0.0,10.0,1.0,69.0,0.0,8.0,5.0,Crystal Palace,2.0,0.0,11.0,7.0,1.0,31.0,1.0,14.0,3.0,Liverpool,2.1,1.0,1.0,0.0,A,5/25/2025,D
30263.0,4.0,11.0,1.0,48.0,0.0,6.0,2.0,Chelsea,1.0,2.0,7.0,10.0,0.0,52.0,0.0,10.0,2.0,Nott'ham Forest,1.2,2.0,0.0,0.0,D,5/25/2025,A
27671.0,6.0,5.0,2.0,53.0,0.0,20.0,5.0,Manchester City,3.0,0.0,1.0,11.0,0.0,47.0,0.0,13.0,3.0,Fulham,1.3,0.0,1.0,0.0,A,5/25/2025,A
52221.0,3.0,9.0,1.0,65.0,0.0,14.0,6.0,Everton,1.0,4.0,12.0,12.0,0.0,35.0,0.0,17.0,6.0,Newcastle Utd,1.2,1.0,0.0,0.0,D,5/25/2025,A
11238.0,1.0,16.0,0.0,63.0,0.0,3.0,0.0,Leicester City,0.0,2.0,6.0,19.0,2.0,37.0,0.0,20.0,7.0,Bournemouth,1.6,0.0,0.0,0.0,D,5/25/2025,H
61449.0,11.0,8.0,4.0,66.0,0.0,23.0,8.0,Brighton,2.0,1.0,2.0,13.0,1.0,34.0,0.0,4.0,2.0,Tottenham,2.0,3.0,0.0,1.0,H,5/25/2025,A
60315.0,7.0,10.0,2.0,61.0,0.0,10.0,3.0,Bournemouth,2.0,2.0,6.0,7.0,4.0,39.0,0.0,19.0,10.0,Liverpool,2.2,1.0,0.0,1.0,H,8/15/2025,H
42526.0,6.0,11.0,0.0,59.0,0.0,16.0,3.0,Newcastle Utd,1.0,1.0,3.0,13.0,0.0,41.0,1.0,3.0,3.0,Aston Villa,0.2,1.0,0.0,0.0,D,8/16/2025,D
46233.0,7.0,10.0,0.0,62.0,0.0,12.0,4.0,West Ham,1.0,1.0,5.0,8.0,3.0,38.0,0.0,10.0,5.0,Sunderland,0.7,0.0,0.0,0.0,D,8/16/2025,H
31478.0,3.0,15.0,1.0,49.0,0.0,7.0,2.0,Fulham,1.0,3.0,4.0,16.0,1.0,51.0,0.0,10.0,4.0,Brighton,1.5,3.0,0.0,0.0,D,8/16/2025,D
61077.0,5.0,8.0,0.0,66.0,0.0,14.0,4.0,Burnley,1.0,0.0,6.0,14.0,3.0,34.0,0.0,16.0,6.0,Tottenham,2.3,0.0,0.0,1.0,H,8/16/2025,H
31456.0,6.0,7.0,4.0,58.0,0.0,15.0,4.0,Manchester City,2.0,2.0,4.0,13.0,0.0,42.0,0.0,9.0,3.0,Wolves,0.6,1.0,2.0,0.0,A,8/16/2025,A
39678.0,2.0,12.0,0.0,29.0,0.0,12.0,4.0,Crystal Palace,1.0,3.0,11.0,10.0,0.0,71.0,0.0,19.0,3.0,Chelsea,1.6,2.0,0.0,0.0,D,8/17/2025,D
29949.0,5.0,15.0,1.0,46.0,0.0,10.0,3.0,Brentford,1.0,2.0,5.0,7.0,3.0,54.0,0.0,11.0,5.0,Nott'ham Forest,1.8,1.0,0.0,3.0,H,8/17/2025,H
73475.0,4.0,19.0,1.0,39.0,0.0,9.0,3.0,Arsenal,1.0,4.0,3.0,10.0,0.0,61.0,0.0,22.0,7.0,Manchester Utd,1.5,1.0,1.0,0.0,A,8/17/2025,A
36820.0,2.0,8.0,0.0,46.0,0.0,7.0,1.0,Everton,1.0,2.0,7.0,6.0,1.0,54.0,0.0,21.0,3.0,Leeds United,2.0,0.0,0.0,0.0,D,8/18/2025,H
62462.0,5.0,10.0,5.0,58.0,0.0,12.0,7.0,Chelsea,3.0,1.0,7.0,7.0,1.0,42.0,0.0,12.0,4.0,West Ham,0.7,0.0,3.0,1.0,A,8/22/2025,A
51785.0,2.0,12.0,2.0,61.0,0.0,12.0,5.0,Tottenham,1.0,4.0,7.0,7.0,0.0,39.0,0.0,10.0,4.0,Manchester City,1.6,1.0,2.0,0.0,A,8/23/2025,A
11070.0,3.0,16.0,0.0,41.0,1.0,6.0,1.0,Wolves,1.0,4.0,8.0,13.0,1.0,59.0,0.0,14.0,4.0,Bournemouth,1.3,2.0,0.0,1.0,H,8/23/2025,H
16838.0,9.0,9.0,0.0,76.0,0.0,17.0,2.0,Aston Villa,1.0,2.0,2.0,11.0,1.0,24.0,0.0,9.0,2.0,Brentford,1.2,1.0,0.0,1.0,H,8/23/2025,H
21285.0,3.0,5.0,0.0,42.0,0.0,9.0,1.0,Sunderland,1.0,1.0,4.0,9.0,2.0,58.0,0.0,7.0,2.0,Burnley,1.0,0.0,0.0,0.0,D,8/23/2025,H
60110.0,2.0,11.0,0.0,67.0,0.0,3.0,1.0,Leeds United,0.0,2.0,2.0,8.0,5.0,33.0,0.0,18.0,5.0,Arsenal,2.7,0.0,0.0,2.0,H,8/23/2025,H
24876.0,3.0,11.0,1.0,42.0,0.0,9.0,1.0,Nott'ham Forest,1.0,3.0,1.0,11.0,1.0,58.0,0.0,8.0,4.0,Crystal Palace,1.1,3.0,0.0,1.0,H,8/24/2025,D
51759.0,2.0,15.0,0.0,58.0,0.0,13.0,4.0,Brighton,2.0,3.0,2.0,7.0,2.0,42.0,0.0,11.0,3.0,Everton,1.6,4.0,0.0,1.0,H,8/24/2025,H
27512.0,6.0,10.0,1.0,47.0,0.0,10.0,3.0,Manchester Utd,2.0,1.0,9.0,12.0,1.0,53.0,0.0,13.0,4.0,Fulham,1.7,1.0,0.0,0.0,D,8/24/2025,D
52230.0,1.0,15.0,3.0,38.0,0.0,5.0,4.0,Liverpool,1.0,3.0,7.0,17.0,2.0,62.0,1.0,10.0,3.0,Newcastle Utd,1.0,2.0,1.0,0.0,A,8/25/2025,A
39745.0,4.0,17.0,0.0,46.0,0.0,11.0,3.0,Fulham,1.0,2.0,6.0,11.0,2.0,54.0,0.0,13.0,6.0,Chelsea,2.1,2.0,0.0,1.0,H,8/30/2025,H
30271.0,2.0,10.0,3.0,58.0,0.0,10.0,4.0,Everton,2.0,1.0,2.0,15.0,2.0,42.0,0.0,12.0,4.0,Wolves,1.1,0.0,2.0,1.0,A,8/30/2025,A
74257.0,1.0,9.0,2.0,62.0,0.0,6.0,3.0,Burnley,1.0,5.0,7.0,9.0,3.0,38.0,0.0,26.0,6.0,Manchester Utd,3.6,1.0,0.0,1.0,H,8/30/2025,H
46267.0,4.0,12.0,1.0,46.0,0.0,7.0,4.0,Brentford,1.0,2.0,3.0,11.0,2.0,54.0,0.0,12.0,3.0,Sunderland,1.5,3.0,0.0,0.0,D,8/30/2025,H
61250.0,8.0,13.0,1.0,61.0,0.0,20.0,6.0,Bournemouth,2.0,4.0,0.0,17.0,0.0,39.0,0.0,5.0,1.0,Tottenham,0.2,2.0,1.0,0.0,A,8/30/2025,A
36727.0,5.0,15.0,0.0,57.0,0.0,8.0,2.0,Newcastle Utd,1.0,1.0,5.0,10.0,0.0,43.0,0.0,10.0,1.0,Leeds United,0.7,1.0,0.0,0.0,D,8/30/2025,D
30215.0,7.0,6.0,3.0,42.0,0.0,12.0,8.0,West Ham,2.0,0.0,9.0,14.0,0.0,58.0,0.0,11.0,3.0,Nott'ham Forest,0.7,0.0,0.0,0.0,D,8/31/2025,A
31485.0,2.0,14.0,1.0,63.0,0.0,12.0,3.0,Manchester City,2.0,2.0,3.0,16.0,2.0,37.0,0.0,12.0,7.0,Brighton,2.2,2.0,1.0,0.0,A,8/31/2025,H
60455.0,8.0,10.0,0.0,47.0,0.0,11.0,1.0,Arsenal,1.0,2.0,3.0,7.0,1.0,53.0,0.0,9.0,3.0,Liverpool,0.5,2.0,0.0,0.0,D,8/31/2025,H
41036.0,1.0,14.0,3.0,59.0,0.0,6.0,4.0,Crystal Palace,3.0,3.0,10.0,7.0,0.0,41.0,0.0,13.0,4.0,Aston Villa,1.1,2.0,1.0,0.0,A,8/31/2025,A
60167.0,4.0,11.0,0.0,54.0,0.0,5.0,1.0,Nott'ham Forest,0.0,1.0,8.0,8.0,3.0,46.0,0.0,16.0,5.0,Arsenal,1.8,1.0,0.0,1.0,H,9/13/2025,H
52145.0,4.0,17.0,0.0,57.0,0.0,8.0,3.0,Wolves,1.0,4.0,10.0,10.0,1.0,43.0,0.0,16.0,4.0,Newcastle Utd,1.5,1.0,0.0,1.0,H,9/13/2025,H
27327.0,3.0,15.0,0.0,54.0,0.0,10.0,3.0,Leeds United,1.0,2.0,3.0,20.0,1.0,46.0,0.0,5.0,3.0,Fulham,0.9,1.0,0.0,0.0,D,9/13/2025,H
25154.0,3.0,8.0,0.0,56.0,0.0,6.0,0.0,Sunderland,0.0,1.0,5.0,10.0,0.0,44.0,0.0,14.0,6.0,Crystal Palace,1.8,1.0,0.0,0.0,D,9/13/2025,D
52114.0,3.0,15.0,0.0,51.0,0.0,7.0,1.0,Aston Villa,0.0,3.0,10.0,17.0,0.0,49.0,0.0,20.0,2.0,Everton,2.0,3.0,0.0,0.0,D,9/13/2025,D
11167.0,4.0,10.0,1.0,49.0,0.0,6.0,2.0,Brighton,1.0,4.0,4.0,16.0,2.0,51.0,0.0,13.0,5.0,Bournemouth,1.4,4.0,0.0,1.0,H,9/13/2025,H
62459.0,13.0,7.0,3.0,64.0,0.0,14.0,5.0,Tottenham,1.0,1.0,2.0,8.0,0.0,36.0,1.0,7.0,4.0,West Ham,0.6,0.0,0.0,0.0,D,9/13/2025,A
16795.0,6.0,9.0,2.0,34.0,0.0,16.0,6.0,Chelsea,1.0,2.0,5.0,13.0,2.0,66.0,0.0,7.0,4.0,Brentford,1.4,3.0,0.0,1.0,H,9/13/2025,D
21678.0,13.0,9.0,1.0,80.0,0.0,27.0,4.0,Liverpool,3.0,2.0,1.0,9.0,0.0,20.0,0.0,3.0,0.0,Burnley,0.1,0.0,0.0,0.0,D,9/14/2025,A
52534.0,4.0,8.0,0.0,46.0,0.0,12.0,2.0,Manchester Utd,1.0,0.0,2.0,8.0,3.0,54.0,0.0,13.0,6.0,Manchester City,2.7,0.0,0.0,1.0,H,9/14/2025,H
60342.0,4.0,10.0,1.0,57.0,0.0,9.0,2.0,Everton,1.0,3.0,5.0,11.0,2.0,43.0,0.0,11.0,3.0,Liverpool,0.9,2.0,0.0,2.0,H,9/20/2025,H
30807.0,0.0,9.0,3.0,56.0,0.0,6.0,4.0,Leeds United,1.0,1.0,4.0,11.0,1.0,44.0,0.0,16.0,6.0,Wolves,1.8,1.0,3.0,1.0,A,9/20/2025,A
31488.0,10.0,13.0,2.0,36.0,0.0,11.0,3.0,Tottenham,1.0,2.0,2.0,10.0,2.0,64.0,0.0,12.0,4.0,Brighton,1.3,1.0,1.0,2.0,H,9/20/2025,D
21475.0,5.0,11.0,1.0,63.0,0.0,17.0,8.0,Nott'ham Forest,1.0,1.0,4.0,12.0,1.0,37.0,0.0,12.0,5.0,Burnley,0.9,1.0,1.0,1.0,D,9/20/2025,D
62455.0,8.0,5.0,2.0,43.0,0.0,18.0,3.0,Crystal Palace,2.0,3.0,8.0,15.0,1.0,57.0,0.0,8.0,3.0,West Ham,0.6,3.0,1.0,0.0,A,9/20/2025,A
74124.0,5.0,14.0,1.0,42.0,1.0,5.0,1.0,Chelsea,0.0,5.0,5.0,13.0,2.0,58.0,1.0,11.0,4.0,Manchester Utd,1.8,0.0,0.0,2.0,H,9/20/2025,H
26113.0,10.0,13.0,1.0,48.0,0.0,8.0,3.0,Brentford,1.0,1.0,2.0,11.0,3.0,52.0,0.0,14.0,3.0,Fulham,1.0,4.0,1.0,2.0,H,9/20/2025,H
11212.0,2.0,10.0,0.0,45.0,0.0,4.0,1.0,Newcastle Utd,0.0,1.0,5.0,7.0,0.0,55.0,0.0,11.0,2.0,Bournemouth,0.5,2.0,0.0,0.0,D,9/21/2025,D
46261.0,5.0,8.0,1.0,71.0,0.0,12.0,2.0,Aston Villa,1.0,1.0,6.0,14.0,1.0,29.0,1.0,14.0,4.0,Sunderland,1.0,2.0,0.0,0.0,D,9/21/2025,D
60161.0,2.0,10.0,1.0,34.0,0.0,5.0,3.0,Manchester City,1.0,2.0,11.0,11.0,1.0,66.0,0.0,12.0,3.0,Arsenal,0.9,1.0,1.0,0.0,A,9/21/2025,D
17193.0,2.0,10.0,1.0,55.0,0.0,14.0,6.0,Manchester Utd,2.0,2.0,4.0,14.0,3.0,45.0,0.0,10.0,8.0,Brentford,1.9,2.0,1.0,2.0,H,9/27/2025,H
25118.0,6.0,8.0,1.0,71.0,0.0,20.0,4.0,Liverpool,2.0,3.0,2.0,10.0,2.0,29.0,0.0,16.0,7.0,Crystal Palace,2.9,1.0,0.0,1.0,H,9/27/2025,H
52427.0,2.0,7.0,1.0,68.0,0.0,9.0,2.0,Burnley,0.0,3.0,10.0,5.0,5.0,32.0,0.0,21.0,8.0,Manchester City,2.0,1.0,1.0,1.0,D,9/27/2025,H
39597.0,7.0,16.0,3.0,41.0,0.0,12.0,3.0,Brighton,2.0,5.0,5.0,9.0,1.0,59.0,1.0,13.0,3.0,Chelsea,1.8,3.0,0.0,1.0,H,9/27/2025,A
36574.0,4.0,13.0,2.0,59.0,0.0,12.0,5.0,Bournemouth,1.0,2.0,7.0,12.0,2.0,41.0,0.0,19.0,8.0,Leeds United,1.8,2.0,1.0,1.0,D,9/27/2025,D
30226.0,4.0,6.0,1.0,65.0,0.0,11.0,3.0,Sunderland,2.0,2.0,7.0,11.0,0.0,35.0,0.0,22.0,6.0,Nott'ham Forest,1.6,4.0,1.0,0.0,A,9/27/2025,A
60537.0,9.0,11.0,1.0,51.0,0.0,9.0,3.0,Wolves,1.0,2.0,10.0,9.0,1.0,49.0,0.0,10.0,3.0,Tottenham,0.8,3.0,0.0,0.0,D,9/27/2025,D
40350.0,8.0,13.0,1.0,48.0,0.0,11.0,4.0,Fulham,1.0,4.0,2.0,10.0,3.0,52.0,0.0,9.0,4.0,Aston Villa,1.1,1.0,1.0,1.0,D,9/28/2025,H
52199.0,12.0,9.0,2.0,63.0,0.0,20.0,7.0,Arsenal,2.0,1.0,7.0,8.0,1.0,37.0,0.0,8.0,3.0,Newcastle Utd,0.6,2.0,0.0,1.0,H,9/28/2025,A
51890.0,5.0,16.0,1.0,49.0,0.0,14.0,3.0,West Ham,1.0,4.0,3.0,7.0,1.0,51.0,0.0,12.0,6.0,Everton,0.7,3.0,0.0,1.0,H,9/29/2025,D
11165.0,3.0,10.0,1.0,46.0,0.0,12.0,4.0,Fulham,1.0,1.0,4.0,8.0,3.0,54.0,0.0,11.0,6.0,Bournemouth,1.2,0.0,0.0,0.0,D,10/3/2025,H
36703.0,1.0,12.0,2.0,44.0,0.0,9.0,3.0,Tottenham,1.0,3.0,4.0,10.0,1.0,56.0,0.0,16.0,4.0,Leeds United,1.7,2.0,1.0,1.0,D,10/4/2025,A
60181.0,3.0,14.0,0.0,67.0,0.0,4.0,0.0,West Ham,0.0,2.0,8.0,14.0,2.0,33.0,0.0,21.0,5.0,Arsenal,2.8,0.0,0.0,1.0,H,10/4/2025,H
74004.0,3.0,12.0,0.0,50.0,0.0,8.0,3.0,Sunderland,1.0,4.0,2.0,10.0,2.0,50.0,0.0,15.0,6.0,Manchester Utd,1.8,1.0,0.0,2.0,H,10/4/2025,H
39538.0,2.0,8.0,1.0,47.0,0.0,12.0,2.0,Liverpool,2.0,2.0,7.0,9.0,2.0,53.0,0.0,12.0,6.0,Chelsea,1.0,0.0,0.0,1.0,H,10/4/2025,H
29504.0,8.0,9.0,1.0,59.0,0.0,17.0,6.0,Brighton,1.0,4.0,2.0,13.0,1.0,41.0,0.0,6.0,3.0,Wolves,0.6,2.0,0.0,1.0,H,10/5/2025,D
51770.0,4.0,16.0,1.0,49.0,0.0,15.0,8.0,Crystal Palace,2.0,3.0,2.0,13.0,2.0,51.0,0.0,14.0,7.0,Everton,2.0,2.0,1.0,0.0,A,10/5/2025,H
40308.0,4.0,15.0,1.0,54.0,0.0,5.0,2.0,Burnley,0.0,1.0,6.0,9.0,2.0,46.0,0.0,15.0,7.0,Aston Villa,1.1,3.0,0.0,1.0,H,10/5/2025,H
52189.0,1.0,15.0,0.0,52.0,0.0,5.0,4.0,Nott'ham Forest,0.0,4.0,8.0,16.0,2.0,48.0,0.0,18.0,9.0,Newcastle Utd,3.2,0.0,0.0,0.0,D,10/5/2025,H
17028.0,2.0,6.0,1.0,69.0,0.0,10.0,4.0,Manchester City,1.0,2.0,3.0,10.0,0.0,31.0,0.0,6.0,1.0,Brentford,0.7,3.0,1.0,0.0,A,10/5/2025,A
30495.0,2.0,16.0,3.0,50.0,1.0,17.0,6.0,Chelsea,2.0,2.0,5.0,13.0,0.0,50.0,0.0,12.0,2.0,Nott'ham Forest,2.2,2.0,0.0,0.0,D,10/18/2025,A
46578.0,2.0,12.0,0.0,59.0,0.0,16.0,3.0,Wolves,1.0,0.0,3.0,5.0,2.0,41.0,0.0,8.0,2.0,Sunderland,0.6,0.0,0.0,1.0,H,10/18/2025,H
21646.0,5.0,7.0,0.0,68.0,0.0,19.0,4.0,Leeds United,2.0,1.0,1.0,10.0,2.0,32.0,0.0,4.0,3.0,Burnley,0.5,2.0,0.0,1.0,H,10/18/2025,H
31620.0,4.0,9.0,1.0,55.0,0.0,16.0,3.0,Newcastle Utd,1.0,1.0,8.0,9.0,2.0,45.0,0.0,13.0,5.0,Brighton,0.9,0.0,0.0,1.0,H,10/18/2025,H
25125.0,5.0,16.0,3.0,52.0,0.0,8.0,5.0,Bournemouth,2.0,4.0,6.0,8.0,3.0,48.0,0.0,20.0,7.0,Crystal Palace,4.4,1.0,2.0,0.0,A,10/18/2025,D
52498.0,3.0,14.0,0.0,71.0,0.0,5.0,1.0,Everton,1.0,2.0,11.0,8.0,2.0,29.0,0.0,19.0,7.0,Manchester City,2.3,0.0,0.0,0.0,D,10/18/2025,H
27736.0,10.0,4.0,1.0,63.0,0.0,16.0,5.0,Arsenal,2.0,0.0,6.0,11.0,0.0,37.0,0.0,9.0,0.0,Fulham,0.4,0.0,0.0,0.0,D,10/18/2025,A
61291.0,6.0,7.0,2.0,47.0,0.0,8.0,2.0,Aston Villa,0.0,0.0,6.0,11.0,1.0,53.0,0.0,9.0,3.0,Tottenham,0.9,2.0,1.0,1.0,D,10/19/2025,A
60337.0,4.0,14.0,2.0,36.0,0.0,12.0,4.0,Manchester Utd,1.0,2.0,9.0,8.0,1.0,64.0,0.0,19.0,6.0,Liverpool,2.6,0.0,1.0,0.0,A,10/19/2025,A
62452.0,10.0,10.0,2.0,56.0,0.0,22.0,7.0,Brentford,2.0,1.0,6.0,10.0,0.0,44.0,0.0,7.0,1.0,West Ham,0.4,1.0,1.0,0.0,A,10/20/2025,A
36788.0,4.0,11.0,1.0,59.0,0.0,9.0,3.0,West Ham,1.0,3.0,3.0,12.0,2.0,41.0,0.0,13.0,5.0,Leeds United,1.5,3.0,0.0,2.0,H,10/24/2025,H
52152.0,3.0,18.0,1.0,51.0,0.0,12.0,5.0,Fulham,1.0,2.0,4.0,11.0,2.0,49.0,0.0,18.0,7.0,Newcastle Utd,2.1,0.0,0.0,1.0,H,10/25/2025,H
39489.0,1.0,13.0,2.0,68.0,0.0,10.0,4.0,Sunderland,1.0,1.0,9.0,15.0,1.0,32.0,0.0,16.0,7.0,Chelsea,0.9,1.0,1.0,1.0,D,10/25/2025,A
74124.0,6.0,13.0,2.0,44.0,0.0,17.0,5.0,Brighton,1.0,2.0,1.0,4.0,4.0,56.0,0.0,13.0,9.0,Manchester Utd,1.3,2.0,0.0,2.0,H,10/25/2025,H
17214.0,4.0,10.0,2.0,65.0,0.0,18.0,5.0,Liverpool,2.0,2.0,5.0,7.0,3.0,35.0,0.0,17.0,8.0,Brentford,2.7,3.0,1.0,2.0,H,10/25/2025,H
60103.0,3.0,11.0,0.0,59.0,0.0,7.0,1.0,Crystal Palace,1.0,0.0,4.0,6.0,1.0,41.0,0.0,10.0,3.0,Arsenal,0.9,0.0,0.0,1.0,H,10/26/2025,H
41988.0,6.0,16.0,0.0,53.0,0.0,18.0,4.0,Manchester City,1.0,4.0,5.0,8.0,1.0,47.0,0.0,9.0,3.0,Aston Villa,0.8,1.0,0.0,1.0,H,10/26/2025,H
29116.0,3.0,7.0,3.0,57.0,0.0,11.0,7.0,Burnley,1.0,0.0,5.0,12.0,2.0,43.0,0.0,15.0,7.0,Wolves,2.3,1.0,2.0,2.0,D,10/26/2025,A
11204.0,4.0,7.0,0.0,52.0,0.0,8.0,4.0,Nott'ham Forest,0.0,1.0,6.0,17.0,2.0,48.0,0.0,13.0,5.0,Bournemouth,0.6,3.0,0.0,2.0,H,10/26/2025,H
51781.0,8.0,8.0,3.0,47.0,0.0,7.0,4.0,Tottenham,2.0,0.0,9.0,9.0,0.0,53.0,0.0,12.0,2.0,Everton,1.7,2.0,2.0,0.0,A,10/26/2025,A
25083.0,5.0,11.0,0.0,63.0,0.0,6.0,2.0,Brentford,1.0,3.0,6.0,7.0,2.0,37.0,0.0,9.0,2.0,Crystal Palace,0.7,0.0,0.0,1.0,H,11/1/2025,H
30778.0,5.0,7.0,2.0,58.0,0.0,18.0,7.0,Manchester Utd,1.0,1.0,8.0,10.0,2.0,42.0,0.0,17.0,3.0,Nott'ham Forest,1.9,1.0,1.0,0.0,A,11/1/2025,D
26413.0,1.0,14.0,0.0,64.0,1.0,5.0,2.0,Wolves,0.0,3.0,10.0,13.0,3.0,36.0,0.0,19.0,6.0,Fulham,1.3,1.0,0.0,1.0,H,11/1/2025,H
21538.0,6.0,13.0,2.0,54.0,0.0,12.0,8.0,Arsenal,2.0,1.0,1.0,10.0,0.0,46.0,0.0,3.0,0.0,Burnley,0.4,2.0,2.0,0.0,A,11/1/2025,A
31512.0,7.0,7.0,0.0,50.0,0.0,5.0,2.0,Leeds United,1.0,1.0,4.0,10.0,3.0,50.0,0.0,14.0,7.0,Brighton,3.0,0.0,0.0,1.0,H,11/1/2025,H
61202.0,5.0,12.0,1.0,48.0,0.0,15.0,9.0,Chelsea,4.0,2.0,6.0,14.0,0.0,52.0,0.0,3.0,1.0,Tottenham,0.1,4.0,1.0,0.0,A,11/1/2025,A
60407.0,4.0,11.0,0.0,54.0,0.0,10.0,3.0,Aston Villa,0.0,3.0,1.0,13.0,2.0,46.0,0.0,16.0,4.0,Liverpool,1.2,2.0,0.0,1.0,H,11/1/2025,H
62441.0,6.0,10.0,1.0,62.0,0.0,12.0,4.0,Newcastle Utd,1.0,2.0,7.0,5.0,3.0,38.0,0.0,15.0,9.0,West Ham,1.7,1.0,1.0,2.0,H,11/2/2025,H
52387.0,4.0,11.0,1.0,49.0,0.0,8.0,5.0,Bournemouth,1.0,2.0,10.0,8.0,3.0,51.0,0.0,15.0,8.0,Manchester City,2.2,2.0,1.0,2.0,H,11/2/2025,H
41476.0,1.0,12.0,1.0,40.0,0.0,8.0,2.0,Everton,1.0,2.0,4.0,10.0,1.0,60.0,0.0,17.0,3.0,Sunderland,1.2,3.0,1.0,0.0,A,11/3/2025,D
,,,,,,,,Manchester Utd,,,,,,,,,,Tottenham,,,,,,11/8/2025,
,,,,,,,,Burnley,,,,,,,,,,West Ham,,,,,,11/8/2025,
,,,,,,,,Fulham,,,,,,,,,,Everton,,,,,,11/8/2025,
,,,,,,,,Arsenal,,,,,,,,,,Sunderland,,,,,,11/8/2025,
,,,,,,,,Wolves,,,,,,,,,,Chelsea,,,,,,11/8/2025,
,,,,,,,,Bournemouth,,,,,,,,,,Aston Villa,,,,,,11/9/2025,
,,,,,,,,Leeds United,,,,,,,,,,Nott'ham Forest,,,,,,11/9/2025,
,,,,,,,,Brighton,,,,,,,,,,Crystal Palace,,,,,,11/9/2025,
,,,,,,,,Newcastle Utd,,,,,,,,,,Brentford,,,,,,11/9/2025,
,,,,,,,,Liverpool,,,,,,,,,,Manchester City,,,,,,11/9/2025,
,,,,,,,,Chelsea,,,,,,,,,,Burnley,,,,,,11/22/2025,
,,,,,,,,West Ham,,,,,,,,,,Bournemouth,,,,,,11/22/2025,
,,,,,,,,Sunderland,,,,,,,,,,Fulham,,,,,,11/22/2025,
,,,,,,,,Crystal Palace,,,,,,,,,,Wolves,,,,,,11/22/2025,
,,,,,,,,Nott'ham Forest,,,,,,,,,,Liverpool,,,,,,11/22/2025,
,,,,,,,,Brentford,,,,,,,,,,Brighton,,,,,,11/22/2025,
,,,,,,,,Manchester City,,,,,,,,,,Newcastle Utd,,,,,,11/22/2025,
,,,,,,,,Aston Villa,,,,,,,,,,Leeds United,,,,,,11/23/2025,
,,,,,,,,Tottenham,,,,,,,,,,Arsenal,,,,,,11/23/2025,
,,,,,,,,Everton,,,,,,,,,,Manchester Utd,,,,,,11/24/2025,
,,,,,,,,Bournemouth,,,,,,,,,,Sunderland,,,,,,11/29/2025,
,,,,,,,,Burnley,,,,,,,,,,Brentford,,,,,,11/29/2025,
,,,,,,,,Leeds United,,,,,,,,,,Manchester City,,,,,,11/29/2025,
,,,,,,,,Newcastle Utd,,,,,,,,,,Everton,,,,,,11/29/2025,
,,,,,,,,Fulham,,,,,,,,,,Tottenham,,,,,,11/29/2025,
,,,,,,,,Manchester Utd,,,,,,,,,,Crystal Palace,,,,,,11/30/2025,
,,,,,,,,Brighton,,,,,,,,,,Nott'ham Forest,,,,,,11/30/2025,
,,,,,,,,Wolves,,,,,,,,,,Aston Villa,,,,,,11/30/2025,
,,,,,,,,Liverpool,,,,,,,,,,West Ham,,,,,,11/30/2025,
,,,,,,,,Arsenal,,,,,,,,,,Chelsea,,,,,,11/30/2025,
,,,,,,,,Everton,,,,,,,,,,Bournemouth,,,,,,12/2/2025,
,,,,,,,,Manchester City,,,,,,,,,,Fulham,,,,,,12/2/2025,
,,,,,,,,Tottenham,,,,,,,,,,Newcastle Utd,,,,,,12/2/2025,
,,,,,,,,Crystal Palace,,,,,,,,,,Burnley,,,,,,12/3/2025,
,,,,,,,,Brentford,,,,,,,,,,Arsenal,,,,,,12/3/2025,
,,,,,,,,Nott'ham Forest,,,,,,,,,,Wolves,,,,,,12/3/2025,
,,,,,,,,Aston Villa,,,,,,,,,,Brighton,,,,,,12/3/2025,
,,,,,,,,Sunderland,,,,,,,,,,Liverpool,,,,,,12/3/2025,
,,,,,,,,Chelsea,,,,,,,,,,Leeds United,,,,,,12/3/2025,
,,,,,,,,West Ham,,,,,,,,,,Manchester Utd,,,,,,12/4/2025,
,,,,,,,,Arsenal,,,,,,,,,,Aston Villa,,,,,,12/6/2025,
,,,,,,,,Burnley,,,,,,,,,,Newcastle Utd,,,,,,12/6/2025,
,,,,,,,,Sunderland,,,,,,,,,,Manchester City,,,,,,12/6/2025,
,,,,,,,,Brentford,,,,,,,,,,Tottenham,,,,,,12/6/2025,
,,,,,,,,Nott'ham Forest,,,,,,,,,,Everton,,,,,,12/6/2025,
,,,,,,,,Chelsea,,,,,,,,,,Bournemouth,,,,,,12/6/2025,
,,,,,,,,Liverpool,,,,,,,,,,Leeds United,,,,,,12/6/2025,
,,,,,,,,West Ham,,,,,,,,,,Brighton,,,,,,12/7/2025,
,,,,,,,,Crystal Palace,,,,,,,,,,Fulham,,,,,,12/7/2025,
,,,,,,,,Manchester Utd,,,,,,,,,,Wolves,,,,,,12/8/2025,
,,,,,,,,Everton,,,,,,,,,,Chelsea,,,,,,12/13/2025,
,,,,,,,,Brighton,,,,,,,,,,Liverpool,,,,,,12/13/2025,
,,,,,,,,Fulham,,,,,,,,,,Burnley,,,,,,12/13/2025,
,,,,,,,,Wolves,,,,,,,,,,Arsenal,,,,,,12/13/2025,
,,,,,,,,Tottenham,,,,,,,,,,Nott'ham Forest,,,,,,12/14/2025,
,,,,,,,,Aston Villa,,,,,,,,,,West Ham,,,,,,12/14/2025,
,,,,,,,,Manchester City,,,,,,,,,,Crystal Palace,,,,,,12/14/2025,
,,,,,,,,Newcastle Utd,,,,,,,,,,Sunderland,,,,,,12/14/2025,
,,,,,,,,Leeds United,,,,,,,,,,Brentford,,,,,,12/14/2025,
,,,,,,,,Bournemouth,,,,,,,,,,Manchester Utd,,,,,,12/15/2025,
,,,,,,,,Chelsea,,,,,,,,,,Newcastle Utd,,,,,,12/20/2025,
,,,,,,,,Burnley,,,,,,,,,,Bournemouth,,,,,,12/20/2025,
,,,,,,,,Sunderland,,,,,,,,,,Brighton,,,,,,12/20/2025,
,,,,,,,,West Ham,,,,,,,,,,Manchester City,,,,,,12/20/2025,
,,,,,,,,Brentford,,,,,,,,,,Wolves,,,,,,12/20/2025,
,,,,,,,,Liverpool,,,,,,,,,,Tottenham,,,,,,12/20/2025,
,,,,,,,,Crystal Palace,,,,,,,,,,Leeds United,,,,,,12/20/2025,
,,,,,,,,Arsenal,,,,,,,,,,Everton,,,,,,12/20/2025,
,,,,,,,,Manchester Utd,,,,,,,,,,Aston Villa,,,,,,12/21/2025,
,,,,,,,,Nott'ham Forest,,,,,,,,,,Fulham,,,,,,12/22/2025,
,,,,,,,,Newcastle Utd,,,,,,,,,,Manchester Utd,,,,,,12/26/2025,
,,,,,,,,Manchester City,,,,,,,,,,Nott'ham Forest,,,,,,12/27/2025,
,,,,,,,,Wolves,,,,,,,,,,Liverpool,,,,,,12/27/2025,
,,,,,,,,Everton,,,,,,,,,,Burnley,,,,,,12/27/2025,
,,,,,,,,Brighton,,,,,,,,,,Arsenal,,,,,,12/27/2025,
,,,,,,,,Bournemouth,,,,,,,,,,Brentford,,,,,,12/27/2025,
,,,,,,,,Fulham,,,,,,,,,,West Ham,,,,,,12/27/2025,
,,,,,,,,Aston Villa,,,,,,,,,,Chelsea,,,,,,12/27/2025,
,,,,,,,,Leeds United,,,,,,,,,,Sunderland,,,,,,12/28/2025,
,,,,,,,,Tottenham,,,,,,,,,,Crystal Palace,,,,,,12/28/2025,
,,,,,,,,Everton,,,,,,,,,,Nott'ham Forest,,,,,,12/30/2025,
,,,,,,,,Brighton,,,,,,,,,,West Ham,,,,,,12/30/2025,
,,,,,,,,Newcastle Utd,,,,,,,,,,Burnley,,,,,,12/30/2025,
,,,,,,,,Bournemouth,,,,,,,,,,Chelsea,,,,,,12/30/2025,
,,,,,,,,Wolves,,,,,,,,,,Manchester Utd,,,,,,12/30/2025,
,,,,,,,,Aston Villa,,,,,,,,,,Arsenal,,,,,,12/30/2025,
,,,,,,,,Leeds United,,,,,,,,,,Liverpool,,,,,,1/1/2026,
,,,,,,,,Fulham,,,,,,,,,,Crystal Palace,,,,,,1/1/2026,
,,,,,,,,Manchester City,,,,,,,,,,Sunderland,,,,,,1/1/2026,
,,,,,,,,Tottenham,,,,,,,,,,Brentford,,,,,,1/1/2026,
,,,,,,,,Nott'ham Forest,,,,,,,,,,Aston Villa,,,,,,1/3/2026,
,,,,,,,,West Ham,,,,,,,,,,Wolves,,,,,,1/3/2026,
,,,,,,,,Burnley,,,,,,,,,,Brighton,,,,,,1/3/2026,
,,,,,,,,Arsenal,,,,,,,,,,Bournemouth,,,,,,1/3/2026,
,,,,,,,,Manchester Utd,,,,,,,,,,Leeds United,,,,,,1/4/2026,
,,,,,,,,Crystal Palace,,,,,,,,,,Newcastle Utd,,,,,,1/4/2026,
,,,,,,,,Sunderland,,,,,,,,,,Tottenham,,,,,,1/4/2026,
,,,,,,,,Liverpool,,,,,,,,,,Fulham,,,,,,1/4/2026,
,,,,,,,,Brentford,,,,,,,,,,Everton,,,,,,1/4/2026,
,,,,,,,,Chelsea,,,,,,,,,,Manchester City,,,,,,1/4/2026,
,,,,,,,,Nott'ham Forest,,,,,,,,,,West Ham,,,,,,1/6/2026,
,,,,,,,,Sunderland,,,,,,,,,,Brentford,,,,,,1/7/2026,
,,,,,,,,Tottenham,,,,,,,,,,Bournemouth,,,,,,1/7/2026,
,,,,,,,,Wolves,,,,,,,,,,Everton,,,,,,1/7/2026,
,,,,,,,,Aston Villa,,,,,,,,,,Crystal Palace,,,,,,1/7/2026,
,,,,,,,,Brighton,,,,,,,,,,Manchester City,,,,,,1/7/2026,
,,,,,,,,Chelsea,,,,,,,,,,Fulham,,,,,,1/7/2026,
,,,,,,,,Manchester Utd,,,,,,,,,,Burnley,,,,,,1/7/2026,
,,,,,,,,Leeds United,,,,,,,,,,Newcastle Utd,,,,,,1/7/2026,
,,,,,,,,Liverpool,,,,,,,,,,Arsenal,,,,,,1/8/2026,
,,,,,,,,Bournemouth,,,,,,,,,,Brighton,,,,,,1/19/2026,
,,,,,,,,Everton,,,,,,,,,,Aston Villa,,,,,,1/18/2026,
,,,,,,,,Arsenal,,,,,,,,,,Nott'ham Forest,,,,,,1/17/2026,
,,,,,,,,Manchester City,,,,,,,,,,Manchester Utd,,,,,,1/17/2026,
,,,,,,,,Burnley,,,,,,,,,,Liverpool,,,,,,1/17/2026,
,,,,,,,,Fulham,,,,,,,,,,Leeds United,,,,,,1/17/2026,
,,,,,,,,Newcastle Utd,,,,,,,,,,Wolves,,,,,,1/18/2026,
,,,,,,,,Crystal Palace,,,,,,,,,,Sunderland,,,,,,1/17/2026,
,,,,,,,,Brentford,,,,,,,,,,Chelsea,,,,,,1/17/2026,
,,,,,,,,West Ham,,,,,,,,,,Tottenham,,,,,,1/17/2026,
,,,,,,,,Nott'ham Forest,,,,,,,,,,Brentford,,,,,,1/24/2026,
,,,,,,,,Aston Villa,,,,,,,,,,Newcastle Utd,,,,,,1/24/2026,
,,,,,,,,Liverpool,,,,,,,,,,Bournemouth,,,,,,1/24/2026,
,,,,,,,,Brighton,,,,,,,,,,Fulham,,,,,,1/24/2026,
,,,,,,,,Manchester Utd,,,,,,,,,,Arsenal,,,,,,1/24/2026,
,,,,,,,,Wolves,,,,,,,,,,Manchester City,,,,,,1/24/2026,
,,,,,,,,Tottenham,,,,,,,,,,Burnley,,,,,,1/24/2026,
,,,,,,,,Leeds United,,,,,,,,,,Everton,,,,,,1/24/2026,
,,,,,,,,Sunderland,,,,,,,,,,West Ham,,,,,,1/24/2026,
,,,,,,,,Chelsea,,,,,,,,,,Crystal Palace,,,,,,1/24/2026,
,,,,,,,,Brentford,,,,,,,,,,Aston Villa,,,,,,1/31/2026,
,,,,,,,,West Ham,,,,,,,,,,Chelsea,,,,,,1/31/2026,
,,,,,,,,Burnley,,,,,,,,,,Sunderland,,,,,,1/31/2026,
,,,,,,,,Everton,,,,,,,,,,Brighton,,,,,,1/31/2026,
,,,,,,,,Arsenal,,,,,,,,,,Leeds United,,,,,,1/31/2026,
,,,,,,,,Bournemouth,,,,,,,,,,Wolves,,,,,,1/31/2026,
,,,,,,,,Newcastle Utd,,,,,,,,,,Liverpool,,,,,,1/31/2026,
,,,,,,,,Fulham,,,,,,,,,,Manchester Utd,,,,,,1/31/2026,
,,,,,,,,Manchester City,,,,,,,,,,Tottenham,,,,,,1/31/2026,
,,,,,,,,Crystal Palace,,,,,,,,,,Nott'ham Forest,,,,,,1/31/2026,
,,,,,,,,Aston Villa,,,,,,,,,,Bournemouth,,,,,,2/7/2026,
,,,,,,,,Chelsea,,,,,,,,,,Wolves,,,,,,2/7/2026,
,,,,,,,,Sunderland,,,,,,,,,,Arsenal,,,,,,2/7/2026,
,,,,,,,,Tottenham,,,,,,,,,,Manchester Utd,,,,,,2/7/2026,
,,,,,,,,Nott'ham Forest,,,,,,,,,,Leeds United,,,,,,2/7/2026,
,,,,,,,,Crystal Palace,,,,,,,,,,Brighton,,,,,,2/7/2026,
,,,,,,,,West Ham,,,,,,,,,,Burnley,,,,,,2/7/2026,
,,,,,,,,Manchester City,,,,,,,,,,Liverpool,,,,,,2/7/2026,
,,,,,,,,Brentford,,,,,,,,,,Newcastle Utd,,,,,,2/7/2026,
,,,,,,,,Everton,,,,,,,,,,Fulham,,,,,,2/7/2026,
,,,,,,,,Newcastle Utd,,,,,,,,,,Tottenham,,,,,,2/11/2026,
,,,,,,,,Manchester Utd,,,,,,,,,,West Ham,,,,,,2/11/2026,
,,,,,,,,Wolves,,,,,,,,,,Nott'ham Forest,,,,,,2/11/2026,
,,,,,,,,Fulham,,,,,,,,,,Manchester City,,,,,,2/11/2026,
,,,,,,,,Burnley,,,,,,,,,,Crystal Palace,,,,,,2/11/2026,
,,,,,,,,Brighton,,,,,,,,,,Aston Villa,,,,,,2/11/2026,
,,,,,,,,Leeds United,,,,,,,,,,Chelsea,,,,,,2/11/2026,
,,,,,,,,Liverpool,,,,,,,,,,Sunderland,,,,,,2/11/2026,
,,,,,,,,Bournemouth,,,,,,,,,,Everton,,,,,,2/11/2026,
,,,,,,,,Arsenal,,,,,,,,,,Brentford,,,,,,2/11/2026,
,,,,,,,,Fulham,,,,,,,,,,Sunderland,,,,,,2/21/2026,
,,,,,,,,Leeds United,,,,,,,,,,Aston Villa,,,,,,2/21/2026,
,,,,,,,,Manchester Utd,,,,,,,,,,Everton,,,,,,2/21/2026,
,,,,,,,,Burnley,,,,,,,,,,Chelsea,,,,,,2/21/2026,
,,,,,,,,Newcastle Utd,,,,,,,,,,Manchester City,,,,,,2/21/2026,
,,,,,,,,Wolves,,,,,,,,,,Crystal Palace,,,,,,2/21/2026,
,,,,,,,,Bournemouth,,,,,,,,,,West Ham,,,,,,2/21/2026,
,,,,,,,,Liverpool,,,,,,,,,,Nott'ham Forest,,,,,,2/21/2026,
,,,,,,,,Arsenal,,,,,,,,,,Tottenham,,,,,,2/21/2026,
,,,,,,,,Brighton,,,,,,,,,,Brentford,,,,,,2/21/2026,
,,,,,,,,Everton,,,,,,,,,,Newcastle Utd,,,,,,2/28/2026,
,,,,,,,,Crystal Palace,,,,,,,,,,Manchester Utd,,,,,,2/28/2026,
,,,,,,,,Tottenham,,,,,,,,,,Fulham,,,,,,2/28/2026,
,,,,,,,,Manchester City,,,,,,,,,,Leeds United,,,,,,2/28/2026,
,,,,,,,,Brentford,,,,,,,,,,Burnley,,,,,,2/28/2026,
,,,,,,,,Nott'ham Forest,,,,,,,,,,Brighton,,,,,,2/28/2026,
,,,,,,,,Aston Villa,,,,,,,,,,Wolves,,,,,,2/28/2026,
,,,,,,,,Chelsea,,,,,,,,,,Arsenal,,,,,,2/28/2026,
,,,,,,,,West Ham,,,,,,,,,,Liverpool,,,,,,2/28/2026,
,,,,,,,,Sunderland,,,,,,,,,,Bournemouth,,,,,,2/28/2026,
,,,,,,,,Arsenal,,,,,,,,,,Brighton,,,,,,3/4/2026,
,,,,,,,,Burnley,,,,,,,,,,Everton,,,,,,3/4/2026,
,,,,,,,,Liverpool,,,,,,,,,,Wolves,,,,,,3/4/2026,
,,,,,,,,Manchester Utd,,,,,,,,,,Newcastle Utd,,,,,,3/4/2026,
,,,,,,,,Brentford,,,,,,,,,,Bournemouth,,,,,,3/4/2026,
,,,,,,,,Crystal Palace,,,,,,,,,,Tottenham,,,,,,3/4/2026,
,,,,,,,,Chelsea,,,,,,,,,,Aston Villa,,,,,,3/4/2026,
,,,,,,,,Nott'ham Forest,,,,,,,,,,Manchester City,,,,,,3/4/2026,
,,,,,,,,West Ham,,,,,,,,,,Fulham,,,,,,3/4/2026,
,,,,,,,,Sunderland,,,,,,,,,,Leeds United,,,,,,3/4/2026,
,,,,,,,,Everton,,,,,,,,,,Arsenal,,,,,,3/14/2026,
,,,,,,,,Wolves,,,,,,,,,,Brentford,,,,,,3/14/2026,
,,,,,,,,Newcastle Utd,,,,,,,,,,Chelsea,,,,,,3/14/2026,
,,,,,,,,Manchester City,,,,,,,,,,West Ham,,,,,,3/14/2026,
,,,,,,,,Tottenham,,,,,,,,,,Liverpool,,,,,,3/14/2026,
,,,,,,,,Brighton,,,,,,,,,,Sunderland,,,,,,3/14/2026,
,,,,,,,,Fulham,,,,,,,,,,Nott'ham Forest,,,,,,3/14/2026,
,,,,,,,,Leeds United,,,,,,,,,,Crystal Palace,,,,,,3/14/2026,
,,,,,,,,Aston Villa,,,,,,,,,,Manchester Utd,,,,,,3/14/2026,
,,,,,,,,Bournemouth,,,,,,,,,,Burnley,,,,,,3/14/2026,
,,,,,,,,West Ham,,,,,,,,,,Aston Villa,,,,,,3/21/2026,
,,,,,,,,Burnley,,,,,,,,,,Fulham,,,,,,3/21/2026,
,,,,,,,,Brentford,,,,,,,,,,Leeds United,,,,,,3/21/2026,
,,,,,,,,Nott'ham Forest,,,,,,,,,,Tottenham,,,,,,3/21/2026,
,,,,,,,,Liverpool,,,,,,,,,,Brighton,,,,,,3/21/2026,
,,,,,,,,Sunderland,,,,,,,,,,Newcastle Utd,,,,,,3/21/2026,
,,,,,,,,Crystal Palace,,,,,,,,,,Manchester City,,,,,,3/21/2026,
,,,,,,,,Arsenal,,,,,,,,,,Wolves,,,,,,3/21/2026,
,,,,,,,,Manchester Utd,,,,,,,,,,Bournemouth,,,,,,3/21/2026,
,,,,,,,,Chelsea,,,,,,,,,,Everton,,,,,,3/21/2026,
,,,,,,,,Fulham,,,,,,,,,,Liverpool,,,,,,4/11/2026,
,,,,,,,,Everton,,,,,,,,,,Brentford,,,,,,4/11/2026,
,,,,,,,,Tottenham,,,,,,,,,,Sunderland,,,,,,4/11/2026,
,,,,,,,,Wolves,,,,,,,,,,West Ham,,,,,,4/11/2026,
,,,,,,,,Newcastle Utd,,,,,,,,,,Crystal Palace,,,,,,4/11/2026,
,,,,,,,,Brighton,,,,,,,,,,Burnley,,,,,,4/11/2026,
,,,,,,,,Aston Villa,,,,,,,,,,Nott'ham Forest,,,,,,4/11/2026,
,,,,,,,,Bournemouth,,,,,,,,,,Arsenal,,,,,,4/11/2026,
,,,,,,,,Manchester City,,,,,,,,,,Chelsea,,,,,,4/11/2026,
,,,,,,,,Leeds United,,,,,,,,,,Manchester Utd,,,,,,4/11/2026,
,,,,,,,,Fulham,,,,,,,,,,Brentford,,,,,,4/18/2026,
,,,,,,,,West Ham,,,,,,,,,,Crystal Palace,,,,,,4/18/2026,
,,,,,,,,Wolves,,,,,,,,,,Leeds United,,,,,,4/18/2026,
,,,,,,,,Liverpool,,,,,,,,,,Everton,,,,,,4/18/2026,
,,,,,,,,Bournemouth,,,,,,,,,,Newcastle Utd,,,,,,4/18/2026,
,,,,,,,,Manchester Utd,,,,,,,,,,Chelsea,,,,,,4/18/2026,
,,,,,,,,Brighton,,,,,,,,,,Tottenham,,,,,,4/18/2026,
,,,,,,,,Burnley,,,,,,,,,,Nott'ham Forest,,,,,,4/18/2026,
,,,,,,,,Arsenal,,,,,,,,,,Manchester City,,,,,,4/18/2026,
,,,,,,,,Sunderland,,,,,,,,,,Aston Villa,,,,,,4/18/2026,
,,,,,,,,Newcastle Utd,,,,,,,,,,Arsenal,,,,,,4/25/2026,
,,,,,,,,Aston Villa,,,,,,,,,,Fulham,,,,,,4/25/2026,
,,,,,,,,Crystal Palace,,,,,,,,,,Liverpool,,,,,,4/25/2026,
,,,,,,,,Everton,,,,,,,,,,West Ham,,,,,,4/25/2026,
,,,,,,,,Chelsea,,,,,,,,,,Brighton,,,,,,4/25/2026,
,,,,,,,,Tottenham,,,,,,,,,,Wolves,,,,,,4/25/2026,
,,,,,,,,Nott'ham Forest,,,,,,,,,,Sunderland,,,,,,4/25/2026,
,,,,,,,,Brentford,,,,,,,,,,Manchester Utd,,,,,,4/25/2026,
,,,,,,,,Manchester City,,,,,,,,,,Burnley,,,,,,4/25/2026,
,,,,,,,,Leeds United,,,,,,,,,,Bournemouth,,,,,,4/25/2026,
,,,,,,,,West Ham,,,,,,,,,,Brentford,,,,,,5/2/2026,
,,,,,,,,Crystal Palace,,,,,,,,,,Bournemouth,,,,,,5/2/2026,
,,,,,,,,Liverpool,,,,,,,,,,Manchester Utd,,,,,,5/2/2026,
,,,,,,,,Burnley,,,,,,,,,,Leeds United,,,,,,5/2/2026,
,,,,,,,,Nott'ham Forest,,,,,,,,,,Chelsea,,,,,,5/2/2026,
,,,,,,,,Sunderland,,,,,,,,,,Wolves,,,,,,5/2/2026,
,,,,,,,,Manchester City,,,,,,,,,,Everton,,,,,,5/2/2026,
,,,,,,,,Fulham,,,,,,,,,,Arsenal,,,,,,5/2/2026,
,,,,,,,,Tottenham,,,,,,,,,,Aston Villa,,,,,,5/2/2026,
,,,,,,,,Brighton,,,,,,,,,,Newcastle Utd,,,,,,5/2/2026,
,,,,,,,,Brentford,,,,,,,,,,Manchester City,,,,,,5/9/2026,
,,,,,,,,Newcastle Utd,,,,,,,,,,Nott'ham Forest,,,,,,5/9/2026,
,,,,,,,,Everton,,,,,,,,,,Crystal Palace,,,,,,5/9/2026,
,,,,,,,,Wolves,,,,,,,,,,Brighton,,,,,,5/9/2026,
,,,,,,,,Bournemouth,,,,,,,,,,Fulham,,,,,,5/9/2026,
,,,,,,,,Leeds United,,,,,,,,,,Tottenham,,,,,,5/9/2026,
,,,,,,,,Manchester Utd,,,,,,,,,,Sunderland,,,,,,5/9/2026,
,,,,,,,,Aston Villa,,,,,,,,,,Burnley,,,,,,5/9/2026,
,,,,,,,,Arsenal,,,,,,,,,,West Ham,,,,,,5/9/2026,
,,,,,,,,Chelsea,,,,,,,,,,Liverpool,,,,,,5/9/2026,
,,,,,,,,Nott'ham Forest,,,,,,,,,,Manchester Utd,,,,,,5/17/2026,
,,,,,,,,Tottenham,,,,,,,,,,Chelsea,,,,,,5/17/2026,
,,,,,,,,Burnley,,,,,,,,,,Arsenal,,,,,,5/17/2026,
,,,,,,,,West Ham,,,,,,,,,,Newcastle Utd,,,,,,5/17/2026,
,,,,,,,,Sunderland,,,,,,,,,,Everton,,,,,,5/17/2026,
,,,,,,,,Fulham,,,,,,,,,,Wolves,,,,,,5/17/2026,
,,,,,,,,Manchester City,,,,,,,,,,Bournemouth,,,,,,5/17/2026,
,,,,,,,,Liverpool,,,,,,,,,,Aston Villa,,,,,,5/17/2026,
,,,,,,,,Crystal Palace,,,,,,,,,,Brentford,,,,,,5/17/2026,
,,,,,,,,Brighton,,,,,,,,,,Leeds United,,,,,,5/17/2026,
,,,,,,,,Leeds United,,,,,,,,,,West Ham,,,,,,5/24/2026,
,,,,,,,,Wolves,,,,,,,,,,Burnley,,,,,,5/24/2026,
,,,,,,,,Chelsea,,,,,,,,,,Sunderland,,,,,,5/24/2026,
,,,,,,,,Bournemouth,,,,,,,,,,Nott'ham Forest,,,,,,5/24/2026,
,,,,,,,,Arsenal,,,,,,,,,,Crystal Palace,,,,,,5/24/2026,
,,,,,,,,Newcastle Utd,,,,,,,,,,Fulham,,,,,,5/24/2026,
,,,,,,,,Manchester Utd,,,,,,,,,,Brighton,,,,,,5/24/2026,
,,,,,,,,Brentford,,,,,,,,,,Liverpool,,,,,,5/24/2026,
,,,,,,,,Everton,,,,,,,,,,Tottenham,,,,,,5/24/2026,
,,,,,,,,Aston Villa,,,,,,,,,,Manchester City,,,,,,5/24/2026,
