,Unnamed: 0,week,home_team,home_xg,home_goals,away_goals,away_xg,away_team,stadium,season,result,ht_home_goals,ht_away_goals,ht_result,home_shots,away_shots,home_shots_on_target,away_shots_on_target,home_fouls,away_fouls,home_corners,away_corners,home_yellow_cards,away_yellow_cards,home_red_cards,away_red_cards,match_date,attendance,home_possession,away_possession,game_key
0,0,1,Crystal Palace,1.2,0,2,1,Arsenal,Selhurst Park,2022/2023,A,0,1,A,10,10,2,2,16,11,3,5,1,2,0,0,8/5/2022,25286,56,44,8/5/2022_Crystal Palace_Arsenal
1,1,1,Fulham,1.2,2,2,1,Liverpool,Craven Cottage,2022/2023,D,1,0,H,9,11,3,4,7,9,4,4,2,0,0,0,8/6/2022,22207,33,67,8/6/2022_Fulham_Liverpool
2,2,1,Newcastle Utd,1.7,2,0,0,Nott'ham Forest,St James' Park,2022/2023,H,0,0,D,23,5,10,0,9,14,11,1,0,3,0,0,8/6/2022,52245,39,61,8/6/2022_Newcastle Utd_Nott'ham Forest
3,3,1,Bournemouth,0.6,2,0,1,Aston Villa,Vitality Stadium,2022/2023,H,1,0,H,7,15,3,2,18,16,5,5,3,3,0,0,8/6/2022,11013,35,65,8/6/2022_Bournemouth_Aston Villa
4,4,1,Leeds United,0.8,2,1,1,Wolves,Elland Road,2022/2023,H,1,1,D,12,15,4,6,13,9,6,4,2,0,0,0,8/6/2022,36347,40,60,8/6/2022_Leeds United_Wolves
5,5,1,Tottenham,1.5,4,1,1,Southampton,Tottenham Hotspur Stadium,2022/2023,H,2,1,H,18,10,8,2,11,6,10,2,3,0,0,0,8/6/2022,61732,42,58,8/6/2022_Tottenham_Southampton
6,6,1,Everton,0.7,0,1,2,Chelsea,Goodison Park,2022/2023,A,0,1,A,8,15,4,6,14,11,4,16,3,2,0,0,8/6/2022,39254,38,62,8/6/2022_Everton_Chelsea
7,7,1,Leicester City,0.6,2,2,1,Brentford,King Power Stadium,2022/2023,D,1,0,H,14,8,5,3,6,5,5,6,0,0,0,0,8/7/2022,31794,56,44,8/7/2022_Leicester City_Brentford
8,8,1,Manchester Utd,1.4,1,2,2,Brighton,Old Trafford,2022/2023,A,0,2,A,17,15,5,4,7,12,6,2,4,1,0,0,8/7/2022,73711,38,62,8/7/2022_Manchester Utd_Brighton
9,9,1,West Ham,0.5,0,2,2,Manchester City,London Stadium,2022/2023,A,0,1,A,6,14,1,2,8,4,1,4,0,1,0,0,8/7/2022,62443,25,75,8/7/2022_West Ham_Manchester City
10,10,2,Aston Villa,2.3,2,1,2,Everton,Villa Park,2022/2023,H,1,0,H,12,15,4,4,9,7,5,8,4,1,0,0,8/13/2022,41883,43,57,8/13/2022_Aston Villa_Everton
11,11,2,Brighton,1.5,0,0,0,Newcastle Utd,The American Express Community Stadium,2022/2023,D,0,0,D,13,4,7,1,8,6,7,3,2,3,0,0,8/13/2022,31552,54,46,8/13/2022_Brighton_Newcastle Utd
12,12,2,Arsenal,2.7,4,2,1,Leicester City,Emirates Stadium,2022/2023,H,2,0,H,19,6,7,2,15,9,6,2,1,1,0,0,8/13/2022,60033,50,50,8/13/2022_Arsenal_Leicester City
13,13,2,Southampton,1.2,2,2,2,Leeds United,St. Mary's Stadium,2022/2023,D,0,0,D,14,13,4,5,10,12,2,5,1,3,0,0,8/13/2022,30815,43,57,8/13/2022_Southampton_Leeds United
14,14,2,Wolves,0.9,0,0,2,Fulham,Molineux Stadium,2022/2023,D,0,0,D,7,9,1,3,7,14,5,3,3,3,0,0,8/13/2022,31178,59,41,8/13/2022_Wolves_Fulham
15,15,2,Manchester City,1.7,4,0,0,Bournemouth,Etihad Stadium,2022/2023,H,3,0,H,19,3,7,1,9,9,11,1,0,3,0,0,8/13/2022,53453,33,67,8/13/2022_Manchester City_Bournemouth
16,16,2,Brentford,1.6,4,0,1,Manchester Utd,Brentford Community Stadium,2022/2023,H,4,0,H,13,15,7,4,6,15,8,2,0,4,0,0,8/13/2022,17051,34,66,8/13/2022_Brentford_Manchester Utd
17,17,2,Nott'ham Forest,1.3,1,0,2,West Ham,The City Ground,2022/2023,H,1,0,H,13,19,6,5,10,11,6,7,4,1,0,0,8/14/2022,29281,43,57,8/14/2022_Nott'ham Forest_West Ham
18,18,2,Chelsea,1.6,2,2,1,Tottenham,Stamford Bridge,2022/2023,D,1,0,H,16,10,3,5,9,9,8,5,3,0,0,0,8/14/2022,39946,63,37,8/14/2022_Chelsea_Tottenham
19,19,2,Liverpool,2,1,1,1,Crystal Palace,Anfield,2022/2023,D,0,1,A,24,7,4,3,7,8,4,2,2,4,1,0,8/15/2022,52970,28,72,8/15/2022_Liverpool_Crystal Palace
20,20,3,Tottenham,1.7,1,0,1,Wolves,Tottenham Hotspur Stadium,2022/2023,H,0,0,D,11,20,4,3,10,8,8,6,2,2,0,0,8/20/2022,61298,50,50,8/20/2022_Tottenham_Wolves
21,21,3,Everton,1.5,1,1,1,Nott'ham Forest,Goodison Park,2022/2023,D,0,0,D,19,14,8,5,6,9,6,2,3,2,0,0,8/20/2022,39271,49,51,8/20/2022_Everton_Nott'ham Forest
22,22,3,Crystal Palace,2.6,3,1,1,Aston Villa,Selhurst Park,2022/2023,H,1,1,D,17,13,9,5,16,14,4,2,2,1,0,0,8/20/2022,22012,51,49,8/20/2022_Crystal Palace_Aston Villa
23,23,3,Fulham,2.4,3,2,2,Brentford,Craven Cottage,2022/2023,H,2,1,H,18,13,9,5,13,7,6,3,3,2,0,0,8/20/2022,21798,43,57,8/20/2022_Fulham_Brentford
24,24,3,Leicester City,0.3,1,2,1,Southampton,King Power Stadium,2022/2023,A,0,0,D,6,9,1,3,11,15,2,5,2,3,0,0,8/20/2022,30850,38,62,8/20/2022_Leicester City_Southampton
25,25,3,Bournemouth,0.3,0,3,1,Arsenal,Vitality Stadium,2022/2023,A,0,2,A,6,14,1,6,12,10,3,4,2,1,0,0,8/20/2022,10423,43,57,8/20/2022_Bournemouth_Arsenal
26,26,3,West Ham,0.8,0,2,2,Brighton,London Stadium,2022/2023,A,0,1,A,13,11,3,2,10,7,5,4,2,0,0,0,8/21/2022,62449,50,50,8/21/2022_West Ham_Brighton
27,27,3,Leeds United,2.1,3,0,1,Chelsea,Elland Road,2022/2023,H,2,0,H,12,14,6,3,16,15,4,6,0,1,0,1,8/21/2022,36372,39,61,8/21/2022_Leeds United_Chelsea
28,28,3,Newcastle Utd,1.8,3,3,2,Manchester City,St James' Park,2022/2023,D,2,1,H,12,21,6,10,14,7,5,5,4,2,0,0,8/21/2022,52258,31,69,8/21/2022_Newcastle Utd_Manchester City
29,29,3,Manchester Utd,1.8,2,1,1,Liverpool,Old Trafford,2022/2023,H,1,0,H,12,17,4,5,11,7,6,8,3,1,0,0,8/22/2022,74147,70,30,8/22/2022_Manchester Utd_Liverpool
30,30,4,Southampton,1.4,0,1,1,Manchester Utd,St. Mary's Stadium,2022/2023,A,0,0,D,17,11,5,6,4,14,5,3,0,3,0,0,8/27/2022,31196,49,51,8/27/2022_Southampton_Manchester Utd
31,31,4,Brighton,2,1,0,2,Leeds United,The American Express Community Stadium,2022/2023,H,0,0,D,13,10,4,2,10,14,5,3,2,3,0,0,8/27/2022,30953,56,44,8/27/2022_Brighton_Leeds United
32,32,4,Brentford,2.1,1,1,1,Everton,Brentford Community Stadium,2022/2023,D,0,1,A,19,14,5,7,8,8,8,5,2,2,0,0,8/27/2022,17009,42,58,8/27/2022_Brentford_Everton
33,33,4,Manchester City,2.2,4,2,0,Crystal Palace,Etihad Stadium,2022/2023,H,0,2,A,18,2,5,2,14,8,6,1,1,2,0,0,8/27/2022,53112,26,74,8/27/2022_Manchester City_Crystal Palace
34,34,4,Chelsea,1.8,2,1,3,Leicester City,Stamford Bridge,2022/2023,H,0,0,D,7,17,3,5,10,7,3,11,1,2,1,0,8/27/2022,39953,55,45,8/27/2022_Chelsea_Leicester City
35,35,4,Liverpool,3.3,9,0,0,Bournemouth,Anfield,2022/2023,H,5,0,H,19,5,12,2,6,5,8,1,0,1,0,0,8/27/2022,53328,31,69,8/27/2022_Liverpool_Bournemouth
36,36,4,Arsenal,2.6,2,1,1,Fulham,Emirates Stadium,2022/2023,H,0,0,D,22,11,8,3,6,12,9,2,2,3,0,0,8/27/2022,60164,29,71,8/27/2022_Arsenal_Fulham
37,37,4,Wolves,0.7,1,1,2,Newcastle Utd,Molineux Stadium,2022/2023,D,1,0,H,10,21,4,6,10,11,4,13,2,1,0,0,8/28/2022,31311,37,63,8/28/2022_Wolves_Newcastle Utd
38,38,4,Aston Villa,0.5,0,1,1,West Ham,Villa Park,2022/2023,A,0,0,D,9,7,3,2,10,10,3,2,2,0,0,0,8/28/2022,41796,42,58,8/28/2022_Aston Villa_West Ham
39,39,4,Nott'ham Forest,0.9,0,2,2,Tottenham,The City Ground,2022/2023,A,0,1,A,17,18,1,7,11,13,6,1,6,1,0,0,8/28/2022,29296,55,45,8/28/2022_Nott'ham Forest_Tottenham
40,40,5,Fulham,0.7,2,1,1,Brighton,Craven Cottage,2022/2023,H,0,0,D,10,7,3,4,9,11,3,3,2,1,0,0,8/30/2022,22224,39,61,8/30/2022_Fulham_Brighton
41,41,5,Crystal Palace,1,1,1,1,Brentford,Selhurst Park,2022/2023,D,0,0,D,13,9,4,3,11,8,4,6,1,2,0,0,8/30/2022,25043,49,51,8/30/2022_Crystal Palace_Brentford
42,42,5,Southampton,1.1,2,1,1,Chelsea,St. Mary's Stadium,2022/2023,H,2,1,H,9,10,7,4,15,10,5,3,2,1,0,0,8/30/2022,31542,33,67,8/30/2022_Southampton_Chelsea
43,43,5,Leeds United,1,1,1,1,Everton,Elland Road,2022/2023,D,0,1,A,14,7,5,2,10,9,10,2,3,3,0,0,8/30/2022,36338,69,31,8/30/2022_Leeds United_Everton
44,44,5,Bournemouth,0.4,0,0,2,Wolves,Vitality Stadium,2022/2023,D,0,0,D,5,17,2,4,12,12,2,5,2,1,0,0,8/31/2022,10113,35,65,8/31/2022_Bournemouth_Wolves
45,45,5,Manchester City,3.3,6,0,1,Nott'ham Forest,Etihad Stadium,2022/2023,H,3,0,H,17,8,9,1,9,7,10,1,0,1,0,0,8/31/2022,53409,26,74,8/31/2022_Manchester City_Nott'ham Forest
46,46,5,Arsenal,2.4,2,1,0,Aston Villa,Emirates Stadium,2022/2023,H,1,0,H,22,4,9,3,10,14,10,3,2,3,0,0,8/31/2022,60012,41,59,8/31/2022_Arsenal_Aston Villa
47,47,5,West Ham,1.2,1,1,1,Tottenham,London Stadium,2022/2023,D,0,1,A,14,13,4,4,10,9,3,4,2,5,0,0,8/31/2022,62450,39,61,8/31/2022_West Ham_Tottenham
48,48,5,Liverpool,1.5,2,1,1,Newcastle Utd,Anfield,2022/2023,H,0,1,A,23,5,6,2,9,10,13,0,0,2,0,0,8/31/2022,53316,72,28,8/31/2022_Liverpool_Newcastle Utd
49,49,5,Leicester City,0.7,0,1,2,Manchester Utd,King Power Stadium,2022/2023,A,0,1,A,10,9,2,2,7,15,1,3,1,3,0,0,9/1/2022,32226,53,47,9/1/2022_Leicester City_Manchester Utd
50,50,6,Everton,1.7,0,0,2,Liverpool,Goodison Park,2022/2023,D,0,0,D,14,23,3,8,7,11,7,9,2,2,0,0,9/3/2022,39240,39,61,9/3/2022_Everton_Liverpool
51,51,6,Tottenham,2.9,2,1,1,Fulham,Tottenham Hotspur Stadium,2022/2023,H,1,0,H,23,9,10,3,9,6,10,3,3,4,0,0,9/3/2022,61641,48,52,9/3/2022_Tottenham_Fulham
52,52,6,Nott'ham Forest,1.9,2,3,1,Bournemouth,The City Ground,2022/2023,A,2,0,H,11,8,3,3,13,10,4,6,2,1,0,0,9/3/2022,28720,52,48,9/3/2022_Nott'ham Forest_Bournemouth
53,53,6,Wolves,0.8,1,0,1,Southampton,Molineux Stadium,2022/2023,H,1,0,H,7,12,2,1,10,14,5,6,4,2,0,0,9/3/2022,30546,49,51,9/3/2022_Wolves_Southampton
54,54,6,Newcastle Utd,2.8,0,0,1,Crystal Palace,St James' Park,2022/2023,D,0,0,D,23,19,6,9,19,12,13,5,2,1,0,0,9/3/2022,51863,48,52,9/3/2022_Newcastle Utd_Crystal Palace
55,55,6,Chelsea,0.9,2,1,1,West Ham,Stamford Bridge,2022/2023,H,0,0,D,8,6,3,3,6,11,10,3,4,2,0,0,9/3/2022,39923,33,67,9/3/2022_Chelsea_West Ham
56,56,6,Brentford,2.3,5,2,2,Leeds United,Brentford Community Stadium,2022/2023,H,2,1,H,14,17,8,6,8,9,2,6,2,2,0,0,9/3/2022,17092,68,32,9/3/2022_Brentford_Leeds United
57,57,6,Aston Villa,0.3,1,1,2,Manchester City,Villa Park,2022/2023,D,0,0,D,3,13,1,4,7,6,1,4,2,0,0,0,9/3/2022,41830,29,71,9/3/2022_Aston Villa_Manchester City
58,58,6,Brighton,2.6,5,2,1,Leicester City,The American Express Community Stadium,2022/2023,H,2,2,D,23,6,11,4,6,8,10,1,1,1,0,0,9/4/2022,31185,47,53,9/4/2022_Brighton_Leicester City
59,59,6,Manchester Utd,1.5,3,1,1,Arsenal,Old Trafford,2022/2023,H,1,0,H,10,16,6,3,13,9,2,5,3,3,0,0,9/4/2022,73431,40,60,9/4/2022_Manchester Utd_Arsenal
60,60,8,Nott'ham Forest,1.4,2,3,1,Fulham,The City Ground,2022/2023,A,1,0,H,11,15,3,7,11,10,2,10,2,4,0,0,9/16/2022,28654,41,59,9/16/2022_Nott'ham Forest_Fulham
61,61,8,Aston Villa,1.5,1,0,0,Southampton,Villa Park,2022/2023,H,1,0,H,11,7,3,1,13,13,6,3,3,1,0,0,9/16/2022,40758,47,53,9/16/2022_Aston Villa_Southampton
62,62,8,Wolves,0.4,0,3,1,Manchester City,Molineux Stadium,2022/2023,A,0,2,A,6,16,1,7,7,9,5,7,2,1,1,0,9/17/2022,31578,41,59,9/17/2022_Wolves_Manchester City
63,63,8,Newcastle Utd,1.9,1,1,1,Bournemouth,St James' Park,2022/2023,D,0,0,D,20,10,7,3,10,11,8,1,2,2,0,0,9/17/2022,52238,28,72,9/17/2022_Newcastle Utd_Bournemouth
64,64,8,Tottenham,2.2,6,2,2,Leicester City,Tottenham Hotspur Stadium,2022/2023,H,2,2,D,16,19,11,7,9,9,6,1,1,2,0,0,9/17/2022,61450,56,44,9/17/2022_Tottenham_Leicester City
65,65,8,Brentford,0.5,0,3,2,Arsenal,Brentford Community Stadium,2022/2023,A,0,2,A,5,13,2,7,10,10,3,3,0,2,0,0,9/18/2022,17122,37,63,9/18/2022_Brentford_Arsenal
66,66,8,Everton,0.4,1,0,1,West Ham,Goodison Park,2022/2023,H,0,0,D,7,14,2,4,8,11,5,14,3,1,0,0,9/18/2022,39298,53,47,9/18/2022_Everton_West Ham
67,67,9,Arsenal,2.4,3,1,2,Tottenham,Emirates Stadium,2022/2023,H,1,1,D,22,7,9,3,10,10,5,2,2,1,0,1,10/1/2022,60278,36,64,10/1/2022_Arsenal_Tottenham
68,68,9,Fulham,0.5,1,4,3,Newcastle Utd,Craven Cottage,2022/2023,A,0,3,A,3,19,1,10,9,10,1,8,2,0,1,0,10/1/2022,22913,33,67,10/1/2022_Fulham_Newcastle Utd
69,69,9,Liverpool,1.5,3,3,1,Brighton,Anfield,2022/2023,D,1,2,A,15,6,7,6,9,13,9,2,1,1,0,0,10/1/2022,53320,46,54,10/1/2022_Liverpool_Brighton
70,70,9,Crystal Palace,0.4,1,2,1,Chelsea,Selhurst Park,2022/2023,A,1,1,D,7,13,3,3,11,13,5,2,1,3,0,0,10/1/2022,25198,64,36,10/1/2022_Crystal Palace_Chelsea
71,71,9,Bournemouth,0.4,0,0,1,Brentford,Vitality Stadium,2022/2023,D,0,0,D,7,13,1,4,11,10,7,8,1,2,0,0,10/1/2022,10126,42,58,10/1/2022_Bournemouth_Brentford
72,72,9,Southampton,1.7,1,2,2,Everton,St. Mary's Stadium,2022/2023,A,0,0,D,22,12,6,5,11,10,7,6,2,2,0,0,10/1/2022,30510,55,45,10/1/2022_Southampton_Everton
73,73,9,West Ham,0.9,2,0,1,Wolves,London Stadium,2022/2023,H,1,0,H,18,15,5,4,8,6,1,6,2,2,0,0,10/1/2022,62444,39,61,10/1/2022_West Ham_Wolves
74,74,9,Manchester City,3.2,6,3,2,Manchester Utd,Etihad Stadium,2022/2023,H,4,0,H,22,12,10,8,3,9,5,1,0,3,0,0,10/2/2022,53475,47,53,10/2/2022_Manchester City_Manchester Utd
75,75,9,Leeds United,0.4,0,0,2,Aston Villa,Elland Road,2022/2023,D,0,0,D,9,19,1,7,23,12,2,9,3,2,1,0,10/2/2022,36582,44,56,10/2/2022_Leeds United_Aston Villa
76,76,9,Leicester City,1.3,4,0,1,Nott'ham Forest,King Power Stadium,2022/2023,H,3,0,H,17,10,7,3,13,12,6,6,2,4,0,0,10/3/2022,32202,51,49,10/3/2022_Leicester City_Nott'ham Forest
77,77,10,Newcastle Utd,1.5,5,1,1,Brentford,St James' Park,2022/2023,H,2,0,H,16,6,6,3,14,9,9,5,0,1,0,0,10/8/2022,52067,46,54,10/8/2022_Newcastle Utd_Brentford
78,78,10,Bournemouth,1.1,2,1,1,Leicester City,Vitality Stadium,2022/2023,H,0,1,A,10,9,4,5,8,16,7,2,1,2,0,0,10/8/2022,10272,55,45,10/8/2022_Bournemouth_Leicester City
79,79,10,Chelsea,1.9,3,0,1,Wolves,Stamford Bridge,2022/2023,H,1,0,H,20,8,7,2,8,8,4,2,2,0,0,0,10/8/2022,39940,43,57,10/8/2022_Chelsea_Wolves
80,80,10,Manchester City,2.4,4,0,0,Southampton,Etihad Stadium,2022/2023,H,2,0,H,21,5,8,0,4,8,9,1,0,1,0,0,10/8/2022,53365,35,65,10/8/2022_Manchester City_Southampton
81,81,10,Brighton,0.7,0,1,1,Tottenham,The American Express Community Stadium,2022/2023,A,0,1,A,14,8,4,3,9,14,6,2,1,2,0,0,10/8/2022,31498,41,59,10/8/2022_Brighton_Tottenham
82,82,10,West Ham,2.4,3,1,1,Fulham,London Stadium,2022/2023,H,1,1,D,17,8,8,2,9,7,4,2,1,3,0,0,10/9/2022,62407,50,50,10/9/2022_West Ham_Fulham
83,83,10,Crystal Palace,1.1,2,1,1,Leeds United,Selhurst Park,2022/2023,H,1,1,D,13,10,5,4,13,23,5,3,3,3,0,0,10/9/2022,25042,46,54,10/9/2022_Crystal Palace_Leeds United
84,84,10,Arsenal,2.7,3,2,1,Liverpool,Emirates Stadium,2022/2023,H,2,1,H,11,8,7,3,11,11,4,3,1,2,0,0,10/9/2022,60059,57,43,10/9/2022_Arsenal_Liverpool
85,85,10,Everton,0.6,1,2,1,Manchester Utd,Goodison Park,2022/2023,A,1,2,A,11,12,2,4,7,13,5,4,2,1,0,0,10/9/2022,39258,40,60,10/9/2022_Everton_Manchester Utd
86,86,10,Nott'ham Forest,0.3,1,1,1,Aston Villa,The City Ground,2022/2023,D,1,1,D,6,12,3,2,13,19,1,4,3,3,0,0,10/10/2022,29208,40,60,10/10/2022_Nott'ham Forest_Aston Villa
87,87,11,Brentford,1.5,2,0,2,Brighton,Brentford Community Stadium,2022/2023,H,1,0,H,7,21,3,7,12,15,2,11,3,1,0,0,10/14/2022,17016,28,72,10/14/2022_Brentford_Brighton
88,88,11,Leicester City,1,0,0,0,Crystal Palace,King Power Stadium,2022/2023,D,0,0,D,14,8,5,1,18,13,9,2,2,2,0,0,10/15/2022,31298,54,46,10/15/2022_Leicester City_Crystal Palace
89,89,11,Fulham,2.1,2,2,1,Bournemouth,Craven Cottage,2022/2023,D,1,2,A,19,10,4,6,9,11,5,6,2,0,0,0,10/15/2022,22541,31,69,10/15/2022_Fulham_Bournemouth
90,90,11,Wolves,1.3,1,0,2,Nott'ham Forest,Molineux Stadium,2022/2023,H,0,0,D,9,10,2,2,17,13,4,5,2,2,0,0,10/15/2022,31554,42,58,10/15/2022_Wolves_Nott'ham Forest
91,91,11,Tottenham,2.2,2,0,0,Everton,Tottenham Hotspur Stadium,2022/2023,H,0,0,D,21,4,7,0,12,13,7,1,1,4,0,0,10/15/2022,61812,38,62,10/15/2022_Tottenham_Everton
92,92,11,Manchester Utd,0.8,0,0,1,Newcastle Utd,Old Trafford,2022/2023,D,0,0,D,15,9,2,2,13,11,4,4,3,1,0,0,10/16/2022,73726,37,63,10/16/2022_Manchester Utd_Newcastle Utd
93,93,11,Aston Villa,1.8,0,2,1,Chelsea,Villa Park,2022/2023,A,0,1,A,18,8,7,4,12,11,7,1,0,3,0,0,10/16/2022,41754,58,42,10/16/2022_Aston Villa_Chelsea
94,94,11,Leeds United,1.8,0,1,1,Arsenal,Elland Road,2022/2023,A,0,1,A,16,9,4,4,10,11,6,3,0,2,0,0,10/16/2022,36700,47,53,10/16/2022_Leeds United_Arsenal
95,95,11,Southampton,0.5,1,1,2,West Ham,St. Mary's Stadium,2022/2023,D,1,0,H,10,25,8,4,7,3,4,14,1,1,0,0,10/16/2022,29159,39,61,10/16/2022_Southampton_West Ham
96,96,11,Liverpool,2.1,1,0,1,Manchester City,Anfield,2022/2023,H,0,0,D,13,16,2,6,10,7,5,6,3,1,0,0,10/16/2022,53286,37,63,10/16/2022_Liverpool_Manchester City
97,97,12,Brighton,1.7,0,0,0,Nott'ham Forest,The American Express Community Stadium,2022/2023,D,0,0,D,19,3,7,0,10,14,9,1,3,1,0,0,10/18/2022,31463,30,70,10/18/2022_Brighton_Nott'ham Forest
98,98,12,Crystal Palace,1.2,2,1,1,Wolves,Selhurst Park,2022/2023,H,0,1,A,14,10,4,4,14,18,4,3,3,1,0,0,10/18/2022,25125,49,51,10/18/2022_Crystal Palace_Wolves
99,99,12,Bournemouth,1,0,1,1,Southampton,Vitality Stadium,2022/2023,A,0,1,A,15,9,3,3,8,13,7,3,1,3,0,0,10/19/2022,10405,46,54,10/19/2022_Bournemouth_Southampton
100,100,12,Newcastle Utd,1.5,1,0,0,Everton,St James' Park,2022/2023,H,1,0,H,16,1,4,0,9,12,8,2,2,4,0,0,10/19/2022,52247,51,49,10/19/2022_Newcastle Utd_Everton
101,101,12,Brentford,1.3,0,0,1,Chelsea,Brentford Community Stadium,2022/2023,D,0,0,D,8,14,5,5,7,7,6,2,0,0,0,0,10/19/2022,17118,66,34,10/19/2022_Brentford_Chelsea
102,102,12,Liverpool,1.7,1,0,2,West Ham,Anfield,2022/2023,H,1,0,H,22,8,7,3,9,8,8,3,0,0,0,0,10/19/2022,52982,46,54,10/19/2022_Liverpool_West Ham
103,103,12,Manchester Utd,1.5,2,0,1,Tottenham,Old Trafford,2022/2023,H,0,0,D,28,9,10,2,7,7,8,3,1,0,0,0,10/19/2022,73677,48,52,10/19/2022_Manchester Utd_Tottenham
104,104,12,Fulham,2.1,3,0,1,Aston Villa,Craven Cottage,2022/2023,H,1,0,H,18,12,8,6,11,11,9,7,0,2,0,1,10/20/2022,23508,60,40,10/20/2022_Fulham_Aston Villa
105,105,12,Leicester City,0.8,2,0,1,Leeds United,King Power Stadium,2022/2023,H,2,0,H,5,14,1,2,15,11,2,9,2,1,0,0,10/20/2022,30814,54,46,10/20/2022_Leicester City_Leeds United
106,106,13,Nott'ham Forest,1.9,1,0,2,Liverpool,The City Ground,2022/2023,H,0,0,D,10,15,7,7,14,8,2,11,2,1,0,0,10/22/2022,29245,25,75,10/22/2022_Nott'ham Forest_Liverpool
107,107,13,Everton,1.4,3,0,1,Crystal Palace,Goodison Park,2022/2023,H,1,0,H,9,9,6,2,16,14,3,4,3,4,0,0,10/22/2022,38939,46,54,10/22/2022_Everton_Crystal Palace
108,108,13,Manchester City,1.6,3,1,1,Brighton,Etihad Stadium,2022/2023,H,2,0,H,10,8,4,2,11,12,7,3,1,3,0,0,10/22/2022,53223,52,48,10/22/2022_Manchester City_Brighton
109,109,13,Chelsea,1.1,1,1,1,Manchester Utd,Stamford Bridge,2022/2023,D,0,0,D,6,13,2,6,8,10,6,4,1,4,0,0,10/22/2022,39503,48,52,10/22/2022_Chelsea_Manchester Utd
110,110,13,Wolves,2.1,0,4,1,Leicester City,Molineux Stadium,2022/2023,A,0,2,A,21,5,5,4,10,13,9,2,2,1,0,0,10/23/2022,31425,40,60,10/23/2022_Wolves_Leicester City
111,111,13,Aston Villa,2.8,4,0,1,Brentford,Villa Park,2022/2023,H,3,0,H,19,12,11,3,14,11,7,6,1,0,0,0,10/23/2022,41693,55,45,10/23/2022_Aston Villa_Brentford
112,112,13,Leeds United,1.6,2,3,2,Fulham,Elland Road,2022/2023,A,1,1,D,14,11,5,5,12,8,3,6,1,1,0,0,10/23/2022,36447,57,43,10/23/2022_Leeds United_Fulham
113,113,13,Southampton,0.7,1,1,1,Arsenal,St. Mary's Stadium,2022/2023,D,0,1,A,10,12,3,3,11,8,9,4,2,1,0,0,10/23/2022,31145,41,59,10/23/2022_Southampton_Arsenal
114,114,13,Tottenham,1.6,1,2,1,Newcastle Utd,Tottenham Hotspur Stadium,2022/2023,A,0,2,A,17,13,5,5,12,6,6,7,4,2,0,0,10/23/2022,61726,53,47,10/23/2022_Tottenham_Newcastle Utd
115,115,13,West Ham,1.9,2,0,0,Bournemouth,London Stadium,2022/2023,H,1,0,H,20,5,4,3,9,11,5,0,0,2,0,0,10/24/2022,62447,45,55,10/24/2022_West Ham_Bournemouth
116,116,14,Leicester City,0.7,0,1,1,Manchester City,King Power Stadium,2022/2023,A,0,0,D,10,15,5,5,5,10,3,10,0,0,0,0,10/29/2022,32223,36,64,10/29/2022_Leicester City_Manchester City
117,117,14,Crystal Palace,0.9,1,0,1,Southampton,Selhurst Park,2022/2023,H,1,0,H,12,14,3,4,13,12,8,4,3,3,0,0,10/29/2022,25130,56,44,10/29/2022_Crystal Palace_Southampton
118,118,14,Newcastle Utd,3.4,4,0,0,Aston Villa,St James' Park,2022/2023,H,1,0,H,20,3,7,0,11,11,3,0,1,1,0,0,10/29/2022,52233,41,59,10/29/2022_Newcastle Utd_Aston Villa
119,119,14,Bournemouth,0.5,2,3,2,Tottenham,Vitality Stadium,2022/2023,A,1,0,H,6,23,4,7,10,5,2,19,1,2,0,0,10/29/2022,10430,31,69,10/29/2022_Bournemouth_Tottenham
120,120,14,Brighton,2.4,4,1,1,Chelsea,The American Express Community Stadium,2022/2023,H,3,0,H,19,15,9,7,16,6,8,7,1,2,0,0,10/29/2022,31746,59,41,10/29/2022_Brighton_Chelsea
121,121,14,Brentford,1.4,1,1,1,Wolves,Brentford Community Stadium,2022/2023,D,0,0,D,12,14,3,4,10,17,3,6,3,3,0,1,10/29/2022,17051,42,58,10/29/2022_Brentford_Wolves
122,122,14,Fulham,1.9,0,0,1,Everton,Craven Cottage,2022/2023,D,0,0,D,24,9,6,4,10,8,13,4,2,1,0,0,10/29/2022,23534,44,56,10/29/2022_Fulham_Everton
123,123,14,Liverpool,1.7,1,2,2,Leeds United,Anfield,2022/2023,A,1,1,D,22,14,10,6,9,3,14,5,0,1,0,0,10/29/2022,53274,32,68,10/29/2022_Liverpool_Leeds United
124,124,14,Arsenal,2.3,5,0,0,Nott'ham Forest,Emirates Stadium,2022/2023,H,1,0,H,24,5,10,2,9,8,9,4,0,1,0,0,10/30/2022,60263,31,69,10/30/2022_Arsenal_Nott'ham Forest
125,125,14,Manchester Utd,1.2,1,0,1,West Ham,Old Trafford,2022/2023,H,1,0,H,16,13,3,5,12,10,5,10,1,3,0,0,10/30/2022,73682,47,53,10/30/2022_Manchester Utd_West Ham
126,126,15,Leeds United,2.2,4,3,2,Bournemouth,Elland Road,2022/2023,H,1,2,A,18,9,4,6,16,10,13,3,2,2,0,0,11/5/2022,36304,60,40,11/5/2022_Leeds United_Bournemouth
127,127,15,Wolves,1.2,2,3,2,Brighton,Molineux Stadium,2022/2023,A,2,2,D,8,19,5,8,15,11,4,9,2,0,1,0,11/5/2022,30732,29,71,11/5/2022_Wolves_Brighton
128,128,15,Manchester City,2.1,2,1,1,Fulham,Etihad Stadium,2022/2023,H,1,1,D,16,4,5,2,6,11,9,0,2,4,1,0,11/5/2022,52395,30,70,11/5/2022_Manchester City_Fulham
129,129,15,Nott'ham Forest,1.5,2,2,2,Brentford,The City Ground,2022/2023,D,1,1,D,15,6,7,2,10,11,3,3,2,2,0,0,11/5/2022,28869,48,52,11/5/2022_Nott'ham Forest_Brentford
130,130,15,Everton,1.2,0,2,2,Leicester City,Goodison Park,2022/2023,A,0,1,A,12,22,2,8,9,5,8,3,0,0,0,0,11/5/2022,39206,51,49,11/5/2022_Everton_Leicester City
131,131,15,Chelsea,0.3,0,1,2,Arsenal,Stamford Bridge,2022/2023,A,0,0,D,5,14,1,2,20,13,4,6,5,2,0,0,11/6/2022,40142,45,55,11/6/2022_Chelsea_Arsenal
132,132,15,Southampton,1.7,1,4,1,Newcastle Utd,St. Mary's Stadium,2022/2023,A,0,1,A,16,7,5,4,7,10,8,2,1,0,0,0,11/6/2022,30402,55,45,11/6/2022_Southampton_Newcastle Utd
133,133,15,West Ham,0.3,1,2,1,Crystal Palace,London Stadium,2022/2023,A,1,1,D,5,15,2,6,10,7,2,5,1,1,0,0,11/6/2022,62451,42,58,11/6/2022_West Ham_Crystal Palace
134,134,15,Aston Villa,0.6,3,1,1,Manchester Utd,Villa Park,2022/2023,H,2,1,H,6,8,4,3,6,12,3,5,3,3,0,0,11/6/2022,42058,42,58,11/6/2022_Aston Villa_Manchester Utd
135,135,15,Tottenham,1.2,1,2,1,Liverpool,Tottenham Hotspur Stadium,2022/2023,A,0,2,A,14,13,5,6,10,8,5,3,0,0,0,0,11/6/2022,62008,47,53,11/6/2022_Tottenham_Liverpool
136,136,16,Manchester City,1.6,1,2,1,Brentford,Etihad Stadium,2022/2023,A,1,1,D,29,10,6,8,9,7,10,2,2,2,0,0,11/12/2022,52786,26,74,11/12/2022_Manchester City_Brentford
137,137,16,Tottenham,1.8,4,3,1,Leeds United,Tottenham Hotspur Stadium,2022/2023,H,1,2,A,14,12,8,5,8,7,9,2,1,1,0,1,11/12/2022,61667,45,55,11/12/2022_Tottenham_Leeds United
138,138,16,Nott'ham Forest,1.1,1,0,1,Crystal Palace,The City Ground,2022/2023,H,0,0,D,9,8,2,0,11,13,1,5,1,4,0,0,11/12/2022,29045,32,68,11/12/2022_Nott'ham Forest_Crystal Palace
139,139,16,West Ham,1.4,0,2,2,Leicester City,London Stadium,2022/2023,A,0,1,A,18,9,6,6,9,8,7,2,3,1,0,0,11/12/2022,62459,46,54,11/12/2022_West Ham_Leicester City
140,140,16,Liverpool,1.9,3,1,1,Southampton,Anfield,2022/2023,H,3,1,H,15,9,7,5,8,8,6,0,0,2,0,0,11/12/2022,53331,40,60,11/12/2022_Liverpool_Southampton
141,141,16,Bournemouth,2.4,3,0,1,Everton,Vitality Stadium,2022/2023,H,2,0,H,16,15,9,3,12,8,3,5,2,0,0,0,11/12/2022,10382,64,36,11/12/2022_Bournemouth_Everton
142,142,16,Newcastle Utd,1,1,0,0,Chelsea,St James' Park,2022/2023,H,0,0,D,10,5,3,2,14,11,5,3,3,2,0,0,11/12/2022,52264,51,49,11/12/2022_Newcastle Utd_Chelsea
143,143,16,Wolves,0.7,0,2,2,Arsenal,Molineux Stadium,2022/2023,A,0,0,D,11,14,2,4,5,6,6,4,3,2,0,0,11/12/2022,34624,38,62,11/12/2022_Wolves_Arsenal
144,144,16,Brighton,0.6,1,2,2,Aston Villa,The American Express Community Stadium,2022/2023,A,1,1,D,7,8,2,2,14,11,11,4,2,7,0,0,11/13/2022,31581,35,65,11/13/2022_Brighton_Aston Villa
145,145,16,Fulham,1.4,1,2,3,Manchester Utd,Craven Cottage,2022/2023,A,0,1,A,14,14,7,9,9,10,10,3,1,1,0,0,11/13/2022,24246,53,47,11/13/2022_Fulham_Manchester Utd
146,146,17,Brentford,2,2,2,1,Tottenham,Brentford Community Stadium,2022/2023,D,1,0,H,9,16,5,8,11,10,6,5,3,1,0,0,12/26/2022,17137,39,61,12/26/2022_Brentford_Tottenham
147,147,17,Crystal Palace,0.4,0,3,3,Fulham,Selhurst Park,2022/2023,A,0,1,A,4,23,0,11,12,15,1,8,0,0,2,0,12/26/2022,25176,36,64,12/26/2022_Crystal Palace_Fulham
148,148,17,Everton,1.7,1,2,1,Wolves,Goodison Park,2022/2023,A,1,1,D,12,7,6,4,9,22,2,2,1,6,0,0,12/26/2022,39252,58,42,12/26/2022_Everton_Wolves
149,149,17,Leicester City,0.5,0,3,2,Newcastle Utd,King Power Stadium,2022/2023,A,0,3,A,8,12,2,5,9,6,5,5,0,0,0,0,12/26/2022,32185,60,40,12/26/2022_Leicester City_Newcastle Utd
150,150,17,Southampton,1.9,1,3,1,Brighton,St. Mary's Stadium,2022/2023,A,0,2,A,14,7,4,4,9,10,4,2,1,2,0,0,12/26/2022,31010,34,66,12/26/2022_Southampton_Brighton
151,151,17,Aston Villa,1.4,1,3,3,Liverpool,Villa Park,2022/2023,A,0,2,A,12,16,6,9,7,12,0,6,0,0,0,0,12/26/2022,42085,48,52,12/26/2022_Aston Villa_Liverpool
152,152,17,Arsenal,2.1,3,1,1,West Ham,Emirates Stadium,2022/2023,H,0,1,A,16,8,5,4,13,17,7,5,0,2,0,0,12/26/2022,60125,34,66,12/26/2022_Arsenal_West Ham
153,153,17,Chelsea,1.8,2,0,1,Bournemouth,Stamford Bridge,2022/2023,H,2,0,H,15,9,5,4,8,10,6,8,0,0,0,0,12/27/2022,40046,40,60,12/27/2022_Chelsea_Bournemouth
154,154,17,Manchester Utd,2.4,3,0,1,Nott'ham Forest,Old Trafford,2022/2023,H,2,0,H,17,8,8,3,13,4,9,9,3,1,0,0,12/27/2022,73608,35,65,12/27/2022_Manchester Utd_Nott'ham Forest
155,155,17,Leeds United,0.6,1,3,4,Manchester City,Elland Road,2022/2023,A,0,1,A,9,26,1,9,11,14,3,5,3,3,0,0,12/28/2022,36889,31,69,12/28/2022_Leeds United_Manchester City
156,156,18,West Ham,1.3,0,2,2,Brentford,London Stadium,2022/2023,A,0,2,A,20,9,5,6,9,5,8,1,1,0,0,0,12/30/2022,62467,63,37,12/30/2022_West Ham_Brentford
157,157,18,Liverpool,2.2,2,1,1,Leicester City,Anfield,2022/2023,H,2,1,H,21,7,5,2,8,15,4,5,0,1,0,0,12/30/2022,53343,43,57,12/30/2022_Liverpool_Leicester City
158,158,18,Wolves,0.7,0,1,2,Manchester Utd,Molineux Stadium,2022/2023,A,0,0,D,10,16,3,6,11,11,7,5,1,3,0,0,12/31/2022,31658,46,54,12/31/2022_Wolves_Manchester Utd
159,159,18,Newcastle Utd,2.2,0,0,0,Leeds United,St James' Park,2022/2023,D,0,0,D,16,8,5,1,13,19,9,3,3,5,0,0,12/31/2022,52211,40,60,12/31/2022_Newcastle Utd_Leeds United
160,160,18,Fulham,1.5,2,1,1,Southampton,Craven Cottage,2022/2023,H,1,0,H,8,9,2,3,8,13,4,4,0,1,0,0,12/31/2022,24344,38,62,12/31/2022_Fulham_Southampton
161,161,18,Bournemouth,0.6,0,2,2,Crystal Palace,Vitality Stadium,2022/2023,A,0,2,A,6,15,2,6,17,11,2,7,4,1,0,0,12/31/2022,9972,59,41,12/31/2022_Bournemouth_Crystal Palace
162,162,18,Manchester City,1.7,1,1,0,Everton,Etihad Stadium,2022/2023,D,1,0,H,16,2,3,1,13,14,7,1,3,4,0,0,12/31/2022,53444,26,74,12/31/2022_Manchester City_Everton
163,163,18,Brighton,1.2,2,4,3,Arsenal,The American Express Community Stadium,2022/2023,A,0,2,A,9,14,5,7,7,11,7,4,3,3,0,0,12/31/2022,31647,68,32,12/31/2022_Brighton_Arsenal
164,164,18,Tottenham,0.7,0,2,1,Aston Villa,Tottenham Hotspur Stadium,2022/2023,A,0,0,D,6,13,2,4,15,10,5,3,4,3,0,0,1/1/2023,61651,59,41,1/1/2023_Tottenham_Aston Villa
165,165,18,Nott'ham Forest,1.4,1,1,1,Chelsea,The City Ground,2022/2023,D,0,1,A,12,7,5,2,16,14,1,2,2,2,0,0,1/1/2023,29229,29,71,1/1/2023_Nott'ham Forest_Chelsea
166,166,19,Brentford,1.6,3,1,1,Liverpool,Brentford Community Stadium,2022/2023,H,2,0,H,10,16,7,6,5,8,4,9,1,3,0,0,1/2/2023,17163,28,72,1/2/2023_Brentford_Liverpool
167,167,19,Leicester City,1.7,0,1,2,Fulham,King Power Stadium,2022/2023,A,0,1,A,15,11,6,2,12,11,6,3,2,6,0,0,1/3/2023,30813,61,39,1/3/2023_Leicester City_Fulham
168,168,19,Everton,1.3,1,4,2,Brighton,Goodison Park,2022/2023,A,0,1,A,10,19,4,8,8,10,5,2,3,1,0,0,1/3/2023,39103,49,51,1/3/2023_Everton_Brighton
169,169,19,Arsenal,1.1,0,0,1,Newcastle Utd,Emirates Stadium,2022/2023,D,0,0,D,17,8,4,1,10,16,5,5,4,4,0,0,1/3/2023,60319,34,66,1/3/2023_Arsenal_Newcastle Utd
170,170,19,Manchester Utd,2.2,3,0,1,Bournemouth,Old Trafford,2022/2023,H,1,0,H,18,7,6,4,13,7,6,5,0,3,0,0,1/3/2023,73322,42,58,1/3/2023_Manchester Utd_Bournemouth
171,171,19,Southampton,0.5,0,1,1,Nott'ham Forest,St. Mary's Stadium,2022/2023,A,0,1,A,8,11,0,1,14,17,6,2,2,2,0,0,1/4/2023,30150,63,37,1/4/2023_Southampton_Nott'ham Forest
172,172,19,Leeds United,1.6,2,2,1,West Ham,Elland Road,2022/2023,D,1,1,D,14,15,6,2,11,18,8,1,3,1,0,0,1/4/2023,36173,62,38,1/4/2023_Leeds United_West Ham
173,173,19,Crystal Palace,0.8,0,4,1,Tottenham,Selhurst Park,2022/2023,A,0,0,D,19,14,4,6,11,8,10,4,1,2,0,0,1/4/2023,25132,47,53,1/4/2023_Crystal Palace_Tottenham
174,174,19,Aston Villa,1.8,1,1,1,Wolves,Villa Park,2022/2023,D,0,1,A,13,10,4,3,6,12,7,8,1,3,0,0,1/4/2023,39978,44,56,1/4/2023_Aston Villa_Wolves
175,175,19,Chelsea,0.4,0,1,2,Manchester City,Stamford Bridge,2022/2023,A,0,0,D,8,12,2,3,9,9,3,2,2,0,0,0,1/5/2023,39998,48,52,1/5/2023_Chelsea_Manchester City
176,176,7,Fulham,1,2,1,2,Chelsea,Craven Cottage,2022/2023,H,1,0,H,8,20,3,10,12,16,5,7,4,3,0,1,1/12/2023,24460,52,48,1/12/2023_Fulham_Chelsea
177,177,20,Aston Villa,1.2,2,1,2,Leeds United,Villa Park,2022/2023,H,1,0,H,11,16,5,4,12,8,0,11,2,2,0,0,1/13/2023,42008,48,52,1/13/2023_Aston Villa_Leeds United
178,178,20,Manchester Utd,1.7,2,1,1,Manchester City,Old Trafford,2022/2023,H,0,0,D,8,5,4,1,15,5,1,2,3,0,0,0,1/14/2023,75546,30,70,1/14/2023_Manchester Utd_Manchester City
179,179,20,Nott'ham Forest,2.4,2,0,1,Leicester City,The City Ground,2022/2023,H,0,0,D,15,6,5,1,11,12,3,5,1,2,0,0,1/14/2023,29301,61,39,1/14/2023_Nott'ham Forest_Leicester City
180,180,20,Wolves,0.9,1,0,1,West Ham,Molineux Stadium,2022/2023,H,0,0,D,17,16,4,4,10,7,4,3,0,2,0,0,1/14/2023,31511,42,58,1/14/2023_Wolves_West Ham
181,181,20,Brighton,1.9,3,0,1,Liverpool,The American Express Community Stadium,2022/2023,H,0,0,D,16,6,9,2,8,15,7,1,1,3,0,0,1/14/2023,31645,61,39,1/14/2023_Brighton_Liverpool
182,182,20,Everton,1.4,1,2,1,Southampton,Goodison Park,2022/2023,A,1,0,H,12,13,4,5,7,19,6,4,0,3,0,0,1/14/2023,39305,48,52,1/14/2023_Everton_Southampton
183,183,20,Brentford,1.4,2,0,1,Bournemouth,Brentford Community Stadium,2022/2023,H,1,0,H,12,7,4,2,5,9,5,3,1,1,0,0,1/14/2023,17031,50,50,1/14/2023_Brentford_Bournemouth
184,184,20,Newcastle Utd,2.2,1,0,1,Fulham,St James' Park,2022/2023,H,0,0,D,20,5,5,0,6,14,10,5,1,3,0,0,1/15/2023,52247,38,62,1/15/2023_Newcastle Utd_Fulham
185,185,20,Chelsea,1.5,1,0,1,Crystal Palace,Stamford Bridge,2022/2023,H,0,0,D,15,10,5,5,10,17,11,7,2,5,0,0,1/15/2023,40075,61,39,1/15/2023_Chelsea_Crystal Palace
186,186,20,Tottenham,1.6,0,2,2,Arsenal,Tottenham Hotspur Stadium,2022/2023,A,0,2,A,17,14,7,5,16,15,4,3,4,2,0,0,1/15/2023,61870,51,49,1/15/2023_Tottenham_Arsenal
187,187,7,Crystal Palace,0.5,1,1,2,Manchester Utd,Selhurst Park,2022/2023,D,0,1,A,10,15,5,4,9,10,3,3,1,2,0,0,1/18/2023,23343,40,60,1/18/2023_Crystal Palace_Manchester Utd
188,188,7,Manchester City,2.3,4,2,1,Tottenham,Etihad Stadium,2022/2023,H,0,2,A,16,9,6,3,10,14,8,3,1,2,0,0,1/19/2023,53088,42,58,1/19/2023_Manchester City_Tottenham
189,189,21,Liverpool,1.4,0,0,2,Chelsea,Anfield,2022/2023,D,0,0,D,15,11,3,2,16,9,5,5,3,1,0,0,1/21/2023,53126,52,48,1/21/2023_Liverpool_Chelsea
190,190,21,Southampton,0.6,0,1,1,Aston Villa,St. Mary's Stadium,2022/2023,A,0,0,D,8,16,5,5,19,9,2,2,1,2,0,0,1/21/2023,30158,37,63,1/21/2023_Southampton_Aston Villa
191,191,21,Bournemouth,1.4,1,1,2,Nott'ham Forest,Vitality Stadium,2022/2023,D,1,0,H,16,20,4,5,10,7,4,6,1,2,0,0,1/21/2023,10248,57,43,1/21/2023_Bournemouth_Nott'ham Forest
192,192,21,Leicester City,0.9,2,2,2,Brighton,King Power Stadium,2022/2023,D,1,1,D,9,13,2,4,9,9,5,6,0,1,0,0,1/21/2023,32056,37,63,1/21/2023_Leicester City_Brighton
193,193,21,West Ham,2.2,2,0,1,Everton,London Stadium,2022/2023,H,2,0,H,11,5,4,2,9,6,4,9,1,1,0,0,1/21/2023,62470,67,33,1/21/2023_West Ham_Everton
194,194,21,Crystal Palace,0.3,0,0,1,Newcastle Utd,Selhurst Park,2022/2023,D,0,0,D,6,16,1,7,13,7,3,15,4,2,0,0,1/21/2023,25350,40,60,1/21/2023_Crystal Palace_Newcastle Utd
195,195,21,Leeds United,0.5,0,0,0,Brentford,Elland Road,2022/2023,D,0,0,D,9,6,5,0,10,18,2,3,2,2,0,0,1/22/2023,36260,58,42,1/22/2023_Leeds United_Brentford
196,196,21,Manchester City,2.8,3,0,1,Wolves,Etihad Stadium,2022/2023,H,1,0,H,13,10,7,1,10,10,5,7,1,2,0,0,1/22/2023,53282,45,55,1/22/2023_Manchester City_Wolves
197,197,21,Arsenal,3.1,3,2,0,Manchester Utd,Emirates Stadium,2022/2023,H,1,1,D,25,6,5,4,8,9,12,4,1,2,0,0,1/22/2023,60325,43,57,1/22/2023_Arsenal_Manchester Utd
198,198,21,Fulham,1,0,1,1,Tottenham,Craven Cottage,2022/2023,A,0,1,A,10,10,5,3,10,10,3,8,1,3,0,0,1/23/2023,24190,54,46,1/23/2023_Fulham_Tottenham
199,199,22,Chelsea,1.3,0,0,1,Fulham,Stamford Bridge,2022/2023,D,0,0,D,12,10,3,4,16,12,6,2,1,4,0,0,2/3/2023,40041,66,34,2/3/2023_Chelsea_Fulham
200,200,22,Everton,1.7,1,0,1,Arsenal,Goodison Park,2022/2023,H,0,0,D,12,15,4,3,13,8,7,5,4,1,0,0,2/4/2023,39314,30,70,2/4/2023_Everton_Arsenal
201,201,22,Brentford,2,3,0,1,Southampton,Brentford Community Stadium,2022/2023,H,2,0,H,14,14,4,6,10,9,4,4,1,2,0,0,2/4/2023,17051,51,49,2/4/2023_Brentford_Southampton
202,202,22,Wolves,2,3,0,2,Liverpool,Molineux Stadium,2022/2023,H,2,0,H,12,22,6,4,9,7,2,7,1,1,0,0,2/4/2023,31664,41,59,2/4/2023_Wolves_Liverpool
203,203,22,Manchester Utd,2,2,1,1,Crystal Palace,Old Trafford,2022/2023,H,1,0,H,14,10,5,3,9,9,5,5,1,2,1,0,2/4/2023,73420,48,52,2/4/2023_Manchester Utd_Crystal Palace
204,204,22,Aston Villa,1.7,2,4,3,Leicester City,Villa Park,2022/2023,A,2,3,A,19,9,4,5,10,10,11,3,0,2,0,0,2/4/2023,42055,38,62,2/4/2023_Aston Villa_Leicester City
205,205,22,Brighton,2.2,1,0,1,Bournemouth,The American Express Community Stadium,2022/2023,H,0,0,D,20,12,6,2,14,7,7,3,3,1,0,0,2/4/2023,31600,29,71,2/4/2023_Brighton_Bournemouth
206,206,22,Newcastle Utd,1,1,1,1,West Ham,St James' Park,2022/2023,D,1,1,D,8,10,2,1,11,13,4,2,2,1,0,0,2/4/2023,52256,38,62,2/4/2023_Newcastle Utd_West Ham
207,207,22,Nott'ham Forest,0.4,1,0,1,Leeds United,The City Ground,2022/2023,H,1,0,H,6,10,2,4,15,14,0,2,4,2,0,0,2/5/2023,29363,70,30,2/5/2023_Nott'ham Forest_Leeds United
208,208,22,Tottenham,1.4,1,0,1,Manchester City,Tottenham Hotspur Stadium,2022/2023,H,1,0,H,12,15,3,5,19,14,4,6,2,3,1,0,2/5/2023,61747,36,64,2/5/2023_Tottenham_Manchester City
209,209,8,Manchester Utd,2,2,2,1,Leeds United,Old Trafford,2022/2023,D,0,1,A,24,8,7,2,7,11,6,5,1,3,0,0,2/8/2023,73456,34,66,2/8/2023_Manchester Utd_Leeds United
210,210,23,West Ham,1.3,1,1,1,Chelsea,London Stadium,2022/2023,D,1,1,D,10,12,2,4,9,11,5,6,1,1,0,0,2/11/2023,62471,29,71,2/11/2023_West Ham_Chelsea
211,211,23,Arsenal,1.6,1,1,2,Brentford,Emirates Stadium,2022/2023,D,0,0,D,23,9,7,2,9,9,7,4,0,2,0,0,2/11/2023,60254,31,69,2/11/2023_Arsenal_Brentford
212,212,23,Leicester City,1.7,4,1,1,Tottenham,King Power Stadium,2022/2023,H,3,1,H,15,11,7,4,14,9,1,5,5,2,0,0,2/11/2023,32184,49,51,2/11/2023_Leicester City_Tottenham
213,213,23,Fulham,1.5,2,0,1,Nott'ham Forest,Craven Cottage,2022/2023,H,1,0,H,16,10,3,1,9,11,5,4,0,1,0,0,2/11/2023,24244,50,50,2/11/2023_Fulham_Nott'ham Forest
214,214,23,Crystal Palace,1.1,1,1,3,Brighton,Selhurst Park,2022/2023,D,0,0,D,6,17,1,7,10,11,1,6,4,1,0,0,2/11/2023,24827,27,73,2/11/2023_Crystal Palace_Brighton
215,215,23,Southampton,1.1,1,2,1,Wolves,St. Mary's Stadium,2022/2023,A,1,0,H,17,11,2,2,12,14,5,2,2,2,0,1,2/11/2023,29751,41,59,2/11/2023_Southampton_Wolves
216,216,23,Bournemouth,1.5,1,1,1,Newcastle Utd,Vitality Stadium,2022/2023,D,1,1,D,11,15,5,7,8,10,4,6,2,3,0,0,2/11/2023,10419,34,66,2/11/2023_Bournemouth_Newcastle Utd
217,217,23,Leeds United,1.8,0,2,1,Manchester Utd,Elland Road,2022/2023,A,0,0,D,16,11,6,5,10,13,7,3,2,1,0,0,2/12/2023,36919,34,66,2/12/2023_Leeds United_Manchester Utd
218,218,23,Manchester City,3.3,3,1,0,Aston Villa,Etihad Stadium,2022/2023,H,3,0,H,17,6,9,2,13,14,8,4,1,2,0,0,2/12/2023,53392,33,67,2/12/2023_Manchester City_Aston Villa
219,219,23,Liverpool,2.3,2,0,0,Everton,Anfield,2022/2023,H,1,0,H,15,6,6,1,8,16,3,3,1,3,0,0,2/13/2023,53027,41,59,2/13/2023_Liverpool_Everton
220,220,12,Arsenal,1.6,1,3,2,Manchester City,Emirates Stadium,2022/2023,A,1,1,D,10,9,1,6,11,15,1,3,2,3,0,0,2/15/2023,60276,63,37,2/15/2023_Arsenal_Manchester City
221,221,24,Aston Villa,0.5,2,4,3,Arsenal,Villa Park,2022/2023,A,2,1,H,7,20,5,5,13,4,2,9,2,1,0,0,2/18/2023,42066,33,67,2/18/2023_Aston Villa_Arsenal
222,222,24,Brighton,2.2,0,1,0,Fulham,The American Express Community Stadium,2022/2023,A,0,0,D,21,5,7,2,12,14,10,2,0,5,0,0,2/18/2023,31619,35,65,2/18/2023_Brighton_Fulham
223,223,24,Brentford,0.9,1,1,1,Crystal Palace,Brentford Community Stadium,2022/2023,D,0,0,D,12,10,5,4,10,8,2,6,2,2,0,0,2/18/2023,17122,41,59,2/18/2023_Brentford_Crystal Palace
224,224,24,Everton,1.4,1,0,1,Leeds United,Goodison Park,2022/2023,H,0,0,D,15,8,6,0,8,6,6,4,2,3,0,0,2/18/2023,39232,49,51,2/18/2023_Everton_Leeds United
225,225,24,Chelsea,1.6,0,1,1,Southampton,Stamford Bridge,2022/2023,A,0,1,A,17,8,5,5,16,24,8,2,3,6,0,0,2/18/2023,40152,38,62,2/18/2023_Chelsea_Southampton
226,226,24,Wolves,1.3,0,1,1,Bournemouth,Molineux Stadium,2022/2023,A,0,0,D,15,5,4,1,12,10,12,2,3,3,0,0,2/18/2023,31222,32,68,2/18/2023_Wolves_Bournemouth
227,227,24,Nott'ham Forest,0.9,1,1,2,Manchester City,The City Ground,2022/2023,D,0,1,A,4,26,1,6,8,6,0,10,1,0,0,0,2/18/2023,29365,27,73,2/18/2023_Nott'ham Forest_Manchester City
228,228,24,Newcastle Utd,2,0,2,2,Liverpool,St James' Park,2022/2023,A,0,2,A,14,13,4,7,3,8,6,7,1,1,1,0,2/18/2023,52758,62,38,2/18/2023_Newcastle Utd_Liverpool
229,229,24,Manchester Utd,4.4,3,0,2,Leicester City,Old Trafford,2022/2023,H,1,0,H,26,19,8,3,9,9,6,6,0,2,0,0,2/19/2023,73578,43,57,2/19/2023_Manchester Utd_Leicester City
230,230,24,Tottenham,1.5,2,0,1,West Ham,Tottenham Hotspur Stadium,2022/2023,H,0,0,D,16,6,6,1,16,10,4,7,2,1,0,0,2/19/2023,61476,43,57,2/19/2023_Tottenham_West Ham
231,231,25,Fulham,0.5,1,1,1,Wolves,Craven Cottage,2022/2023,D,0,1,A,10,8,5,2,12,17,4,3,2,0,0,0,2/24/2023,24399,49,51,2/24/2023_Fulham_Wolves
232,232,25,Leicester City,0,0,1,1,Arsenal,King Power Stadium,2022/2023,A,0,0,D,1,10,0,2,14,9,0,8,0,1,0,0,2/25/2023,32227,35,65,2/25/2023_Leicester City_Arsenal
233,233,25,Everton,1.6,0,2,2,Aston Villa,Goodison Park,2022/2023,A,0,0,D,15,9,5,5,12,12,5,1,2,1,0,0,2/25/2023,39309,47,53,2/25/2023_Everton_Aston Villa
234,234,25,Leeds United,0.9,1,0,0,Southampton,Elland Road,2022/2023,H,0,0,D,14,8,4,2,15,13,9,2,2,4,0,0,2/25/2023,36641,39,61,2/25/2023_Leeds United_Southampton
235,235,25,West Ham,2.7,4,0,0,Nott'ham Forest,London Stadium,2022/2023,H,0,0,D,18,8,5,3,8,5,12,3,0,0,0,0,2/25/2023,62469,51,49,2/25/2023_West Ham_Nott'ham Forest
236,236,25,Bournemouth,1,1,4,2,Manchester City,Vitality Stadium,2022/2023,A,0,3,A,13,20,2,5,10,9,4,6,2,2,0,0,2/25/2023,10481,35,65,2/25/2023_Bournemouth_Manchester City
237,237,25,Crystal Palace,0.7,0,0,1,Liverpool,Selhurst Park,2022/2023,D,0,0,D,6,12,0,4,11,14,5,3,2,5,0,0,2/25/2023,25842,37,63,2/25/2023_Crystal Palace_Liverpool
238,238,25,Tottenham,0.8,2,0,0,Chelsea,Tottenham Hotspur Stadium,2022/2023,H,0,0,D,8,10,3,2,10,10,4,4,2,3,0,0,2/26/2023,61613,59,41,2/26/2023_Tottenham_Chelsea
239,239,7,Arsenal,2.4,4,0,1,Everton,Emirates Stadium,2022/2023,H,2,0,H,15,8,5,5,5,12,5,1,0,2,0,0,3/1/2023,60213,27,73,3/1/2023_Arsenal_Everton
240,240,7,Liverpool,2.6,2,0,1,Wolves,Anfield,2022/2023,H,0,0,D,15,4,6,1,13,14,5,2,2,3,0,0,3/1/2023,53259,43,57,3/1/2023_Liverpool_Wolves
241,241,26,Manchester City,1.3,2,0,0,Newcastle Utd,Etihad Stadium,2022/2023,H,1,0,H,11,5,3,2,8,13,8,4,2,4,0,0,3/4/2023,53419,44,56,3/4/2023_Manchester City_Newcastle Utd
242,242,26,Chelsea,1.5,1,0,1,Leeds United,Stamford Bridge,2022/2023,H,0,0,D,13,11,3,2,10,7,5,7,2,0,0,0,3/4/2023,39905,43,57,3/4/2023_Chelsea_Leeds United
243,243,26,Aston Villa,1.2,1,0,0,Crystal Palace,Villa Park,2022/2023,H,1,0,H,8,3,1,0,14,17,2,4,2,3,0,1,3/4/2023,41893,42,58,3/4/2023_Aston Villa_Crystal Palace
244,244,26,Wolves,0.5,1,0,1,Tottenham,Molineux Stadium,2022/2023,H,0,0,D,8,21,5,6,11,18,4,8,1,1,0,0,3/4/2023,31585,46,54,3/4/2023_Wolves_Tottenham
245,245,26,Brighton,3.5,4,0,0,West Ham,The American Express Community Stadium,2022/2023,H,1,0,H,20,3,9,2,6,8,7,3,0,3,0,0,3/4/2023,31523,35,65,3/4/2023_Brighton_West Ham
246,246,26,Arsenal,2.1,3,2,1,Bournemouth,Emirates Stadium,2022/2023,H,0,1,A,31,4,9,4,6,8,17,1,0,2,0,0,3/4/2023,60222,21,79,3/4/2023_Arsenal_Bournemouth
247,247,26,Southampton,1.4,1,0,2,Leicester City,St. Mary's Stadium,2022/2023,H,1,0,H,11,11,5,0,12,11,3,4,4,2,0,0,3/4/2023,30139,35,65,3/4/2023_Southampton_Leicester City
248,248,26,Nott'ham Forest,0.8,2,2,2,Everton,The City Ground,2022/2023,D,1,2,A,10,10,4,3,11,17,3,3,3,5,0,0,3/5/2023,29353,43,57,3/5/2023_Nott'ham Forest_Everton
249,249,26,Liverpool,2.8,7,0,1,Manchester Utd,Anfield,2022/2023,H,1,0,H,18,8,8,4,13,14,4,3,2,3,0,0,3/5/2023,53001,59,41,3/5/2023_Liverpool_Manchester Utd
250,250,26,Brentford,2.1,3,2,1,Fulham,Brentford Community Stadium,2022/2023,H,1,1,D,14,9,6,5,12,17,2,3,0,3,0,0,3/6/2023,17025,63,37,3/6/2023_Brentford_Fulham
251,251,27,Bournemouth,0.9,1,0,2,Liverpool,Vitality Stadium,2022/2023,H,1,0,H,5,15,2,6,7,9,3,8,2,1,0,0,3/11/2023,10536,31,69,3/11/2023_Bournemouth_Liverpool
252,252,27,Tottenham,2,3,1,2,Nott'ham Forest,Tottenham Hotspur Stadium,2022/2023,H,2,0,H,15,9,7,5,13,13,2,10,3,1,0,0,3/11/2023,61460,45,55,3/11/2023_Tottenham_Nott'ham Forest
253,253,27,Everton,1,1,0,2,Brentford,Goodison Park,2022/2023,H,1,0,H,13,12,6,4,11,12,5,8,2,1,0,0,3/11/2023,39274,33,67,3/11/2023_Everton_Brentford
254,254,27,Leicester City,2.4,1,3,2,Chelsea,King Power Stadium,2022/2023,A,1,2,A,17,12,7,6,10,11,2,5,1,2,1,0,3/11/2023,32170,48,52,3/11/2023_Leicester City_Chelsea
255,255,27,Leeds United,0.9,2,2,3,Brighton,Elland Road,2022/2023,D,1,1,D,12,14,4,2,12,9,4,7,1,1,0,0,3/11/2023,36471,38,62,3/11/2023_Leeds United_Brighton
256,256,27,Crystal Palace,0.2,0,1,2,Manchester City,Selhurst Park,2022/2023,A,0,0,D,4,14,0,4,11,17,2,6,2,2,0,0,3/11/2023,25844,33,67,3/11/2023_Crystal Palace_Manchester City
257,257,27,Fulham,0.8,0,3,2,Arsenal,Craven Cottage,2022/2023,A,0,3,A,12,15,2,7,10,9,4,8,0,1,0,0,3/12/2023,24426,45,55,3/12/2023_Fulham_Arsenal
258,258,27,West Ham,2.1,1,1,2,Aston Villa,London Stadium,2022/2023,D,1,1,D,17,12,6,4,8,6,13,2,1,0,0,0,3/12/2023,62472,41,59,3/12/2023_West Ham_Aston Villa
259,259,27,Manchester Utd,0.8,0,0,1,Southampton,Old Trafford,2022/2023,D,0,0,D,10,17,4,4,12,9,7,8,2,0,0,0,3/12/2023,73439,53,47,3/12/2023_Manchester Utd_Southampton
260,260,27,Newcastle Utd,1.8,2,1,1,Wolves,St James' Park,2022/2023,H,1,0,H,19,7,8,4,11,10,10,3,1,2,0,0,3/12/2023,52240,57,43,3/12/2023_Newcastle Utd_Wolves
261,261,7,Southampton,0.5,0,2,2,Brentford,St. Mary's Stadium,2022/2023,A,0,1,A,7,11,1,5,14,10,3,3,1,2,0,0,3/15/2023,30438,66,34,3/15/2023_Southampton_Brentford
262,262,8,Brighton,0.6,1,0,1,Crystal Palace,The American Express Community Stadium,2022/2023,H,1,0,H,11,11,5,3,13,20,1,4,1,2,0,0,3/15/2023,30933,43,57,3/15/2023_Brighton_Crystal Palace
263,263,28,Nott'ham Forest,0.4,1,2,2,Newcastle Utd,The City Ground,2022/2023,A,1,1,D,5,15,3,4,17,9,3,7,5,1,0,0,3/17/2023,29362,39,61,3/17/2023_Nott'ham Forest_Newcastle Utd
264,264,28,Wolves,2.7,2,4,2,Leeds United,Molineux Stadium,2022/2023,A,0,1,A,23,11,8,4,15,9,5,4,3,5,1,0,3/18/2023,31570,35,65,3/18/2023_Wolves_Leeds United
265,265,28,Brentford,0.6,1,1,1,Leicester City,Brentford Community Stadium,2022/2023,D,1,0,H,11,14,2,1,10,11,8,4,1,2,1,0,3/18/2023,17006,47,53,3/18/2023_Brentford_Leicester City
266,266,28,Aston Villa,3.5,3,0,1,Bournemouth,Villa Park,2022/2023,H,1,0,H,20,10,9,3,8,13,9,6,1,4,0,0,3/18/2023,41021,44,56,3/18/2023_Aston Villa_Bournemouth
267,267,28,Southampton,2.4,3,3,2,Tottenham,St. Mary's Stadium,2022/2023,D,0,1,A,19,17,7,3,13,8,10,3,1,1,0,0,3/18/2023,30157,51,49,3/18/2023_Southampton_Tottenham
268,268,28,Chelsea,2.3,2,2,1,Everton,Stamford Bridge,2022/2023,D,0,0,D,20,12,7,3,8,12,8,2,2,2,0,0,3/18/2023,40025,32,68,3/18/2023_Chelsea_Everton
269,269,28,Arsenal,1.6,4,1,1,Crystal Palace,Emirates Stadium,2022/2023,H,2,0,H,15,8,5,4,8,10,5,4,0,1,0,0,3/19/2023,60247,38,62,3/19/2023_Arsenal_Crystal Palace
270,270,29,Manchester City,2.9,4,1,0,Liverpool,Etihad Stadium,2022/2023,H,1,1,D,17,4,8,1,9,12,7,1,1,1,0,0,4/1/2023,52877,32,68,4/1/2023_Manchester City_Liverpool
271,271,29,Arsenal,3.8,4,1,1,Leeds United,Emirates Stadium,2022/2023,H,1,0,H,13,7,6,5,11,13,4,3,0,2,0,0,4/1/2023,60283,34,66,4/1/2023_Arsenal_Leeds United
272,272,29,Bournemouth,2.6,2,1,1,Fulham,Vitality Stadium,2022/2023,H,0,1,A,12,10,7,2,15,13,4,3,1,4,0,0,4/1/2023,10305,43,57,4/1/2023_Bournemouth_Fulham
273,273,29,Crystal Palace,2.3,2,1,0,Leicester City,Selhurst Park,2022/2023,H,0,0,D,31,3,9,2,12,16,10,1,3,4,0,0,4/1/2023,25147,48,52,4/1/2023_Crystal Palace_Leicester City
274,274,29,Brighton,4.2,3,3,2,Brentford,The American Express Community Stadium,2022/2023,D,2,2,D,33,7,15,5,16,10,14,0,2,1,0,0,4/1/2023,31493,28,72,4/1/2023_Brighton_Brentford
275,275,29,Nott'ham Forest,1.3,1,1,1,Wolves,The City Ground,2022/2023,D,1,0,H,17,8,7,1,14,13,4,3,3,5,0,0,4/1/2023,29368,29,71,4/1/2023_Nott'ham Forest_Wolves
276,276,29,Chelsea,2.1,0,2,1,Aston Villa,Stamford Bridge,2022/2023,A,0,1,A,27,5,8,2,14,16,13,2,3,3,0,0,4/1/2023,40082,69,31,4/1/2023_Chelsea_Aston Villa
277,277,29,West Ham,1.4,1,0,0,Southampton,London Stadium,2022/2023,H,1,0,H,12,9,2,3,10,11,5,3,0,2,0,0,4/2/2023,62498,57,43,4/2/2023_West Ham_Southampton
278,278,29,Newcastle Utd,3.7,2,0,0,Manchester Utd,St James' Park,2022/2023,H,0,0,D,22,6,6,1,8,12,7,4,0,0,0,0,4/2/2023,52268,46,54,4/2/2023_Newcastle Utd_Manchester Utd
279,279,29,Everton,0.9,1,1,1,Tottenham,Goodison Park,2022/2023,D,0,0,D,15,8,6,2,10,14,3,3,0,3,1,1,4/3/2023,39294,39,61,4/3/2023_Everton_Tottenham
280,280,7,Leeds United,1.8,2,1,1,Nott'ham Forest,Elland Road,2022/2023,H,2,1,H,21,13,6,1,11,13,11,4,1,4,0,0,4/4/2023,36740,61,39,4/4/2023_Leeds United_Nott'ham Forest
281,281,7,Leicester City,0.5,1,2,1,Aston Villa,King Power Stadium,2022/2023,A,1,1,D,9,15,4,5,10,14,4,8,2,0,1,0,4/4/2023,32087,36,64,4/4/2023_Leicester City_Aston Villa
282,282,7,Bournemouth,1.7,0,2,3,Brighton,Vitality Stadium,2022/2023,A,0,1,A,14,16,3,6,11,5,5,5,1,1,0,0,4/4/2023,10266,37,63,4/4/2023_Bournemouth_Brighton
283,283,8,Chelsea,2.2,0,0,0,Liverpool,Stamford Bridge,2022/2023,D,0,0,D,12,7,3,4,6,17,3,5,1,4,0,0,4/4/2023,40093,49,51,4/4/2023_Chelsea_Liverpool
284,284,7,West Ham,1,1,5,3,Newcastle Utd,London Stadium,2022/2023,A,1,2,A,7,15,2,8,11,12,7,6,2,1,0,0,4/5/2023,62481,42,58,4/5/2023_West Ham_Newcastle Utd
285,285,25,Manchester Utd,1.2,1,0,1,Brentford,Old Trafford,2022/2023,H,1,0,H,18,6,3,1,8,13,12,3,3,2,0,0,4/5/2023,73309,36,64,4/5/2023_Manchester Utd_Brentford
286,286,30,Manchester Utd,3.4,2,0,1,Everton,Old Trafford,2022/2023,H,1,0,H,29,15,11,1,10,9,10,4,0,0,0,0,4/8/2023,73509,37,63,4/8/2023_Manchester Utd_Everton
287,287,30,Fulham,0.7,0,1,1,West Ham,Craven Cottage,2022/2023,A,0,1,A,16,9,3,5,10,12,11,4,1,1,0,0,4/8/2023,24491,24,76,4/8/2023_Fulham_West Ham
288,288,30,Wolves,0.6,1,0,1,Chelsea,Molineux Stadium,2022/2023,H,1,0,H,9,13,4,1,14,10,8,8,2,5,0,0,4/8/2023,31614,38,62,4/8/2023_Wolves_Chelsea
289,289,30,Tottenham,0.8,2,1,1,Brighton,Tottenham Hotspur Stadium,2022/2023,H,1,1,D,9,17,3,4,15,15,3,7,3,1,0,0,4/8/2023,61405,35,65,4/8/2023_Tottenham_Brighton
290,290,30,Leicester City,0.6,0,1,2,Bournemouth,King Power Stadium,2022/2023,A,0,1,A,14,19,4,7,10,13,6,6,0,3,0,0,4/8/2023,32094,51,49,4/8/2023_Leicester City_Bournemouth
291,291,30,Brentford,2.6,1,2,1,Newcastle Utd,Brentford Community Stadium,2022/2023,A,1,0,H,12,10,6,4,10,15,6,5,0,0,0,0,4/8/2023,17107,42,58,4/8/2023_Brentford_Newcastle Utd
292,292,30,Aston Villa,1.3,2,0,0,Nott'ham Forest,Villa Park,2022/2023,H,0,0,D,8,6,3,2,7,17,1,8,3,4,0,0,4/8/2023,42076,37,63,4/8/2023_Aston Villa_Nott'ham Forest
293,293,30,Southampton,0.4,1,4,3,Manchester City,St. Mary's Stadium,2022/2023,A,0,1,A,4,13,1,8,6,10,0,10,0,2,0,0,4/8/2023,30963,27,73,4/8/2023_Southampton_Manchester City
294,294,30,Leeds United,0.9,1,5,3,Crystal Palace,Elland Road,2022/2023,A,1,1,D,11,16,7,8,11,8,2,4,3,1,0,0,4/9/2023,36427,48,52,4/9/2023_Leeds United_Crystal Palace
295,295,30,Liverpool,3.9,2,2,1,Arsenal,Anfield,2022/2023,D,1,2,A,21,9,6,5,11,11,5,4,4,4,0,0,4/9/2023,53267,59,41,4/9/2023_Liverpool_Arsenal
296,296,31,Aston Villa,1.9,3,0,1,Newcastle Utd,Villa Park,2022/2023,H,1,0,H,16,8,6,2,13,15,7,2,1,1,0,0,4/15/2023,42055,52,48,4/15/2023_Aston Villa_Newcastle Utd
297,297,31,Southampton,0.8,0,2,1,Crystal Palace,St. Mary's Stadium,2022/2023,A,0,0,D,11,9,4,2,6,13,6,2,3,1,0,0,4/15/2023,30309,58,42,4/15/2023_Southampton_Crystal Palace
298,298,31,Everton,1.4,1,3,2,Fulham,Goodison Park,2022/2023,A,1,1,D,15,21,7,7,10,6,4,8,3,2,0,0,4/15/2023,39241,46,54,4/15/2023_Everton_Fulham
299,299,31,Tottenham,2.2,2,3,1,Bournemouth,Tottenham Hotspur Stadium,2022/2023,A,1,1,D,24,6,8,6,8,9,8,1,1,2,0,0,4/15/2023,61369,42,58,4/15/2023_Tottenham_Bournemouth
300,300,31,Chelsea,0.5,1,2,3,Brighton,Stamford Bridge,2022/2023,A,1,1,D,8,26,2,10,11,11,2,8,2,2,0,0,4/15/2023,40126,43,57,4/15/2023_Chelsea_Brighton
301,301,31,Wolves,0.8,2,0,1,Brentford,Molineux Stadium,2022/2023,H,1,0,H,11,10,9,3,12,8,5,2,1,1,0,0,4/15/2023,30769,50,50,4/15/2023_Wolves_Brentford
302,302,31,Manchester City,1.6,3,1,2,Leicester City,Etihad Stadium,2022/2023,H,3,0,H,12,10,4,4,8,8,6,2,1,1,0,0,4/15/2023,53329,30,70,4/15/2023_Manchester City_Leicester City
303,303,31,West Ham,1.8,2,2,3,Arsenal,London Stadium,2022/2023,D,1,2,A,16,11,3,5,11,8,7,2,1,2,0,0,4/16/2023,62481,30,70,4/16/2023_West Ham_Arsenal
304,304,31,Nott'ham Forest,0.7,0,2,4,Manchester Utd,The City Ground,2022/2023,A,0,1,A,6,22,0,8,9,9,4,9,2,2,0,0,4/16/2023,29435,32,68,4/16/2023_Nott'ham Forest_Manchester Utd
305,305,31,Leeds United,1.4,1,6,3,Liverpool,Elland Road,2022/2023,A,0,2,A,13,13,3,7,6,12,4,2,0,1,0,0,4/17/2023,36657,27,73,4/17/2023_Leeds United_Liverpool
306,306,32,Arsenal,2.4,3,3,1,Southampton,Emirates Stadium,2022/2023,D,1,2,A,25,8,6,6,10,14,7,2,1,5,0,0,4/21/2023,60175,26,74,4/21/2023_Arsenal_Southampton
307,307,32,Fulham,1.7,2,1,1,Leeds United,Craven Cottage,2022/2023,H,0,0,D,12,10,5,2,10,15,8,6,1,4,0,0,4/22/2023,24356,50,50,4/22/2023_Fulham_Leeds United
308,308,32,Brentford,2.7,1,1,2,Aston Villa,Brentford Community Stadium,2022/2023,D,0,0,D,6,14,5,2,12,8,8,4,3,2,0,0,4/22/2023,17098,44,56,4/22/2023_Brentford_Aston Villa
309,309,32,Crystal Palace,0.5,0,0,0,Everton,Selhurst Park,2022/2023,D,0,0,D,12,10,2,5,12,14,8,1,1,1,0,1,4/22/2023,25202,44,56,4/22/2023_Crystal Palace_Everton
310,310,32,Liverpool,2.8,3,2,1,Nott'ham Forest,Anfield,2022/2023,H,0,0,D,18,11,6,5,9,12,9,3,0,1,0,0,4/22/2023,53254,20,80,4/22/2023_Liverpool_Nott'ham Forest
311,311,32,Leicester City,2.4,2,1,1,Wolves,King Power Stadium,2022/2023,H,1,1,D,15,16,8,3,17,16,1,7,1,3,0,0,4/22/2023,32053,42,58,4/22/2023_Leicester City_Wolves
312,312,32,Bournemouth,1.5,0,4,2,West Ham,Vitality Stadium,2022/2023,A,0,3,A,17,18,5,10,7,8,8,5,1,2,0,0,4/23/2023,10465,64,36,4/23/2023_Bournemouth_West Ham
313,313,32,Newcastle Utd,3.7,6,1,1,Tottenham,St James' Park,2022/2023,H,5,0,H,25,11,8,3,7,13,9,3,0,3,0,0,4/23/2023,52252,44,56,4/23/2023_Newcastle Utd_Tottenham
314,314,33,Wolves,1.4,2,0,1,Crystal Palace,Molineux Stadium,2022/2023,H,1,0,H,9,14,3,4,13,14,6,11,5,4,0,0,4/25/2023,30294,41,59,4/25/2023_Wolves_Crystal Palace
315,315,33,Aston Villa,1,1,0,0,Fulham,Villa Park,2022/2023,H,1,0,H,14,1,3,0,6,18,8,2,3,2,0,0,4/25/2023,41046,49,51,4/25/2023_Aston Villa_Fulham
316,316,33,Leeds United,1.5,1,1,2,Leicester City,Elland Road,2022/2023,D,1,0,H,13,15,3,3,14,15,3,6,4,2,0,0,4/25/2023,36666,41,59,4/25/2023_Leeds United_Leicester City
317,317,33,Nott'ham Forest,2.4,3,1,2,Brighton,The City Ground,2022/2023,H,1,1,D,12,17,5,7,7,8,2,7,2,0,0,0,4/26/2023,28808,26,74,4/26/2023_Nott'ham Forest_Brighton
318,318,33,Chelsea,1.3,0,2,1,Brentford,Stamford Bridge,2022/2023,A,0,1,A,15,7,4,1,5,13,5,2,1,2,0,0,4/26/2023,39929,71,29,4/26/2023_Chelsea_Brentford
319,319,33,West Ham,0.8,1,2,2,Liverpool,London Stadium,2022/2023,A,1,1,D,7,20,2,4,6,8,3,6,0,0,0,0,4/26/2023,62473,28,72,4/26/2023_West Ham_Liverpool
320,320,33,Manchester City,2.5,4,1,1,Arsenal,Etihad Stadium,2022/2023,H,2,0,H,14,8,9,2,13,13,1,3,3,1,0,0,4/26/2023,53482,48,52,4/26/2023_Manchester City_Arsenal
321,321,33,Southampton,0.5,0,1,1,Bournemouth,St. Mary's Stadium,2022/2023,A,0,0,D,11,16,2,2,9,11,6,4,0,3,0,0,4/27/2023,30414,57,43,4/27/2023_Southampton_Bournemouth
322,322,33,Everton,0.9,1,4,2,Newcastle Utd,Goodison Park,2022/2023,A,0,1,A,13,15,5,8,8,6,3,14,2,1,0,0,4/27/2023,39248,40,60,4/27/2023_Everton_Newcastle Utd
323,323,33,Tottenham,2.5,2,2,2,Manchester Utd,Tottenham Hotspur Stadium,2022/2023,D,0,2,A,18,17,7,8,8,7,6,8,1,2,0,0,4/27/2023,61586,40,60,4/27/2023_Tottenham_Manchester Utd
324,324,34,Crystal Palace,2.1,4,3,2,West Ham,Selhurst Park,2022/2023,H,3,2,H,16,8,6,4,9,17,8,5,1,2,0,0,4/29/2023,25148,41,59,4/29/2023_Crystal Palace_West Ham
325,325,34,Brentford,1.6,2,1,1,Nott'ham Forest,Brentford Community Stadium,2022/2023,H,0,1,A,14,5,8,3,6,13,6,0,1,2,0,0,4/29/2023,17080,32,68,4/29/2023_Brentford_Nott'ham Forest
326,326,34,Brighton,3.3,6,0,1,Wolves,The American Express Community Stadium,2022/2023,H,4,0,H,22,10,8,2,14,11,2,5,1,1,0,0,4/29/2023,31584,43,57,4/29/2023_Brighton_Wolves
327,327,34,Fulham,0.2,1,2,3,Manchester City,Craven Cottage,2022/2023,A,1,2,A,4,12,1,9,9,10,2,5,1,3,0,0,4/30/2023,24498,38,62,4/30/2023_Fulham_Manchester City
328,328,34,Manchester Utd,1.2,1,0,1,Aston Villa,Old Trafford,2022/2023,H,1,0,H,14,7,6,1,16,7,1,4,2,0,0,0,4/30/2023,73592,43,57,4/30/2023_Manchester Utd_Aston Villa
329,329,34,Newcastle Utd,4.3,3,1,1,Southampton,St James' Park,2022/2023,H,0,1,A,22,4,5,3,7,10,11,2,1,4,0,0,4/30/2023,52234,37,63,4/30/2023_Newcastle Utd_Southampton
330,330,34,Bournemouth,1.9,4,1,2,Leeds United,Vitality Stadium,2022/2023,H,2,1,H,12,15,7,6,12,14,2,6,1,0,0,0,4/30/2023,10434,58,42,4/30/2023_Bournemouth_Leeds United
331,331,34,Liverpool,2.2,4,3,2,Tottenham,Anfield,2022/2023,H,3,1,H,12,10,4,7,12,6,5,2,3,2,0,0,4/30/2023,53275,33,67,4/30/2023_Liverpool_Tottenham
332,332,34,Leicester City,3.4,2,2,3,Everton,King Power Stadium,2022/2023,D,2,1,H,15,23,6,8,10,12,2,9,4,1,0,0,5/1/2023,32173,54,46,5/1/2023_Leicester City_Everton
333,333,34,Arsenal,1.7,3,1,1,Chelsea,Emirates Stadium,2022/2023,H,3,0,H,16,7,10,4,10,10,7,2,0,2,0,0,5/2/2023,60144,45,55,5/2/2023_Arsenal_Chelsea
334,334,28,Liverpool,1.8,1,0,1,Fulham,Anfield,2022/2023,H,1,0,H,15,9,3,3,10,8,7,5,0,0,0,0,5/3/2023,52602,43,57,5/3/2023_Liverpool_Fulham
335,335,28,Manchester City,2.3,3,0,0,West Ham,Etihad Stadium,2022/2023,H,0,0,D,16,6,7,2,8,8,6,3,0,1,0,0,5/3/2023,53305,31,69,5/3/2023_Manchester City_West Ham
336,336,28,Brighton,2.3,1,0,1,Manchester Utd,The American Express Community Stadium,2022/2023,H,0,0,D,22,16,6,5,10,14,8,6,4,4,0,0,5/4/2023,31577,59,41,5/4/2023_Brighton_Manchester Utd
337,337,35,Tottenham,0.9,1,0,0,Crystal Palace,Tottenham Hotspur Stadium,2022/2023,H,1,0,H,8,7,3,2,15,14,8,4,3,5,0,0,5/6/2023,61093,44,56,5/6/2023_Tottenham_Crystal Palace
338,338,35,Manchester City,2.6,2,1,0,Leeds United,Etihad Stadium,2022/2023,H,2,0,H,18,4,6,2,3,16,10,1,0,3,0,0,5/6/2023,53406,20,80,5/6/2023_Manchester City_Leeds United
339,339,35,Bournemouth,1.2,1,3,1,Chelsea,Vitality Stadium,2022/2023,A,1,1,D,10,11,4,5,9,11,7,7,1,3,0,0,5/6/2023,10357,35,65,5/6/2023_Bournemouth_Chelsea
340,340,35,Wolves,0.8,1,0,2,Aston Villa,Molineux Stadium,2022/2023,H,1,0,H,6,16,2,3,20,9,5,6,3,3,0,0,5/6/2023,31641,38,62,5/6/2023_Wolves_Aston Villa
341,341,35,Liverpool,2.2,1,0,0,Brentford,Anfield,2022/2023,H,1,0,H,15,5,5,1,19,10,7,3,4,2,0,0,5/6/2023,52838,46,54,5/6/2023_Liverpool_Brentford
342,342,35,Newcastle Utd,1.3,0,2,1,Arsenal,St James' Park,2022/2023,A,0,1,A,12,10,5,6,16,12,9,4,2,1,0,0,5/7/2023,50267,55,45,5/7/2023_Newcastle Utd_Arsenal
343,343,35,West Ham,1.3,1,0,1,Manchester Utd,London Stadium,2022/2023,H,1,0,H,15,19,4,4,4,9,5,6,0,2,0,0,5/7/2023,62477,35,65,5/7/2023_West Ham_Manchester Utd
344,344,35,Fulham,1.6,5,3,3,Leicester City,Craven Cottage,2022/2023,H,3,0,H,17,18,7,9,13,15,2,7,0,3,0,0,5/8/2023,24442,43,57,5/8/2023_Fulham_Leicester City
345,345,35,Brighton,3.2,1,5,2,Everton,The American Express Community Stadium,2022/2023,A,0,3,A,23,10,5,5,11,13,15,1,1,5,0,0,5/8/2023,31567,22,78,5/8/2023_Brighton_Everton
346,346,35,Nott'ham Forest,1.8,4,3,3,Southampton,The City Ground,2022/2023,H,3,1,H,9,19,4,5,16,10,2,11,1,0,0,0,5/8/2023,29154,64,36,5/8/2023_Nott'ham Forest_Southampton
347,347,36,Leeds United,2,2,2,2,Newcastle Utd,Elland Road,2022/2023,D,1,1,D,9,18,4,5,16,14,2,6,3,2,1,0,5/13/2023,36955,36,64,5/13/2023_Leeds United_Newcastle Utd
348,348,36,Chelsea,1.2,2,2,1,Nott'ham Forest,Stamford Bridge,2022/2023,D,0,1,A,14,11,6,2,13,15,2,5,3,1,0,0,5/13/2023,40030,25,75,5/13/2023_Chelsea_Nott'ham Forest
349,349,36,Manchester Utd,3.2,2,0,0,Wolves,Old Trafford,2022/2023,H,1,0,H,27,5,9,0,9,9,11,7,3,2,0,0,5/13/2023,73570,52,48,5/13/2023_Manchester Utd_Wolves
350,350,36,Aston Villa,1.2,2,1,1,Tottenham,Villa Park,2022/2023,H,1,0,H,8,5,4,2,9,14,8,3,3,3,0,0,5/13/2023,42164,52,48,5/13/2023_Aston Villa_Tottenham
351,351,36,Crystal Palace,1.5,2,0,0,Bournemouth,Selhurst Park,2022/2023,H,1,0,H,17,5,5,0,5,12,11,2,0,2,0,0,5/13/2023,25034,41,59,5/13/2023_Crystal Palace_Bournemouth
352,352,36,Southampton,0.4,0,2,1,Fulham,St. Mary's Stadium,2022/2023,A,0,0,D,5,9,1,4,17,12,1,8,2,0,0,0,5/13/2023,28978,36,64,5/13/2023_Southampton_Fulham
353,353,36,Brentford,3.4,2,0,0,West Ham,Brentford Community Stadium,2022/2023,H,2,0,H,24,4,10,4,5,5,7,5,1,0,0,0,5/14/2023,17075,47,53,5/14/2023_Brentford_West Ham
354,354,36,Everton,1.6,0,3,1,Manchester City,Goodison Park,2022/2023,A,0,2,A,7,9,3,4,12,4,8,6,1,0,0,0,5/14/2023,39376,37,63,5/14/2023_Everton_Manchester City
355,355,36,Arsenal,0.9,0,3,2,Brighton,Emirates Stadium,2022/2023,A,0,0,D,14,12,2,6,13,17,5,2,1,2,0,0,5/14/2023,60139,59,41,5/14/2023_Arsenal_Brighton
356,356,36,Leicester City,0.4,0,3,2,Liverpool,King Power Stadium,2022/2023,A,0,2,A,4,16,4,5,11,17,4,4,2,1,0,0,5/15/2023,32225,34,66,5/15/2023_Leicester City_Liverpool
357,357,25,Newcastle Utd,3.6,4,1,1,Brighton,St James' Park,2022/2023,H,2,0,H,22,8,9,2,17,16,6,1,2,4,0,0,5/18/2023,52122,65,35,5/18/2023_Newcastle Utd_Brighton
358,358,37,Tottenham,1.7,1,3,1,Brentford,Tottenham Hotspur Stadium,2022/2023,A,1,0,H,22,11,8,4,11,9,8,2,1,1,0,0,5/20/2023,61514,39,61,5/20/2023_Tottenham_Brentford
359,359,37,Wolves,1.6,1,1,2,Everton,Molineux Stadium,2022/2023,D,1,0,H,13,19,5,4,18,10,1,7,5,1,0,0,5/20/2023,31684,48,52,5/20/2023_Wolves_Everton
360,360,37,Liverpool,0.7,1,1,1,Aston Villa,Anfield,2022/2023,D,0,1,A,10,6,5,3,16,13,9,4,3,5,0,0,5/20/2023,53306,34,66,5/20/2023_Liverpool_Aston Villa
361,361,37,Bournemouth,1,0,1,1,Manchester Utd,Vitality Stadium,2022/2023,A,0,1,A,10,20,4,5,6,7,3,6,1,0,0,0,5/20/2023,10240,41,59,5/20/2023_Bournemouth_Manchester Utd
362,362,37,Fulham,1.7,2,2,2,Crystal Palace,Craven Cottage,2022/2023,D,1,1,D,11,11,4,5,13,12,7,4,3,0,0,0,5/20/2023,24356,51,49,5/20/2023_Fulham_Crystal Palace
363,363,37,Nott'ham Forest,0.6,1,0,1,Arsenal,The City Ground,2022/2023,H,1,0,H,6,11,2,3,11,12,3,6,3,2,0,0,5/20/2023,29514,19,81,5/20/2023_Nott'ham Forest_Arsenal
364,364,37,West Ham,2.1,3,1,1,Leeds United,London Stadium,2022/2023,H,1,1,D,19,12,9,3,6,11,9,5,1,3,0,0,5/21/2023,62478,41,59,5/21/2023_West Ham_Leeds United
365,365,37,Brighton,2.5,3,1,1,Southampton,The American Express Community Stadium,2022/2023,H,2,0,H,26,5,8,1,8,9,4,3,2,5,0,0,5/21/2023,31507,37,63,5/21/2023_Brighton_Southampton
366,366,37,Manchester City,1.2,1,0,1,Chelsea,Etihad Stadium,2022/2023,H,1,0,H,15,13,2,6,12,9,5,2,0,2,0,0,5/21/2023,53490,36,64,5/21/2023_Manchester City_Chelsea
367,367,37,Newcastle Utd,2.1,0,0,0,Leicester City,St James' Park,2022/2023,D,0,0,D,23,1,4,1,9,5,12,1,2,0,0,0,5/22/2023,52152,23,77,5/22/2023_Newcastle Utd_Leicester City
368,368,32,Brighton,2.2,1,1,2,Manchester City,The American Express Community Stadium,2022/2023,D,1,1,D,20,13,7,4,16,11,5,1,2,1,0,0,5/24/2023,31388,40,60,5/24/2023_Brighton_Manchester City
369,369,32,Manchester Utd,5.2,4,1,2,Chelsea,Old Trafford,2022/2023,H,2,0,H,18,14,9,5,12,6,3,4,1,1,0,0,5/25/2023,73561,58,42,5/25/2023_Manchester Utd_Chelsea
370,370,38,Brentford,1.3,1,0,2,Manchester City,Brentford Community Stadium,2022/2023,H,0,0,D,11,17,4,3,12,8,3,4,4,0,0,0,5/28/2023,17120,35,65,5/28/2023_Brentford_Manchester City
371,371,38,Everton,1,1,0,1,Bournemouth,Goodison Park,2022/2023,H,0,0,D,13,7,6,2,11,12,9,3,1,3,0,0,5/28/2023,39201,38,62,5/28/2023_Everton_Bournemouth
372,372,38,Crystal Palace,1.4,1,1,1,Nott'ham Forest,Selhurst Park,2022/2023,D,0,1,A,16,7,4,4,9,13,5,4,0,2,0,0,5/28/2023,25198,34,66,5/28/2023_Crystal Palace_Nott'ham Forest
373,373,38,Southampton,1.8,4,4,4,Liverpool,St. Mary's Stadium,2022/2023,D,2,2,D,15,30,10,8,4,10,2,9,0,2,0,0,5/28/2023,31129,31,69,5/28/2023_Southampton_Liverpool
374,374,38,Leicester City,1.4,2,1,1,West Ham,King Power Stadium,2022/2023,H,1,0,H,13,16,4,3,8,10,3,5,1,1,0,0,5/28/2023,32183,48,52,5/28/2023_Leicester City_West Ham
375,375,38,Aston Villa,2.8,2,1,1,Brighton,Villa Park,2022/2023,H,2,1,H,12,8,5,4,15,16,4,3,4,4,0,0,5/28/2023,41791,41,59,5/28/2023_Aston Villa_Brighton
376,376,38,Leeds United,1.5,1,4,2,Tottenham,Elland Road,2022/2023,A,0,1,A,19,11,2,7,7,5,12,3,3,0,0,0,5/28/2023,36871,52,48,5/28/2023_Leeds United_Tottenham
377,377,38,Arsenal,2.8,5,0,1,Wolves,Emirates Stadium,2022/2023,H,3,0,H,14,6,8,0,8,11,8,4,0,0,0,0,5/28/2023,60095,49,51,5/28/2023_Arsenal_Wolves
378,378,38,Manchester Utd,2.9,2,1,2,Fulham,Old Trafford,2022/2023,H,1,1,D,21,10,8,3,14,10,5,4,1,2,0,0,5/28/2023,73465,47,53,5/28/2023_Manchester Utd_Fulham
379,379,38,Chelsea,2.2,1,1,2,Newcastle Utd,Stamford Bridge,2022/2023,D,1,1,D,22,13,5,4,9,11,10,3,0,0,0,0,5/28/2023,40130,64,36,5/28/2023_Chelsea_Newcastle Utd
380,380,1,Burnley,0.3,0,3,2,Manchester City,Turf Moor,2023/2024,A,0,2,A,6,17,1,8,11,8,6,5,0,0,1,0,8/11/2023,21572,35,65,8/11/2023_Burnley_Manchester City
381,381,1,Arsenal,0.8,2,1,1,Nott'ham Forest,Emirates Stadium,2023/2024,H,2,0,H,15,6,7,2,12,12,8,3,2,2,0,0,8/12/2023,59984,22,78,8/12/2023_Arsenal_Nott'ham Forest
382,382,1,Everton,2.7,0,1,2,Fulham,Goodison Park,2023/2024,A,0,0,D,19,9,9,2,12,6,10,4,0,2,0,0,8/12/2023,39940,42,58,8/12/2023_Everton_Fulham
383,383,1,Brighton,4,4,1,2,Luton Town,The American Express Community Stadium,2023/2024,H,1,0,H,27,9,12,3,11,12,6,7,2,2,0,0,8/12/2023,31872,30,70,8/12/2023_Brighton_Luton Town
384,384,1,Sheffield Utd,0.5,0,1,2,Crystal Palace,Bramall Lane,2023/2024,A,0,0,D,8,24,1,8,18,11,5,5,3,0,0,0,8/12/2023,31194,32,68,8/12/2023_Sheffield Utd_Crystal Palace
385,385,1,Bournemouth,1.3,1,1,1,West Ham,Vitality Stadium,2023/2024,D,0,0,D,14,16,5,3,9,14,10,4,1,4,0,0,8/12/2023,11245,62,38,8/12/2023_Bournemouth_West Ham
386,386,1,Newcastle Utd,3.3,5,1,2,Aston Villa,St James' Park,2023/2024,H,2,1,H,17,16,13,6,12,17,6,5,4,4,0,0,8/12/2023,52207,48,52,8/12/2023_Newcastle Utd_Aston Villa
387,387,1,Brentford,2.2,2,2,1,Tottenham,Gtech Community Stadium,2023/2024,D,2,2,D,11,18,6,6,12,13,3,6,1,4,0,0,8/13/2023,17066,31,69,8/13/2023_Brentford_Tottenham
388,388,1,Chelsea,1.4,1,1,1,Liverpool,Stamford Bridge,2023/2024,D,1,1,D,10,13,4,1,5,12,4,4,3,3,0,0,8/13/2023,40096,65,35,8/13/2023_Chelsea_Liverpool
389,389,1,Manchester Utd,2.2,1,0,2,Wolves,Old Trafford,2023/2024,H,0,0,D,15,23,3,6,14,10,8,7,2,3,0,0,8/14/2023,73358,49,51,8/14/2023_Manchester Utd_Wolves
390,390,2,Nott'ham Forest,1.4,2,1,1,Sheffield Utd,The City Ground,2023/2024,H,1,0,H,16,7,4,3,5,9,6,7,2,3,0,0,8/18/2023,29432,50,50,8/18/2023_Nott'ham Forest_Sheffield Utd
391,391,2,Wolves,2.1,1,4,2,Brighton,Molineux Stadium,2023/2024,A,0,1,A,16,16,5,8,14,11,5,3,3,6,1,0,8/19/2023,31317,47,53,8/19/2023_Wolves_Brighton
392,392,2,Fulham,0.5,0,3,4,Brentford,Craven Cottage,2023/2024,A,0,1,A,10,17,2,8,13,12,5,5,2,2,1,0,8/19/2023,24236,55,45,8/19/2023_Fulham_Brentford
393,393,2,Liverpool,3,3,1,1,Bournemouth,Anfield,2023/2024,H,2,1,H,26,13,10,5,11,13,10,2,1,3,1,0,8/19/2023,53145,36,64,8/19/2023_Liverpool_Bournemouth
394,394,2,Tottenham,1.7,2,0,2,Manchester Utd,Tottenham Hotspur Stadium,2023/2024,H,0,0,D,17,22,6,6,9,8,5,6,1,3,0,0,8/19/2023,61910,55,45,8/19/2023_Tottenham_Manchester Utd
395,395,2,Manchester City,1,1,0,0,Newcastle Utd,Etihad Stadium,2023/2024,H,1,0,H,14,7,4,1,12,11,3,0,1,5,0,0,8/19/2023,53419,41,59,8/19/2023_Manchester City_Newcastle Utd
396,396,2,Aston Villa,2.9,4,0,1,Everton,Villa Park,2023/2024,H,2,0,H,13,9,7,2,8,12,7,6,3,4,0,0,8/20/2023,41694,40,60,8/20/2023_Aston Villa_Everton
397,397,2,West Ham,1.8,3,1,3,Chelsea,London Stadium,2023/2024,H,1,1,D,12,17,6,4,12,9,3,9,2,3,1,0,8/20/2023,62451,25,75,8/20/2023_West Ham_Chelsea
398,398,2,Crystal Palace,1,0,1,2,Arsenal,Selhurst Park,2023/2024,A,0,0,D,14,14,2,3,14,10,1,8,2,1,0,1,8/21/2023,24189,47,53,8/21/2023_Crystal Palace_Arsenal
399,399,3,Chelsea,2.2,3,0,0,Luton Town,Stamford Bridge,2023/2024,H,1,0,H,19,11,8,1,15,12,6,4,2,3,0,0,8/25/2023,39893,33,67,8/25/2023_Chelsea_Luton Town
400,400,3,Bournemouth,0.7,0,2,2,Tottenham,Vitality Stadium,2023/2024,A,0,1,A,11,17,3,6,18,11,6,2,1,3,0,0,8/26/2023,10567,44,56,8/26/2023_Bournemouth_Tottenham
401,401,3,Everton,1.3,0,1,1,Wolves,Goodison Park,2023/2024,A,0,0,D,15,11,7,2,10,14,7,0,3,4,0,0,8/26/2023,38851,47,53,8/26/2023_Everton_Wolves
402,402,3,Manchester Utd,2.8,3,2,1,Nott'ham Forest,Old Trafford,2023/2024,H,1,2,A,18,9,9,4,13,11,11,3,4,4,0,1,8/26/2023,73595,34,66,8/26/2023_Manchester Utd_Nott'ham Forest
403,403,3,Brentford,1,1,1,1,Crystal Palace,Gtech Community Stadium,2023/2024,D,1,0,H,12,15,1,5,9,15,8,6,0,0,0,0,8/26/2023,16997,40,60,8/26/2023_Brentford_Crystal Palace
404,404,3,Arsenal,3.2,2,2,1,Fulham,Emirates Stadium,2023/2024,D,0,1,A,19,8,11,3,6,5,8,3,0,3,0,1,8/26/2023,59961,29,71,8/26/2023_Arsenal_Fulham
405,405,3,Brighton,1.5,1,3,3,West Ham,The American Express Community Stadium,2023/2024,A,0,1,A,25,12,10,3,10,9,17,4,1,3,0,0,8/26/2023,31508,22,78,8/26/2023_Brighton_West Ham
406,406,3,Sheffield Utd,0.7,1,2,4,Manchester City,Bramall Lane,2023/2024,A,0,0,D,6,30,2,9,11,2,1,12,3,0,0,0,8/27/2023,31336,21,79,8/27/2023_Sheffield Utd_Manchester City
407,407,3,Burnley,0.7,1,3,3,Aston Villa,Turf Moor,2023/2024,A,0,2,A,9,16,2,6,12,11,4,6,2,0,0,0,8/27/2023,21591,57,43,8/27/2023_Burnley_Aston Villa
408,408,3,Newcastle Utd,2,1,2,1,Liverpool,St James' Park,2023/2024,A,1,0,H,23,9,8,4,16,10,5,9,1,2,0,1,8/27/2023,52214,41,59,8/27/2023_Newcastle Utd_Liverpool
409,409,4,Luton Town,1.4,1,2,1,West Ham,Kenilworth Road Stadium,2023/2024,A,0,1,A,16,9,1,3,8,13,9,6,1,1,0,0,9/1/2023,10802,39,61,9/1/2023_Luton Town_West Ham
410,410,4,Sheffield Utd,1.2,2,2,3,Everton,Bramall Lane,2023/2024,D,2,1,H,13,16,8,6,11,13,4,6,1,2,0,0,9/2/2023,31124,46,54,9/2/2023_Sheffield Utd_Everton
411,411,4,Brentford,2.9,2,2,2,Bournemouth,Gtech Community Stadium,2023/2024,D,1,1,D,21,12,7,5,6,13,5,2,1,2,0,0,9/2/2023,16973,40,60,9/2/2023_Brentford_Bournemouth
412,412,4,Manchester City,2.2,5,1,1,Fulham,Etihad Stadium,2023/2024,H,2,1,H,7,6,5,4,12,12,4,5,2,4,0,0,9/2/2023,52899,32,68,9/2/2023_Manchester City_Fulham
413,413,4,Chelsea,2.3,0,1,1,Nott'ham Forest,Stamford Bridge,2023/2024,A,0,0,D,21,7,2,3,10,9,8,0,3,4,0,0,9/2/2023,39820,25,75,9/2/2023_Chelsea_Nott'ham Forest
414,414,4,Burnley,1.3,2,5,2,Tottenham,Turf Moor,2023/2024,A,1,2,A,16,20,4,10,15,9,7,4,4,3,0,0,9/2/2023,21750,47,53,9/2/2023_Burnley_Tottenham
415,415,4,Brighton,1.3,3,1,1,Newcastle Utd,The American Express Community Stadium,2023/2024,H,1,0,H,15,9,6,2,14,17,5,3,4,4,0,0,9/2/2023,31620,56,44,9/2/2023_Brighton_Newcastle Utd
416,416,4,Crystal Palace,2.1,3,2,1,Wolves,Selhurst Park,2023/2024,H,0,0,D,16,12,11,4,12,12,4,2,1,3,0,0,9/3/2023,24741,57,43,9/3/2023_Crystal Palace_Wolves
417,417,4,Liverpool,2.5,3,0,1,Aston Villa,Anfield,2023/2024,H,2,0,H,17,9,4,3,12,7,7,3,0,1,0,0,9/3/2023,50109,37,63,9/3/2023_Liverpool_Aston Villa
418,418,4,Arsenal,2.3,3,1,1,Manchester Utd,Emirates Stadium,2023/2024,H,1,1,D,17,10,5,2,8,7,12,3,2,3,0,0,9/3/2023,60192,45,55,9/3/2023_Arsenal_Manchester Utd
419,419,5,Wolves,0.6,1,3,3,Liverpool,Molineux Stadium,2023/2024,A,1,0,H,11,16,2,6,10,4,4,4,1,3,0,0,9/16/2023,31257,35,65,9/16/2023_Wolves_Liverpool
420,420,5,Tottenham,2.1,2,1,1,Sheffield Utd,Tottenham Hotspur Stadium,2023/2024,H,0,0,D,28,7,10,5,13,14,15,2,6,5,0,1,9/16/2023,61706,30,70,9/16/2023_Tottenham_Sheffield Utd
421,421,5,West Ham,0.9,1,3,4,Manchester City,London Stadium,2023/2024,A,1,0,H,6,29,3,15,7,11,4,11,3,2,0,0,9/16/2023,62475,32,68,9/16/2023_West Ham_Manchester City
422,422,5,Aston Villa,3,3,1,1,Crystal Palace,Villa Park,2023/2024,H,0,0,D,16,6,5,3,13,9,4,2,5,3,0,0,9/16/2023,40809,34,66,9/16/2023_Aston Villa_Crystal Palace
423,423,5,Fulham,1,1,0,1,Luton Town,Craven Cottage,2023/2024,H,0,0,D,13,7,2,2,6,14,6,2,2,2,0,0,9/16/2023,24467,23,77,9/16/2023_Fulham_Luton Town
424,424,5,Manchester Utd,1,1,3,2,Brighton,Old Trafford,2023/2024,A,0,1,A,14,10,4,8,8,9,8,1,2,2,0,0,9/16/2023,73592,56,44,9/16/2023_Manchester Utd_Brighton
425,425,5,Newcastle Utd,1.4,1,0,1,Brentford,St James' Park,2023/2024,H,0,0,D,9,11,2,2,8,12,8,3,3,5,0,0,9/16/2023,51670,44,56,9/16/2023_Newcastle Utd_Brentford
426,426,5,Bournemouth,1,0,0,2,Chelsea,Vitality Stadium,2023/2024,D,0,0,D,13,14,4,6,15,20,1,7,1,5,0,0,9/17/2023,10421,36,64,9/17/2023_Bournemouth_Chelsea
427,427,5,Everton,0.3,0,1,1,Arsenal,Goodison Park,2023/2024,A,0,0,D,8,13,1,4,12,10,1,11,1,1,0,0,9/17/2023,39217,26,74,9/17/2023_Everton_Arsenal
428,428,5,Nott'ham Forest,0.7,1,1,1,Burnley,The City Ground,2023/2024,D,0,1,A,14,10,4,3,16,10,5,4,2,3,0,1,9/18/2023,28958,54,46,9/18/2023_Nott'ham Forest_Burnley
429,429,6,Luton Town,2.1,1,1,1,Wolves,Kenilworth Road Stadium,2023/2024,D,0,0,D,20,3,4,3,12,17,10,1,0,2,0,1,9/23/2023,10893,57,43,9/23/2023_Luton Town_Wolves
430,430,6,Manchester City,1.3,2,0,1,Nott'ham Forest,Etihad Stadium,2023/2024,H,2,0,H,7,10,4,3,5,17,6,6,3,7,1,0,9/23/2023,53413,43,57,9/23/2023_Manchester City_Nott'ham Forest
431,431,6,Crystal Palace,0.3,0,0,1,Fulham,Selhurst Park,2023/2024,D,0,0,D,7,10,3,5,10,15,3,2,3,2,0,0,9/23/2023,25072,51,49,9/23/2023_Crystal Palace_Fulham
432,432,6,Brentford,1,1,3,2,Everton,Gtech Community Stadium,2023/2024,A,1,1,D,12,18,2,6,9,12,1,4,2,2,0,0,9/23/2023,16981,43,57,9/23/2023_Brentford_Everton
433,433,6,Burnley,1.1,0,1,1,Manchester Utd,Turf Moor,2023/2024,A,0,1,A,12,11,4,4,6,12,9,5,1,2,0,0,9/23/2023,21593,61,39,9/23/2023_Burnley_Manchester Utd
434,434,6,Chelsea,1.3,0,1,1,Aston Villa,Stamford Bridge,2023/2024,A,0,0,D,10,15,4,7,9,11,5,11,2,3,0,0,9/24/2023,39700,53,47,9/24/2023_Chelsea_Aston Villa
435,435,6,Arsenal,1.8,2,2,1,Tottenham,Emirates Stadium,2023/2024,D,1,1,D,13,13,6,5,12,19,11,4,3,4,0,0,9/24/2023,60156,53,47,9/24/2023_Arsenal_Tottenham
436,436,6,Liverpool,3,3,1,1,West Ham,Anfield,2023/2024,H,1,1,D,22,11,7,4,12,13,7,4,0,2,0,0,9/24/2023,50136,37,63,9/24/2023_Liverpool_West Ham
437,437,6,Brighton,1.9,3,1,1,Bournemouth,The American Express Community Stadium,2023/2024,H,1,1,D,13,12,4,4,12,17,4,4,3,3,0,0,9/24/2023,31617,39,61,9/24/2023_Brighton_Bournemouth
438,438,6,Sheffield Utd,0.9,0,8,4,Newcastle Utd,Bramall Lane,2023/2024,A,0,3,A,9,22,1,15,12,8,2,6,3,0,0,0,9/24/2023,31127,42,58,9/24/2023_Sheffield Utd_Newcastle Utd
439,439,7,Aston Villa,1.6,6,1,2,Brighton,Villa Park,2023/2024,H,3,0,H,19,11,9,3,19,21,1,3,4,4,0,0,9/30/2023,40636,39,61,9/30/2023_Aston Villa_Brighton
440,440,7,Manchester Utd,1.3,0,1,1,Crystal Palace,Old Trafford,2023/2024,A,0,1,A,19,8,4,2,10,8,10,4,3,2,0,0,9/30/2023,73428,23,77,9/30/2023_Manchester Utd_Crystal Palace
441,441,7,Wolves,0.4,2,1,1,Manchester City,Molineux Stadium,2023/2024,H,1,0,H,3,23,1,8,18,12,0,6,5,4,0,0,9/30/2023,31415,32,68,9/30/2023_Wolves_Manchester City
442,442,7,West Ham,2.1,2,0,1,Sheffield Utd,London Stadium,2023/2024,H,2,0,H,20,16,9,2,6,9,7,4,1,1,0,0,9/30/2023,62459,48,52,9/30/2023_West Ham_Sheffield Utd
443,443,7,Bournemouth,0.6,0,4,3,Arsenal,Vitality Stadium,2023/2024,A,0,2,A,8,15,1,8,11,10,6,6,0,1,0,0,9/30/2023,11193,43,57,9/30/2023_Bournemouth_Arsenal
444,444,7,Newcastle Utd,3.1,2,0,1,Burnley,St James' Park,2023/2024,H,1,0,H,20,8,8,2,7,15,5,3,1,3,0,0,9/30/2023,51687,47,53,9/30/2023_Newcastle Utd_Burnley
445,445,7,Everton,2.9,1,2,1,Luton Town,Goodison Park,2023/2024,A,1,2,A,23,9,5,2,8,10,3,6,0,1,0,0,9/30/2023,39289,33,67,9/30/2023_Everton_Luton Town
446,446,7,Tottenham,2.2,2,1,1,Liverpool,Tottenham Hotspur Stadium,2023/2024,H,1,1,D,24,12,8,4,11,17,12,5,5,4,0,2,9/30/2023,62001,64,36,9/30/2023_Tottenham_Liverpool
447,447,7,Nott'ham Forest,0.5,1,1,2,Brentford,The City Ground,2023/2024,D,0,0,D,6,18,1,5,6,10,1,11,1,2,1,0,10/1/2023,29004,41,59,10/1/2023_Nott'ham Forest_Brentford
448,448,7,Fulham,1.1,0,2,2,Chelsea,Craven Cottage,2023/2024,A,0,2,A,10,11,3,4,15,12,8,1,1,4,0,0,10/2/2023,24445,44,56,10/2/2023_Fulham_Chelsea
449,449,2,Luton Town,1.3,1,2,1,Burnley,Kenilworth Road Stadium,2023/2024,A,0,1,A,18,14,3,4,14,6,7,6,4,2,0,0,10/3/2023,10918,51,49,10/3/2023_Luton Town_Burnley
450,450,8,Luton Town,0.8,0,1,2,Tottenham,Kenilworth Road Stadium,2023/2024,A,0,0,D,12,15,2,4,16,7,5,6,2,1,0,1,10/7/2023,10290,34,66,10/7/2023_Luton Town_Tottenham
451,451,8,Burnley,0.7,1,4,2,Chelsea,Turf Moor,2023/2024,A,1,1,D,10,9,3,5,11,8,7,3,2,4,0,0,10/7/2023,21654,38,62,10/7/2023_Burnley_Chelsea
452,452,8,Manchester Utd,1.4,2,1,1,Brentford,Old Trafford,2023/2024,H,0,1,A,21,11,8,3,10,17,7,5,0,5,0,0,10/7/2023,73453,36,64,10/7/2023_Manchester Utd_Brentford
453,453,8,Everton,2.4,3,0,1,Bournemouth,Goodison Park,2023/2024,H,2,0,H,25,11,8,4,14,15,8,7,1,2,0,0,10/7/2023,38815,48,52,10/7/2023_Everton_Bournemouth
454,454,8,Fulham,2.2,3,1,1,Sheffield Utd,Craven Cottage,2023/2024,H,0,0,D,20,5,6,2,8,10,9,4,1,2,0,0,10/7/2023,24361,40,60,10/7/2023_Fulham_Sheffield Utd
455,455,8,Crystal Palace,0.8,0,0,1,Nott'ham Forest,Selhurst Park,2023/2024,D,0,0,D,8,16,2,5,7,12,3,7,0,1,0,0,10/7/2023,25017,48,52,10/7/2023_Crystal Palace_Nott'ham Forest
456,456,8,West Ham,1.2,2,2,2,Newcastle Utd,London Stadium,2023/2024,D,1,0,H,5,10,3,3,11,18,4,2,3,3,0,0,10/8/2023,62473,36,64,10/8/2023_West Ham_Newcastle Utd
457,457,8,Wolves,1.7,1,1,2,Aston Villa,Molineux Stadium,2023/2024,D,0,0,D,8,18,3,4,19,9,2,10,2,2,1,0,10/8/2023,31425,47,53,10/8/2023_Wolves_Aston Villa
458,458,8,Brighton,2.3,2,2,2,Liverpool,The American Express Community Stadium,2023/2024,D,1,2,A,14,14,3,4,12,20,8,1,1,2,0,0,10/8/2023,31752,46,54,10/8/2023_Brighton_Liverpool
459,459,8,Arsenal,0.4,1,0,1,Manchester City,Emirates Stadium,2023/2024,H,0,0,D,12,4,2,1,8,7,5,4,2,3,0,0,10/8/2023,60233,49,51,10/8/2023_Arsenal_Manchester City
460,460,9,Liverpool,2.2,2,0,0,Everton,Anfield,2023/2024,H,0,0,D,26,6,6,1,9,9,12,4,1,1,0,1,10/21/2023,50201,23,77,10/21/2023_Liverpool_Everton
461,461,9,Brentford,3.1,3,0,1,Burnley,Gtech Community Stadium,2023/2024,H,1,0,H,23,6,10,1,14,12,5,5,5,2,0,1,10/21/2023,17029,50,50,10/21/2023_Brentford_Burnley
462,462,9,Nott'ham Forest,2.9,2,2,2,Luton Town,The City Ground,2023/2024,D,0,0,D,19,13,8,4,12,11,4,2,3,0,0,0,10/21/2023,29361,43,57,10/21/2023_Nott'ham Forest_Luton Town
463,463,9,Bournemouth,0.6,1,2,2,Wolves,Vitality Stadium,2023/2024,A,1,0,H,7,20,4,7,15,10,3,12,2,6,1,0,10/21/2023,11175,35,65,10/21/2023_Bournemouth_Wolves
464,464,9,Newcastle Utd,2.4,4,0,1,Crystal Palace,St James' Park,2023/2024,H,3,0,H,10,17,7,3,7,12,6,8,2,3,0,0,10/21/2023,52189,41,59,10/21/2023_Newcastle Utd_Crystal Palace
465,465,9,Manchester City,0.8,2,1,1,Brighton,Etihad Stadium,2023/2024,H,2,0,H,10,5,6,3,9,11,2,2,2,2,1,0,10/21/2023,53466,45,55,10/21/2023_Manchester City_Brighton
466,466,9,Chelsea,1.3,2,2,1,Arsenal,Stamford Bridge,2023/2024,D,1,0,H,11,13,5,3,7,14,2,7,3,3,0,0,10/21/2023,39723,44,56,10/21/2023_Chelsea_Arsenal
467,467,9,Sheffield Utd,1.4,1,2,1,Manchester Utd,Bramall Lane,2023/2024,A,1,1,D,12,14,6,5,12,10,5,4,3,1,0,0,10/21/2023,31543,38,62,10/21/2023_Sheffield Utd_Manchester Utd
468,468,9,Aston Villa,1.9,4,1,1,West Ham,Villa Park,2023/2024,H,1,0,H,15,14,7,4,9,15,8,7,0,1,0,0,10/22/2023,41734,42,58,10/22/2023_Aston Villa_West Ham
469,469,9,Tottenham,1.5,2,0,1,Fulham,Tottenham Hotspur Stadium,2023/2024,H,1,0,H,15,10,5,3,10,14,3,5,2,0,0,0,10/23/2023,61286,45,55,10/23/2023_Tottenham_Fulham
470,470,10,Crystal Palace,0.6,1,2,1,Tottenham,Selhurst Park,2023/2024,A,0,0,D,13,10,3,1,19,11,11,2,2,1,0,0,10/27/2023,25074,25,75,10/27/2023_Crystal Palace_Tottenham
471,471,10,Chelsea,1.9,0,2,2,Brentford,Stamford Bridge,2023/2024,A,0,0,D,17,7,2,5,12,7,10,1,1,4,0,0,10/28/2023,39575,68,32,10/28/2023_Chelsea_Brentford
472,472,10,Arsenal,2.8,5,0,0,Sheffield Utd,Emirates Stadium,2023/2024,H,1,0,H,13,2,8,0,9,13,6,1,0,3,0,0,10/28/2023,60153,33,67,10/28/2023_Arsenal_Sheffield Utd
473,473,10,Bournemouth,1.1,2,1,1,Burnley,Vitality Stadium,2023/2024,H,1,1,D,13,6,6,3,9,12,10,5,2,3,0,0,10/28/2023,11152,55,45,10/28/2023_Bournemouth_Burnley
474,474,10,Wolves,0.9,2,2,2,Newcastle Utd,Molineux Stadium,2023/2024,D,1,2,A,11,13,6,5,13,15,8,7,1,4,0,0,10/28/2023,31584,43,57,10/28/2023_Wolves_Newcastle Utd
475,475,10,West Ham,0.7,0,1,1,Everton,London Stadium,2023/2024,A,0,0,D,12,10,2,4,7,11,4,3,4,1,0,0,10/29/2023,62469,36,64,10/29/2023_West Ham_Everton
476,476,10,Brighton,1.4,1,1,1,Fulham,The American Express Community Stadium,2023/2024,D,1,0,H,18,10,7,5,12,8,7,3,0,3,0,0,10/29/2023,31550,29,71,10/29/2023_Brighton_Fulham
477,477,10,Liverpool,3.2,3,0,0,Nott'ham Forest,Anfield,2023/2024,H,2,0,H,21,9,8,1,9,13,8,3,2,3,0,0,10/29/2023,50143,28,72,10/29/2023_Liverpool_Nott'ham Forest
478,478,10,Aston Villa,2.3,3,1,1,Luton Town,Villa Park,2023/2024,H,1,0,H,17,7,6,1,11,10,6,4,3,2,0,0,10/29/2023,41785,30,70,10/29/2023_Aston Villa_Luton Town
479,479,10,Manchester Utd,0.9,0,3,4,Manchester City,Old Trafford,2023/2024,A,0,1,A,7,21,3,10,9,4,7,12,4,1,0,0,10/29/2023,73502,40,60,10/29/2023_Manchester Utd_Manchester City
480,480,11,Fulham,1,0,1,1,Manchester Utd,Craven Cottage,2023/2024,A,0,0,D,18,12,3,5,9,15,9,4,5,2,0,0,11/4/2023,24415,45,55,11/4/2023_Fulham_Manchester Utd
481,481,11,Brentford,1.5,3,2,2,West Ham,Gtech Community Stadium,2023/2024,H,1,2,A,16,12,4,2,12,14,4,3,1,4,0,0,11/4/2023,17103,42,58,11/4/2023_Brentford_West Ham
482,482,11,Burnley,1.1,0,2,1,Crystal Palace,Turf Moor,2023/2024,A,0,1,A,17,4,5,3,9,12,12,1,0,5,0,0,11/4/2023,21578,67,33,11/4/2023_Burnley_Crystal Palace
483,483,11,Manchester City,1.9,6,1,1,Bournemouth,Etihad Stadium,2023/2024,H,3,0,H,21,5,8,1,8,9,12,1,0,1,0,0,11/4/2023,53358,35,65,11/4/2023_Manchester City_Bournemouth
484,484,11,Everton,0.7,1,1,1,Brighton,Goodison Park,2023/2024,D,1,0,H,10,7,4,2,15,5,3,3,4,2,0,0,11/4/2023,38683,21,79,11/4/2023_Everton_Brighton
485,485,11,Sheffield Utd,1,2,1,1,Wolves,Bramall Lane,2023/2024,H,0,0,D,11,10,2,3,13,10,4,4,2,3,0,0,11/4/2023,29454,39,61,11/4/2023_Sheffield Utd_Wolves
486,486,11,Newcastle Utd,1,1,0,1,Arsenal,St James' Park,2023/2024,H,0,0,D,9,14,2,1,14,9,0,11,5,1,0,0,11/4/2023,52194,42,58,11/4/2023_Newcastle Utd_Arsenal
487,487,11,Nott'ham Forest,0.4,2,0,1,Aston Villa,The City Ground,2023/2024,H,1,0,H,5,13,3,3,6,9,0,10,1,1,0,0,11/5/2023,29313,27,73,11/5/2023_Nott'ham Forest_Aston Villa
488,488,11,Luton Town,0.8,1,1,3,Liverpool,Kenilworth Road Stadium,2023/2024,D,0,0,D,8,24,5,6,7,13,4,7,1,1,0,0,11/5/2023,11049,27,73,11/5/2023_Luton Town_Liverpool
489,489,11,Tottenham,0.9,1,4,4,Chelsea,Tottenham Hotspur Stadium,2023/2024,A,1,1,D,8,17,5,8,12,21,1,6,1,5,2,0,11/6/2023,61726,60,40,11/6/2023_Tottenham_Chelsea
490,490,12,Wolves,2.1,2,1,1,Tottenham,Molineux Stadium,2023/2024,H,0,1,A,17,6,4,2,19,15,11,3,4,3,0,0,11/11/2023,31642,42,58,11/11/2023_Wolves_Tottenham
491,491,12,Manchester Utd,2.2,1,0,0,Luton Town,Old Trafford,2023/2024,H,0,0,D,15,10,4,4,9,11,11,3,0,2,0,0,11/11/2023,73599,36,64,11/11/2023_Manchester Utd_Luton Town
492,492,12,Crystal Palace,2.2,2,3,2,Everton,Selhurst Park,2023/2024,A,1,1,D,13,8,4,4,9,18,9,2,1,4,0,0,11/11/2023,25103,33,67,11/11/2023_Crystal Palace_Everton
493,493,12,Arsenal,1.8,3,1,0,Burnley,Emirates Stadium,2023/2024,H,1,0,H,16,8,6,5,8,9,3,3,0,1,1,0,11/11/2023,60232,37,63,11/11/2023_Arsenal_Burnley
494,494,12,Bournemouth,2.4,2,0,1,Newcastle Utd,Vitality Stadium,2023/2024,H,0,0,D,19,8,10,5,10,4,6,5,2,1,0,0,11/11/2023,11201,48,52,11/11/2023_Bournemouth_Newcastle Utd
495,495,12,Aston Villa,3,3,1,1,Fulham,Villa Park,2023/2024,H,2,0,H,12,9,6,5,4,17,2,2,2,5,0,0,11/12/2023,41608,49,51,11/12/2023_Aston Villa_Fulham
496,496,12,Brighton,1.5,1,1,1,Sheffield Utd,The American Express Community Stadium,2023/2024,D,1,0,H,11,9,6,1,13,16,6,3,3,2,1,0,11/12/2023,31367,39,61,11/12/2023_Brighton_Sheffield Utd
497,497,12,Liverpool,1.7,3,0,2,Brentford,Anfield,2023/2024,H,1,0,H,17,16,10,3,16,12,6,8,1,2,0,0,11/12/2023,50151,42,58,11/12/2023_Liverpool_Brentford
498,498,12,West Ham,1.8,3,2,2,Nott'ham Forest,London Stadium,2023/2024,H,1,1,D,16,10,6,5,9,12,9,4,2,2,0,0,11/12/2023,62470,46,54,11/12/2023_West Ham_Nott'ham Forest
499,499,12,Chelsea,2.9,4,4,3,Manchester City,Stamford Bridge,2023/2024,D,2,2,D,17,15,9,10,12,15,3,3,5,3,0,0,11/12/2023,39532,45,55,11/12/2023_Chelsea_Manchester City
500,500,13,Manchester City,1.3,1,1,1,Liverpool,Etihad Stadium,2023/2024,D,1,0,H,16,8,5,3,9,11,9,6,1,3,0,0,11/25/2023,53289,41,59,11/25/2023_Manchester City_Liverpool
501,501,13,Sheffield Utd,0.8,1,3,3,Bournemouth,Bramall Lane,2023/2024,A,0,2,A,10,23,2,11,6,8,4,7,4,1,0,0,11/25/2023,30208,46,54,11/25/2023_Sheffield Utd_Bournemouth
502,502,13,Newcastle Utd,2.4,4,1,1,Chelsea,St James' Park,2023/2024,H,1,1,D,14,7,5,4,13,19,4,2,4,4,0,1,11/25/2023,52227,46,54,11/25/2023_Newcastle Utd_Chelsea
503,503,13,Luton Town,0.9,2,1,2,Crystal Palace,Kenilworth Road Stadium,2023/2024,H,0,0,D,8,16,3,8,15,12,4,5,6,1,0,0,11/25/2023,11029,39,61,11/25/2023_Luton Town_Crystal Palace
504,504,13,Burnley,1.3,1,2,1,West Ham,Turf Moor,2023/2024,A,0,0,D,11,11,5,3,11,7,4,5,1,3,0,0,11/25/2023,21319,50,50,11/25/2023_Burnley_West Ham
505,505,13,Nott'ham Forest,1.9,2,3,1,Brighton,The City Ground,2023/2024,A,1,2,A,18,11,5,5,12,7,6,4,2,4,0,1,11/25/2023,29404,47,53,11/25/2023_Nott'ham Forest_Brighton
506,506,13,Brentford,1.1,0,1,2,Arsenal,Gtech Community Stadium,2023/2024,A,0,0,D,9,15,3,4,9,7,1,8,1,1,0,0,11/25/2023,17201,37,63,11/25/2023_Brentford_Arsenal
507,507,13,Tottenham,2.3,1,2,2,Aston Villa,Tottenham Hotspur Stadium,2023/2024,A,1,1,D,18,15,8,5,11,13,9,3,0,4,0,0,11/26/2023,61679,62,38,11/26/2023_Tottenham_Aston Villa
508,508,13,Everton,2.4,0,3,2,Manchester Utd,Goodison Park,2023/2024,A,0,1,A,24,9,6,4,10,8,6,5,3,0,0,0,11/26/2023,39257,51,49,11/26/2023_Everton_Manchester Utd
509,509,13,Fulham,2.9,3,2,1,Wolves,Craven Cottage,2023/2024,H,1,1,D,12,10,6,6,13,13,6,2,2,2,0,0,11/27/2023,24366,40,60,11/27/2023_Fulham_Wolves
510,510,14,Arsenal,2.8,2,1,1,Wolves,Emirates Stadium,2023/2024,H,2,0,H,19,6,6,3,10,10,4,0,1,2,0,0,12/2/2023,60262,43,57,12/2/2023_Arsenal_Wolves
511,511,14,Brentford,3.1,3,1,0,Luton Town,Gtech Community Stadium,2023/2024,H,0,0,D,27,7,6,1,10,8,7,5,1,2,0,0,12/2/2023,17075,32,68,12/2/2023_Brentford_Luton Town
512,512,14,Burnley,1.8,5,0,0,Sheffield Utd,Turf Moor,2023/2024,H,2,0,H,19,6,7,3,9,12,6,1,2,5,0,1,12/2/2023,21478,37,63,12/2/2023_Burnley_Sheffield Utd
513,513,14,Nott'ham Forest,0.7,0,1,1,Everton,The City Ground,2023/2024,A,0,0,D,13,12,2,3,15,14,4,3,1,0,0,0,12/2/2023,29404,39,61,12/2/2023_Nott'ham Forest_Everton
514,514,14,Newcastle Utd,2.4,1,0,1,Manchester Utd,St James' Park,2023/2024,H,0,0,D,22,8,4,1,6,13,7,3,1,2,0,0,12/2/2023,52214,58,42,12/2/2023_Newcastle Utd_Manchester Utd
515,515,14,Bournemouth,2,2,2,1,Aston Villa,Vitality Stadium,2023/2024,D,1,1,D,15,11,7,3,16,12,7,7,5,3,0,0,12/3/2023,11191,38,62,12/3/2023_Bournemouth_Aston Villa
516,516,14,West Ham,1.1,1,1,1,Crystal Palace,London Stadium,2023/2024,D,1,0,H,9,9,3,2,17,7,2,3,2,0,0,0,12/3/2023,62414,55,45,12/3/2023_West Ham_Crystal Palace
517,517,14,Liverpool,2.1,4,3,1,Fulham,Anfield,2023/2024,H,2,2,D,26,9,12,5,6,7,3,4,0,0,0,0,12/3/2023,50124,39,61,12/3/2023_Liverpool_Fulham
518,518,14,Chelsea,2.1,3,2,1,Brighton,Stamford Bridge,2023/2024,H,2,1,H,8,18,5,9,16,12,5,8,3,5,1,0,12/3/2023,39647,32,68,12/3/2023_Chelsea_Brighton
519,519,14,Manchester City,2.6,3,3,1,Tottenham,Etihad Stadium,2023/2024,D,2,1,H,18,8,4,4,14,14,10,8,4,4,0,0,12/3/2023,53473,45,55,12/3/2023_Manchester City_Tottenham
520,520,15,Wolves,0.8,1,0,1,Burnley,Molineux Stadium,2023/2024,H,1,0,H,7,12,4,3,11,15,6,8,2,4,0,0,12/5/2023,30439,49,51,12/5/2023_Wolves_Burnley
521,521,15,Luton Town,0.5,3,4,2,Arsenal,Kenilworth Road Stadium,2023/2024,A,1,2,A,6,23,4,9,14,7,3,8,2,1,0,0,12/5/2023,11031,34,66,12/5/2023_Luton Town_Arsenal
522,522,15,Sheffield Utd,1,0,2,2,Liverpool,Bramall Lane,2023/2024,A,0,1,A,6,15,1,8,12,8,2,12,2,3,0,0,12/6/2023,31406,25,75,12/6/2023_Sheffield Utd_Liverpool
523,523,15,Brighton,1.5,2,1,2,Brentford,The American Express Community Stadium,2023/2024,H,1,1,D,18,8,7,2,10,8,7,3,3,1,0,0,12/6/2023,31571,39,61,12/6/2023_Brighton_Brentford
524,524,15,Crystal Palace,1,0,2,2,Bournemouth,Selhurst Park,2023/2024,A,0,1,A,16,11,3,4,10,17,3,9,1,3,0,0,12/6/2023,25078,41,59,12/6/2023_Crystal Palace_Bournemouth
525,525,15,Fulham,2.5,5,0,0,Nott'ham Forest,Craven Cottage,2023/2024,H,2,0,H,14,4,6,1,7,10,6,1,0,1,0,0,12/6/2023,24105,37,63,12/6/2023_Fulham_Nott'ham Forest
526,526,15,Aston Villa,2.3,1,0,1,Manchester City,Villa Park,2023/2024,H,0,0,D,22,2,7,2,13,13,6,0,2,2,0,0,12/6/2023,41421,46,54,12/6/2023_Aston Villa_Manchester City
527,527,15,Manchester Utd,4.1,2,1,2,Chelsea,Old Trafford,2023/2024,H,1,1,D,28,13,9,3,12,12,12,4,4,0,0,0,12/6/2023,73607,55,45,12/6/2023_Manchester Utd_Chelsea
528,528,15,Everton,3.3,3,0,2,Newcastle Utd,Goodison Park,2023/2024,H,0,0,D,21,13,6,3,18,8,5,2,3,0,0,0,12/7/2023,38198,38,62,12/7/2023_Everton_Newcastle Utd
529,529,15,Tottenham,1.8,1,2,2,West Ham,Tottenham Hotspur Stadium,2023/2024,A,1,0,H,23,11,7,5,11,12,8,4,3,3,0,0,12/7/2023,61171,26,74,12/7/2023_Tottenham_West Ham
530,530,16,Crystal Palace,1.7,1,2,1,Liverpool,Selhurst Park,2023/2024,A,0,0,D,8,14,4,2,17,17,6,5,5,2,1,0,12/9/2023,25103,24,76,12/9/2023_Crystal Palace_Liverpool
531,531,16,Sheffield Utd,0.8,1,0,1,Brentford,Bramall Lane,2023/2024,H,1,0,H,9,10,4,4,14,13,3,4,5,1,0,0,12/9/2023,28509,41,59,12/9/2023_Sheffield Utd_Brentford
532,532,16,Brighton,2.6,1,1,1,Burnley,The American Express Community Stadium,2023/2024,D,0,1,A,29,6,11,3,5,8,9,1,0,4,0,0,12/9/2023,31511,28,72,12/9/2023_Brighton_Burnley
533,533,16,Wolves,1.2,1,1,1,Nott'ham Forest,Molineux Stadium,2023/2024,D,1,1,D,10,8,4,2,9,11,4,3,0,1,0,0,12/9/2023,31543,32,68,12/9/2023_Wolves_Nott'ham Forest
534,534,16,Manchester Utd,1.1,0,3,2,Bournemouth,Old Trafford,2023/2024,A,0,1,A,20,10,3,4,7,10,10,4,3,1,0,0,12/9/2023,73427,32,68,12/9/2023_Manchester Utd_Bournemouth
535,535,16,Aston Villa,0.6,1,0,1,Arsenal,Villa Park,2023/2024,H,1,0,H,10,12,3,5,16,11,3,3,4,2,0,0,12/9/2023,42000,39,61,12/9/2023_Aston Villa_Arsenal
536,536,16,Luton Town,0.3,1,2,1.6,Manchester City,Kenilworth Road Stadium,2023/2024,A,1,0,H,4,18,2,6,16,6,6,3,2,1,0,0,12/10/2023,11047,35,65,12/10/2023_Luton Town_Manchester City
537,537,16,Fulham,2.3,5,0,1,West Ham,Craven Cottage,2023/2024,H,3,0,H,14,9,8,5,5,10,3,6,2,1,0,0,12/10/2023,23988,37,63,12/10/2023_Fulham_West Ham
538,538,16,Everton,1.2,2,0,1,Chelsea,Goodison Park,2023/2024,H,0,0,D,9,16,5,4,12,12,4,8,2,2,0,0,12/10/2023,39280,29,71,12/10/2023_Everton_Chelsea
539,539,16,Tottenham,3.8,4,1,2,Newcastle Utd,Tottenham Hotspur Stadium,2023/2024,H,2,0,H,23,9,12,3,10,12,3,6,1,3,0,0,12/10/2023,61171,56,44,12/10/2023_Tottenham_Newcastle Utd
540,540,17,Nott'ham Forest,1.3,0,2,2,Tottenham,The City Ground,2023/2024,A,0,1,A,15,12,1,6,16,11,6,4,2,4,0,1,12/15/2023,29296,34,66,12/15/2023_Nott'ham Forest_Tottenham
541,541,17,Chelsea,3.1,2,0,0,Sheffield Utd,Stamford Bridge,2023/2024,H,0,0,D,15,6,6,1,9,14,7,6,1,3,0,0,12/16/2023,39599,22,78,12/16/2023_Chelsea_Sheffield Utd
542,542,17,Newcastle Utd,3.5,3,0,0,Fulham,St James' Park,2023/2024,H,0,0,D,27,6,10,4,7,12,5,1,0,2,0,1,12/16/2023,52055,30,70,12/16/2023_Newcastle Utd_Fulham
543,543,17,Manchester City,1.6,2,2,2,Crystal Palace,Etihad Stadium,2023/2024,D,1,0,H,19,5,9,2,12,9,6,1,1,1,0,0,12/16/2023,53248,26,74,12/16/2023_Manchester City_Crystal Palace
544,544,17,Burnley,0.7,0,2,1,Everton,Turf Moor,2023/2024,A,0,2,A,14,9,2,6,9,8,8,6,0,1,0,0,12/16/2023,21413,61,39,12/16/2023_Burnley_Everton
545,545,17,West Ham,1.1,3,0,1,Wolves,London Stadium,2023/2024,H,2,0,H,13,14,4,3,12,15,6,6,3,1,0,0,12/17/2023,62455,45,55,12/17/2023_West Ham_Wolves
546,546,17,Arsenal,2.3,2,0,1,Brighton,Emirates Stadium,2023/2024,H,0,0,D,26,6,9,1,11,9,10,1,1,3,0,0,12/17/2023,60257,51,49,12/17/2023_Arsenal_Brighton
547,547,17,Brentford,0.5,1,2,1,Aston Villa,Gtech Community Stadium,2023/2024,A,1,0,H,4,15,3,5,19,6,7,12,6,4,1,1,12/17/2023,17034,34,66,12/17/2023_Brentford_Aston Villa
548,548,17,Liverpool,2.3,0,0,1,Manchester Utd,Anfield,2023/2024,D,0,0,D,34,6,8,1,13,8,12,0,2,4,0,1,12/17/2023,57158,68,32,12/17/2023_Liverpool_Manchester Utd
549,549,18,Crystal Palace,1.3,1,1,1,Brighton,Selhurst Park,2023/2024,D,1,0,H,11,18,3,6,12,11,3,1,5,2,0,0,12/21/2023,24171,35,65,12/21/2023_Crystal Palace_Brighton
550,550,18,Aston Villa,0.9,1,1,1,Sheffield Utd,Villa Park,2023/2024,D,0,0,D,12,5,4,2,11,16,9,1,3,3,0,0,12/22/2023,41651,23,77,12/22/2023_Aston Villa_Sheffield Utd
551,551,18,West Ham,1.2,2,0,1,Manchester Utd,London Stadium,2023/2024,H,0,0,D,12,11,5,3,13,15,4,4,2,3,0,0,12/23/2023,64472,35,65,12/23/2023_West Ham_Manchester Utd
552,552,18,Fulham,1.3,0,2,0,Burnley,Craven Cottage,2023/2024,A,0,0,D,19,7,5,2,5,17,8,6,2,1,0,0,12/23/2023,23598,34,66,12/23/2023_Fulham_Burnley
553,553,18,Nott'ham Forest,1,2,3,2,Bournemouth,The City Ground,2023/2024,A,0,0,D,11,18,5,7,10,10,6,6,0,3,1,0,12/23/2023,29188,34,66,12/23/2023_Nott'ham Forest_Bournemouth
554,554,18,Luton Town,1.4,1,0,1,Newcastle Utd,Kenilworth Road Stadium,2023/2024,H,1,0,H,16,15,5,2,11,5,6,7,2,1,0,0,12/23/2023,11042,35,65,12/23/2023_Luton Town_Newcastle Utd
555,555,18,Tottenham,1.5,2,1,2,Everton,Tottenham Hotspur Stadium,2023/2024,H,2,0,H,13,18,6,8,6,18,3,8,1,4,0,0,12/23/2023,61808,39,61,12/23/2023_Tottenham_Everton
556,556,18,Liverpool,1,1,1,1,Arsenal,Anfield,2023/2024,D,1,1,D,13,13,3,2,13,14,4,5,2,5,0,0,12/23/2023,57548,52,48,12/23/2023_Liverpool_Arsenal
557,557,18,Wolves,1.3,2,1,2,Chelsea,Molineux Stadium,2023/2024,H,0,0,D,14,16,6,5,11,9,10,6,3,5,0,0,12/24/2023,31641,32,68,12/24/2023_Wolves_Chelsea
558,558,19,Newcastle Utd,2.4,1,3,4,Nott'ham Forest,St James' Park,2023/2024,A,1,1,D,19,15,7,6,10,11,10,2,3,3,0,0,12/26/2023,52207,38,62,12/26/2023_Newcastle Utd_Nott'ham Forest
559,559,19,Bournemouth,1.8,3,0,0,Fulham,Vitality Stadium,2023/2024,H,1,0,H,16,8,4,3,10,10,6,5,0,2,0,0,12/26/2023,11099,43,57,12/26/2023_Bournemouth_Fulham
560,560,19,Sheffield Utd,2.4,2,3,1,Luton Town,Bramall Lane,2023/2024,A,0,1,A,21,12,6,4,13,13,9,4,5,0,0,0,12/26/2023,31041,51,49,12/26/2023_Sheffield Utd_Luton Town
561,561,19,Burnley,0.8,0,2,2,Liverpool,Turf Moor,2023/2024,A,0,1,A,9,19,0,10,7,10,4,4,2,1,0,0,12/26/2023,21624,32,68,12/26/2023_Burnley_Liverpool
562,562,19,Manchester Utd,1.1,3,2,2,Aston Villa,Old Trafford,2023/2024,H,0,2,A,13,10,7,4,10,10,3,6,1,3,0,0,12/26/2023,73574,54,46,12/26/2023_Manchester Utd_Aston Villa
563,563,19,Brentford,2.2,1,4,2,Wolves,Gtech Community Stadium,2023/2024,A,1,3,A,14,11,4,5,5,14,8,2,1,1,0,0,12/27/2023,17109,40,60,12/27/2023_Brentford_Wolves
564,564,19,Chelsea,2.6,2,1,1,Crystal Palace,Stamford Bridge,2023/2024,H,1,1,D,9,13,4,5,13,16,4,3,3,2,0,0,12/27/2023,39618,63,37,12/27/2023_Chelsea_Crystal Palace
565,565,19,Everton,1,1,3,2,Manchester City,Goodison Park,2023/2024,A,1,0,H,7,23,2,9,13,5,8,4,4,2,0,0,12/27/2023,39327,28,72,12/27/2023_Everton_Manchester City
566,566,19,Brighton,3.2,4,2,2,Tottenham,The American Express Community Stadium,2023/2024,H,2,0,H,15,19,9,3,18,6,7,6,3,2,0,0,12/28/2023,31675,55,45,12/28/2023_Brighton_Tottenham
567,567,19,Arsenal,2.7,0,2,1,West Ham,Emirates Stadium,2023/2024,A,0,1,A,30,6,8,3,8,8,10,3,2,0,0,0,12/28/2023,60261,27,73,12/28/2023_Arsenal_West Ham
568,568,20,Luton Town,2.3,2,3,2,Chelsea,Kenilworth Road Stadium,2023/2024,A,0,2,A,15,12,6,8,14,21,7,2,2,2,0,0,12/30/2023,11041,52,48,12/30/2023_Luton Town_Chelsea
569,569,20,Crystal Palace,1,3,1,1,Brentford,Selhurst Park,2023/2024,H,2,1,H,13,9,6,4,14,10,7,4,0,1,0,0,12/30/2023,25472,46,54,12/30/2023_Crystal Palace_Brentford
570,570,20,Wolves,1.9,3,0,0,Everton,Molineux Stadium,2023/2024,H,1,0,H,12,10,6,0,9,14,5,2,2,3,0,0,12/30/2023,31639,47,53,12/30/2023_Wolves_Everton
571,571,20,Manchester City,2.2,2,0,0,Sheffield Utd,Etihad Stadium,2023/2024,H,1,0,H,18,4,4,2,5,6,12,2,1,1,0,0,12/30/2023,53108,20,80,12/30/2023_Manchester City_Sheffield Utd
572,572,20,Aston Villa,3.2,3,2,1,Burnley,Villa Park,2023/2024,H,2,1,H,19,9,7,5,9,14,6,2,4,1,0,1,12/30/2023,41613,36,64,12/30/2023_Aston Villa_Burnley
573,573,20,Nott'ham Forest,0.7,2,1,1,Manchester Utd,The City Ground,2023/2024,H,0,0,D,8,10,2,5,9,11,4,5,2,4,0,0,12/30/2023,29529,44,56,12/30/2023_Nott'ham Forest_Manchester Utd
574,574,20,Fulham,1.2,2,1,2,Arsenal,Craven Cottage,2023/2024,H,1,1,D,15,13,4,3,11,10,5,4,4,1,0,0,12/31/2023,24444,40,60,12/31/2023_Fulham_Arsenal
575,575,20,Tottenham,2.3,3,1,2,Bournemouth,Tottenham Hotspur Stadium,2023/2024,H,1,0,H,12,24,6,4,9,18,4,13,3,3,0,0,12/31/2023,61780,50,50,12/31/2023_Tottenham_Bournemouth
576,576,20,Liverpool,7,4,2,1,Newcastle Utd,Anfield,2023/2024,H,0,0,D,34,5,15,3,16,15,7,3,3,5,0,0,1/1/2024,57471,61,39,1/1/2024_Liverpool_Newcastle Utd
577,577,20,West Ham,0.7,0,0,2,Brighton,London Stadium,2023/2024,D,0,0,D,6,22,2,8,4,6,2,0,1,0,0,0,1/2/2024,62462,32,68,1/2/2024_West Ham_Brighton
578,578,21,Burnley,1.1,1,1,1,Luton Town,Turf Moor,2023/2024,D,1,0,H,13,14,7,5,7,12,2,8,1,0,0,0,1/12/2024,20155,39,61,1/12/2024_Burnley_Luton Town
579,579,21,Chelsea,2.2,1,0,1,Fulham,Stamford Bridge,2023/2024,H,1,0,H,17,14,3,4,13,9,6,4,5,1,0,0,1/13/2024,39643,55,45,1/13/2024_Chelsea_Fulham
580,580,21,Newcastle Utd,1.3,2,3,3,Manchester City,St James' Park,2023/2024,A,2,1,H,12,27,5,11,7,7,3,13,1,2,0,0,1/13/2024,52190,28,72,1/13/2024_Newcastle Utd_Manchester City
581,581,21,Everton,1.1,0,0,1,Aston Villa,Goodison Park,2023/2024,D,0,0,D,10,16,2,5,13,14,4,5,1,4,0,0,1/14/2024,39284,32,68,1/14/2024_Everton_Aston Villa
582,582,21,Manchester Utd,0.8,2,2,1,Tottenham,Old Trafford,2023/2024,D,2,1,H,9,16,2,6,8,5,8,13,2,1,0,0,1/14/2024,73489,63,37,1/14/2024_Manchester Utd_Tottenham
583,583,21,Arsenal,3.3,5,0,0,Crystal Palace,Emirates Stadium,2023/2024,H,2,0,H,21,12,6,5,8,12,6,7,0,0,0,0,1/20/2024,60284,40,60,1/20/2024_Arsenal_Crystal Palace
584,584,21,Brentford,1.2,3,2,1,Nott'ham Forest,Gtech Community Stadium,2023/2024,H,1,1,D,11,12,5,3,10,14,6,4,1,3,0,0,1/20/2024,17077,52,48,1/20/2024_Brentford_Nott'ham Forest
585,585,21,Sheffield Utd,2.5,2,2,2,West Ham,Bramall Lane,2023/2024,D,1,1,D,21,16,6,5,11,10,4,1,3,1,1,1,1/21/2024,29164,57,43,1/21/2024_Sheffield Utd_West Ham
586,586,21,Bournemouth,1.4,0,4,2,Liverpool,Vitality Stadium,2023/2024,A,0,0,D,11,14,1,7,9,12,8,5,1,2,0,0,1/21/2024,11228,40,60,1/21/2024_Bournemouth_Liverpool
587,587,21,Brighton,1,0,0,1,Wolves,The American Express Community Stadium,2023/2024,D,0,0,D,11,8,4,3,10,13,8,2,1,4,0,0,1/22/2024,41505,28,72,1/22/2024_Brighton_Wolves
588,588,22,Nott'ham Forest,0.5,1,2,1,Arsenal,The City Ground,2023/2024,A,0,0,D,9,19,3,3,6,7,2,11,0,1,0,0,1/30/2024,29387,27,73,1/30/2024_Nott'ham Forest_Arsenal
589,589,22,Luton Town,3.1,4,0,1,Brighton,Kenilworth Road Stadium,2023/2024,H,3,0,H,18,9,8,2,13,14,7,4,2,2,0,0,1/30/2024,10994,41,59,1/30/2024_Luton Town_Brighton
590,590,22,Fulham,1.6,0,0,2,Everton,Craven Cottage,2023/2024,D,0,0,D,25,21,6,4,6,13,15,6,1,2,0,0,1/30/2024,24376,30,70,1/30/2024_Fulham_Everton
591,591,22,Crystal Palace,1.1,3,2,1,Sheffield Utd,Selhurst Park,2023/2024,H,2,2,D,12,9,4,5,8,18,11,1,1,4,0,0,1/30/2024,24781,47,53,1/30/2024_Crystal Palace_Sheffield Utd
592,592,22,Aston Villa,1.4,1,3,3,Newcastle Utd,Villa Park,2023/2024,A,0,2,A,12,14,6,5,14,12,8,7,4,1,0,0,1/30/2024,42191,61,39,1/30/2024_Aston Villa_Newcastle Utd
593,593,22,Manchester City,1.7,3,1,1,Burnley,Etihad Stadium,2023/2024,H,2,0,H,14,8,4,3,3,13,7,3,2,2,0,0,1/31/2024,52143,26,74,1/31/2024_Manchester City_Burnley
594,594,22,Tottenham,2.9,3,2,2,Brentford,Tottenham Hotspur Stadium,2023/2024,H,0,1,A,19,9,5,5,13,15,5,3,2,3,0,0,1/31/2024,61210,33,67,1/31/2024_Tottenham_Brentford
595,595,22,Liverpool,2.9,4,1,1,Chelsea,Anfield,2023/2024,H,2,0,H,28,4,13,3,15,16,8,1,2,4,0,0,1/31/2024,57524,50,50,1/31/2024_Liverpool_Chelsea
596,596,22,West Ham,1.4,1,1,1,Bournemouth,London Stadium,2023/2024,D,0,1,A,9,9,3,4,13,11,1,5,1,3,0,0,2/1/2024,62478,52,48,2/1/2024_West Ham_Bournemouth
597,597,22,Wolves,2.1,3,4,3,Manchester Utd,Molineux Stadium,2023/2024,A,0,2,A,16,21,7,8,10,10,4,5,2,5,0,0,2/1/2024,31641,53,47,2/1/2024_Wolves_Manchester Utd
598,598,23,Everton,2.6,2,2,1,Tottenham,Goodison Park,2023/2024,D,1,2,A,14,9,5,6,8,14,9,5,3,0,0,0,2/3/2024,39321,43,57,2/3/2024_Everton_Tottenham
599,599,23,Burnley,1.8,2,2,2,Fulham,Turf Moor,2023/2024,D,0,2,A,12,15,4,7,11,7,2,13,2,2,0,0,2/3/2024,20203,44,56,2/3/2024_Burnley_Fulham
600,600,23,Brighton,1.4,4,1,0,Crystal Palace,The American Express Community Stadium,2023/2024,H,3,0,H,13,7,6,5,8,14,3,2,1,3,0,0,2/3/2024,31345,32,68,2/3/2024_Brighton_Crystal Palace
601,601,23,Newcastle Utd,2.3,4,4,2,Luton Town,St James' Park,2023/2024,D,2,2,D,19,11,6,8,13,16,8,2,2,2,0,0,2/3/2024,52211,45,55,2/3/2024_Newcastle Utd_Luton Town
602,602,23,Sheffield Utd,1.4,0,5,2,Aston Villa,Bramall Lane,2023/2024,A,0,4,A,10,14,5,10,10,7,3,4,1,0,0,0,2/3/2024,30187,37,63,2/3/2024_Sheffield Utd_Aston Villa
603,603,23,Chelsea,1.7,2,4,2,Wolves,Stamford Bridge,2023/2024,A,1,2,A,15,14,6,7,15,11,10,1,3,2,0,0,2/4/2024,39628,36,64,2/4/2024_Chelsea_Wolves
604,604,23,Bournemouth,1.3,1,1,1,Nott'ham Forest,Vitality Stadium,2023/2024,D,1,1,D,9,8,2,6,19,12,11,6,3,2,1,0,2/4/2024,11200,55,45,2/4/2024_Bournemouth_Nott'ham Forest
605,605,23,Manchester Utd,0.7,3,0,1,West Ham,Old Trafford,2023/2024,H,1,0,H,12,22,5,3,10,5,5,8,0,1,0,0,2/4/2024,73612,49,51,2/4/2024_Manchester Utd_West Ham
606,606,23,Arsenal,3.5,3,1,0,Liverpool,Emirates Stadium,2023/2024,H,1,1,D,15,10,7,1,11,11,2,4,6,2,0,1,2/4/2024,60374,57,43,2/4/2024_Arsenal_Liverpool
607,607,23,Brentford,1,1,3,2,Manchester City,Gtech Community Stadium,2023/2024,A,1,1,D,9,25,3,15,2,4,8,13,1,0,0,0,2/5/2024,17096,28,72,2/5/2024_Brentford_Manchester City
608,608,24,Manchester City,1.6,2,0,0,Everton,Etihad Stadium,2023/2024,H,0,0,D,19,5,3,1,6,11,9,0,0,2,0,0,2/10/2024,52187,28,72,2/10/2024_Manchester City_Everton
609,609,24,Wolves,1,0,2,2,Brentford,Molineux Stadium,2023/2024,A,0,1,A,17,9,5,6,11,9,7,4,2,3,0,0,2/10/2024,30731,71,29,2/10/2024_Wolves_Brentford
610,610,24,Fulham,1.6,3,1,2,Bournemouth,Craven Cottage,2023/2024,H,2,0,H,7,25,6,4,11,11,1,14,1,2,0,0,2/10/2024,24271,51,49,2/10/2024_Fulham_Bournemouth
611,611,24,Tottenham,1.6,2,1,1,Brighton,Tottenham Hotspur Stadium,2023/2024,H,0,1,A,16,6,6,3,14,13,9,6,2,3,0,0,2/10/2024,61445,52,48,2/10/2024_Tottenham_Brighton
612,612,24,Liverpool,2.8,3,1,1,Burnley,Anfield,2023/2024,H,1,1,D,25,9,10,4,11,13,9,3,3,2,0,0,2/10/2024,59896,30,70,2/10/2024_Liverpool_Burnley
613,613,24,Luton Town,1.8,1,3,2,Sheffield Utd,Kenilworth Road Stadium,2023/2024,A,0,2,A,20,7,5,3,7,12,13,1,1,2,0,0,2/10/2024,11138,26,74,2/10/2024_Luton Town_Sheffield Utd
614,614,24,Nott'ham Forest,1.5,2,3,1,Newcastle Utd,The City Ground,2023/2024,A,2,2,D,13,7,3,5,9,6,4,4,1,2,0,0,2/10/2024,29451,39,61,2/10/2024_Nott'ham Forest_Newcastle Utd
615,615,24,West Ham,0.2,0,6,4,Arsenal,London Stadium,2023/2024,A,0,4,A,5,25,1,12,17,11,2,6,4,0,0,0,2/11/2024,62475,30,70,2/11/2024_West Ham_Arsenal
616,616,24,Aston Villa,2.4,1,2,2,Manchester Utd,Villa Park,2023/2024,A,0,1,A,23,17,10,5,9,7,10,8,3,2,0,0,2/11/2024,42185,56,44,2/11/2024_Aston Villa_Manchester Utd
617,617,24,Crystal Palace,0.6,1,3,1,Chelsea,Selhurst Park,2023/2024,A,1,0,H,13,14,4,5,14,7,1,7,2,2,0,0,2/12/2024,25110,77,23,2/12/2024_Crystal Palace_Chelsea
618,618,25,Brentford,1.6,1,4,3,Liverpool,Gtech Community Stadium,2023/2024,A,0,1,A,15,15,6,8,4,18,1,6,2,1,0,0,2/17/2024,17193,38,62,2/17/2024_Brentford_Liverpool
619,619,25,Nott'ham Forest,2.8,2,0,1,West Ham,The City Ground,2023/2024,H,1,0,H,19,10,8,3,13,15,5,3,4,4,0,1,2/17/2024,29490,49,51,2/17/2024_Nott'ham Forest_West Ham
620,620,25,Burnley,0.3,0,5,2,Arsenal,Turf Moor,2023/2024,A,0,2,A,8,16,0,7,11,8,4,6,2,1,0,0,2/17/2024,21311,36,64,2/17/2024_Burnley_Arsenal
621,621,25,Fulham,1.5,1,2,2,Aston Villa,Craven Cottage,2023/2024,A,0,1,A,15,12,4,3,11,6,4,4,5,2,0,0,2/17/2024,24401,52,48,2/17/2024_Fulham_Aston Villa
622,622,25,Newcastle Utd,2.2,2,2,2,Bournemouth,St James' Park,2023/2024,D,0,0,D,17,12,5,7,9,22,4,2,1,3,0,0,2/17/2024,52224,38,62,2/17/2024_Newcastle Utd_Bournemouth
623,623,25,Tottenham,1.6,1,2,2,Wolves,Tottenham Hotspur Stadium,2023/2024,A,0,1,A,15,12,4,7,8,13,10,4,0,1,0,0,2/17/2024,61532,29,71,2/17/2024_Tottenham_Wolves
624,624,25,Manchester City,2.6,1,1,1,Chelsea,Etihad Stadium,2023/2024,D,0,1,A,31,9,5,6,7,12,12,1,1,3,0,0,2/17/2024,52178,30,70,2/17/2024_Manchester City_Chelsea
625,625,25,Sheffield Utd,0.6,0,5,3,Brighton,Bramall Lane,2023/2024,A,0,2,A,6,24,1,10,3,5,5,10,1,4,1,0,2/18/2024,29522,21,79,2/18/2024_Sheffield Utd_Brighton
626,626,25,Luton Town,1.8,1,2,3,Manchester Utd,Kenilworth Road Stadium,2023/2024,A,1,2,A,22,21,4,9,7,21,8,6,3,5,0,0,2/18/2024,11483,58,42,2/18/2024_Luton Town_Manchester Utd
627,627,25,Everton,1.7,1,1,1,Crystal Palace,Goodison Park,2023/2024,D,0,0,D,19,10,4,4,8,12,3,6,0,2,0,0,2/19/2024,38164,61,39,2/19/2024_Everton_Crystal Palace
628,628,18,Manchester City,2.3,1,0,0,Brentford,Etihad Stadium,2023/2024,H,0,0,D,25,6,11,2,12,6,10,1,2,4,0,0,2/20/2024,52247,30,70,2/20/2024_Manchester City_Brentford
629,629,26,Liverpool,3.3,4,1,1,Luton Town,Anfield,2023/2024,H,0,1,A,29,12,13,3,15,14,13,4,1,4,0,0,2/21/2024,59713,40,60,2/21/2024_Liverpool_Luton Town
630,630,26,Aston Villa,3.6,4,2,3,Nott'ham Forest,Villa Park,2023/2024,H,3,1,H,16,10,6,3,7,16,7,2,1,2,0,0,2/24/2024,42131,42,58,2/24/2024_Aston Villa_Nott'ham Forest
631,631,26,Manchester Utd,1.7,1,2,1,Fulham,Old Trafford,2023/2024,A,0,0,D,21,17,9,5,6,11,10,9,2,5,0,0,2/24/2024,73487,43,57,2/24/2024_Manchester Utd_Fulham
632,632,26,Crystal Palace,2.4,3,0,0,Burnley,Selhurst Park,2023/2024,H,0,0,D,15,2,6,0,8,13,12,3,3,1,0,1,2/24/2024,24042,44,56,2/24/2024_Crystal Palace_Burnley
633,633,26,Brighton,1.4,1,1,0,Everton,The American Express Community Stadium,2023/2024,D,0,0,D,23,6,7,3,9,14,11,3,2,3,1,0,2/24/2024,41646,36,64,2/24/2024_Brighton_Everton
634,634,26,Bournemouth,0.9,0,1,2,Manchester City,Vitality Stadium,2023/2024,A,0,1,A,13,15,4,6,14,6,3,8,2,2,0,0,2/24/2024,11184,38,62,2/24/2024_Bournemouth_Manchester City
635,635,26,Arsenal,2.8,4,1,0,Newcastle Utd,Emirates Stadium,2023/2024,H,2,0,H,18,3,8,2,15,6,9,0,1,0,0,0,2/24/2024,60298,45,55,2/24/2024_Arsenal_Newcastle Utd
636,636,26,Wolves,1.3,1,0,1,Sheffield Utd,Molineux Stadium,2023/2024,H,1,0,H,13,12,2,4,8,4,5,6,2,1,0,0,2/25/2024,30789,37,63,2/25/2024_Wolves_Sheffield Utd
637,637,26,West Ham,1.7,4,2,1,Brentford,London Stadium,2023/2024,H,2,1,H,17,14,6,8,5,9,1,7,1,2,0,0,2/26/2024,62450,41,59,2/26/2024_West Ham_Brentford
638,638,27,Brentford,1.8,2,2,2,Chelsea,Gtech Community Stadium,2023/2024,D,0,1,A,14,17,5,6,10,9,0,6,3,1,0,0,3/2/2024,17140,67,33,3/2/2024_Brentford_Chelsea
639,639,27,Newcastle Utd,2.1,3,0,1,Wolves,St James' Park,2023/2024,H,2,0,H,14,12,7,3,8,11,3,5,0,1,0,0,3/2/2024,52206,56,44,3/2/2024_Newcastle Utd_Wolves
640,640,27,Fulham,1.3,3,0,1,Brighton,Craven Cottage,2023/2024,H,2,0,H,12,15,5,5,16,10,2,6,1,2,0,0,3/2/2024,24460,30,70,3/2/2024_Fulham_Brighton
641,641,27,Everton,2.7,1,3,2,West Ham,Goodison Park,2023/2024,A,0,0,D,22,12,11,5,9,6,4,5,1,2,0,0,3/2/2024,39262,55,45,3/2/2024_Everton_West Ham
642,642,27,Tottenham,1.9,3,1,0,Crystal Palace,Tottenham Hotspur Stadium,2023/2024,H,0,0,D,14,4,6,1,7,16,11,1,1,2,0,0,3/2/2024,61339,22,78,3/2/2024_Tottenham_Crystal Palace
643,643,27,Nott'ham Forest,1,0,1,2,Liverpool,The City Ground,2023/2024,A,0,0,D,8,22,2,2,11,12,3,12,2,2,0,0,3/2/2024,29603,31,69,3/2/2024_Nott'ham Forest_Liverpool
644,644,27,Luton Town,1.8,2,3,2,Aston Villa,Kenilworth Road Stadium,2023/2024,A,0,2,A,13,12,5,8,8,19,8,6,1,4,0,0,3/2/2024,11594,46,54,3/2/2024_Luton Town_Aston Villa
645,645,27,Burnley,1.5,0,2,1,Bournemouth,Turf Moor,2023/2024,A,0,1,A,20,10,6,3,8,13,7,2,2,4,0,0,3/3/2024,19713,74,26,3/3/2024_Burnley_Bournemouth
646,646,27,Manchester City,3.3,3,1,0,Manchester Utd,Etihad Stadium,2023/2024,H,0,1,A,27,3,8,1,5,10,15,2,0,1,0,0,3/3/2024,53514,27,73,3/3/2024_Manchester City_Manchester Utd
647,647,27,Sheffield Utd,0.2,0,6,2,Arsenal,Bramall Lane,2023/2024,A,0,5,A,4,22,0,10,11,4,0,7,1,0,0,0,3/4/2024,29157,20,80,3/4/2024_Sheffield Utd_Arsenal
648,648,28,Manchester Utd,2.7,2,0,2,Everton,Old Trafford,2023/2024,H,2,0,H,15,23,8,6,13,11,5,8,1,2,0,0,3/9/2024,73601,49,51,3/9/2024_Manchester Utd_Everton
649,649,28,Wolves,0.8,2,1,3,Fulham,Molineux Stadium,2023/2024,H,0,0,D,8,23,3,6,7,11,3,4,2,2,0,0,3/9/2024,30860,48,52,3/9/2024_Wolves_Fulham
650,650,28,Bournemouth,3.3,2,2,1,Sheffield Utd,Vitality Stadium,2023/2024,D,0,1,A,32,13,12,9,12,11,10,3,3,5,0,0,3/9/2024,11074,31,69,3/9/2024_Bournemouth_Sheffield Utd
651,651,28,Crystal Palace,2.7,1,1,1,Luton Town,Selhurst Park,2023/2024,D,1,0,H,21,8,4,2,20,11,8,6,2,3,0,0,3/9/2024,25103,51,49,3/9/2024_Crystal Palace_Luton Town
652,652,28,Arsenal,1.3,2,1,1,Brentford,Emirates Stadium,2023/2024,H,1,1,D,17,9,6,4,9,10,10,4,2,4,0,0,3/9/2024,60331,29,71,3/9/2024_Arsenal_Brentford
653,653,28,Aston Villa,0.8,0,4,2,Tottenham,Villa Park,2023/2024,A,0,0,D,10,9,1,5,11,15,6,4,0,2,1,0,3/10/2024,42310,68,32,3/10/2024_Aston Villa_Tottenham
654,654,28,Brighton,0.4,1,0,1,Nott'ham Forest,The American Express Community Stadium,2023/2024,H,1,0,H,10,9,3,4,14,14,6,3,4,4,0,0,3/10/2024,31505,37,63,3/10/2024_Brighton_Nott'ham Forest
655,655,28,West Ham,2.1,2,2,1,Burnley,London Stadium,2023/2024,D,0,2,A,22,11,4,4,11,18,4,4,2,4,0,0,3/10/2024,62441,48,52,3/10/2024_West Ham_Burnley
656,656,28,Liverpool,2.7,1,1,2,Manchester City,Anfield,2023/2024,D,0,1,A,19,10,6,6,6,10,7,4,0,3,0,0,3/10/2024,59947,53,47,3/10/2024_Liverpool_Manchester City
657,657,28,Chelsea,1.6,3,2,1,Newcastle Utd,Stamford Bridge,2023/2024,H,1,1,D,12,11,8,3,12,7,0,4,3,1,0,0,3/11/2024,37753,44,56,3/11/2024_Chelsea_Newcastle Utd
658,658,17,Bournemouth,2.3,4,3,2,Luton Town,Vitality Stadium,2023/2024,H,0,3,A,24,8,10,4,16,11,11,3,1,2,0,0,3/13/2024,11198,41,59,3/13/2024_Bournemouth_Luton Town
659,659,29,Burnley,2.8,2,1,1,Brentford,Turf Moor,2023/2024,H,1,0,H,17,9,6,5,14,17,5,4,2,4,0,1,3/16/2024,20431,60,40,3/16/2024_Burnley_Brentford
660,660,29,Luton Town,0.6,1,1,2,Nott'ham Forest,Kenilworth Road Stadium,2023/2024,D,0,1,A,10,16,4,6,10,17,6,7,1,2,0,0,3/16/2024,11630,60,40,3/16/2024_Luton Town_Nott'ham Forest
661,661,29,Fulham,2.6,3,0,2,Tottenham,Craven Cottage,2023/2024,H,1,0,H,16,14,7,5,9,10,4,5,2,3,0,0,3/16/2024,24410,43,57,3/16/2024_Fulham_Tottenham
662,662,29,West Ham,2,1,1,1,Aston Villa,London Stadium,2023/2024,D,1,0,H,13,13,5,5,13,12,7,11,3,3,0,0,3/17/2024,62461,31,69,3/17/2024_West Ham_Aston Villa
663,663,30,Newcastle Utd,4.1,4,3,1,West Ham,St James' Park,2023/2024,H,1,2,A,24,10,9,4,9,8,3,4,1,1,1,0,3/30/2024,52199,40,60,3/30/2024_Newcastle Utd_West Ham
664,664,30,Nott'ham Forest,0.9,1,1,1,Crystal Palace,The City Ground,2023/2024,D,0,1,A,12,10,5,3,14,12,4,6,1,1,0,0,3/30/2024,29520,59,41,3/30/2024_Nott'ham Forest_Crystal Palace
665,665,30,Sheffield Utd,1.9,3,3,1,Fulham,Bramall Lane,2023/2024,D,0,0,D,8,24,4,9,10,13,2,15,4,1,0,0,3/30/2024,30010,27,73,3/30/2024_Sheffield Utd_Fulham
666,666,30,Chelsea,4.2,2,2,2,Burnley,Stamford Bridge,2023/2024,D,1,0,H,33,18,13,7,12,7,12,4,2,2,0,1,3/30/2024,39535,31,69,3/30/2024_Chelsea_Burnley
667,667,30,Tottenham,2.9,2,1,1,Luton Town,Tottenham Hotspur Stadium,2023/2024,H,0,1,A,17,7,4,3,16,14,3,6,2,4,0,0,3/30/2024,61534,30,70,3/30/2024_Tottenham_Luton Town
668,668,30,Bournemouth,1.3,2,1,1,Everton,Vitality Stadium,2023/2024,H,0,0,D,11,7,4,3,14,11,9,8,1,2,0,0,3/30/2024,11207,52,48,3/30/2024_Bournemouth_Everton
669,669,30,Aston Villa,1,2,0,2,Wolves,Villa Park,2023/2024,H,1,0,H,11,13,5,3,11,19,5,4,3,4,0,0,3/30/2024,42640,52,48,3/30/2024_Aston Villa_Wolves
670,670,30,Brentford,3.2,1,1,1,Manchester Utd,Gtech Community Stadium,2023/2024,D,0,0,D,31,11,5,5,7,14,14,4,2,2,0,0,3/30/2024,17138,47,53,3/30/2024_Brentford_Manchester Utd
671,671,30,Liverpool,2.8,2,1,1,Brighton,Anfield,2023/2024,H,1,1,D,30,9,8,3,20,6,8,4,5,3,0,0,3/31/2024,60061,45,55,3/31/2024_Liverpool_Brighton
672,672,30,Manchester City,1,0,0,1,Arsenal,Etihad Stadium,2023/2024,D,0,0,D,12,6,1,2,9,20,7,4,0,2,0,0,3/31/2024,52178,28,72,3/31/2024_Manchester City_Arsenal
673,673,31,Newcastle Utd,2.4,1,1,1,Everton,St James' Park,2023/2024,D,1,0,H,18,10,6,3,9,14,7,3,0,3,0,0,4/2/2024,52135,43,57,4/2/2024_Newcastle Utd_Everton
674,674,31,Nott'ham Forest,1.5,3,1,2,Fulham,The City Ground,2023/2024,H,3,0,H,16,18,4,3,7,8,3,8,0,0,0,0,4/2/2024,28997,34,66,4/2/2024_Nott'ham Forest_Fulham
675,675,31,Bournemouth,1.1,1,0,0,Crystal Palace,Vitality Stadium,2023/2024,H,0,0,D,11,3,6,2,13,14,9,2,3,2,0,0,4/2/2024,11058,50,50,4/2/2024_Bournemouth_Crystal Palace
676,676,31,Burnley,1.3,1,1,1,Wolves,Turf Moor,2023/2024,D,1,1,D,13,8,6,2,10,12,7,4,0,2,0,0,4/2/2024,21528,51,49,4/2/2024_Burnley_Wolves
677,677,31,West Ham,1.5,1,1,1,Tottenham,London Stadium,2023/2024,D,1,1,D,11,13,4,4,13,9,9,5,1,4,0,0,4/2/2024,62469,33,67,4/2/2024_West Ham_Tottenham
678,678,31,Brentford,0.6,0,0,1,Brighton,Gtech Community Stadium,2023/2024,D,0,0,D,5,24,2,6,9,12,1,5,1,1,0,0,4/3/2024,17024,34,66,4/3/2024_Brentford_Brighton
679,679,31,Arsenal,0.7,2,0,0,Luton Town,Emirates Stadium,2023/2024,H,2,0,H,13,5,4,1,12,8,3,1,1,1,0,0,4/3/2024,60262,42,58,4/3/2024_Arsenal_Luton Town
680,680,31,Manchester City,3.4,4,1,1,Aston Villa,Etihad Stadium,2023/2024,H,2,1,H,25,8,11,3,6,13,2,3,1,2,0,0,4/3/2024,53422,33,67,4/3/2024_Manchester City_Aston Villa
681,681,31,Liverpool,1.8,3,1,1,Sheffield Utd,Anfield,2023/2024,H,1,0,H,29,8,9,3,6,9,13,1,0,1,0,0,4/4/2024,60055,18,82,4/4/2024_Liverpool_Sheffield Utd
682,682,31,Chelsea,3,4,3,2,Manchester Utd,Stamford Bridge,2023/2024,H,2,2,D,28,19,10,5,7,15,12,3,3,0,0,0,4/4/2024,39694,57,43,4/4/2024_Chelsea_Manchester Utd
683,683,32,Crystal Palace,1.1,2,4,2,Manchester City,Selhurst Park,2023/2024,A,1,1,D,7,18,4,8,13,3,2,9,1,1,0,0,4/6/2024,25132,25,75,4/6/2024_Crystal Palace_Manchester City
684,684,32,Luton Town,1.5,2,1,0,Bournemouth,Kenilworth Road Stadium,2023/2024,H,0,0,D,19,8,9,1,7,14,7,2,0,0,0,0,4/6/2024,11797,55,45,4/6/2024_Luton Town_Bournemouth
685,685,32,Everton,0.9,1,0,1,Burnley,Goodison Park,2023/2024,H,1,0,H,12,6,3,1,11,13,3,5,2,1,0,1,4/6/2024,39125,62,38,4/6/2024_Everton_Burnley
686,686,32,Wolves,1.5,1,2,1,West Ham,Molineux Stadium,2023/2024,A,1,0,H,14,11,7,4,15,7,4,4,5,2,0,0,4/6/2024,31504,42,58,4/6/2024_Wolves_West Ham
687,687,32,Aston Villa,1.5,3,3,2,Brentford,Villa Park,2023/2024,D,1,0,H,11,8,3,3,15,11,11,3,2,2,0,0,4/6/2024,42118,31,69,4/6/2024_Aston Villa_Brentford
688,688,32,Fulham,1.2,0,1,1,Newcastle Utd,Craven Cottage,2023/2024,A,0,0,D,14,12,4,5,10,13,14,3,1,2,0,0,4/6/2024,24418,66,34,4/6/2024_Fulham_Newcastle Utd
689,689,32,Brighton,0.5,0,3,3,Arsenal,The American Express Community Stadium,2023/2024,A,0,1,A,10,20,2,7,14,13,8,7,1,2,0,0,4/6/2024,31677,54,46,4/6/2024_Brighton_Arsenal
690,690,32,Manchester Utd,0.7,2,2,4,Liverpool,Old Trafford,2023/2024,D,0,1,A,9,28,5,7,9,10,6,11,5,2,0,0,4/7/2024,73501,62,38,4/7/2024_Manchester Utd_Liverpool
691,691,32,Sheffield Utd,1.4,2,2,0,Chelsea,Bramall Lane,2023/2024,D,1,1,D,11,6,6,3,12,10,7,6,4,2,0,0,4/7/2024,28638,32,68,4/7/2024_Sheffield Utd_Chelsea
692,692,32,Tottenham,1.5,3,1,2,Nott'ham Forest,Tottenham Hotspur Stadium,2023/2024,H,1,1,D,17,13,7,6,11,12,12,2,2,3,0,0,4/7/2024,61098,37,63,4/7/2024_Tottenham_Nott'ham Forest
693,693,33,Newcastle Utd,2.8,4,0,1,Tottenham,St James' Park,2023/2024,H,2,0,H,18,11,5,2,14,12,16,3,0,4,0,0,4/13/2024,52147,72,28,4/13/2024_Newcastle Utd_Tottenham
694,694,33,Manchester City,4.2,5,1,1,Luton Town,Etihad Stadium,2023/2024,H,1,0,H,33,4,13,2,7,6,12,1,1,0,0,0,4/13/2024,52149,27,73,4/13/2024_Manchester City_Luton Town
695,695,33,Burnley,1.7,1,1,1,Brighton,Turf Moor,2023/2024,D,0,0,D,11,20,3,8,18,8,4,5,1,2,0,0,4/13/2024,20687,44,56,4/13/2024_Burnley_Brighton
696,696,33,Nott'ham Forest,1.9,2,2,1,Wolves,The City Ground,2023/2024,D,1,1,D,18,11,9,4,15,10,10,1,2,3,0,0,4/13/2024,29604,46,54,4/13/2024_Nott'ham Forest_Wolves
697,697,33,Brentford,1,2,0,1,Sheffield Utd,Gtech Community Stadium,2023/2024,H,0,0,D,9,8,5,2,8,11,3,6,3,1,0,0,4/13/2024,17115,47,53,4/13/2024_Brentford_Sheffield Utd
698,698,33,Bournemouth,1.6,2,2,1,Manchester Utd,Vitality Stadium,2023/2024,D,2,1,H,20,8,5,2,13,14,7,2,4,0,0,0,4/13/2024,11229,43,57,4/13/2024_Bournemouth_Manchester Utd
699,699,33,Liverpool,2.7,0,1,2,Crystal Palace,Anfield,2023/2024,A,0,1,A,21,8,6,5,10,10,11,1,1,1,0,0,4/14/2024,60090,31,69,4/14/2024_Liverpool_Crystal Palace
700,700,33,West Ham,0.9,0,2,3,Fulham,London Stadium,2023/2024,A,0,1,A,15,18,4,10,6,13,8,3,1,2,0,0,4/14/2024,62459,58,42,4/14/2024_West Ham_Fulham
701,701,33,Arsenal,1.6,0,2,1,Aston Villa,Emirates Stadium,2023/2024,A,0,0,D,18,11,4,2,12,7,4,6,3,1,0,0,4/14/2024,60350,48,52,4/14/2024_Arsenal_Aston Villa
702,702,33,Chelsea,3.1,6,0,2,Everton,Stamford Bridge,2023/2024,H,4,0,H,14,10,10,2,5,21,4,8,1,4,0,0,4/15/2024,39392,42,58,4/15/2024_Chelsea_Everton
703,703,34,Sheffield Utd,2.4,1,4,2,Burnley,Bramall Lane,2023/2024,A,0,2,A,18,16,11,9,10,9,11,2,1,0,0,0,4/20/2024,28964,49,51,4/20/2024_Sheffield Utd_Burnley
704,704,34,Luton Town,0.6,1,5,3,Brentford,Kenilworth Road Stadium,2023/2024,A,0,2,A,6,21,3,9,13,9,4,9,1,2,0,0,4/20/2024,11877,53,47,4/20/2024_Luton Town_Brentford
705,705,34,Wolves,0.2,0,2,1,Arsenal,Molineux Stadium,2023/2024,A,0,1,A,5,24,3,9,14,9,1,2,3,2,0,0,4/20/2024,31621,46,54,4/20/2024_Wolves_Arsenal
706,706,34,Everton,0.3,2,0,1,Nott'ham Forest,Goodison Park,2023/2024,H,1,0,H,7,8,4,3,15,9,6,4,3,2,0,0,4/21/2024,39239,41,59,4/21/2024_Everton_Nott'ham Forest
707,707,34,Crystal Palace,2.4,5,2,1,West Ham,Selhurst Park,2023/2024,H,4,1,H,18,4,7,1,9,9,4,0,3,2,0,0,4/21/2024,25145,40,60,4/21/2024_Crystal Palace_West Ham
708,708,34,Aston Villa,2.4,3,1,2,Bournemouth,Villa Park,2023/2024,H,1,1,D,14,14,4,6,8,14,8,4,1,3,0,0,4/21/2024,42189,44,56,4/21/2024_Aston Villa_Bournemouth
709,709,34,Fulham,0.8,1,3,1,Liverpool,Craven Cottage,2023/2024,A,1,1,D,12,14,5,7,5,11,1,4,3,0,0,0,4/21/2024,24414,40,60,4/21/2024_Fulham_Liverpool
710,710,29,Arsenal,3.3,5,0,2,Chelsea,Emirates Stadium,2023/2024,H,1,0,H,27,7,10,1,12,11,4,2,2,2,0,0,4/23/2024,60238,55,45,4/23/2024_Arsenal_Chelsea
711,711,29,Wolves,0.5,0,1,2,Bournemouth,Molineux Stadium,2023/2024,A,0,1,A,15,21,4,6,10,17,8,12,4,1,0,1,4/24/2024,25541,37,63,4/24/2024_Wolves_Bournemouth
712,712,29,Everton,1.2,2,0,2,Liverpool,Goodison Park,2023/2024,H,1,0,H,16,23,6,7,6,13,4,13,0,3,0,0,4/24/2024,38222,25,75,4/24/2024_Everton_Liverpool
713,713,29,Manchester Utd,2.9,4,2,1,Sheffield Utd,Old Trafford,2023/2024,H,1,1,D,25,10,13,4,7,9,9,4,0,1,0,0,4/24/2024,73549,29,71,4/24/2024_Manchester Utd_Sheffield Utd
714,714,29,Crystal Palace,0.9,2,0,0,Newcastle Utd,Selhurst Park,2023/2024,H,0,0,D,20,7,7,2,10,15,7,2,3,3,0,0,4/24/2024,25002,47,53,4/24/2024_Crystal Palace_Newcastle Utd
715,715,29,Brighton,0.6,0,4,1,Manchester City,The American Express Community Stadium,2023/2024,A,0,3,A,7,14,3,6,10,3,4,4,2,0,0,0,4/25/2024,31596,36,64,4/25/2024_Brighton_Manchester City
716,716,35,West Ham,0.7,2,2,2,Liverpool,London Stadium,2023/2024,D,1,0,H,11,28,8,8,8,10,5,8,0,2,0,0,4/27/2024,62474,29,71,4/27/2024_West Ham_Liverpool
717,717,35,Wolves,1.2,2,1,1,Luton Town,Molineux Stadium,2023/2024,H,1,0,H,13,9,5,6,14,14,4,4,3,1,0,0,4/27/2024,31531,42,58,4/27/2024_Wolves_Luton Town
718,718,35,Manchester Utd,2.7,1,1,2,Burnley,Old Trafford,2023/2024,D,0,0,D,27,16,10,7,7,11,6,5,1,3,0,0,4/27/2024,73571,52,48,4/27/2024_Manchester Utd_Burnley
719,719,35,Fulham,1.1,1,1,1,Crystal Palace,Craven Cottage,2023/2024,D,0,0,D,9,14,2,4,11,15,5,9,0,2,0,0,4/27/2024,24142,47,53,4/27/2024_Fulham_Crystal Palace
720,720,35,Newcastle Utd,3.1,5,1,2,Sheffield Utd,St James' Park,2023/2024,H,1,1,D,20,15,7,5,9,10,4,5,0,0,0,0,4/27/2024,52196,40,60,4/27/2024_Newcastle Utd_Sheffield Utd
721,721,35,Everton,0.8,1,0,1,Brentford,Goodison Park,2023/2024,H,0,0,D,18,10,1,4,10,12,6,6,1,2,0,0,4/27/2024,39098,48,52,4/27/2024_Everton_Brentford
722,722,35,Aston Villa,1.1,2,2,2,Chelsea,Villa Park,2023/2024,D,2,0,H,9,21,4,5,13,14,2,4,3,5,0,0,4/27/2024,42354,71,29,4/27/2024_Aston Villa_Chelsea
723,723,35,Tottenham,2.3,2,3,1,Arsenal,Tottenham Hotspur Stadium,2023/2024,A,0,3,A,14,9,2,3,12,16,8,6,2,1,0,0,4/28/2024,61554,62,38,4/28/2024_Tottenham_Arsenal
724,724,35,Bournemouth,1.9,3,0,1,Brighton,Vitality Stadium,2023/2024,H,1,0,H,15,13,6,1,14,10,8,2,2,2,0,0,4/28/2024,11188,31,69,4/28/2024_Bournemouth_Brighton
725,725,35,Nott'ham Forest,1.9,0,2,1,Manchester City,The City Ground,2023/2024,A,0,1,A,14,11,2,5,8,6,4,5,0,0,0,0,4/28/2024,29677,34,66,4/28/2024_Nott'ham Forest_Manchester City
726,726,26,Chelsea,2.2,2,0,2,Tottenham,Stamford Bridge,2023/2024,H,1,0,H,16,19,5,3,12,16,4,9,0,1,0,0,5/2/2024,39086,37,63,5/2/2024_Chelsea_Tottenham
727,727,36,Luton Town,0.8,1,1,1,Everton,Kenilworth Road Stadium,2023/2024,D,1,1,D,18,10,5,3,14,12,8,7,1,3,0,0,5/3/2024,11873,51,49,5/3/2024_Luton Town_Everton
728,728,36,Arsenal,3.3,3,0,1,Bournemouth,Emirates Stadium,2023/2024,H,1,0,H,25,7,9,2,16,12,6,1,2,3,0,0,5/4/2024,60348,45,55,5/4/2024_Arsenal_Bournemouth
729,729,36,Brentford,0.6,0,0,1,Fulham,Gtech Community Stadium,2023/2024,D,0,0,D,7,15,3,3,3,6,7,6,1,1,0,0,5/4/2024,17090,46,54,5/4/2024_Brentford_Fulham
730,730,36,Burnley,1,1,4,3,Newcastle Utd,Turf Moor,2023/2024,A,0,3,A,17,23,5,11,8,8,4,11,2,2,0,0,5/4/2024,21781,47,53,5/4/2024_Burnley_Newcastle Utd
731,731,36,Sheffield Utd,2.2,1,3,1,Nott'ham Forest,Bramall Lane,2023/2024,A,1,1,D,17,15,5,4,9,7,5,3,0,1,1,0,5/4/2024,28516,54,46,5/4/2024_Sheffield Utd_Nott'ham Forest
732,732,36,Manchester City,3.7,5,1,0,Wolves,Etihad Stadium,2023/2024,H,3,0,H,20,2,12,1,4,17,6,0,0,4,0,0,5/4/2024,52439,42,58,5/4/2024_Manchester City_Wolves
733,733,36,Brighton,2.5,1,0,0,Aston Villa,The American Express Community Stadium,2023/2024,H,0,0,D,15,2,8,1,13,10,7,3,2,1,0,0,5/5/2024,31596,48,52,5/5/2024_Brighton_Aston Villa
734,734,36,Chelsea,4.1,5,0,1,West Ham,Stamford Bridge,2023/2024,H,3,0,H,25,13,14,2,12,10,8,6,1,3,0,0,5/5/2024,39295,31,69,5/5/2024_Chelsea_West Ham
735,735,36,Liverpool,3.3,4,2,1,Tottenham,Anfield,2023/2024,H,2,0,H,25,11,13,6,14,12,8,3,1,4,0,0,5/5/2024,60075,56,44,5/5/2024_Liverpool_Tottenham
736,736,36,Crystal Palace,1.7,4,0,0,Manchester Utd,Selhurst Park,2023/2024,H,2,0,H,18,7,10,2,12,8,6,3,1,1,0,0,5/6/2024,25190,43,57,5/6/2024_Crystal Palace_Manchester Utd
737,737,37,Fulham,0.1,0,4,3,Manchester City,Craven Cottage,2023/2024,A,0,1,A,1,16,1,9,9,6,1,7,1,0,1,0,5/11/2024,24418,36,64,5/11/2024_Fulham_Manchester City
738,738,37,Newcastle Utd,2.2,1,1,1,Brighton,St James' Park,2023/2024,D,1,1,D,18,15,7,4,9,16,8,4,3,4,0,0,5/11/2024,51997,43,57,5/11/2024_Newcastle Utd_Brighton
739,739,37,Tottenham,2.7,2,1,1,Burnley,Tottenham Hotspur Stadium,2023/2024,H,1,1,D,21,7,9,3,10,14,9,3,3,5,0,0,5/11/2024,61148,37,63,5/11/2024_Tottenham_Burnley
740,740,37,Wolves,1.6,1,3,3,Crystal Palace,Molineux Stadium,2023/2024,A,0,2,A,13,13,7,3,13,12,8,3,3,2,0,1,5/11/2024,31424,62,38,5/11/2024_Wolves_Crystal Palace
741,741,37,Bournemouth,0.7,1,2,1,Brentford,Vitality Stadium,2023/2024,A,0,0,D,13,11,4,5,16,12,3,8,2,2,0,0,5/11/2024,11154,48,52,5/11/2024_Bournemouth_Brentford
742,742,37,Everton,2.3,1,0,1,Sheffield Utd,Goodison Park,2023/2024,H,1,0,H,15,13,6,1,6,11,3,6,1,2,0,0,5/11/2024,39221,42,58,5/11/2024_Everton_Sheffield Utd
743,743,37,West Ham,3.2,3,1,0,Luton Town,London Stadium,2023/2024,H,0,1,A,24,4,8,1,9,15,7,6,1,3,0,0,5/11/2024,62475,42,58,5/11/2024_West Ham_Luton Town
744,744,37,Nott'ham Forest,1.5,2,3,2,Chelsea,The City Ground,2023/2024,A,1,1,D,20,12,4,5,14,8,5,6,2,3,0,0,5/11/2024,29708,33,67,5/11/2024_Nott'ham Forest_Chelsea
745,745,37,Manchester Utd,0.5,0,1,2,Arsenal,Old Trafford,2023/2024,A,0,1,A,14,11,2,5,5,6,4,7,0,2,0,0,5/12/2024,73600,54,46,5/12/2024_Manchester Utd_Arsenal
746,746,37,Aston Villa,3.1,3,3,2,Liverpool,Villa Park,2023/2024,D,1,2,A,19,14,5,7,11,15,5,4,1,1,0,0,5/13/2024,42241,41,59,5/13/2024_Aston Villa_Liverpool
747,747,34,Tottenham,1.7,0,2,2,Manchester City,Tottenham Hotspur Stadium,2023/2024,A,0,0,D,10,8,5,5,14,11,7,4,3,3,0,0,5/14/2024,61065,53,47,5/14/2024_Tottenham_Manchester City
748,748,34,Brighton,1.3,1,2,2,Chelsea,The American Express Community Stadium,2023/2024,A,0,1,A,12,13,2,6,13,14,4,6,2,2,0,1,5/15/2024,31555,45,55,5/15/2024_Brighton_Chelsea
749,749,34,Manchester Utd,1.5,3,2,2,Newcastle Utd,Old Trafford,2023/2024,H,1,0,H,17,21,8,8,16,7,9,9,3,3,0,0,5/15/2024,73582,55,45,5/15/2024_Manchester Utd_Newcastle Utd
750,750,38,Liverpool,4.5,2,0,1,Wolves,Anfield,2023/2024,H,2,0,H,36,4,14,3,14,11,10,2,1,1,0,1,5/19/2024,60059,33,67,5/19/2024_Liverpool_Wolves
751,751,38,Luton Town,2,2,4,1,Fulham,Kenilworth Road Stadium,2023/2024,A,1,2,A,15,15,6,7,15,20,4,4,5,4,0,0,5/19/2024,12027,41,59,5/19/2024_Luton Town_Fulham
752,752,38,Chelsea,1.1,2,1,2,Bournemouth,Stamford Bridge,2023/2024,H,1,0,H,16,22,6,5,5,9,6,5,2,3,0,0,5/19/2024,39724,39,61,5/19/2024_Chelsea_Bournemouth
753,753,38,Burnley,1.2,1,2,2,Nott'ham Forest,Turf Moor,2023/2024,A,0,2,A,20,12,3,6,11,5,4,3,1,0,0,0,5/19/2024,21109,72,28,5/19/2024_Burnley_Nott'ham Forest
754,754,38,Crystal Palace,2.5,5,0,1,Aston Villa,Selhurst Park,2023/2024,H,2,0,H,15,8,9,2,10,8,2,4,1,4,0,0,5/19/2024,25191,54,46,5/19/2024_Crystal Palace_Aston Villa
755,755,38,Brighton,1.7,0,2,1,Manchester Utd,The American Express Community Stadium,2023/2024,A,0,0,D,17,11,3,4,10,9,7,5,1,3,0,0,5/19/2024,31662,55,45,5/19/2024_Brighton_Manchester Utd
756,756,38,Brentford,1.1,2,4,3,Newcastle Utd,Gtech Community Stadium,2023/2024,A,0,3,A,10,12,5,7,15,11,3,0,4,4,0,0,5/19/2024,17124,54,46,5/19/2024_Brentford_Newcastle Utd
757,757,38,Manchester City,1.9,3,1,0,West Ham,Etihad Stadium,2023/2024,H,2,1,H,28,3,12,2,3,12,11,2,0,1,0,0,5/19/2024,55097,29,71,5/19/2024_Manchester City_West Ham
758,758,38,Arsenal,2.9,2,1,1,Everton,Emirates Stadium,2023/2024,H,1,1,D,26,5,5,2,8,11,8,1,4,3,0,0,5/19/2024,60312,32,68,5/19/2024_Arsenal_Everton
759,759,38,Sheffield Utd,1,0,3,3,Tottenham,Bramall Lane,2023/2024,A,0,1,A,6,18,1,9,11,9,2,6,2,0,0,0,5/19/2024,29116,25,75,5/19/2024_Sheffield Utd_Tottenham
760,760,1,Manchester Utd,2.4,1,0,0,Fulham,Old Trafford,2024/2025,H,0,0,D,14,10,5,2,12,10,7,8,2,3,0,0,8/16/2024,73297,45,55,8/16/2024_Manchester Utd_Fulham
761,761,1,Ipswich Town,0.5,0,2,3,Liverpool,Portman Road Stadium,2024/2025,A,0,0,D,7,18,2,5,9,18,2,10,3,1,0,0,8/17/2024,30014,38,62,8/17/2024_Ipswich Town_Liverpool
762,762,1,Newcastle Utd,0.3,1,0,2,Southampton,St James' Park,2024/2025,H,1,0,H,3,19,1,4,15,16,3,12,2,4,1,0,8/17/2024,52196,77,23,8/17/2024_Newcastle Utd_Southampton
763,763,1,Everton,0.5,0,3,1,Brighton,Goodison Park,2024/2025,A,0,1,A,9,10,1,5,8,8,1,5,1,1,1,0,8/17/2024,39217,40,60,8/17/2024_Everton_Brighton
764,764,1,Nott'ham Forest,1.3,1,1,1,Bournemouth,The City Ground,2024/2025,D,1,0,H,14,13,8,4,17,8,2,6,1,3,0,0,8/17/2024,29763,53,47,8/17/2024_Nott'ham Forest_Bournemouth
765,765,1,Arsenal,1.2,2,0,1,Wolves,Emirates Stadium,2024/2025,H,1,0,H,18,9,6,3,17,14,8,2,2,2,0,0,8/17/2024,60261,47,53,8/17/2024_Arsenal_Wolves
766,766,1,West Ham,2.3,1,2,2,Aston Villa,London Stadium,2024/2025,A,1,1,D,14,15,3,3,18,11,5,3,1,2,0,0,8/17/2024,62463,52,48,8/17/2024_West Ham_Aston Villa
767,767,1,Brentford,1.6,2,1,1,Crystal Palace,Gtech Community Stadium,2024/2025,H,1,0,H,9,14,5,6,6,15,4,7,1,5,0,0,8/18/2024,16988,54,46,8/18/2024_Brentford_Crystal Palace
768,768,1,Chelsea,1,0,2,1,Manchester City,Stamford Bridge,2024/2025,A,0,1,A,10,11,3,5,12,9,4,3,1,1,0,0,8/18/2024,39818,48,52,8/18/2024_Chelsea_Manchester City
769,769,1,Leicester City,1,1,1,1,Tottenham,King Power Stadium,2024/2025,D,0,1,A,7,15,3,7,11,12,2,13,1,1,0,0,8/19/2024,31977,30,70,8/19/2024_Leicester City_Tottenham
770,770,2,Brighton,2.1,2,1,1,Manchester Utd,The American Express Stadium,2024/2025,H,1,0,H,14,11,5,4,9,13,4,4,1,2,0,0,8/24/2024,31537,48,52,8/24/2024_Brighton_Manchester Utd
771,771,2,Manchester City,3.3,4,1,0,Ipswich Town,Etihad Stadium,2024/2025,H,3,1,H,14,1,5,1,4,15,10,1,2,3,0,0,8/24/2024,53147,25,75,8/24/2024_Manchester City_Ipswich Town
772,772,2,Southampton,0.1,0,1,2,Nott'ham Forest,St Mary's Stadium,2024/2025,A,0,0,D,5,23,1,8,14,14,4,10,3,3,0,0,8/24/2024,31150,64,36,8/24/2024_Southampton_Nott'ham Forest
773,773,2,Tottenham,2.4,4,0,1,Everton,Tottenham Hotspur Stadium,2024/2025,H,2,0,H,13,10,7,1,11,15,12,5,0,0,0,0,8/24/2024,61357,30,70,8/24/2024_Tottenham_Everton
774,774,2,Fulham,1.8,2,1,1,Leicester City,Craven Cottage,2024/2025,H,1,1,D,18,10,6,4,14,13,7,5,2,2,0,0,8/24/2024,25401,46,54,8/24/2024_Fulham_Leicester City
775,775,2,Crystal Palace,1.3,0,2,1,West Ham,Selhurst Park,2024/2025,A,0,0,D,14,18,2,3,9,17,3,3,1,1,0,0,8/24/2024,25099,42,58,8/24/2024_Crystal Palace_West Ham
776,776,2,Aston Villa,1.2,0,2,1,Arsenal,Villa Park,2024/2025,A,0,0,D,11,9,3,4,8,15,4,1,1,3,0,0,8/24/2024,41587,40,60,8/24/2024_Aston Villa_Arsenal
777,777,2,Wolves,1.9,2,6,2,Chelsea,Molineux Stadium,2024/2025,A,2,2,D,12,14,4,8,13,13,5,5,2,3,0,0,8/25/2024,31235,40,60,8/25/2024_Wolves_Chelsea
778,778,2,Bournemouth,2.2,1,1,2,Newcastle Utd,Vitality Stadium,2024/2025,D,1,0,H,16,14,4,5,19,8,8,9,2,2,0,0,8/25/2024,11161,39,61,8/25/2024_Bournemouth_Newcastle Utd
779,779,2,Liverpool,2.5,2,0,1,Brentford,Anfield,2024/2025,H,1,0,H,19,8,8,2,10,7,9,4,2,3,0,0,8/25/2024,60017,38,62,8/25/2024_Liverpool_Brentford
780,780,3,Arsenal,2.1,1,1,2,Brighton,Emirates Stadium,2024/2025,D,1,0,H,11,22,7,4,12,7,3,7,3,2,1,0,8/31/2024,60326,64,36,8/31/2024_Arsenal_Brighton
781,781,3,Ipswich Town,0.4,1,1,1,Fulham,Portman Road Stadium,2024/2025,D,1,1,D,11,9,4,4,15,15,8,6,2,3,0,0,8/31/2024,29517,48,52,8/31/2024_Ipswich Town_Fulham
782,782,3,Nott'ham Forest,1,1,1,1,Wolves,The City Ground,2024/2025,D,1,1,D,16,11,5,3,15,18,7,3,3,4,0,0,8/31/2024,29918,52,48,8/31/2024_Nott'ham Forest_Wolves
783,783,3,Brentford,2.8,3,1,2,Southampton,Gtech Community Stadium,2024/2025,H,1,0,H,20,18,7,6,10,7,2,8,2,1,0,0,8/31/2024,16955,63,37,8/31/2024_Brentford_Southampton
784,784,3,Leicester City,0.4,1,2,1,Aston Villa,King Power Stadium,2024/2025,A,0,1,A,9,10,3,5,13,21,1,4,4,5,0,0,8/31/2024,31725,57,43,8/31/2024_Leicester City_Aston Villa
785,785,3,Everton,1.8,2,3,2,Bournemouth,Goodison Park,2024/2025,A,0,0,D,18,17,8,7,6,1,8,4,2,1,0,0,8/31/2024,38805,47,53,8/31/2024_Everton_Bournemouth
786,786,3,West Ham,0.7,1,3,3,Manchester City,London Stadium,2024/2025,A,1,2,A,10,23,2,8,10,3,3,11,3,2,0,0,8/31/2024,62469,33,67,8/31/2024_West Ham_Manchester City
787,787,3,Newcastle Utd,1.8,2,1,1,Tottenham,St James' Park,2024/2025,H,1,0,H,9,20,3,6,16,13,7,12,4,4,0,0,9/1/2024,52211,65,35,9/1/2024_Newcastle Utd_Tottenham
788,788,3,Chelsea,2.4,1,1,1,Crystal Palace,Stamford Bridge,2024/2025,D,1,0,H,13,9,7,3,9,13,4,5,4,2,0,0,9/1/2024,39298,62,38,9/1/2024_Chelsea_Crystal Palace
789,789,3,Manchester Utd,1.4,0,3,2,Liverpool,Old Trafford,2024/2025,A,0,2,A,8,11,3,3,7,7,5,2,4,1,0,0,9/1/2024,73738,47,53,9/1/2024_Manchester Utd_Liverpool
790,790,4,Southampton,1.1,0,3,3,Manchester Utd,St Mary's Stadium,2024/2025,A,0,2,A,6,20,4,10,11,14,0,7,1,4,1,0,9/14/2024,31144,44,56,9/14/2024_Southampton_Manchester Utd
791,791,4,Manchester City,2.1,2,1,1,Brentford,Etihad Stadium,2024/2025,H,2,1,H,18,8,7,5,9,3,12,3,3,1,0,0,9/14/2024,52148,46,54,9/14/2024_Manchester City_Brentford
792,792,4,Liverpool,0.9,0,1,0,Nott'ham Forest,Anfield,2024/2025,A,0,0,D,14,5,5,3,15,6,7,2,4,4,0,0,9/14/2024,60344,32,68,9/14/2024_Liverpool_Nott'ham Forest
793,793,4,Crystal Palace,2.5,2,2,1,Leicester City,Selhurst Park,2024/2025,D,0,1,A,20,9,4,4,11,15,5,2,0,3,0,0,9/14/2024,25147,34,66,9/14/2024_Crystal Palace_Leicester City
794,794,4,Fulham,1.5,1,1,1,West Ham,Craven Cottage,2024/2025,D,1,0,H,21,11,5,3,15,18,3,2,2,3,0,0,9/14/2024,26528,46,54,9/14/2024_Fulham_West Ham
795,795,4,Brighton,1.6,0,0,0,Ipswich Town,The American Express Stadium,2024/2025,D,0,0,D,21,6,6,1,14,16,9,2,4,3,0,0,9/14/2024,41573,32,68,9/14/2024_Brighton_Ipswich Town
796,796,4,Aston Villa,2.1,3,2,1,Everton,Villa Park,2024/2025,H,1,2,A,17,6,8,2,10,12,6,2,1,4,0,0,9/14/2024,41573,28,72,9/14/2024_Aston Villa_Everton
797,797,4,Bournemouth,1.7,0,1,1,Chelsea,Vitality Stadium,2024/2025,A,0,0,D,19,10,7,3,16,9,6,3,6,8,0,0,9/14/2024,11235,34,66,9/14/2024_Bournemouth_Chelsea
798,798,4,Tottenham,0.7,0,1,1,Arsenal,Tottenham Hotspur Stadium,2024/2025,A,0,0,D,15,7,5,4,13,10,7,6,5,3,0,0,9/15/2024,61645,63,37,9/15/2024_Tottenham_Arsenal
799,799,4,Wolves,1.2,1,2,2,Newcastle Utd,Molineux Stadium,2024/2025,A,1,0,H,12,14,5,6,17,6,4,7,3,3,0,0,9/15/2024,30255,49,51,9/15/2024_Wolves_Newcastle Utd
800,800,5,West Ham,0.9,0,3,2,Chelsea,London Stadium,2024/2025,A,0,2,A,15,12,7,5,17,9,6,5,5,2,0,0,9/21/2024,62473,53,47,9/21/2024_West Ham_Chelsea
801,801,5,Tottenham,3.5,3,1,1,Brentford,Tottenham Hotspur Stadium,2024/2025,H,2,1,H,23,6,10,6,11,9,9,4,3,1,0,0,9/21/2024,61246,52,48,9/21/2024_Tottenham_Brentford
802,802,5,Aston Villa,1.7,3,1,1,Wolves,Villa Park,2024/2025,H,0,1,A,9,10,4,4,11,16,6,5,3,6,0,0,9/21/2024,39978,47,53,9/21/2024_Aston Villa_Wolves
803,803,5,Fulham,2.2,3,1,2,Newcastle Utd,Craven Cottage,2024/2025,H,2,0,H,22,15,11,4,16,8,6,0,6,0,0,0,9/21/2024,25700,39,61,9/21/2024_Fulham_Newcastle Utd
804,804,5,Southampton,2.4,1,1,2,Ipswich Town,St Mary's Stadium,2024/2025,D,1,0,H,11,13,3,6,16,16,2,10,4,4,0,0,9/21/2024,31117,47,53,9/21/2024_Southampton_Ipswich Town
805,805,5,Leicester City,0.7,1,1,1,Everton,King Power Stadium,2024/2025,D,0,1,A,12,16,2,5,11,12,6,1,1,2,0,0,9/21/2024,31765,58,42,9/21/2024_Leicester City_Everton
806,806,5,Liverpool,2,3,0,1,Bournemouth,Anfield,2024/2025,H,3,0,H,19,19,13,6,10,12,3,9,1,4,0,0,9/21/2024,60347,42,58,9/21/2024_Liverpool_Bournemouth
807,807,5,Crystal Palace,1,0,0,2,Manchester Utd,Selhurst Park,2024/2025,D,0,0,D,9,15,4,6,7,12,4,11,3,1,0,0,9/21/2024,25172,33,67,9/21/2024_Crystal Palace_Manchester Utd
808,808,5,Brighton,1,2,2,1,Nott'ham Forest,The American Express Stadium,2024/2025,D,2,1,H,14,4,3,3,12,11,9,1,3,4,0,1,9/22/2024,31444,30,70,9/22/2024_Brighton_Nott'ham Forest
809,809,5,Manchester City,2.1,2,2,1,Arsenal,Etihad Stadium,2024/2025,D,1,2,A,33,5,11,3,7,10,8,2,3,4,0,1,9/22/2024,52846,23,77,9/22/2024_Manchester City_Arsenal
810,810,6,Newcastle Utd,1.6,1,1,1,Manchester City,St James' Park,2024/2025,D,0,1,A,11,16,4,6,14,10,5,6,4,4,0,0,9/28/2024,52248,38,62,9/28/2024_Newcastle Utd_Manchester City
811,811,6,Brentford,0.4,1,1,1,West Ham,Gtech Community Stadium,2024/2025,D,1,0,H,8,19,3,3,2,11,7,7,2,3,0,0,9/28/2024,17050,43,57,9/28/2024_Brentford_West Ham
812,812,6,Everton,0.9,2,1,1,Crystal Palace,Goodison Park,2024/2025,H,0,1,A,8,17,2,5,13,11,5,8,2,1,0,0,9/28/2024,38954,41,59,9/28/2024_Everton_Crystal Palace
813,813,6,Arsenal,4.4,4,2,0,Leicester City,Emirates Stadium,2024/2025,H,2,0,H,36,5,16,3,11,6,17,0,2,4,0,0,9/28/2024,60323,26,74,9/28/2024_Arsenal_Leicester City
814,814,6,Chelsea,4.2,4,2,1,Brighton,Stamford Bridge,2024/2025,H,4,2,H,15,15,7,5,11,8,8,2,3,2,0,0,9/28/2024,39495,41,59,9/28/2024_Chelsea_Brighton
815,815,6,Nott'ham Forest,0.8,0,1,1,Fulham,The City Ground,2024/2025,A,0,0,D,11,14,1,2,11,15,6,5,2,4,0,0,9/28/2024,30139,41,59,9/28/2024_Nott'ham Forest_Fulham
816,816,6,Wolves,0.6,1,2,3,Liverpool,Molineux Stadium,2024/2025,A,0,1,A,8,10,3,6,16,8,2,10,2,3,0,0,9/28/2024,31413,45,55,9/28/2024_Wolves_Liverpool
817,817,6,Ipswich Town,1.2,2,2,1,Aston Villa,Portman Road Stadium,2024/2025,D,1,2,A,15,7,5,3,10,14,10,0,4,1,0,0,9/29/2024,29943,44,56,9/29/2024_Ipswich Town_Aston Villa
818,818,6,Manchester Utd,1,0,3,4,Tottenham,Old Trafford,2024/2025,A,0,1,A,11,24,2,10,16,14,5,3,5,3,1,0,9/29/2024,73587,61,39,9/29/2024_Manchester Utd_Tottenham
819,819,6,Bournemouth,1.3,3,1,1,Southampton,Vitality Stadium,2024/2025,H,3,0,H,14,9,6,3,19,12,7,4,2,5,0,0,9/30/2024,11243,60,40,9/30/2024_Bournemouth_Southampton
820,820,7,Crystal Palace,0.6,0,1,1,Liverpool,Selhurst Park,2024/2025,A,0,1,A,9,16,5,4,7,15,3,8,4,2,0,0,10/5/2024,25185,32,68,10/5/2024_Crystal Palace_Liverpool
821,821,7,Brentford,4.2,5,3,1,Wolves,Gtech Community Stadium,2024/2025,H,4,2,H,19,17,12,6,9,10,10,3,2,3,0,0,10/5/2024,16960,56,44,10/5/2024_Brentford_Wolves
822,822,7,Leicester City,0.8,1,0,2,Bournemouth,King Power Stadium,2024/2025,H,1,0,H,6,17,2,2,12,14,0,9,4,1,0,0,10/5/2024,31706,45,55,10/5/2024_Leicester City_Bournemouth
823,823,7,Manchester City,1.6,3,2,3,Fulham,Etihad Stadium,2024/2025,H,1,1,D,20,11,7,4,4,10,8,3,2,1,0,0,10/5/2024,53017,42,58,10/5/2024_Manchester City_Fulham
824,824,7,West Ham,3.6,4,1,1,Ipswich Town,London Stadium,2024/2025,H,2,1,H,23,9,13,2,12,6,5,5,0,1,0,0,10/5/2024,62467,48,52,10/5/2024_West Ham_Ipswich Town
825,825,7,Arsenal,2.8,3,1,1,Southampton,Emirates Stadium,2024/2025,H,0,0,D,29,8,6,2,10,9,13,1,0,3,0,0,10/5/2024,60307,41,59,10/5/2024_Arsenal_Southampton
826,826,7,Everton,0.7,0,0,2,Newcastle Utd,Goodison Park,2024/2025,D,0,0,D,8,14,2,3,12,8,0,10,1,2,0,0,10/5/2024,39265,33,67,10/5/2024_Everton_Newcastle Utd
827,827,7,Aston Villa,0.5,0,0,1,Manchester Utd,Villa Park,2024/2025,D,0,0,D,11,10,1,4,12,11,6,3,1,5,0,0,10/6/2024,42682,53,47,10/6/2024_Aston Villa_Manchester Utd
828,828,7,Chelsea,2.3,1,1,1,Nott'ham Forest,Stamford Bridge,2024/2025,D,0,0,D,22,16,8,9,12,11,11,3,6,2,0,1,10/6/2024,39501,35,65,10/6/2024_Chelsea_Nott'ham Forest
829,829,7,Brighton,1.8,3,2,1,Tottenham,The American Express Stadium,2024/2025,H,0,2,A,11,13,4,3,14,10,4,7,2,2,0,0,10/6/2024,31487,59,41,10/6/2024_Brighton_Tottenham
830,830,8,Tottenham,1.9,4,1,1,West Ham,Tottenham Hotspur Stadium,2024/2025,H,1,1,D,22,11,7,4,10,15,13,5,1,3,0,1,10/19/2024,61381,43,57,10/19/2024_Tottenham_West Ham
831,831,8,Fulham,1.8,1,3,2,Aston Villa,Craven Cottage,2024/2025,A,1,1,D,10,14,4,5,8,11,6,11,3,3,1,1,10/19/2024,26743,52,48,10/19/2024_Fulham_Aston Villa
832,832,8,Ipswich Town,1.3,0,2,2,Everton,Portman Road Stadium,2024/2025,A,0,2,A,13,11,2,8,12,10,5,8,1,1,0,0,10/19/2024,29862,55,45,10/19/2024_Ipswich Town_Everton
833,833,8,Southampton,2.1,2,3,3,Leicester City,St Mary's Stadium,2024/2025,A,2,0,H,14,18,7,4,10,10,10,6,5,3,1,0,10/19/2024,31145,42,58,10/19/2024_Southampton_Leicester City
834,834,8,Manchester Utd,1.3,2,1,1,Brentford,Old Trafford,2024/2025,H,0,1,A,23,8,11,2,14,5,9,2,2,2,0,0,10/19/2024,73738,50,50,10/19/2024_Manchester Utd_Brentford
835,835,8,Newcastle Utd,2,0,1,1,Brighton,St James' Park,2024/2025,A,0,1,A,21,10,6,5,11,9,9,4,2,2,0,0,10/19/2024,52220,40,60,10/19/2024_Newcastle Utd_Brighton
836,836,8,Bournemouth,1.8,2,0,1,Arsenal,Vitality Stadium,2024/2025,H,0,0,D,13,6,4,1,12,11,7,4,1,1,0,1,10/19/2024,11235,49,51,10/19/2024_Bournemouth_Arsenal
837,837,8,Wolves,0.8,1,2,2,Manchester City,Molineux Stadium,2024/2025,A,1,1,D,3,22,2,7,8,5,1,18,4,1,0,0,10/20/2024,31319,23,77,10/20/2024_Wolves_Manchester City
838,838,8,Liverpool,1.9,2,1,1,Chelsea,Anfield,2024/2025,H,1,0,H,9,12,5,2,12,13,1,6,4,3,0,0,10/20/2024,60277,57,43,10/20/2024_Liverpool_Chelsea
839,839,8,Nott'ham Forest,1.7,1,0,1,Crystal Palace,The City Ground,2024/2025,H,0,0,D,20,20,6,7,9,12,6,6,2,3,0,0,10/21/2024,29443,51,49,10/21/2024_Nott'ham Forest_Crystal Palace
840,840,9,Leicester City,0.8,1,3,2,Nott'ham Forest,King Power Stadium,2024/2025,A,1,1,D,11,20,1,5,16,9,6,7,5,2,0,0,10/25/2024,31879,65,35,10/25/2024_Leicester City_Nott'ham Forest
841,841,9,Brighton,1.3,2,2,1,Wolves,The American Express Stadium,2024/2025,D,1,0,H,19,14,6,7,12,10,9,6,3,3,0,0,10/26/2024,31840,49,51,10/26/2024_Brighton_Wolves
842,842,9,Manchester City,2.9,1,0,0,Southampton,Etihad Stadium,2024/2025,H,1,0,H,22,5,8,2,9,9,12,1,1,3,0,0,10/26/2024,52844,43,57,10/26/2024_Manchester City_Southampton
843,843,9,Brentford,4,4,3,1,Ipswich Town,Gtech Community Stadium,2024/2025,H,2,2,D,20,11,9,5,7,10,5,5,0,1,0,1,10/26/2024,17109,35,65,10/26/2024_Brentford_Ipswich Town
844,844,9,Aston Villa,1.8,1,1,0,Bournemouth,Villa Park,2024/2025,D,0,0,D,18,11,8,3,12,14,9,7,7,6,0,0,10/26/2024,42165,43,57,10/26/2024_Aston Villa_Bournemouth
845,845,9,Everton,0.8,1,1,1,Fulham,Goodison Park,2024/2025,D,0,0,D,10,14,5,3,8,8,4,2,1,0,0,0,10/26/2024,38742,40,60,10/26/2024_Everton_Fulham
846,846,9,West Ham,2.8,2,1,2,Manchester Utd,London Stadium,2024/2025,H,0,0,D,12,18,3,5,6,7,6,5,5,1,0,0,10/27/2024,62474,42,58,10/27/2024_West Ham_Manchester Utd
847,847,9,Chelsea,1.6,2,1,2,Newcastle Utd,Stamford Bridge,2024/2025,H,1,1,D,17,11,7,3,13,16,7,4,6,3,0,0,10/27/2024,39526,50,50,10/27/2024_Chelsea_Newcastle Utd
848,848,9,Crystal Palace,0.8,1,0,1,Tottenham,Selhurst Park,2024/2025,H,1,0,H,14,11,6,3,16,12,8,8,4,4,0,0,10/27/2024,25108,34,66,10/27/2024_Crystal Palace_Tottenham
849,849,9,Arsenal,0.9,2,2,1,Liverpool,Emirates Stadium,2024/2025,D,2,1,H,9,9,3,4,14,14,1,3,2,2,0,0,10/27/2024,60383,55,45,10/27/2024_Arsenal_Liverpool
850,850,10,Newcastle Utd,0.5,1,0,1,Arsenal,St James' Park,2024/2025,H,1,0,H,9,10,4,1,16,18,4,6,4,4,0,0,11/2/2024,52249,37,63,11/2/2024_Newcastle Utd_Arsenal
851,851,10,Liverpool,1.6,2,1,1,Brighton,Anfield,2024/2025,H,0,1,A,16,13,8,5,10,18,10,7,1,1,0,0,11/2/2024,60331,51,49,11/2/2024_Liverpool_Brighton
852,852,10,Southampton,0.7,1,0,2,Everton,St Mary's Stadium,2024/2025,H,0,0,D,9,16,2,5,14,18,3,6,4,2,0,0,11/2/2024,31143,65,35,11/2/2024_Southampton_Everton
853,853,10,Nott'ham Forest,2.2,3,0,0,West Ham,The City Ground,2024/2025,H,1,0,H,19,4,6,2,7,9,11,6,1,2,0,1,11/2/2024,30112,54,46,11/2/2024_Nott'ham Forest_West Ham
854,854,10,Ipswich Town,1,1,1,2,Leicester City,Portman Road Stadium,2024/2025,D,0,0,D,14,20,2,6,11,10,4,6,4,2,1,0,11/2/2024,29874,43,57,11/2/2024_Ipswich Town_Leicester City
855,855,10,Bournemouth,2,2,1,2,Manchester City,Vitality Stadium,2024/2025,H,1,0,H,12,18,6,4,11,6,3,10,2,1,0,0,11/2/2024,11231,36,64,11/2/2024_Bournemouth_Manchester City
856,856,10,Wolves,1.5,2,2,2,Crystal Palace,Molineux Stadium,2024/2025,D,0,0,D,11,19,6,7,7,9,3,6,1,2,0,0,11/2/2024,31124,57,43,11/2/2024_Wolves_Crystal Palace
857,857,10,Tottenham,2.4,4,1,2,Aston Villa,Tottenham Hotspur Stadium,2024/2025,H,0,1,A,16,12,6,1,14,14,6,4,2,0,0,0,11/3/2024,61253,51,49,11/3/2024_Tottenham_Aston Villa
858,858,10,Manchester Utd,2,1,1,1,Chelsea,Old Trafford,2024/2025,D,0,0,D,11,12,4,3,19,14,4,8,6,2,0,0,11/3/2024,73813,54,46,11/3/2024_Manchester Utd_Chelsea
859,859,10,Fulham,1.3,2,1,1,Brentford,Craven Cottage,2024/2025,H,0,1,A,26,5,12,2,3,10,11,3,2,1,0,0,11/4/2024,24931,68,32,11/4/2024_Fulham_Brentford
860,860,11,West Ham,0.8,0,0,1,Everton,London Stadium,2024/2025,D,0,0,D,11,18,6,4,10,9,7,6,1,2,0,0,11/9/2024,62463,51,49,11/9/2024_West Ham_Everton
861,861,11,Crystal Palace,1.5,0,2,2,Fulham,Selhurst Park,2024/2025,A,0,1,A,13,17,5,7,10,11,1,8,1,1,1,0,11/9/2024,25142,36,64,11/9/2024_Crystal Palace_Fulham
862,862,11,Wolves,1.3,2,0,1,Southampton,Molineux Stadium,2024/2025,H,1,0,H,8,9,4,0,14,12,1,9,1,4,0,0,11/9/2024,31403,71,29,11/9/2024_Wolves_Southampton
863,863,11,Brentford,1.5,3,2,3,Bournemouth,Gtech Community Stadium,2024/2025,H,1,1,D,12,15,6,3,8,16,6,4,2,4,0,0,11/9/2024,16587,49,51,11/9/2024_Brentford_Bournemouth
864,864,11,Brighton,2.3,2,1,2,Manchester City,The American Express Stadium,2024/2025,H,0,1,A,10,15,4,6,12,10,0,4,3,3,0,0,11/9/2024,31715,40,60,11/9/2024_Brighton_Manchester City
865,865,11,Liverpool,2,2,0,1,Aston Villa,Anfield,2024/2025,H,1,0,H,14,12,5,2,11,15,2,9,0,3,0,0,11/9/2024,60292,38,62,11/9/2024_Liverpool_Aston Villa
866,866,11,Tottenham,1.5,1,2,2,Ipswich Town,Tottenham Hotspur Stadium,2024/2025,A,0,2,A,17,8,5,3,10,19,12,2,1,5,0,0,11/10/2024,61505,34,66,11/10/2024_Tottenham_Ipswich Town
867,867,11,Nott'ham Forest,0.6,1,3,2,Newcastle Utd,The City Ground,2024/2025,A,1,0,H,9,17,3,6,13,6,4,5,1,1,0,0,11/10/2024,30145,44,56,11/10/2024_Nott'ham Forest_Newcastle Utd
868,868,11,Manchester Utd,0.8,3,0,1,Leicester City,Old Trafford,2024/2025,H,2,0,H,13,6,3,5,9,5,1,5,0,1,0,0,11/10/2024,73829,49,51,11/10/2024_Manchester Utd_Leicester City
869,869,11,Chelsea,1.5,1,1,2,Arsenal,Stamford Bridge,2024/2025,D,0,0,D,17,13,3,3,12,12,4,3,4,2,0,0,11/10/2024,39780,49,51,11/10/2024_Chelsea_Arsenal
870,870,12,Leicester City,1.1,1,2,3,Chelsea,King Power Stadium,2024/2025,A,0,1,A,4,16,1,7,15,12,2,9,4,3,0,0,11/23/2024,31880,37,63,11/23/2024_Leicester City_Chelsea
871,871,12,Aston Villa,3,2,2,1,Crystal Palace,Villa Park,2024/2025,D,1,2,A,17,13,5,6,10,11,10,1,3,2,0,0,11/23/2024,42175,31,69,11/23/2024_Aston Villa_Crystal Palace
872,872,12,Fulham,1,1,4,1,Wolves,Craven Cottage,2024/2025,A,1,1,D,10,10,3,5,14,14,7,2,3,0,0,0,11/23/2024,26685,41,59,11/23/2024_Fulham_Wolves
873,873,12,Bournemouth,1.6,1,2,1,Brighton,Vitality Stadium,2024/2025,A,0,1,A,19,6,5,4,13,10,7,0,2,2,0,1,11/23/2024,11196,55,45,11/23/2024_Bournemouth_Brighton
874,874,12,Arsenal,1.2,3,0,0,Nott'ham Forest,Emirates Stadium,2024/2025,H,1,0,H,19,7,7,0,10,1,8,1,3,2,0,0,11/23/2024,60298,34,66,11/23/2024_Arsenal_Nott'ham Forest
875,875,12,Everton,1.2,0,0,1,Brentford,Goodison Park,2024/2025,D,0,0,D,27,9,5,2,8,10,10,4,0,0,0,1,11/23/2024,38915,59,41,11/23/2024_Everton_Brentford
876,876,12,Manchester City,2.1,0,4,3,Tottenham,Etihad Stadium,2024/2025,A,0,2,A,23,9,5,7,19,9,9,3,4,2,0,0,11/23/2024,52478,42,58,11/23/2024_Manchester City_Tottenham
877,877,12,Southampton,1.3,2,3,3,Liverpool,St Mary's Stadium,2024/2025,A,1,1,D,7,27,5,11,11,9,3,10,3,4,0,0,11/24/2024,31278,38,62,11/24/2024_Southampton_Liverpool
878,878,12,Ipswich Town,1.6,1,1,1,Manchester Utd,Portman Road Stadium,2024/2025,D,1,1,D,11,11,6,4,11,10,4,3,0,0,0,0,11/24/2024,30017,40,60,11/24/2024_Ipswich Town_Manchester Utd
879,879,12,Newcastle Utd,1.6,0,2,1,West Ham,St James' Park,2024/2025,A,0,1,A,18,15,2,6,11,8,8,3,1,0,0,0,11/25/2024,52094,47,53,11/25/2024_Newcastle Utd_West Ham
880,880,13,Brighton,1.7,1,1,1,Southampton,The American Express Stadium,2024/2025,D,1,0,H,22,10,5,2,20,16,7,6,2,4,0,0,11/29/2024,31542,47,53,11/29/2024_Brighton_Southampton
881,881,13,Wolves,0.5,2,4,3,Bournemouth,Molineux Stadium,2024/2025,A,1,3,A,10,12,3,8,13,11,3,4,4,1,0,0,11/30/2024,26685,40,60,11/30/2024_Wolves_Bournemouth
882,882,13,Nott'ham Forest,1.6,1,0,1,Ipswich Town,The City Ground,2024/2025,H,0,0,D,12,7,5,3,5,16,8,7,1,3,0,0,11/30/2024,30237,55,45,11/30/2024_Nott'ham Forest_Ipswich Town
883,883,13,Brentford,2.4,4,1,1,Leicester City,Gtech Community Stadium,2024/2025,H,3,1,H,13,7,6,3,9,10,5,4,1,1,0,0,11/30/2024,17084,40,60,11/30/2024_Brentford_Leicester City
884,884,13,Crystal Palace,1.7,1,1,0,Newcastle Utd,Selhurst Park,2024/2025,D,0,0,D,16,1,4,0,12,11,8,9,3,3,0,0,11/30/2024,25101,49,51,11/30/2024_Crystal Palace_Newcastle Utd
885,885,13,West Ham,1.5,2,5,4,Arsenal,London Stadium,2024/2025,A,2,5,A,12,16,5,7,10,13,2,10,4,1,0,0,11/30/2024,62475,40,60,11/30/2024_West Ham_Arsenal
886,886,13,Manchester Utd,1.1,4,0,1,Everton,Old Trafford,2024/2025,H,2,0,H,11,8,5,2,12,12,2,2,2,3,0,0,12/1/2024,73817,40,60,12/1/2024_Manchester Utd_Everton
887,887,13,Tottenham,0.8,1,1,2,Fulham,Tottenham Hotspur Stadium,2024/2025,D,0,0,D,8,14,3,6,4,14,7,11,0,1,0,1,12/1/2024,61141,49,51,12/1/2024_Tottenham_Fulham
888,888,13,Chelsea,1.6,3,0,1,Aston Villa,Stamford Bridge,2024/2025,H,2,0,H,17,10,8,4,21,6,3,4,2,2,0,0,12/1/2024,40853,64,36,12/1/2024_Chelsea_Aston Villa
889,889,13,Liverpool,3.4,2,0,1,Manchester City,Anfield,2024/2025,H,1,0,H,18,8,7,2,9,8,7,4,1,3,0,0,12/1/2024,60248,44,56,12/1/2024_Liverpool_Manchester City
890,890,14,Ipswich Town,0.5,0,1,2,Crystal Palace,Portman Road Stadium,2024/2025,A,0,0,D,9,13,2,3,14,13,4,7,2,4,0,0,12/3/2024,29533,54,46,12/3/2024_Ipswich Town_Crystal Palace
891,891,14,Leicester City,1.7,3,1,3,West Ham,King Power Stadium,2024/2025,H,1,0,H,8,31,6,10,9,7,3,9,2,2,0,0,12/3/2024,30947,39,61,12/3/2024_Leicester City_West Ham
892,892,14,Newcastle Utd,2.1,3,3,2,Liverpool,St James' Park,2024/2025,D,1,0,H,17,16,6,5,9,17,5,6,2,5,0,0,12/4/2024,52237,58,42,12/4/2024_Newcastle Utd_Liverpool
893,893,14,Everton,1,4,0,1,Wolves,Goodison Park,2024/2025,H,2,0,H,13,6,4,2,10,8,3,4,2,0,0,0,12/4/2024,38820,44,56,12/4/2024_Everton_Wolves
894,894,14,Manchester City,2.4,3,0,1,Nott'ham Forest,Etihad Stadium,2024/2025,H,2,0,H,17,12,7,3,7,15,8,2,2,4,0,0,12/4/2024,51764,34,66,12/4/2024_Manchester City_Nott'ham Forest
895,895,14,Southampton,1.6,1,5,5,Chelsea,St Mary's Stadium,2024/2025,A,1,3,A,6,26,4,13,7,14,5,7,1,0,1,0,12/4/2024,31193,45,55,12/4/2024_Southampton_Chelsea
896,896,14,Arsenal,2.1,2,0,0,Manchester Utd,Emirates Stadium,2024/2025,H,0,0,D,14,5,6,2,12,8,13,0,1,3,0,0,12/4/2024,60256,49,51,12/4/2024_Arsenal_Manchester Utd
897,897,14,Aston Villa,2.4,3,1,1,Brentford,Villa Park,2024/2025,H,3,0,H,20,9,10,1,11,15,10,5,2,2,0,0,12/4/2024,42148,51,49,12/4/2024_Aston Villa_Brentford
898,898,14,Fulham,1.1,3,1,1,Brighton,Craven Cottage,2024/2025,H,1,0,H,6,13,2,3,7,8,5,6,2,2,0,0,12/5/2024,26368,43,57,12/5/2024_Fulham_Brighton
899,899,14,Bournemouth,3.5,1,0,1,Tottenham,Vitality Stadium,2024/2025,H,1,0,H,21,12,8,4,15,8,5,9,2,2,0,0,12/5/2024,11234,35,65,12/5/2024_Bournemouth_Tottenham
900,900,15,Aston Villa,2.3,1,0,0,Southampton,Villa Park,2024/2025,H,1,0,H,18,4,5,0,18,15,14,1,1,3,0,0,12/7/2024,42453,53,47,12/7/2024_Aston Villa_Southampton
901,901,15,Crystal Palace,1.3,2,2,1,Manchester City,Selhurst Park,2024/2025,D,1,1,D,12,12,3,4,4,10,6,8,1,0,0,1,12/7/2024,25142,32,68,12/7/2024_Crystal Palace_Manchester City
902,902,15,Brentford,1.2,4,2,2,Newcastle Utd,Gtech Community Stadium,2024/2025,A,2,2,D,11,16,8,3,10,7,3,4,3,0,0,0,12/7/2024,17078,43,57,12/7/2024_Brentford_Newcastle Utd
903,903,15,Manchester Utd,1.6,2,3,1,Nott'ham Forest,Old Trafford,2024/2025,A,1,1,D,17,11,7,3,10,13,5,3,0,2,0,0,12/7/2024,73778,29,71,12/7/2024_Manchester Utd_Nott'ham Forest
904,904,15,Leicester City,1.3,2,2,2,Brighton,King Power Stadium,2024/2025,D,0,1,A,10,16,3,7,9,10,5,5,1,2,0,0,12/8/2024,31647,56,44,12/8/2024_Leicester City_Brighton
905,905,15,Ipswich Town,1.3,1,2,3,Bournemouth,Portman Road Stadium,2024/2025,A,1,0,H,18,22,5,6,9,13,6,13,2,1,0,0,12/8/2024,29180,44,56,12/8/2024_Ipswich Town_Bournemouth
906,906,15,Fulham,0.2,1,1,2,Arsenal,Craven Cottage,2024/2025,D,1,0,H,2,12,2,4,10,9,0,6,4,2,0,0,12/8/2024,26954,34,66,12/8/2024_Fulham_Arsenal
907,907,15,Tottenham,2.8,3,4,3,Chelsea,Tottenham Hotspur Stadium,2024/2025,A,2,1,H,13,17,5,8,17,11,5,10,2,2,0,0,12/8/2024,61184,61,39,12/8/2024_Tottenham_Chelsea
908,908,15,West Ham,1,2,1,1,Wolves,London Stadium,2024/2025,H,0,0,D,19,19,4,5,12,17,11,0,5,4,0,0,12/9/2024,62474,54,46,12/9/2024_West Ham_Wolves
909,909,16,Liverpool,2.1,2,2,1,Fulham,Anfield,2024/2025,D,0,1,A,16,12,4,3,10,7,5,4,3,4,1,0,12/14/2024,60333,39,61,12/14/2024_Liverpool_Fulham
910,910,16,Wolves,1.3,1,2,1,Ipswich Town,Molineux Stadium,2024/2025,A,0,1,A,16,10,6,5,13,9,7,3,0,2,1,0,12/14/2024,30866,46,54,12/14/2024_Wolves_Ipswich Town
911,911,16,Newcastle Utd,3.8,4,0,0,Leicester City,St James' Park,2024/2025,H,1,0,H,27,4,11,1,7,16,5,2,3,3,0,0,12/14/2024,52235,41,59,12/14/2024_Newcastle Utd_Leicester City
912,912,16,Arsenal,1.2,0,0,0,Everton,Emirates Stadium,2024/2025,D,0,0,D,13,2,5,0,6,9,8,2,0,3,0,0,12/14/2024,60176,24,76,12/14/2024_Arsenal_Everton
913,913,16,Nott'ham Forest,1.7,2,1,0,Aston Villa,The City Ground,2024/2025,H,0,0,D,17,8,6,2,12,6,4,3,0,1,0,0,12/14/2024,30117,50,50,12/14/2024_Nott'ham Forest_Aston Villa
914,914,16,Brighton,1,1,3,2,Crystal Palace,The American Express Stadium,2024/2025,A,0,2,A,17,13,5,5,11,15,8,5,1,4,0,0,12/15/2024,30893,36,64,12/15/2024_Brighton_Crystal Palace
915,915,16,Manchester City,0.9,1,2,2,Manchester Utd,Etihad Stadium,2024/2025,A,1,0,H,10,10,3,3,5,14,8,2,1,1,0,0,12/15/2024,53184,48,52,12/15/2024_Manchester City_Manchester Utd
916,916,16,Southampton,0.8,0,5,2,Tottenham,St Mary's Stadium,2024/2025,A,0,5,A,9,18,3,9,8,15,2,5,1,3,0,0,12/15/2024,31090,42,58,12/15/2024_Southampton_Tottenham
917,917,16,Chelsea,2.2,2,1,2,Brentford,Stamford Bridge,2024/2025,H,1,0,H,26,9,8,4,11,7,8,5,0,2,1,0,12/15/2024,39571,62,38,12/15/2024_Chelsea_Brentford
918,918,16,Bournemouth,1.9,1,1,2,West Ham,Vitality Stadium,2024/2025,D,0,0,D,29,16,9,3,6,11,12,6,0,2,0,0,12/16/2024,11204,52,48,12/16/2024_Bournemouth_West Ham
919,919,17,Aston Villa,1.6,2,1,1,Manchester City,Villa Park,2024/2025,H,1,0,H,11,12,6,6,14,7,5,4,3,3,0,0,12/21/2024,42345,44,56,12/21/2024_Aston Villa_Manchester City
920,920,17,Ipswich Town,0.7,0,4,2,Newcastle Utd,Portman Road Stadium,2024/2025,A,0,3,A,10,15,2,7,9,7,2,1,2,0,0,0,12/21/2024,29774,42,58,12/21/2024_Ipswich Town_Newcastle Utd
921,921,17,Brentford,0.7,0,2,1,Nott'ham Forest,Gtech Community Stadium,2024/2025,A,0,1,A,7,10,3,6,9,14,9,5,3,4,0,0,12/21/2024,17115,36,64,12/21/2024_Brentford_Nott'ham Forest
922,922,17,West Ham,1.2,1,1,1,Brighton,London Stadium,2024/2025,D,0,0,D,11,12,4,6,14,20,8,4,2,2,0,0,12/21/2024,62460,47,53,12/21/2024_West Ham_Brighton
923,923,17,Crystal Palace,1.6,1,5,3,Arsenal,Selhurst Park,2024/2025,A,1,3,A,15,14,6,6,9,8,3,3,2,2,0,0,12/21/2024,25167,42,58,12/21/2024_Crystal Palace_Arsenal
924,924,17,Manchester Utd,2.2,0,3,2,Bournemouth,Old Trafford,2024/2025,A,0,1,A,23,10,7,5,11,11,13,1,1,3,0,0,12/22/2024,73720,40,60,12/22/2024_Manchester Utd_Bournemouth
925,925,17,Leicester City,0.8,0,3,1,Wolves,King Power Stadium,2024/2025,A,0,3,A,9,8,5,4,15,16,6,1,2,0,0,0,12/22/2024,31818,54,46,12/22/2024_Leicester City_Wolves
926,926,17,Everton,1,0,0,1,Chelsea,Goodison Park,2024/2025,D,0,0,D,5,12,4,5,20,12,2,5,4,1,0,0,12/22/2024,39358,25,75,12/22/2024_Everton_Chelsea
927,927,17,Fulham,0.9,0,0,0,Southampton,Craven Cottage,2024/2025,D,0,0,D,16,5,5,1,8,15,6,5,1,3,0,0,12/22/2024,26819,43,57,12/22/2024_Fulham_Southampton
928,928,17,Tottenham,1.3,3,6,6,Liverpool,Tottenham Hotspur Stadium,2024/2025,A,1,3,A,9,24,5,12,7,9,7,5,1,2,0,0,12/22/2024,61439,52,48,12/22/2024_Tottenham_Liverpool
929,929,18,Manchester City,2.1,1,1,1,Everton,Etihad Stadium,2024/2025,D,1,1,D,24,8,5,3,5,10,8,5,1,4,0,0,12/26/2024,55527,34,66,12/26/2024_Manchester City_Everton
930,930,18,Southampton,1.4,0,1,2,West Ham,St Mary's Stadium,2024/2025,A,0,0,D,18,16,5,2,15,8,2,2,1,2,0,0,12/26/2024,31059,54,46,12/26/2024_Southampton_West Ham
931,931,18,Newcastle Utd,2.7,3,0,0,Aston Villa,St James' Park,2024/2025,H,1,0,H,22,4,8,1,15,10,9,6,2,1,0,1,12/26/2024,52168,38,62,12/26/2024_Newcastle Utd_Aston Villa
932,932,18,Nott'ham Forest,1.1,1,0,1,Tottenham,The City Ground,2024/2025,H,1,0,H,10,13,3,4,12,13,2,7,3,2,0,1,12/26/2024,30200,30,70,12/26/2024_Nott'ham Forest_Tottenham
933,933,18,Bournemouth,1.4,0,0,0,Crystal Palace,Vitality Stadium,2024/2025,D,0,0,D,18,10,4,4,13,12,5,2,2,2,0,0,12/26/2024,11129,52,48,12/26/2024_Bournemouth_Crystal Palace
934,934,18,Chelsea,1.1,1,2,2,Fulham,Stamford Bridge,2024/2025,A,1,0,H,12,14,8,7,13,13,3,1,1,3,0,0,12/26/2024,39687,47,53,12/26/2024_Chelsea_Fulham
935,935,18,Wolves,0.9,2,0,0,Manchester Utd,Molineux Stadium,2024/2025,H,0,0,D,7,11,4,4,12,12,4,4,2,2,0,1,12/26/2024,31407,51,49,12/26/2024_Wolves_Manchester Utd
936,936,18,Liverpool,2,3,1,0,Leicester City,Anfield,2024/2025,H,1,1,D,19,4,7,1,17,5,14,1,3,2,0,0,12/26/2024,60300,32,68,12/26/2024_Liverpool_Leicester City
937,937,18,Brighton,1.3,0,0,1,Brentford,The American Express Stadium,2024/2025,D,0,0,D,24,8,7,3,6,12,5,3,0,2,0,0,12/27/2024,31548,43,57,12/27/2024_Brighton_Brentford
938,938,18,Arsenal,1.8,1,0,0,Ipswich Town,Emirates Stadium,2024/2025,H,1,0,H,13,3,5,0,7,12,5,1,1,1,0,0,12/27/2024,60271,32,68,12/27/2024_Arsenal_Ipswich Town
939,939,19,Leicester City,1.3,0,2,1,Manchester City,King Power Stadium,2024/2025,A,0,1,A,11,14,4,5,11,6,4,4,2,1,0,0,12/29/2024,32057,53,47,12/29/2024_Leicester City_Manchester City
940,940,19,Everton,0.9,0,2,2,Nott'ham Forest,Goodison Park,2024/2025,A,0,1,A,13,11,2,7,13,10,5,4,4,1,0,0,12/29/2024,25414,64,36,12/29/2024_Everton_Nott'ham Forest
941,941,19,Tottenham,2.2,2,2,1,Wolves,Tottenham Hotspur Stadium,2024/2025,D,2,1,H,13,11,3,3,9,10,5,5,1,2,0,0,12/29/2024,61284,52,48,12/29/2024_Tottenham_Wolves
942,942,19,Fulham,1.1,2,2,2,Bournemouth,Craven Cottage,2024/2025,D,1,0,H,11,16,6,9,7,16,1,7,1,3,0,0,12/29/2024,27301,48,52,12/29/2024_Fulham_Bournemouth
943,943,19,Crystal Palace,2,2,1,1,Southampton,Selhurst Park,2024/2025,H,1,1,D,19,7,10,3,18,19,8,7,2,3,0,0,12/29/2024,25130,53,47,12/29/2024_Crystal Palace_Southampton
944,944,19,West Ham,0.4,0,5,3,Liverpool,London Stadium,2024/2025,A,0,3,A,7,22,0,13,7,10,3,6,0,0,0,0,12/29/2024,62476,46,54,12/29/2024_West Ham_Liverpool
945,945,19,Aston Villa,1.8,2,2,1,Brighton,Villa Park,2024/2025,D,1,1,D,20,13,4,4,9,14,12,3,2,3,0,0,12/30/2024,41414,59,41,12/30/2024_Aston Villa_Brighton
946,946,19,Ipswich Town,1.6,2,0,2,Chelsea,Portman Road Stadium,2024/2025,H,1,0,H,9,20,6,5,9,5,4,7,4,4,0,0,12/30/2024,29968,24,76,12/30/2024_Ipswich Town_Chelsea
947,947,19,Manchester Utd,0.8,0,2,2,Newcastle Utd,Old Trafford,2024/2025,A,0,2,A,10,12,0,4,13,8,2,3,1,1,0,0,12/30/2024,73809,48,52,12/30/2024_Manchester Utd_Newcastle Utd
948,948,19,Brentford,0.3,1,3,2,Arsenal,Gtech Community Stadium,2024/2025,A,1,1,D,5,14,2,5,6,8,4,3,1,2,0,0,1/1/2025,47190,50,50,1/1/2025_Brentford_Arsenal
949,949,20,Tottenham,0.9,1,2,3,Newcastle Utd,Tottenham Hotspur Stadium,2024/2025,A,1,2,A,13,14,4,4,11,15,9,10,1,4,0,0,1/4/2025,61293,56,44,1/4/2025_Tottenham_Newcastle Utd
950,950,20,Aston Villa,1.4,2,1,0,Leicester City,Villa Park,2024/2025,H,0,0,D,13,4,5,2,10,11,7,2,0,1,0,0,1/4/2025,42386,40,60,1/4/2025_Aston Villa_Leicester City
951,951,20,Bournemouth,1.8,1,0,1,Everton,Vitality Stadium,2024/2025,H,0,0,D,19,9,8,0,15,14,9,3,2,2,0,0,1/4/2025,11223,42,58,1/4/2025_Bournemouth_Everton
952,952,20,Crystal Palace,1.1,1,1,1,Chelsea,Selhurst Park,2024/2025,D,0,1,A,13,15,6,1,9,12,6,6,0,2,0,0,1/4/2025,25179,61,39,1/4/2025_Crystal Palace_Chelsea
953,953,20,Southampton,0.3,0,5,4,Brentford,St Mary's Stadium,2024/2025,A,0,1,A,8,20,1,11,10,4,2,2,2,0,0,0,1/4/2025,31001,50,50,1/4/2025_Southampton_Brentford
954,954,20,Manchester City,1.9,4,1,1,West Ham,Etihad Stadium,2024/2025,H,2,0,H,10,17,7,4,8,13,7,1,2,1,0,0,1/4/2025,52737,44,56,1/4/2025_Manchester City_West Ham
955,955,20,Brighton,1.5,1,1,1,Arsenal,The American Express Stadium,2024/2025,D,0,1,A,11,9,4,3,17,14,2,5,2,3,0,0,1/4/2025,31714,45,55,1/4/2025_Brighton_Arsenal
956,956,20,Fulham,2.2,2,2,2,Ipswich Town,Craven Cottage,2024/2025,D,0,1,A,15,7,4,3,10,14,9,2,1,5,0,0,1/5/2025,27042,27,73,1/5/2025_Fulham_Ipswich Town
957,957,20,Liverpool,2.7,2,2,1,Manchester Utd,Anfield,2024/2025,D,0,0,D,19,13,6,4,10,13,6,9,2,4,0,0,1/5/2025,60275,53,47,1/5/2025_Liverpool_Manchester Utd
958,958,20,Wolves,1.5,0,3,2,Nott'ham Forest,Molineux Stadium,2024/2025,A,0,2,A,13,11,6,3,10,8,5,3,1,2,0,0,1/6/2025,29940,40,60,1/6/2025_Wolves_Nott'ham Forest
959,959,21,West Ham,1,3,2,2,Fulham,London Stadium,2024/2025,H,2,0,H,4,21,3,5,9,18,0,3,3,3,0,0,1/14/2025,62456,44,56,1/14/2025_West Ham_Fulham
960,960,21,Chelsea,2.5,2,2,1,Bournemouth,Stamford Bridge,2024/2025,D,1,0,H,26,7,10,3,15,16,9,3,2,3,0,0,1/14/2025,39092,43,57,1/14/2025_Chelsea_Bournemouth
961,961,21,Brentford,2.5,2,2,2,Manchester City,Gtech Community Stadium,2024/2025,D,0,0,D,18,21,6,8,4,4,4,5,0,0,0,0,1/14/2025,17048,45,55,1/14/2025_Brentford_Manchester City
962,962,21,Nott'ham Forest,0.3,1,1,2,Liverpool,The City Ground,2024/2025,D,1,0,H,6,23,3,7,7,10,0,9,2,1,0,0,1/14/2025,30249,30,70,1/14/2025_Nott'ham Forest_Liverpool
963,963,21,Leicester City,1.7,0,2,2,Crystal Palace,King Power Stadium,2024/2025,A,0,0,D,21,9,4,4,7,6,4,3,0,0,0,0,1/15/2025,29766,57,43,1/15/2025_Leicester City_Crystal Palace
964,964,21,Everton,1.1,0,1,1,Aston Villa,Goodison Park,2024/2025,A,0,0,D,10,11,3,3,17,10,8,5,2,1,0,0,1/15/2025,39085,50,50,1/15/2025_Everton_Aston Villa
965,965,21,Newcastle Utd,2.1,3,0,2,Wolves,St James' Park,2024/2025,H,1,0,H,17,13,5,7,10,13,4,2,0,2,0,0,1/15/2025,51975,40,60,1/15/2025_Newcastle Utd_Wolves
966,966,21,Arsenal,1.4,2,1,1,Tottenham,Emirates Stadium,2024/2025,H,2,1,H,14,10,4,2,16,9,10,4,3,1,0,0,1/15/2025,60287,47,53,1/15/2025_Arsenal_Tottenham
967,967,21,Ipswich Town,0.3,0,2,1,Brighton,Portman Road Stadium,2024/2025,A,0,0,D,5,11,3,5,13,14,1,9,2,2,0,0,1/16/2025,29403,47,53,1/16/2025_Ipswich Town_Brighton
968,968,21,Manchester Utd,3.4,3,1,1,Southampton,Old Trafford,2024/2025,H,0,1,A,23,13,9,5,7,10,5,4,1,3,0,0,1/16/2025,73722,40,60,1/16/2025_Manchester Utd_Southampton
969,969,22,Newcastle Utd,0.8,1,4,2,Bournemouth,St James' Park,2024/2025,A,1,2,A,13,19,5,10,7,18,7,6,1,6,0,0,1/18/2025,52227,44,56,1/18/2025_Newcastle Utd_Bournemouth
970,970,22,Leicester City,0.6,0,2,2,Fulham,King Power Stadium,2024/2025,A,0,0,D,8,17,4,2,8,8,5,2,3,1,0,0,1/18/2025,31500,40,60,1/18/2025_Leicester City_Fulham
971,971,22,West Ham,0.3,0,2,1,Crystal Palace,London Stadium,2024/2025,A,0,0,D,7,12,0,7,13,10,2,4,1,0,1,0,1/18/2025,62469,53,47,1/18/2025_West Ham_Crystal Palace
972,972,22,Brentford,0.7,0,2,3,Liverpool,Gtech Community Stadium,2024/2025,A,0,0,D,11,37,6,8,6,14,2,15,2,3,0,0,1/18/2025,17215,40,60,1/18/2025_Brentford_Liverpool
973,973,22,Arsenal,1.3,2,2,1,Aston Villa,Emirates Stadium,2024/2025,D,1,0,H,18,8,6,4,10,18,10,1,2,3,0,0,1/18/2025,60067,34,66,1/18/2025_Arsenal_Aston Villa
974,974,22,Everton,1.8,3,2,1,Tottenham,Goodison Park,2024/2025,H,3,0,H,12,11,6,6,14,14,3,8,2,1,0,0,1/19/2025,39326,36,64,1/19/2025_Everton_Tottenham
975,975,22,Manchester Utd,1.5,1,3,2,Brighton,Old Trafford,2024/2025,A,1,1,D,10,6,1,3,13,12,4,2,3,3,0,0,1/19/2025,73758,49,51,1/19/2025_Manchester Utd_Brighton
976,976,22,Nott'ham Forest,1.8,3,2,1,Southampton,The City Ground,2024/2025,H,3,0,H,14,10,5,4,4,18,2,8,0,4,0,0,1/19/2025,30180,55,45,1/19/2025_Nott'ham Forest_Southampton
977,977,22,Ipswich Town,0.5,0,6,3,Manchester City,Portman Road Stadium,2024/2025,A,0,3,A,8,17,4,9,4,7,4,7,0,1,0,0,1/19/2025,29841,33,67,1/19/2025_Ipswich Town_Manchester City
978,978,22,Chelsea,3.1,3,1,1,Wolves,Stamford Bridge,2024/2025,H,1,1,D,19,9,7,4,8,14,3,6,4,2,0,0,1/20/2025,39221,37,63,1/20/2025_Chelsea_Wolves
979,979,23,Southampton,0.8,1,3,3,Newcastle Utd,St Mary's Stadium,2024/2025,A,1,2,A,12,17,5,9,10,5,3,8,1,0,0,0,1/25/2025,31141,53,47,1/25/2025_Southampton_Newcastle Utd
980,980,23,Brighton,0.7,0,1,1,Everton,The American Express Stadium,2024/2025,A,0,1,A,16,3,1,1,8,11,9,1,3,4,0,0,1/25/2025,31087,31,69,1/25/2025_Brighton_Everton
981,981,23,Liverpool,2,4,1,1,Ipswich Town,Anfield,2024/2025,H,3,0,H,16,3,6,3,10,11,3,4,0,2,0,0,1/25/2025,60420,30,70,1/25/2025_Liverpool_Ipswich Town
982,982,23,Bournemouth,1.7,5,0,1,Nott'ham Forest,Vitality Stadium,2024/2025,H,1,0,H,16,18,10,4,9,12,3,9,2,3,0,0,1/25/2025,11228,50,50,1/25/2025_Bournemouth_Nott'ham Forest
983,983,23,Wolves,0.7,0,1,1,Arsenal,Molineux Stadium,2024/2025,A,0,0,D,9,9,4,3,20,10,1,5,0,1,1,1,1/25/2025,31503,51,49,1/25/2025_Wolves_Arsenal
984,984,23,Manchester City,2.2,3,1,2,Chelsea,Etihad Stadium,2024/2025,H,1,1,D,15,10,6,4,6,8,2,4,3,2,0,0,1/25/2025,52687,44,56,1/25/2025_Manchester City_Chelsea
985,985,23,Crystal Palace,1.1,1,2,1,Brentford,Selhurst Park,2024/2025,A,0,0,D,16,13,5,6,8,11,4,7,2,2,0,0,1/26/2025,25066,47,53,1/26/2025_Crystal Palace_Brentford
986,986,23,Tottenham,1,1,2,2,Leicester City,Tottenham Hotspur Stadium,2024/2025,A,1,0,H,15,12,6,3,6,16,6,4,1,5,0,0,1/26/2025,61295,39,61,1/26/2025_Tottenham_Leicester City
987,987,23,Aston Villa,0.9,1,1,1,West Ham,Villa Park,2024/2025,D,1,0,H,14,14,4,4,13,16,4,3,2,3,0,0,1/26/2025,41628,54,46,1/26/2025_Aston Villa_West Ham
988,988,23,Fulham,0.7,0,1,0,Manchester Utd,Craven Cottage,2024/2025,A,0,0,D,9,4,3,1,7,9,3,0,0,1,0,0,1/26/2025,27288,51,49,1/26/2025_Fulham_Manchester Utd
989,989,24,Nott'ham Forest,3.3,7,0,1,Brighton,The City Ground,2024/2025,H,3,0,H,14,10,9,5,8,13,4,6,1,3,0,0,2/1/2025,30164,38,62,2/1/2025_Nott'ham Forest_Brighton
990,990,24,Everton,2.5,4,0,0,Leicester City,Goodison Park,2024/2025,H,3,0,H,13,9,7,1,7,13,5,6,0,0,0,0,2/1/2025,39376,52,48,2/1/2025_Everton_Leicester City
991,991,24,Newcastle Utd,0.8,1,2,2,Fulham,St James' Park,2024/2025,A,1,0,H,11,15,4,4,10,15,4,7,4,4,0,0,2/1/2025,52173,51,49,2/1/2025_Newcastle Utd_Fulham
992,992,24,Bournemouth,1.6,0,2,3,Liverpool,Vitality Stadium,2024/2025,A,0,1,A,14,19,3,7,15,9,3,3,2,3,0,0,2/1/2025,11239,49,51,2/1/2025_Bournemouth_Liverpool
993,993,24,Ipswich Town,1.8,1,2,1,Southampton,Portman Road Stadium,2024/2025,A,1,1,D,15,9,6,4,11,14,1,2,0,3,0,0,2/1/2025,29902,57,43,2/1/2025_Ipswich Town_Southampton
994,994,24,Wolves,1.6,2,0,0,Aston Villa,Molineux Stadium,2024/2025,H,1,0,H,8,10,5,3,20,13,5,8,2,3,0,0,2/1/2025,31385,32,68,2/1/2025_Wolves_Aston Villa
995,995,24,Manchester Utd,1.1,0,2,3,Crystal Palace,Old Trafford,2024/2025,A,0,0,D,17,11,2,3,12,13,11,0,3,1,0,0,2/2/2025,73751,34,66,2/2/2025_Manchester Utd_Crystal Palace
996,996,24,Brentford,2.1,0,2,1,Tottenham,Gtech Community Stadium,2024/2025,A,0,1,A,20,13,4,2,4,11,10,3,0,1,0,0,2/2/2025,17154,54,46,2/2/2025_Brentford_Tottenham
997,997,24,Arsenal,1,5,1,1,Manchester City,Emirates Stadium,2024/2025,H,1,0,H,12,7,7,4,6,7,5,2,2,0,0,0,2/2/2025,60355,46,54,2/2/2025_Arsenal_Manchester City
998,998,24,Chelsea,1.6,2,1,1,West Ham,Stamford Bridge,2024/2025,H,0,1,A,22,14,3,5,11,10,4,3,3,1,0,0,2/3/2025,39459,32,68,2/3/2025_Chelsea_West Ham
999,999,15,Everton,1,2,2,1,Liverpool,Goodison Park,2024/2025,D,1,1,D,10,6,3,4,9,20,2,3,2,2,1,1,2/12/2025,39280,37,63,2/12/2025_Everton_Liverpool
1000,1000,25,Brighton,1.4,3,0,1,Chelsea,The American Express Stadium,2024/2025,H,2,0,H,13,8,5,0,12,15,2,9,1,2,0,0,2/14/2025,31324,69,31,2/14/2025_Brighton_Chelsea
1001,1001,25,Leicester City,0.2,0,2,1,Arsenal,King Power Stadium,2024/2025,A,0,0,D,6,11,2,5,9,10,3,7,2,1,0,0,2/15/2025,31968,40,60,2/15/2025_Leicester City_Arsenal
1002,1002,25,Fulham,2.1,2,1,0,Nott'ham Forest,Craven Cottage,2024/2025,H,1,1,D,24,8,10,2,13,8,8,4,0,0,0,0,2/15/2025,27164,45,55,2/15/2025_Fulham_Nott'ham Forest
1003,1003,25,Manchester City,1.9,4,0,1,Newcastle Utd,Etihad Stadium,2024/2025,H,3,0,H,11,3,7,1,5,13,7,4,0,1,0,0,2/15/2025,52479,39,61,2/15/2025_Manchester City_Newcastle Utd
1004,1004,25,Southampton,0.8,1,3,1,Bournemouth,St Mary's Stadium,2024/2025,A,0,2,A,11,14,4,7,13,15,4,6,1,3,0,0,2/15/2025,31037,44,56,2/15/2025_Southampton_Bournemouth
1005,1005,25,Aston Villa,2.4,1,1,0,Ipswich Town,Villa Park,2024/2025,D,0,0,D,25,4,6,3,7,11,16,1,0,3,0,1,2/15/2025,42510,25,75,2/15/2025_Aston Villa_Ipswich Town
1006,1006,25,West Ham,0.8,0,1,2,Brentford,London Stadium,2024/2025,A,0,1,A,13,14,3,5,10,13,9,2,1,1,0,0,2/15/2025,62415,58,42,2/15/2025_West Ham_Brentford
1007,1007,25,Crystal Palace,1.6,1,2,1,Everton,Selhurst Park,2024/2025,A,0,1,A,17,11,6,6,9,12,6,2,0,1,0,0,2/15/2025,25108,42,58,2/15/2025_Crystal Palace_Everton
1008,1008,25,Liverpool,1.7,2,1,2,Wolves,Anfield,2024/2025,H,2,0,H,10,16,3,4,15,13,4,3,2,2,0,0,2/16/2025,60248,50,50,2/16/2025_Liverpool_Wolves
1009,1009,25,Tottenham,2.2,1,0,2,Manchester Utd,Tottenham Hotspur Stadium,2024/2025,H,1,0,H,22,16,7,6,13,9,10,5,1,2,0,0,2/16/2025,61383,55,45,2/16/2025_Tottenham_Manchester Utd
1010,1010,29,Aston Villa,0.6,2,2,3,Liverpool,Villa Park,2024/2025,D,2,1,H,9,17,4,3,8,6,6,8,1,0,0,0,2/19/2025,41910,52,48,2/19/2025_Aston Villa_Liverpool
1011,1011,26,Leicester City,0.5,0,4,2,Brentford,King Power Stadium,2024/2025,A,0,3,A,8,14,3,6,10,10,5,6,4,0,0,0,2/21/2025,31077,48,52,2/21/2025_Leicester City_Brentford
1012,1012,26,Everton,1.6,2,2,0,Manchester Utd,Goodison Park,2024/2025,D,2,0,H,9,9,8,3,12,9,7,9,4,1,0,0,2/22/2025,39290,38,62,2/22/2025_Everton_Manchester Utd
1013,1013,26,Fulham,0.2,0,2,1,Crystal Palace,Craven Cottage,2024/2025,A,0,1,A,10,10,0,5,10,7,7,7,1,3,0,0,2/22/2025,26777,38,62,2/22/2025_Fulham_Crystal Palace
1014,1014,26,Bournemouth,0.9,0,1,2,Wolves,Vitality Stadium,2024/2025,A,0,1,A,8,13,3,5,17,9,6,7,3,3,1,0,2/22/2025,11206,46,54,2/22/2025_Bournemouth_Wolves
1015,1015,26,Ipswich Town,1.1,1,4,2,Tottenham,Portman Road Stadium,2024/2025,A,1,2,A,17,10,5,6,15,14,4,4,2,1,0,0,2/22/2025,30003,42,58,2/22/2025_Ipswich Town_Tottenham
1016,1016,26,Arsenal,1.2,0,1,1,West Ham,Emirates Stadium,2024/2025,A,0,1,A,20,5,2,2,16,15,2,0,1,3,1,0,2/22/2025,60262,32,68,2/22/2025_Arsenal_West Ham
1017,1017,26,Southampton,0.1,0,4,4,Brighton,St Mary's Stadium,2024/2025,A,0,1,A,6,18,1,12,11,12,5,6,2,0,0,0,2/22/2025,30775,50,50,2/22/2025_Southampton_Brighton
1018,1018,26,Aston Villa,2.3,2,1,2,Chelsea,Villa Park,2024/2025,H,0,1,A,12,15,6,7,15,16,2,3,1,3,0,0,2/22/2025,42423,48,52,2/22/2025_Aston Villa_Chelsea
1019,1019,26,Newcastle Utd,2.9,4,3,2,Nott'ham Forest,St James' Park,2024/2025,H,4,1,H,13,17,5,5,11,13,7,6,1,4,0,0,2/23/2025,52223,43,57,2/23/2025_Newcastle Utd_Nott'ham Forest
1020,1020,26,Manchester City,0.6,0,2,1,Liverpool,Etihad Stadium,2024/2025,A,0,2,A,16,8,5,4,3,10,7,5,0,0,0,0,2/23/2025,52803,34,66,2/23/2025_Manchester City_Liverpool
1021,1021,27,Brighton,2.4,2,1,2,Bournemouth,The American Express Stadium,2024/2025,H,1,0,H,11,19,4,5,12,14,1,9,2,1,0,0,2/25/2025,31138,56,44,2/25/2025_Brighton_Bournemouth
1022,1022,27,Crystal Palace,4.3,4,1,0,Aston Villa,Selhurst Park,2024/2025,H,1,0,H,19,6,6,2,19,10,3,8,3,1,0,0,2/25/2025,24712,36,64,2/25/2025_Crystal Palace_Aston Villa
1023,1023,27,Wolves,1.3,1,2,2,Fulham,Molineux Stadium,2024/2025,A,1,1,D,18,11,5,5,8,15,7,5,1,3,0,0,2/25/2025,28708,60,40,2/25/2025_Wolves_Fulham
1024,1024,27,Chelsea,2.4,4,0,1,Southampton,Stamford Bridge,2024/2025,H,3,0,H,19,7,10,2,6,9,4,2,1,2,0,0,2/25/2025,39485,40,60,2/25/2025_Chelsea_Southampton
1025,1025,27,Tottenham,1.3,0,1,2,Manchester City,Tottenham Hotspur Stadium,2024/2025,A,0,1,A,11,12,6,5,12,15,8,3,3,0,0,0,2/26/2025,60820,55,45,2/26/2025_Tottenham_Manchester City
1026,1026,27,Nott'ham Forest,0.4,0,0,1,Arsenal,The City Ground,2024/2025,D,0,0,D,6,13,2,1,10,17,3,11,1,1,0,0,2/26/2025,30200,36,64,2/26/2025_Nott'ham Forest_Arsenal
1027,1027,27,Manchester Utd,0.7,3,2,1,Ipswich Town,Old Trafford,2024/2025,H,2,2,D,10,12,6,3,9,16,5,6,4,4,1,0,2/26/2025,73827,55,45,2/26/2025_Manchester Utd_Ipswich Town
1028,1028,27,Brentford,1.4,1,1,2,Everton,Gtech Community Stadium,2024/2025,D,1,0,H,12,14,3,4,3,6,2,5,2,1,0,0,2/26/2025,17082,48,52,2/26/2025_Brentford_Everton
1029,1029,27,Liverpool,1.7,2,0,0,Newcastle Utd,Anfield,2024/2025,H,1,0,H,12,3,3,0,12,11,4,2,0,1,0,0,2/26/2025,60374,61,39,2/26/2025_Liverpool_Newcastle Utd
1030,1030,27,West Ham,1.3,2,0,0,Leicester City,London Stadium,2024/2025,H,2,0,H,8,10,2,2,12,6,3,3,0,0,0,0,2/27/2025,62455,42,58,2/27/2025_West Ham_Leicester City
1031,1031,28,Nott'ham Forest,0.7,1,0,1,Manchester City,The City Ground,2024/2025,H,0,0,D,9,14,4,3,9,7,3,2,3,2,0,0,3/8/2025,30252,31,69,3/8/2025_Nott'ham Forest_Manchester City
1032,1032,28,Liverpool,3.9,3,1,0,Southampton,Anfield,2024/2025,H,0,1,A,28,6,7,4,10,9,6,4,2,1,0,0,3/8/2025,60399,29,71,3/8/2025_Liverpool_Southampton
1033,1033,28,Brighton,1.5,2,1,1,Fulham,The American Express Stadium,2024/2025,H,1,1,D,9,6,4,1,6,12,3,7,0,2,0,0,3/8/2025,31584,47,53,3/8/2025_Brighton_Fulham
1034,1034,28,Crystal Palace,3.2,1,0,2,Ipswich Town,Selhurst Park,2024/2025,H,0,0,D,19,15,4,8,8,7,5,4,4,3,0,0,3/8/2025,25155,45,55,3/8/2025_Crystal Palace_Ipswich Town
1035,1035,28,Brentford,0.8,0,1,1,Aston Villa,Gtech Community Stadium,2024/2025,A,0,0,D,13,12,3,4,10,5,6,5,2,2,0,0,3/8/2025,17171,59,41,3/8/2025_Brentford_Aston Villa
1036,1036,28,Wolves,0.8,1,1,1,Everton,Molineux Stadium,2024/2025,D,1,1,D,11,12,3,4,11,16,5,5,2,2,0,0,3/8/2025,30738,34,66,3/8/2025_Wolves_Everton
1037,1037,28,Chelsea,1.7,1,0,0,Leicester City,Stamford Bridge,2024/2025,H,0,0,D,20,3,7,3,12,13,12,2,1,0,0,0,3/9/2025,39750,44,56,3/9/2025_Chelsea_Leicester City
1038,1038,28,Tottenham,1.5,2,2,2,Bournemouth,Tottenham Hotspur Stadium,2024/2025,D,0,1,A,12,17,4,8,15,16,3,6,3,3,0,0,3/9/2025,61178,39,61,3/9/2025_Tottenham_Bournemouth
1039,1039,28,Manchester Utd,1.5,1,1,2,Arsenal,Old Trafford,2024/2025,D,1,0,H,10,17,6,6,8,11,2,9,0,1,0,0,3/9/2025,73812,32,68,3/9/2025_Manchester Utd_Arsenal
1040,1040,28,West Ham,0.7,0,1,1,Newcastle Utd,London Stadium,2024/2025,A,0,0,D,9,9,2,3,7,15,3,4,0,1,0,0,3/10/2025,62463,51,49,3/10/2025_West Ham_Newcastle Utd
1041,1041,29,Everton,1,1,1,1,West Ham,Goodison Park,2024/2025,D,0,0,D,13,10,5,5,12,8,6,5,1,2,0,0,3/15/2025,39343,54,46,3/15/2025_Everton_West Ham
1042,1042,29,Southampton,1.3,1,2,0,Wolves,St Mary's Stadium,2024/2025,A,0,1,A,10,5,3,3,12,13,5,1,0,0,0,0,3/15/2025,30950,60,40,3/15/2025_Southampton_Wolves
1043,1043,29,Ipswich Town,0.4,2,4,2,Nott'ham Forest,Portman Road Stadium,2024/2025,A,0,3,A,11,11,4,6,4,13,6,3,1,1,0,0,3/15/2025,29878,55,45,3/15/2025_Ipswich Town_Nott'ham Forest
1044,1044,29,Manchester City,1.7,2,2,2,Brighton,Etihad Stadium,2024/2025,D,2,1,H,11,15,3,3,10,10,4,5,2,5,0,0,3/15/2025,52471,40,60,3/15/2025_Manchester City_Brighton
1045,1045,29,Bournemouth,1.6,1,2,1,Brentford,Vitality Stadium,2024/2025,A,1,1,D,17,10,5,4,13,7,4,3,3,0,0,0,3/15/2025,11180,58,42,3/15/2025_Bournemouth_Brentford
1046,1046,29,Arsenal,0.7,1,0,0,Chelsea,Emirates Stadium,2024/2025,H,1,0,H,12,8,4,2,10,13,5,4,3,3,0,0,3/16/2025,60311,58,42,3/16/2025_Arsenal_Chelsea
1047,1047,29,Fulham,1,2,0,1,Tottenham,Craven Cottage,2024/2025,H,0,0,D,13,12,4,4,13,10,6,5,0,0,0,0,3/16/2025,27182,57,43,3/16/2025_Fulham_Tottenham
1048,1048,29,Leicester City,1,0,3,1,Manchester Utd,King Power Stadium,2024/2025,A,0,1,A,11,18,3,5,6,6,6,4,2,0,0,0,3/16/2025,31773,53,47,3/16/2025_Leicester City_Manchester Utd
1049,1049,30,Arsenal,2.2,2,1,1,Fulham,Emirates Stadium,2024/2025,H,1,0,H,17,9,4,3,2,10,5,4,1,2,0,0,4/1/2025,60256,49,51,4/1/2025_Arsenal_Fulham
1050,1050,30,Wolves,1.2,1,0,1,West Ham,Molineux Stadium,2024/2025,H,1,0,H,9,10,2,1,16,12,1,2,4,2,0,0,4/1/2025,29587,58,42,4/1/2025_Wolves_West Ham
1051,1051,30,Nott'ham Forest,0.5,1,0,2,Manchester Utd,The City Ground,2024/2025,H,1,0,H,8,23,2,6,5,12,3,10,1,3,0,0,4/1/2025,30249,32,68,4/1/2025_Nott'ham Forest_Manchester Utd
1052,1052,30,Newcastle Utd,1.3,2,1,2,Brentford,St James' Park,2024/2025,H,1,0,H,21,12,4,3,12,12,4,5,1,1,0,0,4/2/2025,52021,51,49,4/2/2025_Newcastle Utd_Brentford
1053,1053,30,Manchester City,2.2,2,0,0,Leicester City,Etihad Stadium,2024/2025,H,2,0,H,18,2,5,0,11,8,5,0,1,4,0,0,4/2/2025,52148,28,72,4/2/2025_Manchester City_Leicester City
1054,1054,30,Southampton,0.7,1,1,1,Crystal Palace,St Mary's Stadium,2024/2025,D,1,0,H,8,9,2,3,14,9,2,2,2,1,0,0,4/2/2025,30158,43,57,4/2/2025_Southampton_Crystal Palace
1055,1055,30,Bournemouth,1.8,1,2,1,Ipswich Town,Vitality Stadium,2024/2025,A,0,1,A,24,10,7,2,14,15,8,3,1,2,0,0,4/2/2025,11192,37,63,4/2/2025_Bournemouth_Ipswich Town
1056,1056,30,Brighton,0.9,0,3,1,Aston Villa,The American Express Stadium,2024/2025,A,0,0,D,11,8,4,5,16,11,4,0,1,3,0,0,4/2/2025,27895,44,56,4/2/2025_Brighton_Aston Villa
1057,1057,30,Liverpool,1.5,1,0,1,Everton,Anfield,2024/2025,H,0,0,D,17,5,3,0,7,11,11,5,2,2,0,0,4/2/2025,60457,27,73,4/2/2025_Liverpool_Everton
1058,1058,30,Chelsea,1,1,0,1,Tottenham,Stamford Bridge,2024/2025,H,0,0,D,11,8,5,2,7,16,4,6,5,5,0,0,4/3/2025,39852,51,49,4/3/2025_Chelsea_Tottenham
1059,1059,31,Everton,1.1,1,1,2,Arsenal,Goodison Park,2024/2025,D,0,1,A,5,14,2,5,17,13,3,8,3,1,0,0,4/5/2025,39316,31,69,4/5/2025_Everton_Arsenal
1060,1060,31,Crystal Palace,0.6,2,1,1,Brighton,Selhurst Park,2024/2025,H,1,1,D,8,11,3,5,12,13,2,4,0,1,2,1,4/5/2025,24564,38,62,4/5/2025_Crystal Palace_Brighton
1061,1061,31,Ipswich Town,0.8,1,2,3,Wolves,Portman Road Stadium,2024/2025,A,1,0,H,6,22,2,7,12,16,4,8,2,2,0,0,4/5/2025,29549,45,55,4/5/2025_Ipswich Town_Wolves
1062,1062,31,West Ham,0.7,2,2,2,Bournemouth,London Stadium,2024/2025,D,0,1,A,9,11,3,4,13,13,4,7,2,2,0,0,4/5/2025,62459,44,56,4/5/2025_West Ham_Bournemouth
1063,1063,31,Aston Villa,3,2,1,2,Nott'ham Forest,Villa Park,2024/2025,H,2,0,H,17,19,8,3,7,15,4,4,2,2,0,0,4/5/2025,42743,48,52,4/5/2025_Aston Villa_Nott'ham Forest
1064,1064,31,Fulham,0.7,3,2,2,Liverpool,Craven Cottage,2024/2025,H,3,1,H,12,14,6,6,10,9,4,4,3,0,0,0,4/6/2025,27770,37,63,4/6/2025_Fulham_Liverpool
1065,1065,31,Brentford,1.1,0,0,1,Chelsea,Gtech Community Stadium,2024/2025,D,0,0,D,9,21,2,5,12,12,3,6,1,3,0,0,4/6/2025,17183,58,42,4/6/2025_Brentford_Chelsea
1066,1066,31,Tottenham,2.1,3,1,1,Southampton,Tottenham Hotspur Stadium,2024/2025,H,2,0,H,13,12,8,4,16,20,4,1,1,1,0,0,4/6/2025,60984,49,51,4/6/2025_Tottenham_Southampton
1067,1067,31,Manchester Utd,0.9,0,0,1,Manchester City,Old Trafford,2024/2025,D,0,0,D,13,9,2,5,13,9,5,3,3,2,0,0,4/6/2025,73738,42,58,4/6/2025_Manchester Utd_Manchester City
1068,1068,31,Leicester City,0.5,0,3,3,Newcastle Utd,King Power Stadium,2024/2025,A,0,3,A,7,16,2,5,8,9,12,2,2,0,0,0,4/7/2025,30403,58,42,4/7/2025_Leicester City_Newcastle Utd
1069,1069,32,Manchester City,3.7,5,2,2,Crystal Palace,Etihad Stadium,2024/2025,H,2,2,D,21,8,9,3,10,16,1,4,2,3,0,0,4/12/2025,52489,33,67,4/12/2025_Manchester City_Crystal Palace
1070,1070,32,Brighton,3.8,2,2,2,Leicester City,The American Express Stadium,2024/2025,D,1,1,D,21,15,7,6,9,11,3,6,2,5,0,0,4/12/2025,31150,41,59,4/12/2025_Brighton_Leicester City
1071,1071,32,Southampton,0.3,0,3,3,Aston Villa,St Mary's Stadium,2024/2025,A,0,0,D,7,25,2,10,11,4,2,14,3,1,0,0,4/12/2025,30199,40,60,4/12/2025_Southampton_Aston Villa
1072,1072,32,Nott'ham Forest,0.5,0,1,1,Everton,The City Ground,2024/2025,A,0,0,D,10,13,5,5,9,13,1,7,0,3,0,0,4/12/2025,30199,57,43,4/12/2025_Nott'ham Forest_Everton
1073,1073,32,Arsenal,1,1,1,0,Brentford,Emirates Stadium,2024/2025,D,0,0,D,14,3,3,2,7,9,13,5,1,3,0,0,4/12/2025,60184,37,63,4/12/2025_Arsenal_Brentford
1074,1074,32,Liverpool,1.8,2,1,1,West Ham,Anfield,2024/2025,H,1,0,H,15,11,6,4,15,8,10,3,0,2,0,0,4/13/2025,60376,45,55,4/13/2025_Liverpool_West Ham
1075,1075,32,Chelsea,2.2,2,2,1,Ipswich Town,Stamford Bridge,2024/2025,D,0,2,A,34,13,9,4,11,7,15,4,2,2,0,0,4/13/2025,39805,27,73,4/13/2025_Chelsea_Ipswich Town
1076,1076,32,Wolves,2.4,4,2,2,Tottenham,Molineux Stadium,2024/2025,H,2,0,H,13,11,5,4,12,15,1,4,1,2,0,0,4/13/2025,31463,37,63,4/13/2025_Wolves_Tottenham
1077,1077,32,Newcastle Utd,2.2,4,1,1,Manchester Utd,St James' Park,2024/2025,H,1,1,D,13,9,6,5,7,9,7,2,0,2,0,0,4/13/2025,52252,48,52,4/13/2025_Newcastle Utd_Manchester Utd
1078,1078,32,Bournemouth,1.4,1,0,1,Fulham,Vitality Stadium,2024/2025,H,1,0,H,12,12,3,7,11,10,6,9,3,2,0,0,4/14/2025,11195,41,59,4/14/2025_Bournemouth_Fulham
1079,1079,29,Newcastle Utd,1.5,5,0,2,Crystal Palace,St James' Park,2024/2025,H,4,0,H,14,11,7,4,9,15,5,4,2,3,0,0,4/16/2025,52197,41,59,4/16/2025_Newcastle Utd_Crystal Palace
1080,1080,33,Everton,0.9,0,2,2,Manchester City,Goodison Park,2024/2025,A,0,0,D,8,12,3,7,7,6,2,5,4,0,0,0,4/19/2025,39332,33,67,4/19/2025_Everton_Manchester City
1081,1081,33,West Ham,0.9,1,1,1,Southampton,London Stadium,2024/2025,D,0,0,D,12,15,4,4,14,13,2,5,2,1,0,0,4/19/2025,62461,48,52,4/19/2025_West Ham_Southampton
1082,1082,33,Crystal Palace,0.4,0,0,1,Bournemouth,Selhurst Park,2024/2025,D,0,0,D,5,15,0,4,13,10,5,4,3,4,1,0,4/19/2025,25185,71,29,4/19/2025_Crystal Palace_Bournemouth
1083,1083,33,Brentford,2.1,4,2,1,Brighton,Gtech Community Stadium,2024/2025,H,1,1,D,16,12,8,3,7,11,4,8,3,3,0,1,4/19/2025,17083,47,53,4/19/2025_Brentford_Brighton
1084,1084,33,Aston Villa,2.2,4,1,1,Newcastle Utd,Villa Park,2024/2025,H,1,1,D,23,10,9,3,9,12,7,7,1,3,0,0,4/19/2025,42618,48,52,4/19/2025_Aston Villa_Newcastle Utd
1085,1085,33,Fulham,0.3,1,2,1,Chelsea,Craven Cottage,2024/2025,A,1,0,H,6,13,1,8,13,9,6,4,1,3,0,0,4/20/2025,27712,59,41,4/20/2025_Fulham_Chelsea
1086,1086,33,Ipswich Town,0.2,0,4,2,Arsenal,Portman Road Stadium,2024/2025,A,0,2,A,4,24,0,7,10,7,0,12,0,0,1,0,4/20/2025,29549,25,75,4/20/2025_Ipswich Town_Arsenal
1087,1087,33,Manchester Utd,1.3,0,1,0,Wolves,Old Trafford,2024/2025,A,0,0,D,12,4,2,2,11,18,9,2,2,3,0,0,4/20/2025,73819,41,59,4/20/2025_Manchester Utd_Wolves
1088,1088,33,Leicester City,0.3,0,1,3,Liverpool,King Power Stadium,2024/2025,A,0,0,D,5,28,0,10,11,7,1,13,1,2,0,0,4/20/2025,30402,42,58,4/20/2025_Leicester City_Liverpool
1089,1089,33,Tottenham,2.1,1,2,1,Nott'ham Forest,Tottenham Hotspur Stadium,2024/2025,A,0,2,A,22,4,6,3,11,12,7,1,1,4,0,0,4/21/2025,59314,31,69,4/21/2025_Tottenham_Nott'ham Forest
1090,1090,34,Manchester City,1.3,2,1,2,Aston Villa,Etihad Stadium,2024/2025,H,1,1,D,14,7,6,3,9,10,10,2,3,3,0,0,4/22/2025,51834,39,61,4/22/2025_Manchester City_Aston Villa
1091,1091,34,Arsenal,1.2,2,2,2,Crystal Palace,Emirates Stadium,2024/2025,D,2,1,H,12,15,6,4,4,6,3,6,1,1,0,0,4/23/2025,60167,33,67,4/23/2025_Arsenal_Crystal Palace
1092,1092,34,Chelsea,0.8,1,0,0,Everton,Stamford Bridge,2024/2025,H,1,0,H,10,6,7,3,11,11,10,2,0,0,0,0,4/26/2025,39894,45,55,4/26/2025_Chelsea_Everton
1093,1093,34,Brighton,1.3,3,2,1,West Ham,The American Express Stadium,2024/2025,H,1,0,H,16,12,9,4,7,9,8,1,1,1,0,0,4/26/2025,31499,47,53,4/26/2025_Brighton_West Ham
1094,1094,34,Wolves,2,3,0,1,Leicester City,Molineux Stadium,2024/2025,H,1,0,H,20,8,6,2,7,17,4,2,1,4,0,0,4/26/2025,31518,44,56,4/26/2025_Wolves_Leicester City
1095,1095,34,Southampton,0.6,1,2,2,Fulham,St Mary's Stadium,2024/2025,A,1,0,H,7,26,3,5,10,12,0,13,1,1,0,0,4/26/2025,28946,35,65,4/26/2025_Southampton_Fulham
1096,1096,34,Newcastle Utd,2.4,3,0,0,Ipswich Town,St James' Park,2024/2025,H,1,0,H,25,4,5,0,9,9,11,2,1,2,0,1,4/26/2025,52171,23,77,4/26/2025_Newcastle Utd_Ipswich Town
1097,1097,34,Bournemouth,0.5,1,1,2,Manchester Utd,Vitality Stadium,2024/2025,D,1,0,H,8,25,1,6,11,12,5,10,4,2,1,0,4/27/2025,11241,39,61,4/27/2025_Bournemouth_Manchester Utd
1098,1098,34,Liverpool,2.2,5,1,1,Tottenham,Anfield,2024/2025,H,3,1,H,25,8,8,3,16,9,8,2,2,1,0,0,4/27/2025,60415,39,61,4/27/2025_Liverpool_Tottenham
1099,1099,34,Nott'ham Forest,0.9,0,2,1,Brentford,The City Ground,2024/2025,A,0,1,A,14,11,5,3,10,12,4,5,3,5,0,0,5/1/2025,29040,55,45,5/1/2025_Nott'ham Forest_Brentford
1100,1100,35,Manchester City,0.7,1,0,0,Wolves,Etihad Stadium,2024/2025,H,1,0,H,9,6,2,1,7,11,4,5,0,0,0,0,5/2/2025,53282,37,63,5/2/2025_Manchester City_Wolves
1101,1101,35,Aston Villa,1,1,0,1,Fulham,Villa Park,2024/2025,H,1,0,H,10,11,3,3,6,17,5,3,0,5,0,0,5/3/2025,42515,48,52,5/3/2025_Aston Villa_Fulham
1102,1102,35,Leicester City,1.4,2,0,1,Southampton,King Power Stadium,2024/2025,H,2,0,H,14,8,4,2,12,13,7,7,1,3,0,0,5/3/2025,31240,51,49,5/3/2025_Leicester City_Southampton
1103,1103,35,Everton,0.6,2,2,1,Ipswich Town,Goodison Park,2024/2025,D,2,1,H,8,12,3,5,12,15,3,3,4,4,0,0,5/3/2025,39305,42,58,5/3/2025_Everton_Ipswich Town
1104,1104,35,Arsenal,1.4,1,2,1,Bournemouth,Emirates Stadium,2024/2025,A,1,0,H,13,9,4,2,7,16,2,3,0,2,0,0,5/3/2025,60110,49,51,5/3/2025_Arsenal_Bournemouth
1105,1105,35,Brighton,0.7,1,1,2,Newcastle Utd,The American Express Stadium,2024/2025,D,1,0,H,5,13,2,5,15,10,1,4,2,1,0,0,5/4/2025,31580,45,55,5/4/2025_Brighton_Newcastle Utd
1106,1106,35,West Ham,0.8,1,1,1,Tottenham,London Stadium,2024/2025,D,1,1,D,11,7,2,2,18,15,1,3,2,2,0,0,5/4/2025,62468,55,45,5/4/2025_West Ham_Tottenham
1107,1107,35,Brentford,2.8,4,3,2,Manchester Utd,Gtech Community Stadium,2024/2025,H,2,1,H,12,14,6,5,8,10,7,4,0,2,0,0,5/4/2025,18915,47,53,5/4/2025_Brentford_Manchester Utd
1108,1108,35,Chelsea,3.1,3,1,1,Liverpool,Stamford Bridge,2024/2025,H,1,0,H,17,11,7,2,10,11,3,6,2,2,0,0,5/4/2025,39829,36,64,5/4/2025_Chelsea_Liverpool
1109,1109,35,Crystal Palace,2.3,1,1,1,Nott'ham Forest,Selhurst Park,2024/2025,D,0,0,D,20,12,3,4,9,15,7,4,3,8,0,0,5/5/2025,25096,50,50,5/5/2025_Crystal Palace_Nott'ham Forest
1110,1110,36,Ipswich Town,0.9,0,1,1,Brentford,Portman Road Stadium,2024/2025,A,0,1,A,11,15,4,5,6,12,5,6,2,4,0,0,5/10/2025,29511,49,51,5/10/2025_Ipswich Town_Brentford
1111,1111,36,Fulham,0.8,1,3,1,Everton,Craven Cottage,2024/2025,A,1,1,D,18,11,6,7,15,9,5,5,1,0,0,0,5/10/2025,27653,36,64,5/10/2025_Fulham_Everton
1112,1112,36,Wolves,0.9,0,2,2,Brighton,Molineux Stadium,2024/2025,A,0,1,A,10,7,3,2,8,12,7,4,1,1,0,0,5/10/2025,31279,56,44,5/10/2025_Wolves_Brighton
1113,1113,36,Southampton,0.1,0,0,2,Manchester City,St Mary's Stadium,2024/2025,D,0,0,D,2,26,0,5,9,8,1,15,2,0,0,0,5/10/2025,30937,28,72,5/10/2025_Southampton_Manchester City
1114,1114,36,Bournemouth,0.8,0,1,1,Aston Villa,Vitality Stadium,2024/2025,A,0,1,A,10,6,4,3,19,12,10,0,4,3,0,1,5/10/2025,11187,66,34,5/10/2025_Bournemouth_Aston Villa
1115,1115,36,Newcastle Utd,1.6,2,0,1,Chelsea,St James' Park,2024/2025,H,1,0,H,15,10,6,3,9,13,2,8,4,2,0,1,5/11/2025,52231,55,45,5/11/2025_Newcastle Utd_Chelsea
1116,1116,36,Nott'ham Forest,1.3,2,2,1,Leicester City,The City Ground,2024/2025,D,1,1,D,15,10,4,6,11,11,4,4,3,3,0,0,5/11/2025,30245,45,55,5/11/2025_Nott'ham Forest_Leicester City
1117,1117,36,Tottenham,0.7,0,2,3,Crystal Palace,Tottenham Hotspur Stadium,2024/2025,A,0,1,A,8,23,1,10,12,10,4,8,1,1,0,0,5/11/2025,60254,52,48,5/11/2025_Tottenham_Crystal Palace
1118,1118,36,Manchester Utd,2.1,0,2,2,West Ham,Old Trafford,2024/2025,A,0,1,A,20,9,5,4,3,13,8,5,0,1,0,0,5/11/2025,73804,48,52,5/11/2025_Manchester Utd_West Ham
1119,1119,36,Liverpool,2.4,2,2,3,Arsenal,Anfield,2024/2025,D,2,0,H,14,15,5,7,13,10,3,1,1,1,0,1,5/11/2025,60324,45,55,5/11/2025_Liverpool_Arsenal
1120,1120,37,Aston Villa,1.4,2,0,1,Tottenham,Villa Park,2024/2025,H,0,0,D,18,3,7,1,5,12,9,1,1,2,0,0,5/16/2025,42239,33,67,5/16/2025_Aston Villa_Tottenham
1121,1121,37,Chelsea,0.8,1,0,0,Manchester Utd,Stamford Bridge,2024/2025,H,0,0,D,11,4,3,1,10,14,7,2,1,6,0,0,5/16/2025,39849,47,53,5/16/2025_Chelsea_Manchester Utd
1122,1122,37,Everton,2.7,2,0,1,Southampton,Goodison Park,2024/2025,H,2,0,H,13,6,5,2,6,10,4,5,1,1,0,0,5/18/2025,39201,50,50,5/18/2025_Everton_Southampton
1123,1123,37,West Ham,1.1,1,2,2,Nott'ham Forest,London Stadium,2024/2025,A,0,1,A,16,10,5,5,14,7,8,7,6,3,0,0,5/18/2025,62466,40,60,5/18/2025_West Ham_Nott'ham Forest
1124,1124,37,Brentford,2.5,2,3,1,Fulham,Gtech Community Stadium,2024/2025,A,2,1,H,11,16,6,7,12,8,5,3,4,4,0,0,5/18/2025,17136,49,51,5/18/2025_Brentford_Fulham
1125,1125,37,Leicester City,0.8,2,0,1,Ipswich Town,King Power Stadium,2024/2025,H,1,0,H,9,20,3,2,15,12,2,2,1,0,0,0,5/18/2025,31986,50,50,5/18/2025_Leicester City_Ipswich Town
1126,1126,37,Arsenal,0.6,1,0,2,Newcastle Utd,Emirates Stadium,2024/2025,H,0,0,D,12,14,4,5,9,9,10,7,3,3,0,0,5/18/2025,60160,49,51,5/18/2025_Arsenal_Newcastle Utd
1127,1127,37,Brighton,2.2,3,2,2,Liverpool,The American Express Stadium,2024/2025,H,1,2,A,25,18,12,5,9,8,3,3,1,0,0,0,5/19/2025,31611,49,51,5/19/2025_Brighton_Liverpool
1128,1128,37,Manchester City,1.5,3,1,1,Bournemouth,Etihad Stadium,2024/2025,H,2,0,H,12,8,5,2,7,13,3,1,1,3,1,1,5/20/2025,52487,43,57,5/20/2025_Manchester City_Bournemouth
1129,1129,37,Crystal Palace,1.7,4,2,1,Wolves,Selhurst Park,2024/2025,H,2,1,H,14,12,10,3,14,8,0,10,1,2,0,0,5/20/2025,24766,69,31,5/20/2025_Crystal Palace_Wolves
1130,1130,38,Manchester Utd,2.9,2,0,0,Aston Villa,Old Trafford,2024/2025,H,0,0,D,25,6,10,1,10,10,4,3,2,2,0,1,5/25/2025,73839,33,67,5/25/2025_Manchester Utd_Aston Villa
1131,1131,38,Ipswich Town,0.7,1,3,1,West Ham,Portman Road Stadium,2024/2025,A,0,1,A,14,10,4,6,10,9,4,0,1,1,0,0,5/25/2025,29771,42,58,5/25/2025_Ipswich Town_West Ham
1132,1132,38,Wolves,1,1,1,1,Brentford,Molineux Stadium,2024/2025,D,0,1,A,18,13,6,7,7,9,8,3,2,1,0,0,5/25/2025,31382,49,51,5/25/2025_Wolves_Brentford
1133,1133,38,Southampton,0.6,1,2,2,Arsenal,St Mary's Stadium,2024/2025,A,0,1,A,7,23,2,8,7,8,5,8,0,0,0,0,5/25/2025,31289,38,62,5/25/2025_Southampton_Arsenal
1134,1134,38,Liverpool,2.1,1,1,2,Crystal Palace,Anfield,2024/2025,D,0,1,A,14,8,3,5,7,10,11,0,1,0,1,0,5/25/2025,60382,31,69,5/25/2025_Liverpool_Crystal Palace
1135,1135,38,Nott'ham Forest,1.2,0,1,1,Chelsea,The City Ground,2024/2025,A,0,0,D,10,6,2,2,10,11,7,4,2,2,0,0,5/25/2025,30263,52,48,5/25/2025_Nott'ham Forest_Chelsea
1136,1136,38,Fulham,1.3,0,2,3,Manchester City,Craven Cottage,2024/2025,A,0,1,A,13,20,3,5,11,5,1,6,0,0,0,0,5/25/2025,27671,47,53,5/25/2025_Fulham_Manchester City
1137,1137,38,Newcastle Utd,1.2,0,1,1,Everton,St James' Park,2024/2025,A,0,0,D,17,14,6,6,12,9,12,3,1,4,0,0,5/25/2025,52221,35,65,5/25/2025_Newcastle Utd_Everton
1138,1138,38,Bournemouth,1.6,2,0,0,Leicester City,Vitality Stadium,2024/2025,H,0,0,D,20,3,7,0,19,16,6,1,0,2,0,0,5/25/2025,11238,37,63,5/25/2025_Bournemouth_Leicester City
1139,1139,38,Tottenham,2,1,4,2,Brighton,Tottenham Hotspur Stadium,2024/2025,A,1,0,H,4,23,2,8,13,8,2,11,3,1,0,0,5/25/2025,61449,34,66,5/25/2025_Tottenham_Brighton
1140,1140,1,Liverpool,2.2,4,2,2,Bournemouth,Anfield,2025/2026,H,1,0,H,19,10,10,3,7,10,6,7,1,2,0,0,8/15/2025,60315,39,61,8/15/2025_Liverpool_Bournemouth
1141,1141,1,Aston Villa,0.2,0,0,1,Newcastle Utd,Villa Park,2025/2026,D,0,0,D,3,16,3,3,13,11,3,6,1,1,1,0,8/16/2025,42526,41,59,8/16/2025_Aston Villa_Newcastle Utd
1142,1142,1,Sunderland,0.7,3,0,1,West Ham,Stadium of Light,2025/2026,H,0,0,D,10,12,5,4,8,10,5,7,0,1,0,0,8/16/2025,46233,38,62,8/16/2025_Sunderland_West Ham
1143,1143,1,Brighton,1.5,1,1,1,Fulham,The American Express Stadium,2025/2026,D,0,0,D,10,7,4,2,16,15,4,3,3,3,0,0,8/16/2025,31478,51,49,8/16/2025_Brighton_Fulham
1144,1144,1,Tottenham,2.3,3,0,1,Burnley,Tottenham Hotspur Stadium,2025/2026,H,1,0,H,16,14,6,4,14,8,6,5,0,0,0,0,8/16/2025,61077,34,66,8/16/2025_Tottenham_Burnley
1145,1145,1,Wolves,0.6,0,4,2,Manchester City,Molineux Stadium,2025/2026,A,0,2,A,9,15,3,4,13,7,4,6,1,2,0,0,8/16/2025,31456,42,58,8/16/2025_Wolves_Manchester City
1146,1146,1,Chelsea,1.6,0,0,1,Crystal Palace,Stamford Bridge,2025/2026,D,0,0,D,19,12,3,4,10,12,11,2,2,3,0,0,8/17/2025,39678,71,29,8/17/2025_Chelsea_Crystal Palace
1147,1147,1,Nott'ham Forest,1.8,3,1,1,Brentford,The City Ground,2025/2026,H,3,0,H,11,10,5,3,7,15,5,5,1,2,0,0,8/17/2025,29949,54,46,8/17/2025_Nott'ham Forest_Brentford
1148,1148,1,Manchester Utd,1.5,0,1,1,Arsenal,Old Trafford,2025/2026,A,0,1,A,22,9,7,3,10,19,3,4,1,4,0,0,8/17/2025,73475,61,39,8/17/2025_Manchester Utd_Arsenal
1149,1149,1,Leeds United,2,1,0,1,Everton,Elland Road,2025/2026,H,0,0,D,21,7,3,1,6,8,7,2,0,2,0,0,8/18/2025,36820,54,46,8/18/2025_Leeds United_Everton
1150,1150,2,West Ham,0.7,1,5,3,Chelsea,London Stadium,2025/2026,A,1,3,A,12,12,4,7,7,10,7,5,0,1,0,0,8/22/2025,62462,42,58,8/22/2025_West Ham_Chelsea
1151,1151,2,Manchester City,1.6,0,2,1,Tottenham,Etihad Stadium,2025/2026,A,0,2,A,10,12,4,5,7,12,7,2,1,4,0,0,8/23/2025,51785,39,61,8/23/2025_Manchester City_Tottenham
1152,1152,2,Bournemouth,1.3,1,0,1,Wolves,Vitality Stadium,2025/2026,H,1,0,H,14,6,4,1,13,16,8,3,2,4,0,1,8/23/2025,11070,59,41,8/23/2025_Bournemouth_Wolves
1153,1153,2,Brentford,1.2,1,0,1,Aston Villa,Gtech Community Stadium,2025/2026,H,1,0,H,9,17,2,2,11,9,2,9,1,2,0,0,8/23/2025,16838,24,76,8/23/2025_Brentford_Aston Villa
1154,1154,2,Burnley,1,2,0,1,Sunderland,Turf Moor,2025/2026,H,0,0,D,7,9,2,1,9,5,4,3,0,1,0,0,8/23/2025,21285,58,42,8/23/2025_Burnley_Sunderland
1155,1155,2,Arsenal,2.7,5,0,0,Leeds United,Emirates Stadium,2025/2026,H,2,0,H,18,3,5,1,8,11,2,2,0,2,0,0,8/23/2025,60110,33,67,8/23/2025_Arsenal_Leeds United
1156,1156,2,Crystal Palace,1.1,1,1,1,Nott'ham Forest,Selhurst Park,2025/2026,D,1,0,H,8,9,4,1,11,11,1,3,3,3,0,0,8/24/2025,24876,58,42,8/24/2025_Crystal Palace_Nott'ham Forest
1157,1157,2,Everton,1.6,2,0,2,Brighton,Hill Dickinson Stadium,2025/2026,H,1,0,H,11,13,3,4,7,15,2,2,4,3,0,0,8/24/2025,51759,42,58,8/24/2025_Everton_Brighton
1158,1158,2,Fulham,1.7,1,1,2,Manchester Utd,Craven Cottage,2025/2026,D,0,0,D,13,10,4,3,12,10,9,6,1,1,0,0,8/24/2025,27512,53,47,8/24/2025_Fulham_Manchester Utd
1159,1159,2,Newcastle Utd,1,2,3,1,Liverpool,St James' Park,2025/2026,A,0,1,A,10,5,3,4,17,15,7,1,2,3,1,0,8/25/2025,52230,62,38,8/25/2025_Newcastle Utd_Liverpool
1160,1160,3,Chelsea,2.1,2,0,1,Fulham,Stamford Bridge,2025/2026,H,1,0,H,13,11,6,3,11,17,6,4,2,2,0,0,8/30/2025,39745,54,46,8/30/2025_Chelsea_Fulham
1161,1161,3,Wolves,1.1,2,3,2,Everton,Molineux Stadium,2025/2026,A,1,2,A,12,10,4,4,15,10,2,2,0,1,0,0,8/30/2025,30271,42,58,8/30/2025_Wolves_Everton
1162,1162,3,Manchester Utd,3.6,3,2,1,Burnley,Old Trafford,2025/2026,H,1,0,H,26,6,6,3,9,9,7,1,1,5,0,0,8/30/2025,74257,38,62,8/30/2025_Manchester Utd_Burnley
1163,1163,3,Sunderland,1.5,2,1,1,Brentford,Stadium of Light,2025/2026,H,0,0,D,12,7,3,4,11,12,3,4,3,2,0,0,8/30/2025,46267,54,46,8/30/2025_Sunderland_Brentford
1164,1164,3,Tottenham,0.2,0,1,2,Bournemouth,Tottenham Hotspur Stadium,2025/2026,A,0,1,A,5,20,1,6,17,13,0,8,2,4,0,0,8/30/2025,61250,39,61,8/30/2025_Tottenham_Bournemouth
1165,1165,3,Leeds United,0.7,0,0,1,Newcastle Utd,Elland Road,2025/2026,D,0,0,D,10,8,1,2,10,15,5,5,1,1,0,0,8/30/2025,36727,43,57,8/30/2025_Leeds United_Newcastle Utd
1166,1166,3,Nott'ham Forest,0.7,0,3,2,West Ham,The City Ground,2025/2026,A,0,0,D,11,12,3,8,14,6,9,7,0,0,0,0,8/31/2025,30215,58,42,8/31/2025_Nott'ham Forest_West Ham
1167,1167,3,Brighton,2.2,2,1,2,Manchester City,The American Express Stadium,2025/2026,H,0,1,A,12,12,7,3,16,14,3,2,2,2,0,0,8/31/2025,31485,37,63,8/31/2025_Brighton_Manchester City
1168,1168,3,Liverpool,0.5,1,0,1,Arsenal,Anfield,2025/2026,H,0,0,D,9,11,3,1,7,10,3,8,2,2,0,0,8/31/2025,60455,53,47,8/31/2025_Liverpool_Arsenal
1169,1169,3,Aston Villa,1.1,0,3,3,Crystal Palace,Villa Park,2025/2026,A,0,1,A,13,6,4,4,7,14,10,1,2,3,0,0,8/31/2025,41036,41,59,8/31/2025_Aston Villa_Crystal Palace
1170,1170,4,Arsenal,1.8,3,0,0,Nott'ham Forest,Emirates Stadium,2025/2026,H,1,0,H,16,5,5,1,8,11,8,4,1,1,0,0,9/13/2025,60167,46,54,9/13/2025_Arsenal_Nott'ham Forest
1171,1171,4,Newcastle Utd,1.5,1,0,1,Wolves,St James' Park,2025/2026,H,1,0,H,16,8,4,3,10,17,10,4,1,4,0,0,9/13/2025,52145,43,57,9/13/2025_Newcastle Utd_Wolves
1172,1172,4,Fulham,0.9,1,0,1,Leeds United,Craven Cottage,2025/2026,H,0,0,D,5,10,3,3,20,15,3,3,1,2,0,0,9/13/2025,27327,46,54,9/13/2025_Fulham_Leeds United
1173,1173,4,Crystal Palace,1.8,0,0,0,Sunderland,Selhurst Park,2025/2026,D,0,0,D,14,6,6,0,10,8,5,3,1,1,0,0,9/13/2025,25154,44,56,9/13/2025_Crystal Palace_Sunderland
1174,1174,4,Everton,2,0,0,0,Aston Villa,Hill Dickinson Stadium,2025/2026,D,0,0,D,20,7,2,1,17,15,10,3,3,3,0,0,9/13/2025,52114,49,51,9/13/2025_Everton_Aston Villa
1175,1175,4,Bournemouth,1.4,2,1,1,Brighton,Vitality Stadium,2025/2026,H,1,0,H,13,6,5,2,16,10,4,4,4,4,0,0,9/13/2025,11167,51,49,9/13/2025_Bournemouth_Brighton
1176,1176,4,West Ham,0.6,0,3,1,Tottenham,London Stadium,2025/2026,A,0,0,D,7,14,4,5,8,7,2,13,0,1,1,0,9/13/2025,62459,36,64,9/13/2025_West Ham_Tottenham
1177,1177,4,Brentford,1.4,2,2,1,Chelsea,Gtech Community Stadium,2025/2026,D,1,0,H,7,16,4,6,13,9,5,6,3,2,0,0,9/13/2025,16795,66,34,9/13/2025_Brentford_Chelsea
1178,1178,4,Burnley,0.1,0,1,3,Liverpool,Turf Moor,2025/2026,A,0,0,D,3,27,0,4,9,9,1,13,0,2,0,0,9/14/2025,21678,20,80,9/14/2025_Burnley_Liverpool
1179,1179,4,Manchester City,2.7,3,0,1,Manchester Utd,Etihad Stadium,2025/2026,H,1,0,H,13,12,6,2,8,8,2,4,0,0,0,0,9/14/2025,52534,54,46,9/14/2025_Manchester City_Manchester Utd
1180,1180,5,Liverpool,0.9,2,1,1,Everton,Anfield,2025/2026,H,2,0,H,11,9,3,2,11,10,5,4,2,3,0,0,9/20/2025,60342,43,57,9/20/2025_Liverpool_Everton
1181,1181,5,Wolves,1.8,1,3,1,Leeds United,Molineux Stadium,2025/2026,A,1,3,A,16,6,6,4,11,9,4,0,1,1,0,0,9/20/2025,30807,44,56,9/20/2025_Wolves_Leeds United
1182,1182,5,Brighton,1.3,2,2,1,Tottenham,The American Express Stadium,2025/2026,D,2,1,H,12,11,4,3,10,13,2,10,1,2,0,0,9/20/2025,31488,64,36,9/20/2025_Brighton_Tottenham
1183,1183,5,Burnley,0.9,1,1,1,Nott'ham Forest,Turf Moor,2025/2026,D,1,1,D,12,17,5,8,12,11,4,5,1,1,0,0,9/20/2025,21475,37,63,9/20/2025_Burnley_Nott'ham Forest
1184,1184,5,West Ham,0.6,1,2,2,Crystal Palace,London Stadium,2025/2026,A,0,1,A,8,18,3,3,15,5,8,8,3,3,0,0,9/20/2025,62455,57,43,9/20/2025_West Ham_Crystal Palace
1185,1185,5,Manchester Utd,1.8,2,1,0,Chelsea,Old Trafford,2025/2026,H,2,0,H,11,5,4,1,13,14,5,5,0,5,1,1,9/20/2025,74124,58,42,9/20/2025_Manchester Utd_Chelsea
1186,1186,5,Fulham,1,3,1,1,Brentford,Craven Cottage,2025/2026,H,2,1,H,14,8,3,3,11,13,2,10,4,1,0,0,9/20/2025,26113,52,48,9/20/2025_Fulham_Brentford
1187,1187,5,Bournemouth,0.5,0,0,0,Newcastle Utd,Vitality Stadium,2025/2026,D,0,0,D,11,4,2,1,7,10,5,2,2,1,0,0,9/21/2025,11212,55,45,9/21/2025_Bournemouth_Newcastle Utd
1188,1188,5,Sunderland,1,1,1,1,Aston Villa,Stadium of Light,2025/2026,D,0,0,D,14,12,4,2,14,8,6,5,2,1,1,0,9/21/2025,46261,29,71,9/21/2025_Sunderland_Aston Villa
1189,1189,5,Arsenal,0.9,1,1,1,Manchester City,Emirates Stadium,2025/2026,D,0,1,A,12,5,3,3,11,10,11,2,1,2,0,0,9/21/2025,60161,66,34,9/21/2025_Arsenal_Manchester City
1190,1190,6,Brentford,1.9,3,1,2,Manchester Utd,Gtech Community Stadium,2025/2026,H,2,1,H,10,14,8,6,14,10,4,2,2,2,0,0,9/27/2025,17193,45,55,9/27/2025_Brentford_Manchester Utd
1191,1191,6,Crystal Palace,2.9,2,1,2,Liverpool,Selhurst Park,2025/2026,H,1,0,H,16,20,7,4,10,8,2,6,1,3,0,0,9/27/2025,25118,29,71,9/27/2025_Crystal Palace_Liverpool
1192,1192,6,Manchester City,2,5,1,0,Burnley,Etihad Stadium,2025/2026,H,1,1,D,21,9,8,2,5,7,10,2,1,3,0,0,9/27/2025,52427,32,68,9/27/2025_Manchester City_Burnley
1193,1193,6,Chelsea,1.8,1,3,2,Brighton,Stamford Bridge,2025/2026,A,1,0,H,13,12,3,3,9,16,5,7,3,5,1,0,9/27/2025,39597,59,41,9/27/2025_Chelsea_Brighton
1194,1194,6,Leeds United,1.8,2,2,1,Bournemouth,Elland Road,2025/2026,D,1,1,D,19,12,8,5,12,13,7,4,2,2,0,0,9/27/2025,36574,41,59,9/27/2025_Leeds United_Bournemouth
1195,1195,6,Nott'ham Forest,1.6,0,1,2,Sunderland,The City Ground,2025/2026,A,0,1,A,22,11,6,3,11,6,7,4,4,2,0,0,9/27/2025,30226,35,65,9/27/2025_Nott'ham Forest_Sunderland
1196,1196,6,Tottenham,0.8,1,1,1,Wolves,Tottenham Hotspur Stadium,2025/2026,D,0,0,D,10,9,3,3,9,11,10,9,3,2,0,0,9/27/2025,60537,49,51,9/27/2025_Tottenham_Wolves
1197,1197,6,Aston Villa,1.1,3,1,1,Fulham,Villa Park,2025/2026,H,1,1,D,9,11,4,4,10,13,2,8,1,4,0,0,9/28/2025,40350,52,48,9/28/2025_Aston Villa_Fulham
1198,1198,6,Newcastle Utd,0.6,1,2,2,Arsenal,St James' Park,2025/2026,A,1,0,H,8,20,3,7,8,9,7,12,2,1,0,0,9/28/2025,52199,37,63,9/28/2025_Newcastle Utd_Arsenal
1199,1199,6,Everton,0.7,1,1,1,West Ham,Hill Dickinson Stadium,2025/2026,D,1,0,H,12,14,6,3,7,16,3,5,3,4,0,0,9/29/2025,51890,51,49,9/29/2025_Everton_West Ham
1200,1200,7,Bournemouth,1.2,3,1,1,Fulham,Vitality Stadium,2025/2026,H,0,0,D,11,12,6,4,8,10,4,3,0,1,0,0,10/3/2025,11165,54,46,10/3/2025_Bournemouth_Fulham
1201,1201,7,Leeds United,1.7,1,2,1,Tottenham,Elland Road,2025/2026,A,1,1,D,16,9,4,3,10,12,4,1,2,3,0,0,10/4/2025,36703,56,44,10/4/2025_Leeds United_Tottenham
1202,1202,7,Arsenal,2.8,2,0,0,West Ham,Emirates Stadium,2025/2026,H,1,0,H,21,4,5,0,14,14,8,3,0,2,0,0,10/4/2025,60181,33,67,10/4/2025_Arsenal_West Ham
1203,1203,7,Manchester Utd,1.8,2,0,1,Sunderland,Old Trafford,2025/2026,H,2,0,H,15,8,6,3,10,12,2,3,1,4,0,0,10/4/2025,74004,50,50,10/4/2025_Manchester Utd_Sunderland
1204,1204,7,Chelsea,1,2,1,2,Liverpool,Stamford Bridge,2025/2026,H,1,0,H,12,12,6,2,9,8,7,2,0,2,0,0,10/4/2025,39538,53,47,10/4/2025_Chelsea_Liverpool
1205,1205,7,Wolves,0.6,1,1,1,Brighton,Molineux Stadium,2025/2026,D,1,0,H,6,17,3,6,13,9,2,8,2,4,0,0,10/5/2025,29504,41,59,10/5/2025_Wolves_Brighton
1206,1206,7,Everton,2,2,1,2,Crystal Palace,Hill Dickinson Stadium,2025/2026,H,0,1,A,14,15,7,8,13,16,2,4,2,3,0,0,10/5/2025,51770,51,49,10/5/2025_Everton_Crystal Palace
1207,1207,7,Aston Villa,1.1,2,1,0,Burnley,Villa Park,2025/2026,H,1,0,H,15,5,7,2,9,15,6,4,3,1,0,0,10/5/2025,40308,46,54,10/5/2025_Aston Villa_Burnley
1208,1208,7,Newcastle Utd,3.2,2,0,0,Nott'ham Forest,St James' Park,2025/2026,H,0,0,D,18,5,9,4,16,15,8,1,0,4,0,0,10/5/2025,52189,48,52,10/5/2025_Newcastle Utd_Nott'ham Forest
1209,1209,7,Brentford,0.7,0,1,1,Manchester City,Gtech Community Stadium,2025/2026,A,0,1,A,6,10,1,4,10,6,3,2,3,2,0,0,10/5/2025,17028,31,69,10/5/2025_Brentford_Manchester City
1210,1210,8,Nott'ham Forest,2.2,0,3,2,Chelsea,The City Ground,2025/2026,A,0,0,D,12,17,2,6,13,16,5,2,2,2,0,1,10/18/2025,30495,50,50,10/18/2025_Nott'ham Forest_Chelsea
1211,1211,8,Sunderland,0.6,2,0,1,Wolves,Stadium of Light,2025/2026,H,1,0,H,8,16,2,3,5,12,3,2,0,0,0,0,10/18/2025,46578,41,59,10/18/2025_Sunderland_Wolves
1212,1212,8,Burnley,0.5,2,0,2,Leeds United,Turf Moor,2025/2026,H,1,0,H,4,19,3,4,10,7,1,5,2,1,0,0,10/18/2025,21646,32,68,10/18/2025_Burnley_Leeds United
1213,1213,8,Brighton,0.9,2,1,1,Newcastle Utd,The American Express Stadium,2025/2026,H,1,0,H,13,16,5,3,9,9,8,4,0,1,0,0,10/18/2025,31620,45,55,10/18/2025_Brighton_Newcastle Utd
1214,1214,8,Crystal Palace,4.4,3,3,2,Bournemouth,Selhurst Park,2025/2026,D,0,2,A,20,8,7,5,8,16,6,5,1,4,0,0,10/18/2025,25125,48,52,10/18/2025_Crystal Palace_Bournemouth
1215,1215,8,Manchester City,2.3,2,0,1,Everton,Etihad Stadium,2025/2026,H,0,0,D,19,5,7,1,8,14,11,3,0,2,0,0,10/18/2025,52498,29,71,10/18/2025_Manchester City_Everton
1216,1216,8,Fulham,0.4,0,1,2,Arsenal,Craven Cottage,2025/2026,A,0,0,D,9,16,0,5,11,4,6,10,0,0,0,0,10/18/2025,27736,37,63,10/18/2025_Fulham_Arsenal
1217,1217,8,Tottenham,0.9,1,2,0,Aston Villa,Tottenham Hotspur Stadium,2025/2026,A,1,1,D,9,8,3,2,11,7,6,6,2,0,0,0,10/19/2025,61291,53,47,10/19/2025_Tottenham_Aston Villa
1218,1218,8,Liverpool,2.6,1,2,1,Manchester Utd,Anfield,2025/2026,A,0,1,A,19,12,6,4,8,14,9,4,0,2,0,0,10/19/2025,60337,64,36,10/19/2025_Liverpool_Manchester Utd
1219,1219,8,West Ham,0.4,0,2,2,Brentford,London Stadium,2025/2026,A,0,1,A,7,22,1,7,10,10,6,10,1,1,0,0,10/20/2025,62452,44,56,10/20/2025_West Ham_Brentford
1220,1220,9,Leeds United,1.5,2,1,1,West Ham,Elland Road,2025/2026,H,2,0,H,13,9,5,3,12,11,3,4,3,3,0,0,10/24/2025,36788,41,59,10/24/2025_Leeds United_West Ham
1221,1221,9,Newcastle Utd,2.1,2,1,1,Fulham,St James' Park,2025/2026,H,1,0,H,18,12,7,5,11,18,4,3,0,2,0,0,10/25/2025,52152,49,51,10/25/2025_Newcastle Utd_Fulham
1222,1222,9,Chelsea,0.9,1,2,1,Sunderland,Stamford Bridge,2025/2026,A,1,1,D,16,10,7,4,15,13,9,1,1,1,0,0,10/25/2025,39489,32,68,10/25/2025_Chelsea_Sunderland
1223,1223,9,Manchester Utd,1.3,4,2,1,Brighton,Old Trafford,2025/2026,H,2,0,H,13,17,9,5,4,13,1,6,2,2,0,0,10/25/2025,74124,56,44,10/25/2025_Manchester Utd_Brighton
1224,1224,9,Brentford,2.7,3,2,2,Liverpool,Gtech Community Stadium,2025/2026,H,2,1,H,17,18,8,5,7,10,5,4,3,2,0,0,10/25/2025,17214,35,65,10/25/2025_Brentford_Liverpool
1225,1225,9,Arsenal,0.9,1,0,1,Crystal Palace,Emirates Stadium,2025/2026,H,1,0,H,10,7,3,1,6,11,4,3,0,0,0,0,10/26/2025,60103,41,59,10/26/2025_Arsenal_Crystal Palace
1226,1226,9,Aston Villa,0.8,1,0,1,Manchester City,Villa Park,2025/2026,H,1,0,H,9,18,3,4,8,16,5,6,1,4,0,0,10/26/2025,41988,47,53,10/26/2025_Aston Villa_Manchester City
1227,1227,9,Wolves,2.3,2,3,1,Burnley,Molineux Stadium,2025/2026,A,2,2,D,15,11,7,7,12,7,5,3,1,0,0,0,10/26/2025,29116,43,57,10/26/2025_Wolves_Burnley
1228,1228,9,Bournemouth,0.6,2,0,0,Nott'ham Forest,Vitality Stadium,2025/2026,H,2,0,H,13,8,5,4,17,7,6,4,3,1,0,0,10/26/2025,11204,48,52,10/26/2025_Bournemouth_Nott'ham Forest
1229,1229,9,Everton,1.7,0,3,2,Tottenham,Hill Dickinson Stadium,2025/2026,A,0,2,A,12,7,2,4,9,8,9,8,2,0,0,0,10/26/2025,51781,53,47,10/26/2025_Everton_Tottenham
1230,1230,10,Crystal Palace,0.7,2,0,1,Brentford,Selhurst Park,2025/2026,H,1,0,H,9,6,2,2,7,11,6,5,0,3,0,0,11/1/2025,25083,37,63,11/1/2025_Crystal Palace_Brentford
1231,1231,10,Nott'ham Forest,1.9,2,2,1,Manchester Utd,The City Ground,2025/2026,D,0,1,A,17,18,3,7,10,7,8,5,1,1,0,0,11/1/2025,30778,42,58,11/1/2025_Nott'ham Forest_Manchester Utd
1232,1232,10,Fulham,1.3,3,0,0,Wolves,Craven Cottage,2025/2026,H,1,0,H,19,5,6,2,13,14,10,1,1,3,0,1,11/1/2025,26413,36,64,11/1/2025_Fulham_Wolves
1233,1233,10,Burnley,0.4,0,2,2,Arsenal,Turf Moor,2025/2026,A,0,2,A,3,12,0,8,10,13,1,6,2,1,0,0,11/1/2025,21538,46,54,11/1/2025_Burnley_Arsenal
1234,1234,10,Brighton,3,3,0,1,Leeds United,The American Express Stadium,2025/2026,H,1,0,H,14,5,7,2,10,7,4,7,0,1,0,0,11/1/2025,31512,50,50,11/1/2025_Brighton_Leeds United
1235,1235,10,Tottenham,0.1,0,1,4,Chelsea,Tottenham Hotspur Stadium,2025/2026,A,0,1,A,3,15,1,9,14,12,6,5,4,2,0,0,11/1/2025,61202,52,48,11/1/2025_Tottenham_Chelsea
1236,1236,10,Liverpool,1.2,2,0,0,Aston Villa,Anfield,2025/2026,H,1,0,H,16,10,4,3,13,11,1,4,2,3,0,0,11/1/2025,60407,46,54,11/1/2025_Liverpool_Aston Villa
1237,1237,10,West Ham,1.7,3,1,1,Newcastle Utd,London Stadium,2025/2026,H,2,1,H,15,12,9,4,5,10,7,6,1,2,0,0,11/2/2025,62441,38,62,11/2/2025_West Ham_Newcastle Utd
1238,1238,10,Manchester City,2.2,3,1,1,Bournemouth,Etihad Stadium,2025/2026,H,2,1,H,15,8,8,5,8,11,10,4,2,2,0,0,11/2/2025,52387,51,49,11/2/2025_Manchester City_Bournemouth
1239,1239,10,Sunderland,1.2,1,1,1,Everton,Stadium of Light,2025/2026,D,0,1,A,17,8,3,2,10,12,4,1,3,2,0,0,11/3/2025,41476,60,40,11/3/2025_Sunderland_Everton
1240,1240,11,Tottenham,,,,,Manchester Utd,Tottenham Hotspur Stadium,2025/2026,,,,,,,,,,,,,,,,,11/8/2025,,,,11/8/2025_Tottenham_Manchester Utd
1241,1241,11,West Ham,,,,,Burnley,London Stadium,2025/2026,,,,,,,,,,,,,,,,,11/8/2025,,,,11/8/2025_West Ham_Burnley
1242,1242,11,Everton,,,,,Fulham,Hill Dickinson Stadium,2025/2026,,,,,,,,,,,,,,,,,11/8/2025,,,,11/8/2025_Everton_Fulham
1243,1243,11,Sunderland,,,,,Arsenal,Stadium of Light,2025/2026,,,,,,,,,,,,,,,,,11/8/2025,,,,11/8/2025_Sunderland_Arsenal
1244,1244,11,Chelsea,,,,,Wolves,Stamford Bridge,2025/2026,,,,,,,,,,,,,,,,,11/8/2025,,,,11/8/2025_Chelsea_Wolves
1245,1245,11,Aston Villa,,,,,Bournemouth,Villa Park,2025/2026,,,,,,,,,,,,,,,,,11/9/2025,,,,11/9/2025_Aston Villa_Bournemouth
1246,1246,11,Nott'ham Forest,,,,,Leeds United,The City Ground,2025/2026,,,,,,,,,,,,,,,,,11/9/2025,,,,11/9/2025_Nott'ham Forest_Leeds United
1247,1247,11,Crystal Palace,,,,,Brighton,Selhurst Park,2025/2026,,,,,,,,,,,,,,,,,11/9/2025,,,,11/9/2025_Crystal Palace_Brighton
1248,1248,11,Brentford,,,,,Newcastle Utd,Gtech Community Stadium,2025/2026,,,,,,,,,,,,,,,,,11/9/2025,,,,11/9/2025_Brentford_Newcastle Utd
1249,1249,11,Manchester City,,,,,Liverpool,Etihad Stadium,2025/2026,,,,,,,,,,,,,,,,,11/9/2025,,,,11/9/2025_Manchester City_Liverpool
1250,1250,12,Burnley,,,,,Chelsea,Turf Moor,2025/2026,,,,,,,,,,,,,,,,,11/22/2025,,,,11/22/2025_Burnley_Chelsea
1251,1251,12,Bournemouth,,,,,West Ham,Vitality Stadium,2025/2026,,,,,,,,,,,,,,,,,11/22/2025,,,,11/22/2025_Bournemouth_West Ham
1252,1252,12,Fulham,,,,,Sunderland,Craven Cottage,2025/2026,,,,,,,,,,,,,,,,,11/22/2025,,,,11/22/2025_Fulham_Sunderland
1253,1253,12,Wolves,,,,,Crystal Palace,Molineux Stadium,2025/2026,,,,,,,,,,,,,,,,,11/22/2025,,,,11/22/2025_Wolves_Crystal Palace
1254,1254,12,Liverpool,,,,,Nott'ham Forest,Anfield,2025/2026,,,,,,,,,,,,,,,,,11/22/2025,,,,11/22/2025_Liverpool_Nott'ham Forest
1255,1255,12,Brighton,,,,,Brentford,The American Express Stadium,2025/2026,,,,,,,,,,,,,,,,,11/22/2025,,,,11/22/2025_Brighton_Brentford
1256,1256,12,Newcastle Utd,,,,,Manchester City,St James' Park,2025/2026,,,,,,,,,,,,,,,,,11/22/2025,,,,11/22/2025_Newcastle Utd_Manchester City
1257,1257,12,Leeds United,,,,,Aston Villa,Elland Road,2025/2026,,,,,,,,,,,,,,,,,11/23/2025,,,,11/23/2025_Leeds United_Aston Villa
1258,1258,12,Arsenal,,,,,Tottenham,Emirates Stadium,2025/2026,,,,,,,,,,,,,,,,,11/23/2025,,,,11/23/2025_Arsenal_Tottenham
1259,1259,12,Manchester Utd,,,,,Everton,Old Trafford,2025/2026,,,,,,,,,,,,,,,,,11/24/2025,,,,11/24/2025_Manchester Utd_Everton
1260,1260,13,Sunderland,,,,,Bournemouth,Stadium of Light,2025/2026,,,,,,,,,,,,,,,,,11/29/2025,,,,11/29/2025_Sunderland_Bournemouth
1261,1261,13,Brentford,,,,,Burnley,Gtech Community Stadium,2025/2026,,,,,,,,,,,,,,,,,11/29/2025,,,,11/29/2025_Brentford_Burnley
1262,1262,13,Manchester City,,,,,Leeds United,Etihad Stadium,2025/2026,,,,,,,,,,,,,,,,,11/29/2025,,,,11/29/2025_Manchester City_Leeds United
1263,1263,13,Everton,,,,,Newcastle Utd,Hill Dickinson Stadium,2025/2026,,,,,,,,,,,,,,,,,11/29/2025,,,,11/29/2025_Everton_Newcastle Utd
1264,1264,13,Tottenham,,,,,Fulham,Tottenham Hotspur Stadium,2025/2026,,,,,,,,,,,,,,,,,11/29/2025,,,,11/29/2025_Tottenham_Fulham
1265,1265,13,Crystal Palace,,,,,Manchester Utd,Selhurst Park,2025/2026,,,,,,,,,,,,,,,,,11/30/2025,,,,11/30/2025_Crystal Palace_Manchester Utd
1266,1266,13,Nott'ham Forest,,,,,Brighton,The City Ground,2025/2026,,,,,,,,,,,,,,,,,11/30/2025,,,,11/30/2025_Nott'ham Forest_Brighton
1267,1267,13,Aston Villa,,,,,Wolves,Villa Park,2025/2026,,,,,,,,,,,,,,,,,11/30/2025,,,,11/30/2025_Aston Villa_Wolves
1268,1268,13,West Ham,,,,,Liverpool,London Stadium,2025/2026,,,,,,,,,,,,,,,,,11/30/2025,,,,11/30/2025_West Ham_Liverpool
1269,1269,13,Chelsea,,,,,Arsenal,Stamford Bridge,2025/2026,,,,,,,,,,,,,,,,,11/30/2025,,,,11/30/2025_Chelsea_Arsenal
1270,1270,14,Bournemouth,,,,,Everton,Vitality Stadium,2025/2026,,,,,,,,,,,,,,,,,12/2/2025,,,,12/2/2025_Bournemouth_Everton
1271,1271,14,Fulham,,,,,Manchester City,Craven Cottage,2025/2026,,,,,,,,,,,,,,,,,12/2/2025,,,,12/2/2025_Fulham_Manchester City
1272,1272,14,Newcastle Utd,,,,,Tottenham,St James' Park,2025/2026,,,,,,,,,,,,,,,,,12/2/2025,,,,12/2/2025_Newcastle Utd_Tottenham
1273,1273,14,Burnley,,,,,Crystal Palace,Turf Moor,2025/2026,,,,,,,,,,,,,,,,,12/3/2025,,,,12/3/2025_Burnley_Crystal Palace
1274,1274,14,Arsenal,,,,,Brentford,Emirates Stadium,2025/2026,,,,,,,,,,,,,,,,,12/3/2025,,,,12/3/2025_Arsenal_Brentford
1275,1275,14,Wolves,,,,,Nott'ham Forest,Molineux Stadium,2025/2026,,,,,,,,,,,,,,,,,12/3/2025,,,,12/3/2025_Wolves_Nott'ham Forest
1276,1276,14,Brighton,,,,,Aston Villa,The American Express Stadium,2025/2026,,,,,,,,,,,,,,,,,12/3/2025,,,,12/3/2025_Brighton_Aston Villa
1277,1277,14,Liverpool,,,,,Sunderland,Anfield,2025/2026,,,,,,,,,,,,,,,,,12/3/2025,,,,12/3/2025_Liverpool_Sunderland
1278,1278,14,Leeds United,,,,,Chelsea,Elland Road,2025/2026,,,,,,,,,,,,,,,,,12/3/2025,,,,12/3/2025_Leeds United_Chelsea
1279,1279,14,Manchester Utd,,,,,West Ham,Old Trafford,2025/2026,,,,,,,,,,,,,,,,,12/4/2025,,,,12/4/2025_Manchester Utd_West Ham
1280,1280,15,Aston Villa,,,,,Arsenal,Villa Park,2025/2026,,,,,,,,,,,,,,,,,12/6/2025,,,,12/6/2025_Aston Villa_Arsenal
1281,1281,15,Newcastle Utd,,,,,Burnley,St James' Park,2025/2026,,,,,,,,,,,,,,,,,12/6/2025,,,,12/6/2025_Newcastle Utd_Burnley
1282,1282,15,Manchester City,,,,,Sunderland,Etihad Stadium,2025/2026,,,,,,,,,,,,,,,,,12/6/2025,,,,12/6/2025_Manchester City_Sunderland
1283,1283,15,Tottenham,,,,,Brentford,Tottenham Hotspur Stadium,2025/2026,,,,,,,,,,,,,,,,,12/6/2025,,,,12/6/2025_Tottenham_Brentford
1284,1284,15,Everton,,,,,Nott'ham Forest,Hill Dickinson Stadium,2025/2026,,,,,,,,,,,,,,,,,12/6/2025,,,,12/6/2025_Everton_Nott'ham Forest
1285,1285,15,Bournemouth,,,,,Chelsea,Vitality Stadium,2025/2026,,,,,,,,,,,,,,,,,12/6/2025,,,,12/6/2025_Bournemouth_Chelsea
1286,1286,15,Leeds United,,,,,Liverpool,Elland Road,2025/2026,,,,,,,,,,,,,,,,,12/6/2025,,,,12/6/2025_Leeds United_Liverpool
1287,1287,15,Brighton,,,,,West Ham,The American Express Stadium,2025/2026,,,,,,,,,,,,,,,,,12/7/2025,,,,12/7/2025_Brighton_West Ham
1288,1288,15,Fulham,,,,,Crystal Palace,Craven Cottage,2025/2026,,,,,,,,,,,,,,,,,12/7/2025,,,,12/7/2025_Fulham_Crystal Palace
1289,1289,15,Wolves,,,,,Manchester Utd,Molineux Stadium,2025/2026,,,,,,,,,,,,,,,,,12/8/2025,,,,12/8/2025_Wolves_Manchester Utd
1290,1290,16,Chelsea,,,,,Everton,Stamford Bridge,2025/2026,,,,,,,,,,,,,,,,,12/13/2025,,,,12/13/2025_Chelsea_Everton
1291,1291,16,Liverpool,,,,,Brighton,Anfield,2025/2026,,,,,,,,,,,,,,,,,12/13/2025,,,,12/13/2025_Liverpool_Brighton
1292,1292,16,Burnley,,,,,Fulham,Turf Moor,2025/2026,,,,,,,,,,,,,,,,,12/13/2025,,,,12/13/2025_Burnley_Fulham
1293,1293,16,Arsenal,,,,,Wolves,Emirates Stadium,2025/2026,,,,,,,,,,,,,,,,,12/13/2025,,,,12/13/2025_Arsenal_Wolves
1294,1294,16,Nott'ham Forest,,,,,Tottenham,The City Ground,2025/2026,,,,,,,,,,,,,,,,,12/14/2025,,,,12/14/2025_Nott'ham Forest_Tottenham
1295,1295,16,West Ham,,,,,Aston Villa,London Stadium,2025/2026,,,,,,,,,,,,,,,,,12/14/2025,,,,12/14/2025_West Ham_Aston Villa
1296,1296,16,Crystal Palace,,,,,Manchester City,Selhurst Park,2025/2026,,,,,,,,,,,,,,,,,12/14/2025,,,,12/14/2025_Crystal Palace_Manchester City
1297,1297,16,Sunderland,,,,,Newcastle Utd,Stadium of Light,2025/2026,,,,,,,,,,,,,,,,,12/14/2025,,,,12/14/2025_Sunderland_Newcastle Utd
1298,1298,16,Brentford,,,,,Leeds United,Gtech Community Stadium,2025/2026,,,,,,,,,,,,,,,,,12/14/2025,,,,12/14/2025_Brentford_Leeds United
1299,1299,16,Manchester Utd,,,,,Bournemouth,Old Trafford,2025/2026,,,,,,,,,,,,,,,,,12/15/2025,,,,12/15/2025_Manchester Utd_Bournemouth
1300,1300,17,Newcastle Utd,,,,,Chelsea,St James' Park,2025/2026,,,,,,,,,,,,,,,,,12/20/2025,,,,12/20/2025_Newcastle Utd_Chelsea
1301,1301,17,Bournemouth,,,,,Burnley,Vitality Stadium,2025/2026,,,,,,,,,,,,,,,,,12/20/2025,,,,12/20/2025_Bournemouth_Burnley
1302,1302,17,Brighton,,,,,Sunderland,The American Express Stadium,2025/2026,,,,,,,,,,,,,,,,,12/20/2025,,,,12/20/2025_Brighton_Sunderland
1303,1303,17,Manchester City,,,,,West Ham,Etihad Stadium,2025/2026,,,,,,,,,,,,,,,,,12/20/2025,,,,12/20/2025_Manchester City_West Ham
1304,1304,17,Wolves,,,,,Brentford,Molineux Stadium,2025/2026,,,,,,,,,,,,,,,,,12/20/2025,,,,12/20/2025_Wolves_Brentford
1305,1305,17,Tottenham,,,,,Liverpool,Tottenham Hotspur Stadium,2025/2026,,,,,,,,,,,,,,,,,12/20/2025,,,,12/20/2025_Tottenham_Liverpool
1306,1306,17,Leeds United,,,,,Crystal Palace,Elland Road,2025/2026,,,,,,,,,,,,,,,,,12/20/2025,,,,12/20/2025_Leeds United_Crystal Palace
1307,1307,17,Everton,,,,,Arsenal,Hill Dickinson Stadium,2025/2026,,,,,,,,,,,,,,,,,12/20/2025,,,,12/20/2025_Everton_Arsenal
1308,1308,17,Aston Villa,,,,,Manchester Utd,Villa Park,2025/2026,,,,,,,,,,,,,,,,,12/21/2025,,,,12/21/2025_Aston Villa_Manchester Utd
1309,1309,17,Fulham,,,,,Nott'ham Forest,Craven Cottage,2025/2026,,,,,,,,,,,,,,,,,12/22/2025,,,,12/22/2025_Fulham_Nott'ham Forest
1310,1310,18,Manchester Utd,,,,,Newcastle Utd,Old Trafford,2025/2026,,,,,,,,,,,,,,,,,12/26/2025,,,,12/26/2025_Manchester Utd_Newcastle Utd
1311,1311,18,Nott'ham Forest,,,,,Manchester City,The City Ground,2025/2026,,,,,,,,,,,,,,,,,12/27/2025,,,,12/27/2025_Nott'ham Forest_Manchester City
1312,1312,18,Liverpool,,,,,Wolves,Anfield,2025/2026,,,,,,,,,,,,,,,,,12/27/2025,,,,12/27/2025_Liverpool_Wolves
1313,1313,18,Burnley,,,,,Everton,Turf Moor,2025/2026,,,,,,,,,,,,,,,,,12/27/2025,,,,12/27/2025_Burnley_Everton
1314,1314,18,Arsenal,,,,,Brighton,Emirates Stadium,2025/2026,,,,,,,,,,,,,,,,,12/27/2025,,,,12/27/2025_Arsenal_Brighton
1315,1315,18,Brentford,,,,,Bournemouth,Gtech Community Stadium,2025/2026,,,,,,,,,,,,,,,,,12/27/2025,,,,12/27/2025_Brentford_Bournemouth
1316,1316,18,West Ham,,,,,Fulham,London Stadium,2025/2026,,,,,,,,,,,,,,,,,12/27/2025,,,,12/27/2025_West Ham_Fulham
1317,1317,18,Chelsea,,,,,Aston Villa,Stamford Bridge,2025/2026,,,,,,,,,,,,,,,,,12/27/2025,,,,12/27/2025_Chelsea_Aston Villa
1318,1318,18,Sunderland,,,,,Leeds United,Stadium of Light,2025/2026,,,,,,,,,,,,,,,,,12/28/2025,,,,12/28/2025_Sunderland_Leeds United
1319,1319,18,Crystal Palace,,,,,Tottenham,Selhurst Park,2025/2026,,,,,,,,,,,,,,,,,12/28/2025,,,,12/28/2025_Crystal Palace_Tottenham
1320,1320,19,Nott'ham Forest,,,,,Everton,The City Ground,2025/2026,,,,,,,,,,,,,,,,,12/30/2025,,,,12/30/2025_Nott'ham Forest_Everton
1321,1321,19,West Ham,,,,,Brighton,London Stadium,2025/2026,,,,,,,,,,,,,,,,,12/30/2025,,,,12/30/2025_West Ham_Brighton
1322,1322,19,Burnley,,,,,Newcastle Utd,Turf Moor,2025/2026,,,,,,,,,,,,,,,,,12/30/2025,,,,12/30/2025_Burnley_Newcastle Utd
1323,1323,19,Chelsea,,,,,Bournemouth,Stamford Bridge,2025/2026,,,,,,,,,,,,,,,,,12/30/2025,,,,12/30/2025_Chelsea_Bournemouth
1324,1324,19,Manchester Utd,,,,,Wolves,Old Trafford,2025/2026,,,,,,,,,,,,,,,,,12/30/2025,,,,12/30/2025_Manchester Utd_Wolves
1325,1325,19,Arsenal,,,,,Aston Villa,Emirates Stadium,2025/2026,,,,,,,,,,,,,,,,,12/30/2025,,,,12/30/2025_Arsenal_Aston Villa
1326,1326,19,Liverpool,,,,,Leeds United,Anfield,2025/2026,,,,,,,,,,,,,,,,,1/1/2026,,,,1/1/2026_Liverpool_Leeds United
1327,1327,19,Crystal Palace,,,,,Fulham,Selhurst Park,2025/2026,,,,,,,,,,,,,,,,,1/1/2026,,,,1/1/2026_Crystal Palace_Fulham
1328,1328,19,Sunderland,,,,,Manchester City,Stadium of Light,2025/2026,,,,,,,,,,,,,,,,,1/1/2026,,,,1/1/2026_Sunderland_Manchester City
1329,1329,19,Brentford,,,,,Tottenham,Gtech Community Stadium,2025/2026,,,,,,,,,,,,,,,,,1/1/2026,,,,1/1/2026_Brentford_Tottenham
1330,1330,20,Aston Villa,,,,,Nott'ham Forest,Villa Park,2025/2026,,,,,,,,,,,,,,,,,1/3/2026,,,,1/3/2026_Aston Villa_Nott'ham Forest
1331,1331,20,Wolves,,,,,West Ham,Molineux Stadium,2025/2026,,,,,,,,,,,,,,,,,1/3/2026,,,,1/3/2026_Wolves_West Ham
1332,1332,20,Brighton,,,,,Burnley,The American Express Stadium,2025/2026,,,,,,,,,,,,,,,,,1/3/2026,,,,1/3/2026_Brighton_Burnley
1333,1333,20,Bournemouth,,,,,Arsenal,Vitality Stadium,2025/2026,,,,,,,,,,,,,,,,,1/3/2026,,,,1/3/2026_Bournemouth_Arsenal
1334,1334,20,Leeds United,,,,,Manchester Utd,Elland Road,2025/2026,,,,,,,,,,,,,,,,,1/4/2026,,,,1/4/2026_Leeds United_Manchester Utd
1335,1335,20,Newcastle Utd,,,,,Crystal Palace,St James' Park,2025/2026,,,,,,,,,,,,,,,,,1/4/2026,,,,1/4/2026_Newcastle Utd_Crystal Palace
1336,1336,20,Tottenham,,,,,Sunderland,Tottenham Hotspur Stadium,2025/2026,,,,,,,,,,,,,,,,,1/4/2026,,,,1/4/2026_Tottenham_Sunderland
1337,1337,20,Fulham,,,,,Liverpool,Craven Cottage,2025/2026,,,,,,,,,,,,,,,,,1/4/2026,,,,1/4/2026_Fulham_Liverpool
1338,1338,20,Everton,,,,,Brentford,Hill Dickinson Stadium,2025/2026,,,,,,,,,,,,,,,,,1/4/2026,,,,1/4/2026_Everton_Brentford
1339,1339,20,Manchester City,,,,,Chelsea,Etihad Stadium,2025/2026,,,,,,,,,,,,,,,,,1/4/2026,,,,1/4/2026_Manchester City_Chelsea
1340,1340,21,West Ham,,,,,Nott'ham Forest,London Stadium,2025/2026,,,,,,,,,,,,,,,,,1/6/2026,,,,1/6/2026_West Ham_Nott'ham Forest
1341,1341,21,Brentford,,,,,Sunderland,Gtech Community Stadium,2025/2026,,,,,,,,,,,,,,,,,1/7/2026,,,,1/7/2026_Brentford_Sunderland
1342,1342,21,Bournemouth,,,,,Tottenham,Vitality Stadium,2025/2026,,,,,,,,,,,,,,,,,1/7/2026,,,,1/7/2026_Bournemouth_Tottenham
1343,1343,21,Everton,,,,,Wolves,Hill Dickinson Stadium,2025/2026,,,,,,,,,,,,,,,,,1/7/2026,,,,1/7/2026_Everton_Wolves
1344,1344,21,Crystal Palace,,,,,Aston Villa,Selhurst Park,2025/2026,,,,,,,,,,,,,,,,,1/7/2026,,,,1/7/2026_Crystal Palace_Aston Villa
1345,1345,21,Manchester City,,,,,Brighton,Etihad Stadium,2025/2026,,,,,,,,,,,,,,,,,1/7/2026,,,,1/7/2026_Manchester City_Brighton
1346,1346,21,Fulham,,,,,Chelsea,Craven Cottage,2025/2026,,,,,,,,,,,,,,,,,1/7/2026,,,,1/7/2026_Fulham_Chelsea
1347,1347,21,Burnley,,,,,Manchester Utd,Turf Moor,2025/2026,,,,,,,,,,,,,,,,,1/7/2026,,,,1/7/2026_Burnley_Manchester Utd
1348,1348,21,Newcastle Utd,,,,,Leeds United,St James' Park,2025/2026,,,,,,,,,,,,,,,,,1/7/2026,,,,1/7/2026_Newcastle Utd_Leeds United
1349,1349,21,Arsenal,,,,,Liverpool,Emirates Stadium,2025/2026,,,,,,,,,,,,,,,,,1/8/2026,,,,1/19/2026_Arsenal_Liverpool
1350,1350,22,Brighton,,,,,Bournemouth,The American Express Stadium,2025/2026,,,,,,,,,,,,,,,,,1/19/2026,,,,1/17/2026_Brighton_Bournemouth
1351,1351,22,Aston Villa,,,,,Everton,Villa Park,2025/2026,,,,,,,,,,,,,,,,,1/18/2026,,,,1/18/2026_Aston Villa_Everton
1352,1352,22,Nott'ham Forest,,,,,Arsenal,The City Ground,2025/2026,,,,,,,,,,,,,,,,,1/17/2026,,,,1/17/2026_Nott'ham Forest_Arsenal
1353,1353,22,Manchester Utd,,,,,Manchester City,Old Trafford,2025/2026,,,,,,,,,,,,,,,,,1/17/2026,,,,1/17/2026_Manchester Utd_Manchester City
1354,1354,22,Liverpool,,,,,Burnley,Anfield,2025/2026,,,,,,,,,,,,,,,,,1/17/2026,,,,1/17/2026_Liverpool_Burnley
1355,1355,22,Leeds United,,,,,Fulham,Elland Road,2025/2026,,,,,,,,,,,,,,,,,1/17/2026,,,,1/17/2026_Leeds United_Fulham
1356,1356,22,Wolves,,,,,Newcastle Utd,Molineux Stadium,2025/2026,,,,,,,,,,,,,,,,,1/18/2026,,,,1/18/2026_Wolves_Newcastle Utd
1357,1357,22,Sunderland,,,,,Crystal Palace,Stadium of Light,2025/2026,,,,,,,,,,,,,,,,,1/17/2026,,,,1/17/2026_Sunderland_Crystal Palace
1358,1358,22,Chelsea,,,,,Brentford,Stamford Bridge,2025/2026,,,,,,,,,,,,,,,,,1/17/2026,,,,1/17/2026_Chelsea_Brentford
1359,1359,22,Tottenham,,,,,West Ham,Tottenham Hotspur Stadium,2025/2026,,,,,,,,,,,,,,,,,1/17/2026,,,,1/17/2026_Tottenham_West Ham
1360,1360,23,Brentford,,,,,Nott'ham Forest,Gtech Community Stadium,2025/2026,,,,,,,,,,,,,,,,,1/24/2026,,,,1/24/2026_Brentford_Nott'ham Forest
1361,1361,23,Newcastle Utd,,,,,Aston Villa,St James' Park,2025/2026,,,,,,,,,,,,,,,,,1/24/2026,,,,1/24/2026_Newcastle Utd_Aston Villa
1362,1362,23,Bournemouth,,,,,Liverpool,Vitality Stadium,2025/2026,,,,,,,,,,,,,,,,,1/24/2026,,,,1/24/2026_Bournemouth_Liverpool
1363,1363,23,Fulham,,,,,Brighton,Craven Cottage,2025/2026,,,,,,,,,,,,,,,,,1/24/2026,,,,1/24/2026_Fulham_Brighton
1364,1364,23,Arsenal,,,,,Manchester Utd,Emirates Stadium,2025/2026,,,,,,,,,,,,,,,,,1/24/2026,,,,1/24/2026_Arsenal_Manchester Utd
1365,1365,23,Manchester City,,,,,Wolves,Etihad Stadium,2025/2026,,,,,,,,,,,,,,,,,1/24/2026,,,,1/24/2026_Manchester City_Wolves
1366,1366,23,Burnley,,,,,Tottenham,Turf Moor,2025/2026,,,,,,,,,,,,,,,,,1/24/2026,,,,1/24/2026_Burnley_Tottenham
1367,1367,23,Everton,,,,,Leeds United,Hill Dickinson Stadium,2025/2026,,,,,,,,,,,,,,,,,1/24/2026,,,,1/24/2026_Everton_Leeds United
1368,1368,23,West Ham,,,,,Sunderland,London Stadium,2025/2026,,,,,,,,,,,,,,,,,1/24/2026,,,,1/24/2026_West Ham_Sunderland
1369,1369,23,Crystal Palace,,,,,Chelsea,Selhurst Park,2025/2026,,,,,,,,,,,,,,,,,1/24/2026,,,,1/24/2026_Crystal Palace_Chelsea
1370,1370,24,Aston Villa,,,,,Brentford,Villa Park,2025/2026,,,,,,,,,,,,,,,,,1/31/2026,,,,1/31/2026_Aston Villa_Brentford
1371,1371,24,Chelsea,,,,,West Ham,Stamford Bridge,2025/2026,,,,,,,,,,,,,,,,,1/31/2026,,,,1/31/2026_Chelsea_West Ham
1372,1372,24,Sunderland,,,,,Burnley,Stadium of Light,2025/2026,,,,,,,,,,,,,,,,,1/31/2026,,,,1/31/2026_Sunderland_Burnley
1373,1373,24,Brighton,,,,,Everton,The American Express Stadium,2025/2026,,,,,,,,,,,,,,,,,1/31/2026,,,,1/31/2026_Brighton_Everton
1374,1374,24,Leeds United,,,,,Arsenal,Elland Road,2025/2026,,,,,,,,,,,,,,,,,1/31/2026,,,,1/31/2026_Leeds United_Arsenal
1375,1375,24,Wolves,,,,,Bournemouth,Molineux Stadium,2025/2026,,,,,,,,,,,,,,,,,1/31/2026,,,,1/31/2026_Wolves_Bournemouth
1376,1376,24,Liverpool,,,,,Newcastle Utd,Anfield,2025/2026,,,,,,,,,,,,,,,,,1/31/2026,,,,1/31/2026_Liverpool_Newcastle Utd
1377,1377,24,Manchester Utd,,,,,Fulham,Old Trafford,2025/2026,,,,,,,,,,,,,,,,,1/31/2026,,,,1/31/2026_Manchester Utd_Fulham
1378,1378,24,Tottenham,,,,,Manchester City,Tottenham Hotspur Stadium,2025/2026,,,,,,,,,,,,,,,,,1/31/2026,,,,1/31/2026_Tottenham_Manchester City
1379,1379,24,Nott'ham Forest,,,,,Crystal Palace,The City Ground,2025/2026,,,,,,,,,,,,,,,,,1/31/2026,,,,1/31/2026_Nott'ham Forest_Crystal Palace
1380,1380,25,Bournemouth,,,,,Aston Villa,Vitality Stadium,2025/2026,,,,,,,,,,,,,,,,,2/7/2026,,,,2/7/2026_Bournemouth_Aston Villa
1381,1381,25,Wolves,,,,,Chelsea,Molineux Stadium,2025/2026,,,,,,,,,,,,,,,,,2/7/2026,,,,2/7/2026_Wolves_Chelsea
1382,1382,25,Arsenal,,,,,Sunderland,Emirates Stadium,2025/2026,,,,,,,,,,,,,,,,,2/7/2026,,,,2/7/2026_Arsenal_Sunderland
1383,1383,25,Manchester Utd,,,,,Tottenham,Old Trafford,2025/2026,,,,,,,,,,,,,,,,,2/7/2026,,,,2/7/2026_Manchester Utd_Tottenham
1384,1384,25,Leeds United,,,,,Nott'ham Forest,Elland Road,2025/2026,,,,,,,,,,,,,,,,,2/7/2026,,,,2/7/2026_Leeds United_Nott'ham Forest
1385,1385,25,Brighton,,,,,Crystal Palace,The American Express Stadium,2025/2026,,,,,,,,,,,,,,,,,2/7/2026,,,,2/7/2026_Brighton_Crystal Palace
1386,1386,25,Burnley,,,,,West Ham,Turf Moor,2025/2026,,,,,,,,,,,,,,,,,2/7/2026,,,,2/7/2026_Burnley_West Ham
1387,1387,25,Liverpool,,,,,Manchester City,Anfield,2025/2026,,,,,,,,,,,,,,,,,2/7/2026,,,,2/7/2026_Liverpool_Manchester City
1388,1388,25,Newcastle Utd,,,,,Brentford,St James' Park,2025/2026,,,,,,,,,,,,,,,,,2/7/2026,,,,2/7/2026_Newcastle Utd_Brentford
1389,1389,25,Fulham,,,,,Everton,Craven Cottage,2025/2026,,,,,,,,,,,,,,,,,2/7/2026,,,,2/7/2026_Fulham_Everton
1390,1390,26,Tottenham,,,,,Newcastle Utd,Tottenham Hotspur Stadium,2025/2026,,,,,,,,,,,,,,,,,2/11/2026,,,,2/11/2026_Tottenham_Newcastle Utd
1391,1391,26,West Ham,,,,,Manchester Utd,London Stadium,2025/2026,,,,,,,,,,,,,,,,,2/11/2026,,,,2/11/2026_West Ham_Manchester Utd
1392,1392,26,Nott'ham Forest,,,,,Wolves,The City Ground,2025/2026,,,,,,,,,,,,,,,,,2/11/2026,,,,2/11/2026_Nott'ham Forest_Wolves
1393,1393,26,Manchester City,,,,,Fulham,Etihad Stadium,2025/2026,,,,,,,,,,,,,,,,,2/11/2026,,,,2/11/2026_Manchester City_Fulham
1394,1394,26,Crystal Palace,,,,,Burnley,Selhurst Park,2025/2026,,,,,,,,,,,,,,,,,2/11/2026,,,,2/11/2026_Crystal Palace_Burnley
1395,1395,26,Aston Villa,,,,,Brighton,Villa Park,2025/2026,,,,,,,,,,,,,,,,,2/11/2026,,,,2/11/2026_Aston Villa_Brighton
1396,1396,26,Chelsea,,,,,Leeds United,Stamford Bridge,2025/2026,,,,,,,,,,,,,,,,,2/11/2026,,,,2/11/2026_Chelsea_Leeds United
1397,1397,26,Sunderland,,,,,Liverpool,Stadium of Light,2025/2026,,,,,,,,,,,,,,,,,2/11/2026,,,,2/11/2026_Sunderland_Liverpool
1398,1398,26,Everton,,,,,Bournemouth,Hill Dickinson Stadium,2025/2026,,,,,,,,,,,,,,,,,2/11/2026,,,,2/11/2026_Everton_Bournemouth
1399,1399,26,Brentford,,,,,Arsenal,Gtech Community Stadium,2025/2026,,,,,,,,,,,,,,,,,2/11/2026,,,,2/11/2026_Brentford_Arsenal
1400,1400,27,Sunderland,,,,,Fulham,Stadium of Light,2025/2026,,,,,,,,,,,,,,,,,2/21/2026,,,,2/21/2026_Sunderland_Fulham
1401,1401,27,Aston Villa,,,,,Leeds United,Villa Park,2025/2026,,,,,,,,,,,,,,,,,2/21/2026,,,,2/21/2026_Aston Villa_Leeds United
1402,1402,27,Everton,,,,,Manchester Utd,Hill Dickinson Stadium,2025/2026,,,,,,,,,,,,,,,,,2/21/2026,,,,2/21/2026_Everton_Manchester Utd
1403,1403,27,Chelsea,,,,,Burnley,Stamford Bridge,2025/2026,,,,,,,,,,,,,,,,,2/21/2026,,,,2/21/2026_Chelsea_Burnley
1404,1404,27,Manchester City,,,,,Newcastle Utd,Etihad Stadium,2025/2026,,,,,,,,,,,,,,,,,2/21/2026,,,,2/21/2026_Manchester City_Newcastle Utd
1405,1405,27,Crystal Palace,,,,,Wolves,Selhurst Park,2025/2026,,,,,,,,,,,,,,,,,2/21/2026,,,,2/21/2026_Crystal Palace_Wolves
1406,1406,27,West Ham,,,,,Bournemouth,London Stadium,2025/2026,,,,,,,,,,,,,,,,,2/21/2026,,,,2/21/2026_West Ham_Bournemouth
1407,1407,27,Nott'ham Forest,,,,,Liverpool,The City Ground,2025/2026,,,,,,,,,,,,,,,,,2/21/2026,,,,2/21/2026_Nott'ham Forest_Liverpool
1408,1408,27,Tottenham,,,,,Arsenal,Tottenham Hotspur Stadium,2025/2026,,,,,,,,,,,,,,,,,2/21/2026,,,,2/21/2026_Tottenham_Arsenal
1409,1409,27,Brentford,,,,,Brighton,Gtech Community Stadium,2025/2026,,,,,,,,,,,,,,,,,2/21/2026,,,,2/21/2026_Brentford_Brighton
1410,1410,28,Newcastle Utd,,,,,Everton,St James' Park,2025/2026,,,,,,,,,,,,,,,,,2/28/2026,,,,2/28/2026_Newcastle Utd_Everton
1411,1411,28,Manchester Utd,,,,,Crystal Palace,Old Trafford,2025/2026,,,,,,,,,,,,,,,,,2/28/2026,,,,2/28/2026_Manchester Utd_Crystal Palace
1412,1412,28,Fulham,,,,,Tottenham,Craven Cottage,2025/2026,,,,,,,,,,,,,,,,,2/28/2026,,,,2/28/2026_Fulham_Tottenham
1413,1413,28,Leeds United,,,,,Manchester City,Elland Road,2025/2026,,,,,,,,,,,,,,,,,2/28/2026,,,,2/28/2026_Leeds United_Manchester City
1414,1414,28,Burnley,,,,,Brentford,Turf Moor,2025/2026,,,,,,,,,,,,,,,,,2/28/2026,,,,2/28/2026_Burnley_Brentford
1415,1415,28,Brighton,,,,,Nott'ham Forest,The American Express Stadium,2025/2026,,,,,,,,,,,,,,,,,2/28/2026,,,,2/28/2026_Brighton_Nott'ham Forest
1416,1416,28,Wolves,,,,,Aston Villa,Molineux Stadium,2025/2026,,,,,,,,,,,,,,,,,2/28/2026,,,,2/28/2026_Wolves_Aston Villa
1417,1417,28,Arsenal,,,,,Chelsea,Emirates Stadium,2025/2026,,,,,,,,,,,,,,,,,2/28/2026,,,,2/28/2026_Arsenal_Chelsea
1418,1418,28,Liverpool,,,,,West Ham,Anfield,2025/2026,,,,,,,,,,,,,,,,,2/28/2026,,,,2/28/2026_Liverpool_West Ham
1419,1419,28,Bournemouth,,,,,Sunderland,Vitality Stadium,2025/2026,,,,,,,,,,,,,,,,,2/28/2026,,,,2/28/2026_Bournemouth_Sunderland
1420,1420,29,Brighton,,,,,Arsenal,The American Express Stadium,2025/2026,,,,,,,,,,,,,,,,,3/4/2026,,,,3/4/2026_Brighton_Arsenal
1421,1421,29,Everton,,,,,Burnley,Hill Dickinson Stadium,2025/2026,,,,,,,,,,,,,,,,,3/4/2026,,,,3/4/2026_Everton_Burnley
1422,1422,29,Wolves,,,,,Liverpool,Molineux Stadium,2025/2026,,,,,,,,,,,,,,,,,3/4/2026,,,,3/4/2026_Wolves_Liverpool
1423,1423,29,Newcastle Utd,,,,,Manchester Utd,St James' Park,2025/2026,,,,,,,,,,,,,,,,,3/4/2026,,,,3/4/2026_Newcastle Utd_Manchester Utd
1424,1424,29,Bournemouth,,,,,Brentford,Vitality Stadium,2025/2026,,,,,,,,,,,,,,,,,3/4/2026,,,,3/4/2026_Bournemouth_Brentford
1425,1425,29,Tottenham,,,,,Crystal Palace,Tottenham Hotspur Stadium,2025/2026,,,,,,,,,,,,,,,,,3/4/2026,,,,3/4/2026_Tottenham_Crystal Palace
1426,1426,29,Aston Villa,,,,,Chelsea,Villa Park,2025/2026,,,,,,,,,,,,,,,,,3/4/2026,,,,3/4/2026_Aston Villa_Chelsea
1427,1427,29,Manchester City,,,,,Nott'ham Forest,Etihad Stadium,2025/2026,,,,,,,,,,,,,,,,,3/4/2026,,,,3/4/2026_Manchester City_Nott'ham Forest
1428,1428,29,Fulham,,,,,West Ham,Craven Cottage,2025/2026,,,,,,,,,,,,,,,,,3/4/2026,,,,3/4/2026_Fulham_West Ham
1429,1429,29,Leeds United,,,,,Sunderland,Elland Road,2025/2026,,,,,,,,,,,,,,,,,3/4/2026,,,,3/4/2026_Leeds United_Sunderland
1430,1430,30,Arsenal,,,,,Everton,Emirates Stadium,2025/2026,,,,,,,,,,,,,,,,,3/14/2026,,,,3/14/2026_Arsenal_Everton
1431,1431,30,Brentford,,,,,Wolves,Gtech Community Stadium,2025/2026,,,,,,,,,,,,,,,,,3/14/2026,,,,3/14/2026_Brentford_Wolves
1432,1432,30,Chelsea,,,,,Newcastle Utd,Stamford Bridge,2025/2026,,,,,,,,,,,,,,,,,3/14/2026,,,,3/14/2026_Chelsea_Newcastle Utd
1433,1433,30,West Ham,,,,,Manchester City,London Stadium,2025/2026,,,,,,,,,,,,,,,,,3/14/2026,,,,3/14/2026_West Ham_Manchester City
1434,1434,30,Liverpool,,,,,Tottenham,Anfield,2025/2026,,,,,,,,,,,,,,,,,3/14/2026,,,,3/14/2026_Liverpool_Tottenham
1435,1435,30,Sunderland,,,,,Brighton,Stadium of Light,2025/2026,,,,,,,,,,,,,,,,,3/14/2026,,,,3/14/2026_Sunderland_Brighton
1436,1436,30,Nott'ham Forest,,,,,Fulham,The City Ground,2025/2026,,,,,,,,,,,,,,,,,3/14/2026,,,,3/14/2026_Nott'ham Forest_Fulham
1437,1437,30,Crystal Palace,,,,,Leeds United,Selhurst Park,2025/2026,,,,,,,,,,,,,,,,,3/14/2026,,,,3/14/2026_Crystal Palace_Leeds United
1438,1438,30,Manchester Utd,,,,,Aston Villa,Old Trafford,2025/2026,,,,,,,,,,,,,,,,,3/14/2026,,,,3/14/2026_Manchester Utd_Aston Villa
1439,1439,30,Burnley,,,,,Bournemouth,Turf Moor,2025/2026,,,,,,,,,,,,,,,,,3/14/2026,,,,3/14/2026_Burnley_Bournemouth
1440,1440,31,Aston Villa,,,,,West Ham,Villa Park,2025/2026,,,,,,,,,,,,,,,,,3/21/2026,,,,3/21/2026_Aston Villa_West Ham
1441,1441,31,Fulham,,,,,Burnley,Craven Cottage,2025/2026,,,,,,,,,,,,,,,,,3/21/2026,,,,3/21/2026_Fulham_Burnley
1442,1442,31,Leeds United,,,,,Brentford,Elland Road,2025/2026,,,,,,,,,,,,,,,,,3/21/2026,,,,3/21/2026_Leeds United_Brentford
1443,1443,31,Tottenham,,,,,Nott'ham Forest,Tottenham Hotspur Stadium,2025/2026,,,,,,,,,,,,,,,,,3/21/2026,,,,3/21/2026_Tottenham_Nott'ham Forest
1444,1444,31,Brighton,,,,,Liverpool,The American Express Stadium,2025/2026,,,,,,,,,,,,,,,,,3/21/2026,,,,3/21/2026_Brighton_Liverpool
1445,1445,31,Newcastle Utd,,,,,Sunderland,St James' Park,2025/2026,,,,,,,,,,,,,,,,,3/21/2026,,,,3/21/2026_Newcastle Utd_Sunderland
1446,1446,31,Manchester City,,,,,Crystal Palace,Etihad Stadium,2025/2026,,,,,,,,,,,,,,,,,3/21/2026,,,,3/21/2026_Manchester City_Crystal Palace
1447,1447,31,Wolves,,,,,Arsenal,Molineux Stadium,2025/2026,,,,,,,,,,,,,,,,,3/21/2026,,,,3/21/2026_Wolves_Arsenal
1448,1448,31,Bournemouth,,,,,Manchester Utd,Vitality Stadium,2025/2026,,,,,,,,,,,,,,,,,3/21/2026,,,,3/21/2026_Bournemouth_Manchester Utd
1449,1449,31,Everton,,,,,Chelsea,Hill Dickinson Stadium,2025/2026,,,,,,,,,,,,,,,,,3/21/2026,,,,3/21/2026_Everton_Chelsea
1450,1450,32,Liverpool,,,,,Fulham,Anfield,2025/2026,,,,,,,,,,,,,,,,,4/11/2026,,,,4/11/2026_Liverpool_Fulham
1451,1451,32,Brentford,,,,,Everton,Gtech Community Stadium,2025/2026,,,,,,,,,,,,,,,,,4/11/2026,,,,4/11/2026_Brentford_Everton
1452,1452,32,Sunderland,,,,,Tottenham,Stadium of Light,2025/2026,,,,,,,,,,,,,,,,,4/11/2026,,,,4/11/2026_Sunderland_Tottenham
1453,1453,32,West Ham,,,,,Wolves,London Stadium,2025/2026,,,,,,,,,,,,,,,,,4/11/2026,,,,4/11/2026_West Ham_Wolves
1454,1454,32,Crystal Palace,,,,,Newcastle Utd,Selhurst Park,2025/2026,,,,,,,,,,,,,,,,,4/11/2026,,,,4/11/2026_Crystal Palace_Newcastle Utd
1455,1455,32,Burnley,,,,,Brighton,Turf Moor,2025/2026,,,,,,,,,,,,,,,,,4/11/2026,,,,4/11/2026_Burnley_Brighton
1456,1456,32,Nott'ham Forest,,,,,Aston Villa,The City Ground,2025/2026,,,,,,,,,,,,,,,,,4/11/2026,,,,4/11/2026_Nott'ham Forest_Aston Villa
1457,1457,32,Arsenal,,,,,Bournemouth,Emirates Stadium,2025/2026,,,,,,,,,,,,,,,,,4/11/2026,,,,4/11/2026_Arsenal_Bournemouth
1458,1458,32,Chelsea,,,,,Manchester City,Stamford Bridge,2025/2026,,,,,,,,,,,,,,,,,4/11/2026,,,,4/11/2026_Chelsea_Manchester City
1459,1459,32,Manchester Utd,,,,,Leeds United,Old Trafford,2025/2026,,,,,,,,,,,,,,,,,4/11/2026,,,,4/11/2026_Manchester Utd_Leeds United
1460,1460,33,Brentford,,,,,Fulham,Gtech Community Stadium,2025/2026,,,,,,,,,,,,,,,,,4/18/2026,,,,4/18/2026_Brentford_Fulham
1461,1461,33,Crystal Palace,,,,,West Ham,Selhurst Park,2025/2026,,,,,,,,,,,,,,,,,4/18/2026,,,,4/18/2026_Crystal Palace_West Ham
1462,1462,33,Leeds United,,,,,Wolves,Elland Road,2025/2026,,,,,,,,,,,,,,,,,4/18/2026,,,,4/18/2026_Leeds United_Wolves
1463,1463,33,Everton,,,,,Liverpool,Hill Dickinson Stadium,2025/2026,,,,,,,,,,,,,,,,,4/18/2026,,,,4/18/2026_Everton_Liverpool
1464,1464,33,Newcastle Utd,,,,,Bournemouth,St James' Park,2025/2026,,,,,,,,,,,,,,,,,4/18/2026,,,,4/18/2026_Newcastle Utd_Bournemouth
1465,1465,33,Chelsea,,,,,Manchester Utd,Stamford Bridge,2025/2026,,,,,,,,,,,,,,,,,4/18/2026,,,,4/18/2026_Chelsea_Manchester Utd
1466,1466,33,Tottenham,,,,,Brighton,Tottenham Hotspur Stadium,2025/2026,,,,,,,,,,,,,,,,,4/18/2026,,,,4/18/2026_Tottenham_Brighton
1467,1467,33,Nott'ham Forest,,,,,Burnley,The City Ground,2025/2026,,,,,,,,,,,,,,,,,4/18/2026,,,,4/18/2026_Nott'ham Forest_Burnley
1468,1468,33,Manchester City,,,,,Arsenal,Etihad Stadium,2025/2026,,,,,,,,,,,,,,,,,4/18/2026,,,,4/18/2026_Manchester City_Arsenal
1469,1469,33,Aston Villa,,,,,Sunderland,Villa Park,2025/2026,,,,,,,,,,,,,,,,,4/18/2026,,,,4/18/2026_Aston Villa_Sunderland
1470,1470,34,Arsenal,,,,,Newcastle Utd,Emirates Stadium,2025/2026,,,,,,,,,,,,,,,,,4/25/2026,,,,4/25/2026_Arsenal_Newcastle Utd
1471,1471,34,Fulham,,,,,Aston Villa,Craven Cottage,2025/2026,,,,,,,,,,,,,,,,,4/25/2026,,,,4/25/2026_Fulham_Aston Villa
1472,1472,34,Liverpool,,,,,Crystal Palace,Anfield,2025/2026,,,,,,,,,,,,,,,,,4/25/2026,,,,4/25/2026_Liverpool_Crystal Palace
1473,1473,34,West Ham,,,,,Everton,London Stadium,2025/2026,,,,,,,,,,,,,,,,,4/25/2026,,,,4/25/2026_West Ham_Everton
1474,1474,34,Brighton,,,,,Chelsea,The American Express Stadium,2025/2026,,,,,,,,,,,,,,,,,4/25/2026,,,,4/25/2026_Brighton_Chelsea
1475,1475,34,Wolves,,,,,Tottenham,Molineux Stadium,2025/2026,,,,,,,,,,,,,,,,,4/25/2026,,,,4/25/2026_Wolves_Tottenham
1476,1476,34,Sunderland,,,,,Nott'ham Forest,Stadium of Light,2025/2026,,,,,,,,,,,,,,,,,4/25/2026,,,,4/25/2026_Sunderland_Nott'ham Forest
1477,1477,34,Manchester Utd,,,,,Brentford,Old Trafford,2025/2026,,,,,,,,,,,,,,,,,4/25/2026,,,,4/25/2026_Manchester Utd_Brentford
1478,1478,34,Burnley,,,,,Manchester City,Turf Moor,2025/2026,,,,,,,,,,,,,,,,,4/25/2026,,,,4/25/2026_Burnley_Manchester City
1479,1479,34,Bournemouth,,,,,Leeds United,Vitality Stadium,2025/2026,,,,,,,,,,,,,,,,,4/25/2026,,,,4/25/2026_Bournemouth_Leeds United
1480,1480,35,Brentford,,,,,West Ham,Gtech Community Stadium,2025/2026,,,,,,,,,,,,,,,,,5/2/2026,,,,5/2/2026_Brentford_West Ham
1481,1481,35,Bournemouth,,,,,Crystal Palace,Vitality Stadium,2025/2026,,,,,,,,,,,,,,,,,5/2/2026,,,,5/2/2026_Bournemouth_Crystal Palace
1482,1482,35,Manchester Utd,,,,,Liverpool,Old Trafford,2025/2026,,,,,,,,,,,,,,,,,5/2/2026,,,,5/2/2026_Manchester Utd_Liverpool
1483,1483,35,Leeds United,,,,,Burnley,Elland Road,2025/2026,,,,,,,,,,,,,,,,,5/2/2026,,,,5/2/2026_Leeds United_Burnley
1484,1484,35,Chelsea,,,,,Nott'ham Forest,Stamford Bridge,2025/2026,,,,,,,,,,,,,,,,,5/2/2026,,,,5/2/2026_Chelsea_Nott'ham Forest
1485,1485,35,Wolves,,,,,Sunderland,Molineux Stadium,2025/2026,,,,,,,,,,,,,,,,,5/2/2026,,,,5/2/2026_Wolves_Sunderland
1486,1486,35,Everton,,,,,Manchester City,Hill Dickinson Stadium,2025/2026,,,,,,,,,,,,,,,,,5/2/2026,,,,5/2/2026_Everton_Manchester City
1487,1487,35,Arsenal,,,,,Fulham,Emirates Stadium,2025/2026,,,,,,,,,,,,,,,,,5/2/2026,,,,5/2/2026_Arsenal_Fulham
1488,1488,35,Aston Villa,,,,,Tottenham,Villa Park,2025/2026,,,,,,,,,,,,,,,,,5/2/2026,,,,5/2/2026_Aston Villa_Tottenham
1489,1489,35,Newcastle Utd,,,,,Brighton,St James' Park,2025/2026,,,,,,,,,,,,,,,,,5/2/2026,,,,5/2/2026_Newcastle Utd_Brighton
1490,1490,36,Manchester City,,,,,Brentford,Etihad Stadium,2025/2026,,,,,,,,,,,,,,,,,5/9/2026,,,,5/9/2026_Manchester City_Brentford
1491,1491,36,Nott'ham Forest,,,,,Newcastle Utd,The City Ground,2025/2026,,,,,,,,,,,,,,,,,5/9/2026,,,,5/9/2026_Nott'ham Forest_Newcastle Utd
1492,1492,36,Crystal Palace,,,,,Everton,Selhurst Park,2025/2026,,,,,,,,,,,,,,,,,5/9/2026,,,,5/9/2026_Crystal Palace_Everton
1493,1493,36,Brighton,,,,,Wolves,The American Express Stadium,2025/2026,,,,,,,,,,,,,,,,,5/9/2026,,,,5/9/2026_Brighton_Wolves
1494,1494,36,Fulham,,,,,Bournemouth,Craven Cottage,2025/2026,,,,,,,,,,,,,,,,,5/9/2026,,,,5/9/2026_Fulham_Bournemouth
1495,1495,36,Tottenham,,,,,Leeds United,Tottenham Hotspur Stadium,2025/2026,,,,,,,,,,,,,,,,,5/9/2026,,,,5/9/2026_Tottenham_Leeds United
1496,1496,36,Sunderland,,,,,Manchester Utd,Stadium of Light,2025/2026,,,,,,,,,,,,,,,,,5/9/2026,,,,5/9/2026_Sunderland_Manchester Utd
1497,1497,36,Burnley,,,,,Aston Villa,Turf Moor,2025/2026,,,,,,,,,,,,,,,,,5/9/2026,,,,5/9/2026_Burnley_Aston Villa
1498,1498,36,West Ham,,,,,Arsenal,London Stadium,2025/2026,,,,,,,,,,,,,,,,,5/9/2026,,,,5/9/2026_West Ham_Arsenal
1499,1499,36,Liverpool,,,,,Chelsea,Anfield,2025/2026,,,,,,,,,,,,,,,,,5/9/2026,,,,5/9/2026_Liverpool_Chelsea
1500,1500,37,Manchester Utd,,,,,Nott'ham Forest,Old Trafford,2025/2026,,,,,,,,,,,,,,,,,5/17/2026,,,,5/17/2026_Manchester Utd_Nott'ham Forest
1501,1501,37,Chelsea,,,,,Tottenham,Stamford Bridge,2025/2026,,,,,,,,,,,,,,,,,5/17/2026,,,,5/17/2026_Chelsea_Tottenham
1502,1502,37,Arsenal,,,,,Burnley,Emirates Stadium,2025/2026,,,,,,,,,,,,,,,,,5/17/2026,,,,5/17/2026_Arsenal_Burnley
1503,1503,37,Newcastle Utd,,,,,West Ham,St James' Park,2025/2026,,,,,,,,,,,,,,,,,5/17/2026,,,,5/17/2026_Newcastle Utd_West Ham
1504,1504,37,Everton,,,,,Sunderland,Hill Dickinson Stadium,2025/2026,,,,,,,,,,,,,,,,,5/17/2026,,,,5/17/2026_Everton_Sunderland
1505,1505,37,Wolves,,,,,Fulham,Molineux Stadium,2025/2026,,,,,,,,,,,,,,,,,5/17/2026,,,,5/17/2026_Wolves_Fulham
1506,1506,37,Bournemouth,,,,,Manchester City,Vitality Stadium,2025/2026,,,,,,,,,,,,,,,,,5/17/2026,,,,5/17/2026_Bournemouth_Manchester City
1507,1507,37,Aston Villa,,,,,Liverpool,Villa Park,2025/2026,,,,,,,,,,,,,,,,,5/17/2026,,,,5/17/2026_Aston Villa_Liverpool
1508,1508,37,Brentford,,,,,Crystal Palace,Gtech Community Stadium,2025/2026,,,,,,,,,,,,,,,,,5/17/2026,,,,5/17/2026_Brentford_Crystal Palace
1509,1509,37,Leeds United,,,,,Brighton,Elland Road,2025/2026,,,,,,,,,,,,,,,,,5/17/2026,,,,5/17/2026_Leeds United_Brighton
1510,1510,38,West Ham,,,,,Leeds United,London Stadium,2025/2026,,,,,,,,,,,,,,,,,5/24/2026,,,,5/24/2026_West Ham_Leeds United
1511,1511,38,Burnley,,,,,Wolves,Turf Moor,2025/2026,,,,,,,,,,,,,,,,,5/24/2026,,,,5/24/2026_Burnley_Wolves
1512,1512,38,Sunderland,,,,,Chelsea,Stadium of Light,2025/2026,,,,,,,,,,,,,,,,,5/24/2026,,,,5/24/2026_Sunderland_Chelsea
1513,1513,38,Nott'ham Forest,,,,,Bournemouth,The City Ground,2025/2026,,,,,,,,,,,,,,,,,5/24/2026,,,,5/24/2026_Nott'ham Forest_Bournemouth
1514,1514,38,Crystal Palace,,,,,Arsenal,Selhurst Park,2025/2026,,,,,,,,,,,,,,,,,5/24/2026,,,,5/24/2026_Crystal Palace_Arsenal
1515,1515,38,Fulham,,,,,Newcastle Utd,Craven Cottage,2025/2026,,,,,,,,,,,,,,,,,5/24/2026,,,,5/24/2026_Fulham_Newcastle Utd
1516,1516,38,Brighton,,,,,Manchester Utd,The American Express Stadium,2025/2026,,,,,,,,,,,,,,,,,5/24/2026,,,,5/24/2026_Brighton_Manchester Utd
1517,1517,38,Liverpool,,,,,Brentford,Anfield,2025/2026,,,,,,,,,,,,,,,,,5/24/2026,,,,5/24/2026_Liverpool_Brentford
1518,1518,38,Tottenham,,,,,Everton,Tottenham Hotspur Stadium,2025/2026,,,,,,,,,,,,,,,,,5/24/2026,,,,5/24/2026_Tottenham_Everton
1519,1519,38,Manchester City,,,,,Aston Villa,Etihad Stadium,2025/2026,,,,,,,,,,,,,,,,,5/24/2026,,,,5/24/2026_Manchester City_Aston Villa
