attendance,away_corners,away_fouls,away_goals,away_possession,away_red_cards,away_shots,away_shots_on_target,away_team,away_xg,away_yellow_cards,home_corners,home_fouls,home_goals,home_possession,home_red_cards,home_shots,home_shots_on_target,home_team,home_xg,home_yellow_cards,ht_away_goals,ht_home_goals,ht_result,match_date,result
25286.0,5.0,11.0,2.0,44.0,0.0,10.0,2.0,Arsenal,1.0,2.0,3.0,16.0,0.0,56.0,0.0,10.0,2.0,Crystal Palace,1.2,1.0,1.0,0.0,A,2022-08-05,A
22207.0,4.0,9.0,2.0,67.0,0.0,11.0,4.0,Liverpool,1.0,0.0,4.0,7.0,2.0,33.0,0.0,9.0,3.0,Fulham,1.2,2.0,0.0,1.0,H,2022-08-06,D
52245.0,1.0,14.0,0.0,61.0,0.0,5.0,0.0,Nott'ham Forest,0.0,3.0,11.0,9.0,2.0,39.0,0.0,23.0,10.0,Newcastle Utd,1.7,0.0,0.0,0.0,D,2022-08-06,H
11013.0,5.0,16.0,0.0,65.0,0.0,15.0,2.0,Aston Villa,1.0,3.0,5.0,18.0,2.0,35.0,0.0,7.0,3.0,Bournemouth,0.6,3.0,0.0,1.0,H,2022-08-06,H
36347.0,4.0,9.0,1.0,60.0,0.0,15.0,6.0,Wolves,1.0,0.0,6.0,13.0,2.0,40.0,0.0,12.0,4.0,Leeds United,0.8,2.0,1.0,1.0,D,2022-08-06,H
61732.0,2.0,6.0,1.0,58.0,0.0,10.0,2.0,Southampton,1.0,0.0,10.0,11.0,4.0,42.0,0.0,18.0,8.0,Tottenham,1.5,3.0,1.0,2.0,H,2022-08-06,H
39254.0,16.0,11.0,1.0,62.0,0.0,15.0,6.0,Chelsea,2.0,2.0,4.0,14.0,0.0,38.0,0.0,8.0,4.0,Everton,0.7,3.0,1.0,0.0,A,2022-08-06,A
31794.0,6.0,5.0,2.0,44.0,0.0,8.0,3.0,Brentford,1.0,0.0,5.0,6.0,2.0,56.0,0.0,14.0,5.0,Leicester City,0.6,0.0,0.0,1.0,H,2022-08-07,D
73711.0,2.0,12.0,2.0,62.0,0.0,15.0,4.0,Brighton,2.0,1.0,6.0,7.0,1.0,38.0,0.0,17.0,5.0,Manchester Utd,1.4,4.0,2.0,0.0,A,2022-08-07,A
62443.0,4.0,4.0,2.0,75.0,0.0,14.0,2.0,Manchester City,2.0,1.0,1.0,8.0,0.0,25.0,0.0,6.0,1.0,West Ham,0.5,0.0,1.0,0.0,A,2022-08-07,A
17051.0,2.0,15.0,0.0,66.0,0.0,15.0,4.0,Manchester Utd,1.0,4.0,8.0,6.0,4.0,34.0,0.0,13.0,7.0,Brentford,1.6,0.0,0.0,4.0,H,2022-08-13,H
53453.0,1.0,9.0,0.0,67.0,0.0,3.0,1.0,Bournemouth,0.0,3.0,11.0,9.0,4.0,33.0,0.0,19.0,7.0,Manchester City,1.7,0.0,0.0,3.0,H,2022-08-13,H
31178.0,3.0,14.0,0.0,41.0,0.0,9.0,3.0,Fulham,2.0,3.0,5.0,7.0,0.0,59.0,0.0,7.0,1.0,Wolves,0.9,3.0,0.0,0.0,D,2022-08-13,D
31552.0,3.0,6.0,0.0,46.0,0.0,4.0,1.0,Newcastle Utd,0.0,3.0,7.0,8.0,0.0,54.0,0.0,13.0,7.0,Brighton,1.5,2.0,0.0,0.0,D,2022-08-13,D
60033.0,2.0,9.0,2.0,50.0,0.0,6.0,2.0,Leicester City,1.0,1.0,6.0,15.0,4.0,50.0,0.0,19.0,7.0,Arsenal,2.7,1.0,0.0,2.0,H,2022-08-13,H
41883.0,8.0,7.0,1.0,57.0,0.0,15.0,4.0,Everton,2.0,1.0,5.0,9.0,2.0,43.0,0.0,12.0,4.0,Aston Villa,2.3,4.0,0.0,1.0,H,2022-08-13,H
30815.0,5.0,12.0,2.0,57.0,0.0,13.0,5.0,Leeds United,2.0,3.0,2.0,10.0,2.0,43.0,0.0,14.0,4.0,Southampton,1.2,1.0,0.0,0.0,D,2022-08-13,D
29281.0,7.0,11.0,0.0,57.0,0.0,19.0,5.0,West Ham,2.0,1.0,6.0,10.0,1.0,43.0,0.0,13.0,6.0,Nott'ham Forest,1.3,4.0,0.0,1.0,H,2022-08-14,H
39946.0,5.0,9.0,2.0,37.0,0.0,10.0,5.0,Tottenham,1.0,0.0,8.0,9.0,2.0,63.0,0.0,16.0,3.0,Chelsea,1.6,3.0,0.0,1.0,H,2022-08-14,D
52970.0,2.0,8.0,1.0,72.0,0.0,7.0,3.0,Crystal Palace,1.0,4.0,4.0,7.0,1.0,28.0,1.0,24.0,4.0,Liverpool,2.0,2.0,1.0,0.0,A,2022-08-15,D
30850.0,5.0,15.0,2.0,62.0,0.0,9.0,3.0,Southampton,1.0,3.0,2.0,11.0,1.0,38.0,0.0,6.0,1.0,Leicester City,0.3,2.0,0.0,0.0,D,2022-08-20,A
10423.0,4.0,10.0,3.0,57.0,0.0,14.0,6.0,Arsenal,1.0,1.0,3.0,12.0,0.0,43.0,0.0,6.0,1.0,Bournemouth,0.3,2.0,2.0,0.0,A,2022-08-20,A
21798.0,3.0,7.0,2.0,57.0,0.0,13.0,5.0,Brentford,2.0,2.0,6.0,13.0,3.0,43.0,0.0,18.0,9.0,Fulham,2.4,3.0,1.0,2.0,H,2022-08-20,H
22012.0,2.0,14.0,1.0,49.0,0.0,13.0,5.0,Aston Villa,1.0,1.0,4.0,16.0,3.0,51.0,0.0,17.0,9.0,Crystal Palace,2.6,2.0,1.0,1.0,D,2022-08-20,H
39271.0,2.0,9.0,1.0,51.0,0.0,14.0,5.0,Nott'ham Forest,1.0,2.0,6.0,6.0,1.0,49.0,0.0,19.0,8.0,Everton,1.5,3.0,0.0,0.0,D,2022-08-20,D
61298.0,6.0,8.0,0.0,50.0,0.0,20.0,3.0,Wolves,1.0,2.0,8.0,10.0,1.0,50.0,0.0,11.0,4.0,Tottenham,1.7,2.0,0.0,0.0,D,2022-08-20,H
62449.0,4.0,7.0,2.0,50.0,0.0,11.0,2.0,Brighton,2.0,0.0,5.0,10.0,0.0,50.0,0.0,13.0,3.0,West Ham,0.8,2.0,1.0,0.0,A,2022-08-21,A
36372.0,6.0,15.0,0.0,61.0,1.0,14.0,3.0,Chelsea,1.0,1.0,4.0,16.0,3.0,39.0,0.0,12.0,6.0,Leeds United,2.1,0.0,0.0,2.0,H,2022-08-21,H
52258.0,5.0,7.0,3.0,69.0,0.0,21.0,10.0,Manchester City,2.0,2.0,5.0,14.0,3.0,31.0,0.0,12.0,6.0,Newcastle Utd,1.8,4.0,1.0,2.0,H,2022-08-21,D
74147.0,8.0,7.0,1.0,30.0,0.0,17.0,5.0,Liverpool,1.0,1.0,6.0,11.0,2.0,70.0,0.0,12.0,4.0,Manchester Utd,1.8,3.0,0.0,1.0,H,2022-08-22,H
60164.0,2.0,12.0,1.0,71.0,0.0,11.0,3.0,Fulham,1.0,3.0,9.0,6.0,2.0,29.0,0.0,22.0,8.0,Arsenal,2.6,2.0,0.0,0.0,D,2022-08-27,H
53328.0,1.0,5.0,0.0,69.0,0.0,5.0,2.0,Bournemouth,0.0,1.0,8.0,6.0,9.0,31.0,0.0,19.0,12.0,Liverpool,3.3,0.0,0.0,5.0,H,2022-08-27,H
53112.0,1.0,8.0,2.0,74.0,0.0,2.0,2.0,Crystal Palace,0.0,2.0,6.0,14.0,4.0,26.0,0.0,18.0,5.0,Manchester City,2.2,1.0,2.0,0.0,A,2022-08-27,H
39953.0,11.0,7.0,1.0,45.0,0.0,17.0,5.0,Leicester City,3.0,2.0,3.0,10.0,2.0,55.0,1.0,7.0,3.0,Chelsea,1.8,1.0,0.0,0.0,D,2022-08-27,H
30953.0,3.0,14.0,0.0,44.0,0.0,10.0,2.0,Leeds United,2.0,3.0,5.0,10.0,1.0,56.0,0.0,13.0,4.0,Brighton,2.0,2.0,0.0,0.0,D,2022-08-27,H
31196.0,3.0,14.0,1.0,51.0,0.0,11.0,6.0,Manchester Utd,1.0,3.0,5.0,4.0,0.0,49.0,0.0,17.0,5.0,Southampton,1.4,0.0,0.0,0.0,D,2022-08-27,A
17009.0,5.0,8.0,1.0,58.0,0.0,14.0,7.0,Everton,1.0,2.0,8.0,8.0,1.0,42.0,0.0,19.0,5.0,Brentford,2.1,2.0,1.0,0.0,A,2022-08-27,D
31311.0,13.0,11.0,1.0,63.0,0.0,21.0,6.0,Newcastle Utd,2.0,1.0,4.0,10.0,1.0,37.0,0.0,10.0,4.0,Wolves,0.7,2.0,0.0,1.0,H,2022-08-28,D
41796.0,2.0,10.0,1.0,58.0,0.0,7.0,2.0,West Ham,1.0,0.0,3.0,10.0,0.0,42.0,0.0,9.0,3.0,Aston Villa,0.5,2.0,0.0,0.0,D,2022-08-28,A
29296.0,1.0,13.0,2.0,45.0,0.0,18.0,7.0,Tottenham,2.0,1.0,6.0,11.0,0.0,55.0,0.0,17.0,1.0,Nott'ham Forest,0.9,6.0,1.0,0.0,A,2022-08-28,A
22224.0,3.0,11.0,1.0,61.0,0.0,7.0,4.0,Brighton,1.0,1.0,3.0,9.0,2.0,39.0,0.0,10.0,3.0,Fulham,0.7,2.0,0.0,0.0,D,2022-08-30,H
25043.0,6.0,8.0,1.0,51.0,0.0,9.0,3.0,Brentford,1.0,2.0,4.0,11.0,1.0,49.0,0.0,13.0,4.0,Crystal Palace,1.0,1.0,0.0,0.0,D,2022-08-30,D
31542.0,3.0,10.0,1.0,67.0,0.0,10.0,4.0,Chelsea,1.0,1.0,5.0,15.0,2.0,33.0,0.0,9.0,7.0,Southampton,1.1,2.0,1.0,2.0,H,2022-08-30,H
36338.0,2.0,9.0,1.0,31.0,0.0,7.0,2.0,Everton,1.0,3.0,10.0,10.0,1.0,69.0,0.0,14.0,5.0,Leeds United,1.0,3.0,1.0,0.0,A,2022-08-30,D
53316.0,0.0,10.0,1.0,28.0,0.0,5.0,2.0,Newcastle Utd,1.0,2.0,13.0,9.0,2.0,72.0,0.0,23.0,6.0,Liverpool,1.5,0.0,1.0,0.0,A,2022-08-31,H
62450.0,4.0,9.0,1.0,61.0,0.0,13.0,4.0,Tottenham,1.0,5.0,3.0,10.0,1.0,39.0,0.0,14.0,4.0,West Ham,1.2,2.0,1.0,0.0,A,2022-08-31,D
60012.0,3.0,14.0,1.0,59.0,0.0,4.0,3.0,Aston Villa,0.0,3.0,10.0,10.0,2.0,41.0,0.0,22.0,9.0,Arsenal,2.4,2.0,0.0,1.0,H,2022-08-31,H
53409.0,1.0,7.0,0.0,74.0,0.0,8.0,1.0,Nott'ham Forest,1.0,1.0,10.0,9.0,6.0,26.0,0.0,17.0,9.0,Manchester City,3.3,0.0,0.0,3.0,H,2022-08-31,H
10113.0,5.0,12.0,0.0,65.0,0.0,17.0,4.0,Wolves,2.0,1.0,2.0,12.0,0.0,35.0,0.0,5.0,2.0,Bournemouth,0.4,2.0,0.0,0.0,D,2022-08-31,D
32226.0,3.0,15.0,1.0,47.0,0.0,9.0,2.0,Manchester Utd,2.0,3.0,1.0,7.0,0.0,53.0,0.0,10.0,2.0,Leicester City,0.7,1.0,1.0,0.0,A,2022-09-01,A
39240.0,9.0,11.0,0.0,61.0,0.0,23.0,8.0,Liverpool,2.0,2.0,7.0,7.0,0.0,39.0,0.0,14.0,3.0,Everton,1.7,2.0,0.0,0.0,D,2022-09-03,D
61641.0,3.0,6.0,1.0,52.0,0.0,9.0,3.0,Fulham,1.0,4.0,10.0,9.0,2.0,48.0,0.0,23.0,10.0,Tottenham,2.9,3.0,0.0,1.0,H,2022-09-03,H
28720.0,6.0,10.0,3.0,48.0,0.0,8.0,3.0,Bournemouth,1.0,1.0,4.0,13.0,2.0,52.0,0.0,11.0,3.0,Nott'ham Forest,1.9,2.0,0.0,2.0,H,2022-09-03,A
30546.0,6.0,14.0,0.0,51.0,0.0,12.0,1.0,Southampton,1.0,2.0,5.0,10.0,1.0,49.0,0.0,7.0,2.0,Wolves,0.8,4.0,0.0,1.0,H,2022-09-03,H
51863.0,5.0,12.0,0.0,52.0,0.0,19.0,9.0,Crystal Palace,1.0,1.0,13.0,19.0,0.0,48.0,0.0,23.0,6.0,Newcastle Utd,2.8,2.0,0.0,0.0,D,2022-09-03,D
39923.0,3.0,11.0,1.0,67.0,0.0,6.0,3.0,West Ham,1.0,2.0,10.0,6.0,2.0,33.0,0.0,8.0,3.0,Chelsea,0.9,4.0,0.0,0.0,D,2022-09-03,H
17092.0,6.0,9.0,2.0,32.0,0.0,17.0,6.0,Leeds United,2.0,2.0,2.0,8.0,5.0,68.0,0.0,14.0,8.0,Brentford,2.3,2.0,1.0,2.0,H,2022-09-03,H
41830.0,4.0,6.0,1.0,71.0,0.0,13.0,4.0,Manchester City,2.0,0.0,1.0,7.0,1.0,29.0,0.0,3.0,1.0,Aston Villa,0.3,2.0,0.0,0.0,D,2022-09-03,D
73431.0,5.0,9.0,1.0,60.0,0.0,16.0,3.0,Arsenal,1.0,3.0,2.0,13.0,3.0,40.0,0.0,10.0,6.0,Manchester Utd,1.5,3.0,0.0,1.0,H,2022-09-04,H
31185.0,1.0,8.0,2.0,53.0,0.0,6.0,4.0,Leicester City,1.0,1.0,10.0,6.0,5.0,47.0,0.0,23.0,11.0,Brighton,2.6,1.0,2.0,2.0,D,2022-09-04,H
28654.0,10.0,10.0,3.0,59.0,0.0,15.0,7.0,Fulham,1.0,4.0,2.0,11.0,2.0,41.0,0.0,11.0,3.0,Nott'ham Forest,1.4,2.0,0.0,1.0,H,2022-09-16,A
40758.0,3.0,13.0,0.0,53.0,0.0,7.0,1.0,Southampton,0.0,1.0,6.0,13.0,1.0,47.0,0.0,11.0,3.0,Aston Villa,1.5,3.0,0.0,1.0,H,2022-09-16,H
31578.0,7.0,9.0,3.0,59.0,0.0,16.0,7.0,Manchester City,1.0,1.0,5.0,7.0,0.0,41.0,1.0,6.0,1.0,Wolves,0.4,2.0,2.0,0.0,A,2022-09-17,A
52238.0,1.0,11.0,1.0,72.0,0.0,10.0,3.0,Bournemouth,1.0,2.0,8.0,10.0,1.0,28.0,0.0,20.0,7.0,Newcastle Utd,1.9,2.0,0.0,0.0,D,2022-09-17,D
61450.0,1.0,9.0,2.0,44.0,0.0,19.0,7.0,Leicester City,2.0,2.0,6.0,9.0,6.0,56.0,0.0,16.0,11.0,Tottenham,2.2,1.0,2.0,2.0,D,2022-09-17,H
17122.0,3.0,10.0,3.0,63.0,0.0,13.0,7.0,Arsenal,2.0,2.0,3.0,10.0,0.0,37.0,0.0,5.0,2.0,Brentford,0.5,0.0,2.0,0.0,A,2022-09-18,A
39298.0,14.0,11.0,0.0,47.0,0.0,14.0,4.0,West Ham,1.0,1.0,5.0,8.0,1.0,53.0,0.0,7.0,2.0,Everton,0.4,3.0,0.0,0.0,D,2022-09-18,H
62444.0,6.0,6.0,0.0,61.0,0.0,15.0,4.0,Wolves,1.0,2.0,1.0,8.0,2.0,39.0,0.0,18.0,5.0,West Ham,0.9,2.0,0.0,1.0,H,2022-10-01,H
30510.0,6.0,10.0,2.0,45.0,0.0,12.0,5.0,Everton,2.0,2.0,7.0,11.0,1.0,55.0,0.0,22.0,6.0,Southampton,1.7,2.0,0.0,0.0,D,2022-10-01,A
10126.0,8.0,10.0,0.0,58.0,0.0,13.0,4.0,Brentford,1.0,2.0,7.0,11.0,0.0,42.0,0.0,7.0,1.0,Bournemouth,0.4,1.0,0.0,0.0,D,2022-10-01,D
25198.0,2.0,13.0,2.0,36.0,0.0,13.0,3.0,Chelsea,1.0,3.0,5.0,11.0,1.0,64.0,0.0,7.0,3.0,Crystal Palace,0.4,1.0,1.0,1.0,D,2022-10-01,A
53320.0,2.0,13.0,3.0,54.0,0.0,6.0,6.0,Brighton,1.0,1.0,9.0,9.0,3.0,46.0,0.0,15.0,7.0,Liverpool,1.5,1.0,2.0,1.0,A,2022-10-01,D
22913.0,8.0,10.0,4.0,67.0,0.0,19.0,10.0,Newcastle Utd,3.0,0.0,1.0,9.0,1.0,33.0,1.0,3.0,1.0,Fulham,0.5,2.0,3.0,0.0,A,2022-10-01,A
60278.0,2.0,10.0,1.0,64.0,1.0,7.0,3.0,Tottenham,2.0,1.0,5.0,10.0,3.0,36.0,0.0,22.0,9.0,Arsenal,2.4,2.0,1.0,1.0,D,2022-10-01,H
53475.0,1.0,9.0,3.0,53.0,0.0,12.0,8.0,Manchester Utd,2.0,3.0,5.0,3.0,6.0,47.0,0.0,22.0,10.0,Manchester City,3.2,0.0,0.0,4.0,H,2022-10-02,H
36582.0,9.0,12.0,0.0,56.0,0.0,19.0,7.0,Aston Villa,2.0,2.0,2.0,23.0,0.0,44.0,1.0,9.0,1.0,Leeds United,0.4,3.0,0.0,0.0,D,2022-10-02,D
32202.0,6.0,12.0,0.0,49.0,0.0,10.0,3.0,Nott'ham Forest,1.0,4.0,6.0,13.0,4.0,51.0,0.0,17.0,7.0,Leicester City,1.3,2.0,0.0,3.0,H,2022-10-03,H
52067.0,5.0,9.0,1.0,54.0,0.0,6.0,3.0,Brentford,1.0,1.0,9.0,14.0,5.0,46.0,0.0,16.0,6.0,Newcastle Utd,1.5,0.0,0.0,2.0,H,2022-10-08,H
10272.0,2.0,16.0,1.0,45.0,0.0,9.0,5.0,Leicester City,1.0,2.0,7.0,8.0,2.0,55.0,0.0,10.0,4.0,Bournemouth,1.1,1.0,1.0,0.0,A,2022-10-08,H
39940.0,2.0,8.0,0.0,57.0,0.0,8.0,2.0,Wolves,1.0,0.0,4.0,8.0,3.0,43.0,0.0,20.0,7.0,Chelsea,1.9,2.0,0.0,1.0,H,2022-10-08,H
53365.0,1.0,8.0,0.0,65.0,0.0,5.0,0.0,Southampton,0.0,1.0,9.0,4.0,4.0,35.0,0.0,21.0,8.0,Manchester City,2.4,0.0,0.0,2.0,H,2022-10-08,H
31498.0,2.0,14.0,1.0,59.0,0.0,8.0,3.0,Tottenham,1.0,2.0,6.0,9.0,0.0,41.0,0.0,14.0,4.0,Brighton,0.7,1.0,1.0,0.0,A,2022-10-08,A
39258.0,4.0,13.0,2.0,60.0,0.0,12.0,4.0,Manchester Utd,1.0,1.0,5.0,7.0,1.0,40.0,0.0,11.0,2.0,Everton,0.6,2.0,2.0,1.0,A,2022-10-09,A
60059.0,3.0,11.0,2.0,43.0,0.0,8.0,3.0,Liverpool,1.0,2.0,4.0,11.0,3.0,57.0,0.0,11.0,7.0,Arsenal,2.7,1.0,1.0,2.0,H,2022-10-09,H
62407.0,2.0,7.0,1.0,50.0,0.0,8.0,2.0,Fulham,1.0,3.0,4.0,9.0,3.0,50.0,0.0,17.0,8.0,West Ham,2.4,1.0,1.0,1.0,D,2022-10-09,H
25042.0,3.0,23.0,1.0,54.0,0.0,10.0,4.0,Leeds United,1.0,3.0,5.0,13.0,2.0,46.0,0.0,13.0,5.0,Crystal Palace,1.1,3.0,1.0,1.0,D,2022-10-09,H
29208.0,4.0,19.0,1.0,60.0,0.0,12.0,2.0,Aston Villa,1.0,3.0,1.0,13.0,1.0,40.0,0.0,6.0,3.0,Nott'ham Forest,0.3,3.0,1.0,1.0,D,2022-10-10,D
17016.0,11.0,15.0,0.0,72.0,0.0,21.0,7.0,Brighton,2.0,1.0,2.0,12.0,2.0,28.0,0.0,7.0,3.0,Brentford,1.5,3.0,0.0,1.0,H,2022-10-14,H
31298.0,2.0,13.0,0.0,46.0,0.0,8.0,1.0,Crystal Palace,0.0,2.0,9.0,18.0,0.0,54.0,0.0,14.0,5.0,Leicester City,1.0,2.0,0.0,0.0,D,2022-10-15,D
22541.0,6.0,11.0,2.0,69.0,0.0,10.0,6.0,Bournemouth,1.0,0.0,5.0,9.0,2.0,31.0,0.0,19.0,4.0,Fulham,2.1,2.0,2.0,1.0,A,2022-10-15,D
31554.0,5.0,13.0,0.0,58.0,0.0,10.0,2.0,Nott'ham Forest,2.0,2.0,4.0,17.0,1.0,42.0,0.0,9.0,2.0,Wolves,1.3,2.0,0.0,0.0,D,2022-10-15,H
61812.0,1.0,13.0,0.0,62.0,0.0,4.0,0.0,Everton,0.0,4.0,7.0,12.0,2.0,38.0,0.0,21.0,7.0,Tottenham,2.2,1.0,0.0,0.0,D,2022-10-15,H
53286.0,6.0,7.0,0.0,63.0,0.0,16.0,6.0,Manchester City,1.0,1.0,5.0,10.0,1.0,37.0,0.0,13.0,2.0,Liverpool,2.1,3.0,0.0,0.0,D,2022-10-16,H
29159.0,14.0,3.0,1.0,61.0,0.0,25.0,4.0,West Ham,2.0,1.0,4.0,7.0,1.0,39.0,0.0,10.0,8.0,Southampton,0.5,1.0,0.0,1.0,H,2022-10-16,D
73726.0,4.0,11.0,0.0,63.0,0.0,9.0,2.0,Newcastle Utd,1.0,1.0,4.0,13.0,0.0,37.0,0.0,15.0,2.0,Manchester Utd,0.8,3.0,0.0,0.0,D,2022-10-16,D
41754.0,1.0,11.0,2.0,42.0,0.0,8.0,4.0,Chelsea,1.0,3.0,7.0,12.0,0.0,58.0,0.0,18.0,7.0,Aston Villa,1.8,0.0,1.0,0.0,A,2022-10-16,A
36700.0,3.0,11.0,1.0,53.0,0.0,9.0,4.0,Arsenal,1.0,2.0,6.0,10.0,0.0,47.0,0.0,16.0,4.0,Leeds United,1.8,0.0,1.0,0.0,A,2022-10-16,A
31463.0,1.0,14.0,0.0,70.0,0.0,3.0,0.0,Nott'ham Forest,0.0,1.0,9.0,10.0,0.0,30.0,0.0,19.0,7.0,Brighton,1.7,3.0,0.0,0.0,D,2022-10-18,D
25125.0,3.0,18.0,1.0,51.0,0.0,10.0,4.0,Wolves,1.0,1.0,4.0,14.0,2.0,49.0,0.0,14.0,4.0,Crystal Palace,1.2,3.0,1.0,0.0,A,2022-10-18,H
10405.0,3.0,13.0,1.0,54.0,0.0,9.0,3.0,Southampton,1.0,3.0,7.0,8.0,0.0,46.0,0.0,15.0,3.0,Bournemouth,1.0,1.0,1.0,0.0,A,2022-10-19,A
52247.0,2.0,12.0,0.0,49.0,0.0,1.0,0.0,Everton,0.0,4.0,8.0,9.0,1.0,51.0,0.0,16.0,4.0,Newcastle Utd,1.5,2.0,0.0,1.0,H,2022-10-19,H
17118.0,2.0,7.0,0.0,34.0,0.0,14.0,5.0,Chelsea,1.0,0.0,6.0,7.0,0.0,66.0,0.0,8.0,5.0,Brentford,1.3,0.0,0.0,0.0,D,2022-10-19,D
52982.0,3.0,8.0,0.0,54.0,0.0,8.0,3.0,West Ham,2.0,0.0,8.0,9.0,1.0,46.0,0.0,22.0,7.0,Liverpool,1.7,0.0,0.0,1.0,H,2022-10-19,H
73677.0,3.0,7.0,0.0,52.0,0.0,9.0,2.0,Tottenham,1.0,0.0,8.0,7.0,2.0,48.0,0.0,28.0,10.0,Manchester Utd,1.5,1.0,0.0,0.0,D,2022-10-19,H
23508.0,7.0,11.0,0.0,40.0,1.0,12.0,6.0,Aston Villa,1.0,2.0,9.0,11.0,3.0,60.0,0.0,18.0,8.0,Fulham,2.1,0.0,0.0,1.0,H,2022-10-20,H
30814.0,9.0,11.0,0.0,46.0,0.0,14.0,2.0,Leeds United,1.0,1.0,2.0,15.0,2.0,54.0,0.0,5.0,1.0,Leicester City,0.8,2.0,0.0,2.0,H,2022-10-20,H
39503.0,4.0,10.0,1.0,52.0,0.0,13.0,6.0,Manchester Utd,1.0,4.0,6.0,8.0,1.0,48.0,0.0,6.0,2.0,Chelsea,1.1,1.0,0.0,0.0,D,2022-10-22,D
53223.0,3.0,12.0,1.0,48.0,0.0,8.0,2.0,Brighton,1.0,3.0,7.0,11.0,3.0,52.0,0.0,10.0,4.0,Manchester City,1.6,1.0,0.0,2.0,H,2022-10-22,H
29245.0,11.0,8.0,0.0,75.0,0.0,15.0,7.0,Liverpool,2.0,1.0,2.0,14.0,1.0,25.0,0.0,10.0,7.0,Nott'ham Forest,1.9,2.0,0.0,0.0,D,2022-10-22,H
38939.0,4.0,14.0,0.0,54.0,0.0,9.0,2.0,Crystal Palace,1.0,4.0,3.0,16.0,3.0,46.0,0.0,9.0,6.0,Everton,1.4,3.0,0.0,1.0,H,2022-10-22,H
31425.0,2.0,13.0,4.0,60.0,0.0,5.0,4.0,Leicester City,1.0,1.0,9.0,10.0,0.0,40.0,0.0,21.0,5.0,Wolves,2.1,2.0,2.0,0.0,A,2022-10-23,A
41693.0,6.0,11.0,0.0,45.0,0.0,12.0,3.0,Brentford,1.0,0.0,7.0,14.0,4.0,55.0,0.0,19.0,11.0,Aston Villa,2.8,1.0,0.0,3.0,H,2022-10-23,H
36447.0,6.0,8.0,3.0,43.0,0.0,11.0,5.0,Fulham,2.0,1.0,3.0,12.0,2.0,57.0,0.0,14.0,5.0,Leeds United,1.6,1.0,1.0,1.0,D,2022-10-23,A
31145.0,4.0,8.0,1.0,59.0,0.0,12.0,3.0,Arsenal,1.0,1.0,9.0,11.0,1.0,41.0,0.0,10.0,3.0,Southampton,0.7,2.0,1.0,0.0,A,2022-10-23,D
61726.0,7.0,6.0,2.0,47.0,0.0,13.0,5.0,Newcastle Utd,1.0,2.0,6.0,12.0,1.0,53.0,0.0,17.0,5.0,Tottenham,1.6,4.0,2.0,0.0,A,2022-10-23,A
62447.0,0.0,11.0,0.0,55.0,0.0,5.0,3.0,Bournemouth,0.0,2.0,5.0,9.0,2.0,45.0,0.0,20.0,4.0,West Ham,1.9,0.0,0.0,1.0,H,2022-10-24,H
17051.0,6.0,17.0,1.0,58.0,1.0,14.0,4.0,Wolves,1.0,3.0,3.0,10.0,1.0,42.0,0.0,12.0,3.0,Brentford,1.4,3.0,0.0,0.0,D,2022-10-29,D
53274.0,5.0,3.0,2.0,68.0,0.0,14.0,6.0,Leeds United,2.0,1.0,14.0,9.0,1.0,32.0,0.0,22.0,10.0,Liverpool,1.7,0.0,1.0,1.0,D,2022-10-29,A
23534.0,4.0,8.0,0.0,56.0,0.0,9.0,4.0,Everton,1.0,1.0,13.0,10.0,0.0,44.0,0.0,24.0,6.0,Fulham,1.9,2.0,0.0,0.0,D,2022-10-29,D
31746.0,7.0,6.0,1.0,41.0,0.0,15.0,7.0,Chelsea,1.0,2.0,8.0,16.0,4.0,59.0,0.0,19.0,9.0,Brighton,2.4,1.0,0.0,3.0,H,2022-10-29,H
52233.0,0.0,11.0,0.0,59.0,0.0,3.0,0.0,Aston Villa,0.0,1.0,3.0,11.0,4.0,41.0,0.0,20.0,7.0,Newcastle Utd,3.4,1.0,0.0,1.0,H,2022-10-29,H
25130.0,4.0,12.0,0.0,44.0,0.0,14.0,4.0,Southampton,1.0,3.0,8.0,13.0,1.0,56.0,0.0,12.0,3.0,Crystal Palace,0.9,3.0,0.0,1.0,H,2022-10-29,H
10430.0,19.0,5.0,3.0,69.0,0.0,23.0,7.0,Tottenham,2.0,2.0,2.0,10.0,2.0,31.0,0.0,6.0,4.0,Bournemouth,0.5,1.0,0.0,1.0,H,2022-10-29,A
32223.0,10.0,10.0,1.0,64.0,0.0,15.0,5.0,Manchester City,1.0,0.0,3.0,5.0,0.0,36.0,0.0,10.0,5.0,Leicester City,0.7,0.0,0.0,0.0,D,2022-10-29,A
60263.0,4.0,8.0,0.0,69.0,0.0,5.0,2.0,Nott'ham Forest,0.0,1.0,9.0,9.0,5.0,31.0,0.0,24.0,10.0,Arsenal,2.3,0.0,0.0,1.0,H,2022-10-30,H
73682.0,10.0,10.0,0.0,53.0,0.0,13.0,5.0,West Ham,1.0,3.0,5.0,12.0,1.0,47.0,0.0,16.0,3.0,Manchester Utd,1.2,1.0,0.0,1.0,H,2022-10-30,H
28869.0,3.0,11.0,2.0,52.0,0.0,6.0,2.0,Brentford,2.0,2.0,3.0,10.0,2.0,48.0,0.0,15.0,7.0,Nott'ham Forest,1.5,2.0,1.0,1.0,D,2022-11-05,D
52395.0,0.0,11.0,1.0,70.0,0.0,4.0,2.0,Fulham,1.0,4.0,9.0,6.0,2.0,30.0,1.0,16.0,5.0,Manchester City,2.1,2.0,1.0,1.0,D,2022-11-05,H
39206.0,3.0,5.0,2.0,49.0,0.0,22.0,8.0,Leicester City,2.0,0.0,8.0,9.0,0.0,51.0,0.0,12.0,2.0,Everton,1.2,0.0,1.0,0.0,A,2022-11-05,A
36304.0,3.0,10.0,3.0,40.0,0.0,9.0,6.0,Bournemouth,2.0,2.0,13.0,16.0,4.0,60.0,0.0,18.0,4.0,Leeds United,2.2,2.0,2.0,1.0,A,2022-11-05,H
30732.0,9.0,11.0,3.0,71.0,0.0,19.0,8.0,Brighton,2.0,0.0,4.0,15.0,2.0,29.0,1.0,8.0,5.0,Wolves,1.2,2.0,2.0,2.0,D,2022-11-05,A
40142.0,6.0,13.0,1.0,55.0,0.0,14.0,2.0,Arsenal,2.0,2.0,4.0,20.0,0.0,45.0,0.0,5.0,1.0,Chelsea,0.3,5.0,0.0,0.0,D,2022-11-06,A
30402.0,2.0,10.0,4.0,45.0,0.0,7.0,4.0,Newcastle Utd,1.0,0.0,8.0,7.0,1.0,55.0,0.0,16.0,5.0,Southampton,1.7,1.0,1.0,0.0,A,2022-11-06,A
62451.0,5.0,7.0,2.0,58.0,0.0,15.0,6.0,Crystal Palace,1.0,1.0,2.0,10.0,1.0,42.0,0.0,5.0,2.0,West Ham,0.3,1.0,1.0,1.0,D,2022-11-06,A
42058.0,5.0,12.0,1.0,58.0,0.0,8.0,3.0,Manchester Utd,1.0,3.0,3.0,6.0,3.0,42.0,0.0,6.0,4.0,Aston Villa,0.6,3.0,1.0,2.0,H,2022-11-06,H
62008.0,3.0,8.0,2.0,53.0,0.0,13.0,6.0,Liverpool,1.0,0.0,5.0,10.0,1.0,47.0,0.0,14.0,5.0,Tottenham,1.2,0.0,2.0,0.0,A,2022-11-06,A
53331.0,0.0,8.0,1.0,60.0,0.0,9.0,5.0,Southampton,1.0,2.0,6.0,8.0,3.0,40.0,0.0,15.0,7.0,Liverpool,1.9,0.0,1.0,3.0,H,2022-11-12,H
52264.0,3.0,11.0,0.0,49.0,0.0,5.0,2.0,Chelsea,0.0,2.0,5.0,14.0,1.0,51.0,0.0,10.0,3.0,Newcastle Utd,1.0,3.0,0.0,0.0,D,2022-11-12,H
10382.0,5.0,8.0,0.0,36.0,0.0,15.0,3.0,Everton,1.0,0.0,3.0,12.0,3.0,64.0,0.0,16.0,9.0,Bournemouth,2.4,2.0,0.0,2.0,H,2022-11-12,H
34624.0,4.0,6.0,2.0,62.0,0.0,14.0,4.0,Arsenal,2.0,2.0,6.0,5.0,0.0,38.0,0.0,11.0,2.0,Wolves,0.7,3.0,0.0,0.0,D,2022-11-12,A
62459.0,2.0,8.0,2.0,54.0,0.0,9.0,6.0,Leicester City,2.0,1.0,7.0,9.0,0.0,46.0,0.0,18.0,6.0,West Ham,1.4,3.0,1.0,0.0,A,2022-11-12,A
61667.0,2.0,7.0,3.0,55.0,1.0,12.0,5.0,Leeds United,1.0,1.0,9.0,8.0,4.0,45.0,0.0,14.0,8.0,Tottenham,1.8,1.0,2.0,1.0,A,2022-11-12,H
52786.0,2.0,7.0,2.0,74.0,0.0,10.0,8.0,Brentford,1.0,2.0,10.0,9.0,1.0,26.0,0.0,29.0,6.0,Manchester City,1.6,2.0,1.0,1.0,D,2022-11-12,A
29045.0,5.0,13.0,0.0,68.0,0.0,8.0,0.0,Crystal Palace,1.0,4.0,1.0,11.0,1.0,32.0,0.0,9.0,2.0,Nott'ham Forest,1.1,1.0,0.0,0.0,D,2022-11-12,H
31581.0,4.0,11.0,2.0,65.0,0.0,8.0,2.0,Aston Villa,2.0,7.0,11.0,14.0,1.0,35.0,0.0,7.0,2.0,Brighton,0.6,2.0,1.0,1.0,D,2022-11-13,A
24246.0,3.0,10.0,2.0,47.0,0.0,14.0,9.0,Manchester Utd,3.0,1.0,10.0,9.0,1.0,53.0,0.0,14.0,7.0,Fulham,1.4,1.0,1.0,0.0,A,2022-11-13,A
60125.0,5.0,17.0,1.0,66.0,0.0,8.0,4.0,West Ham,1.0,2.0,7.0,13.0,3.0,34.0,0.0,16.0,5.0,Arsenal,2.1,0.0,1.0,0.0,A,2022-12-26,H
42085.0,6.0,12.0,3.0,52.0,0.0,16.0,9.0,Liverpool,3.0,0.0,0.0,7.0,1.0,48.0,0.0,12.0,6.0,Aston Villa,1.4,0.0,2.0,0.0,A,2022-12-26,A
32185.0,5.0,6.0,3.0,40.0,0.0,12.0,5.0,Newcastle Utd,2.0,0.0,5.0,9.0,0.0,60.0,0.0,8.0,2.0,Leicester City,0.5,0.0,3.0,0.0,A,2022-12-26,A
31010.0,2.0,10.0,3.0,66.0,0.0,7.0,4.0,Brighton,1.0,2.0,4.0,9.0,1.0,34.0,0.0,14.0,4.0,Southampton,1.9,1.0,2.0,0.0,A,2022-12-26,A
25176.0,8.0,15.0,3.0,64.0,0.0,23.0,11.0,Fulham,3.0,0.0,1.0,12.0,0.0,36.0,2.0,4.0,0.0,Crystal Palace,0.4,0.0,1.0,0.0,A,2022-12-26,A
17137.0,5.0,10.0,2.0,61.0,0.0,16.0,8.0,Tottenham,1.0,1.0,6.0,11.0,2.0,39.0,0.0,9.0,5.0,Brentford,2.0,3.0,0.0,1.0,H,2022-12-26,D
39252.0,2.0,22.0,2.0,42.0,0.0,7.0,4.0,Wolves,1.0,6.0,2.0,9.0,1.0,58.0,0.0,12.0,6.0,Everton,1.7,1.0,1.0,1.0,D,2022-12-26,A
40046.0,8.0,10.0,0.0,60.0,0.0,9.0,4.0,Bournemouth,1.0,0.0,6.0,8.0,2.0,40.0,0.0,15.0,5.0,Chelsea,1.8,0.0,0.0,2.0,H,2022-12-27,H
73608.0,9.0,4.0,0.0,65.0,0.0,8.0,3.0,Nott'ham Forest,1.0,1.0,9.0,13.0,3.0,35.0,0.0,17.0,8.0,Manchester Utd,2.4,3.0,0.0,2.0,H,2022-12-27,H
36889.0,5.0,14.0,3.0,69.0,0.0,26.0,9.0,Manchester City,4.0,3.0,3.0,11.0,1.0,31.0,0.0,9.0,1.0,Leeds United,0.6,3.0,1.0,0.0,A,2022-12-28,A
62467.0,1.0,5.0,2.0,37.0,0.0,9.0,6.0,Brentford,2.0,0.0,8.0,9.0,0.0,63.0,0.0,20.0,5.0,West Ham,1.3,1.0,2.0,0.0,A,2022-12-30,A
53343.0,5.0,15.0,1.0,57.0,0.0,7.0,2.0,Leicester City,1.0,1.0,4.0,8.0,2.0,43.0,0.0,21.0,5.0,Liverpool,2.2,0.0,1.0,2.0,H,2022-12-30,H
31647.0,4.0,11.0,4.0,32.0,0.0,14.0,7.0,Arsenal,3.0,3.0,7.0,7.0,2.0,68.0,0.0,9.0,5.0,Brighton,1.2,3.0,2.0,0.0,A,2022-12-31,A
9972.0,7.0,11.0,2.0,41.0,0.0,15.0,6.0,Crystal Palace,2.0,1.0,2.0,17.0,0.0,59.0,0.0,6.0,2.0,Bournemouth,0.6,4.0,2.0,0.0,A,2022-12-31,A
53444.0,1.0,14.0,1.0,74.0,0.0,2.0,1.0,Everton,0.0,4.0,7.0,13.0,1.0,26.0,0.0,16.0,3.0,Manchester City,1.7,3.0,0.0,1.0,H,2022-12-31,D
52211.0,3.0,19.0,0.0,60.0,0.0,8.0,1.0,Leeds United,0.0,5.0,9.0,13.0,0.0,40.0,0.0,16.0,5.0,Newcastle Utd,2.2,3.0,0.0,0.0,D,2022-12-31,D
31658.0,5.0,11.0,1.0,54.0,0.0,16.0,6.0,Manchester Utd,2.0,3.0,7.0,11.0,0.0,46.0,0.0,10.0,3.0,Wolves,0.7,1.0,0.0,0.0,D,2022-12-31,A
24344.0,4.0,13.0,1.0,62.0,0.0,9.0,3.0,Southampton,1.0,1.0,4.0,8.0,2.0,38.0,0.0,8.0,2.0,Fulham,1.5,0.0,0.0,1.0,H,2022-12-31,H
61651.0,3.0,10.0,2.0,41.0,0.0,13.0,4.0,Aston Villa,1.0,3.0,5.0,15.0,0.0,59.0,0.0,6.0,2.0,Tottenham,0.7,4.0,0.0,0.0,D,2023-01-01,A
29229.0,2.0,14.0,1.0,71.0,0.0,7.0,2.0,Chelsea,1.0,2.0,1.0,16.0,1.0,29.0,0.0,12.0,5.0,Nott'ham Forest,1.4,2.0,1.0,0.0,A,2023-01-01,D
17163.0,9.0,8.0,1.0,72.0,0.0,16.0,6.0,Liverpool,1.0,3.0,4.0,5.0,3.0,28.0,0.0,10.0,7.0,Brentford,1.6,1.0,0.0,2.0,H,2023-01-02,H
30813.0,3.0,11.0,1.0,39.0,0.0,11.0,2.0,Fulham,2.0,6.0,6.0,12.0,0.0,61.0,0.0,15.0,6.0,Leicester City,1.7,2.0,1.0,0.0,A,2023-01-03,A
39103.0,2.0,10.0,4.0,51.0,0.0,19.0,8.0,Brighton,2.0,1.0,5.0,8.0,1.0,49.0,0.0,10.0,4.0,Everton,1.3,3.0,1.0,0.0,A,2023-01-03,A
60319.0,5.0,16.0,0.0,66.0,0.0,8.0,1.0,Newcastle Utd,1.0,4.0,5.0,10.0,0.0,34.0,0.0,17.0,4.0,Arsenal,1.1,4.0,0.0,0.0,D,2023-01-03,D
73322.0,5.0,7.0,0.0,58.0,0.0,7.0,4.0,Bournemouth,1.0,3.0,6.0,13.0,3.0,42.0,0.0,18.0,6.0,Manchester Utd,2.2,0.0,0.0,1.0,H,2023-01-03,H
39978.0,8.0,12.0,1.0,56.0,0.0,10.0,3.0,Wolves,1.0,3.0,7.0,6.0,1.0,44.0,0.0,13.0,4.0,Aston Villa,1.8,1.0,1.0,0.0,A,2023-01-04,D
25132.0,4.0,8.0,4.0,53.0,0.0,14.0,6.0,Tottenham,1.0,2.0,10.0,11.0,0.0,47.0,0.0,19.0,4.0,Crystal Palace,0.8,1.0,0.0,0.0,D,2023-01-04,A
36173.0,1.0,18.0,2.0,38.0,0.0,15.0,2.0,West Ham,1.0,1.0,8.0,11.0,2.0,62.0,0.0,14.0,6.0,Leeds United,1.6,3.0,1.0,1.0,D,2023-01-04,D
30150.0,2.0,17.0,1.0,37.0,0.0,11.0,1.0,Nott'ham Forest,1.0,2.0,6.0,14.0,0.0,63.0,0.0,8.0,0.0,Southampton,0.5,2.0,1.0,0.0,A,2023-01-04,A
39998.0,2.0,9.0,1.0,52.0,0.0,12.0,3.0,Manchester City,2.0,0.0,3.0,9.0,0.0,48.0,0.0,8.0,2.0,Chelsea,0.4,2.0,0.0,0.0,D,2023-01-05,A
24460.0,7.0,16.0,1.0,48.0,1.0,20.0,10.0,Chelsea,2.0,3.0,5.0,12.0,2.0,52.0,0.0,8.0,3.0,Fulham,1.0,4.0,0.0,1.0,H,2023-01-12,H
42008.0,11.0,8.0,1.0,52.0,0.0,16.0,4.0,Leeds United,2.0,2.0,0.0,12.0,2.0,48.0,0.0,11.0,5.0,Aston Villa,1.2,2.0,0.0,1.0,H,2023-01-13,H
17031.0,3.0,9.0,0.0,50.0,0.0,7.0,2.0,Bournemouth,1.0,1.0,5.0,5.0,2.0,50.0,0.0,12.0,4.0,Brentford,1.4,1.0,0.0,1.0,H,2023-01-14,H
75546.0,2.0,5.0,1.0,70.0,0.0,5.0,1.0,Manchester City,1.0,0.0,1.0,15.0,2.0,30.0,0.0,8.0,4.0,Manchester Utd,1.7,3.0,0.0,0.0,D,2023-01-14,H
29301.0,5.0,12.0,0.0,39.0,0.0,6.0,1.0,Leicester City,1.0,2.0,3.0,11.0,2.0,61.0,0.0,15.0,5.0,Nott'ham Forest,2.4,1.0,0.0,0.0,D,2023-01-14,H
31511.0,3.0,7.0,0.0,58.0,0.0,16.0,4.0,West Ham,1.0,2.0,4.0,10.0,1.0,42.0,0.0,17.0,4.0,Wolves,0.9,0.0,0.0,0.0,D,2023-01-14,H
31645.0,1.0,15.0,0.0,39.0,0.0,6.0,2.0,Liverpool,1.0,3.0,7.0,8.0,3.0,61.0,0.0,16.0,9.0,Brighton,1.9,1.0,0.0,0.0,D,2023-01-14,H
39305.0,4.0,19.0,2.0,52.0,0.0,13.0,5.0,Southampton,1.0,3.0,6.0,7.0,1.0,48.0,0.0,12.0,4.0,Everton,1.4,0.0,0.0,1.0,H,2023-01-14,A
40075.0,7.0,17.0,0.0,39.0,0.0,10.0,5.0,Crystal Palace,1.0,5.0,11.0,10.0,1.0,61.0,0.0,15.0,5.0,Chelsea,1.5,2.0,0.0,0.0,D,2023-01-15,H
61870.0,3.0,15.0,2.0,49.0,0.0,14.0,5.0,Arsenal,2.0,2.0,4.0,16.0,0.0,51.0,0.0,17.0,7.0,Tottenham,1.6,4.0,2.0,0.0,A,2023-01-15,A
52247.0,5.0,14.0,0.0,62.0,0.0,5.0,0.0,Fulham,1.0,3.0,10.0,6.0,1.0,38.0,0.0,20.0,5.0,Newcastle Utd,2.2,1.0,0.0,0.0,D,2023-01-15,H
23343.0,3.0,10.0,1.0,60.0,0.0,15.0,4.0,Manchester Utd,2.0,2.0,3.0,9.0,1.0,40.0,0.0,10.0,5.0,Crystal Palace,0.5,1.0,1.0,0.0,A,2023-01-18,D
53088.0,3.0,14.0,2.0,58.0,0.0,9.0,3.0,Tottenham,1.0,2.0,8.0,10.0,4.0,42.0,0.0,16.0,6.0,Manchester City,2.3,1.0,2.0,0.0,A,2023-01-19,H
53126.0,5.0,9.0,0.0,48.0,0.0,11.0,2.0,Chelsea,2.0,1.0,5.0,16.0,0.0,52.0,0.0,15.0,3.0,Liverpool,1.4,3.0,0.0,0.0,D,2023-01-21,D
30158.0,2.0,9.0,1.0,63.0,0.0,16.0,5.0,Aston Villa,1.0,2.0,2.0,19.0,0.0,37.0,0.0,8.0,5.0,Southampton,0.6,1.0,0.0,0.0,D,2023-01-21,A
10248.0,6.0,7.0,1.0,43.0,0.0,20.0,5.0,Nott'ham Forest,2.0,2.0,4.0,10.0,1.0,57.0,0.0,16.0,4.0,Bournemouth,1.4,1.0,0.0,1.0,H,2023-01-21,D
32056.0,6.0,9.0,2.0,63.0,0.0,13.0,4.0,Brighton,2.0,1.0,5.0,9.0,2.0,37.0,0.0,9.0,2.0,Leicester City,0.9,0.0,1.0,1.0,D,2023-01-21,D
62470.0,9.0,6.0,0.0,33.0,0.0,5.0,2.0,Everton,1.0,1.0,4.0,9.0,2.0,67.0,0.0,11.0,4.0,West Ham,2.2,1.0,0.0,2.0,H,2023-01-21,H
25350.0,15.0,7.0,0.0,60.0,0.0,16.0,7.0,Newcastle Utd,1.0,2.0,3.0,13.0,0.0,40.0,0.0,6.0,1.0,Crystal Palace,0.3,4.0,0.0,0.0,D,2023-01-21,D
36260.0,3.0,18.0,0.0,42.0,0.0,6.0,0.0,Brentford,0.0,2.0,2.0,10.0,0.0,58.0,0.0,9.0,5.0,Leeds United,0.5,2.0,0.0,0.0,D,2023-01-22,D
53282.0,7.0,10.0,0.0,55.0,0.0,10.0,1.0,Wolves,1.0,2.0,5.0,10.0,3.0,45.0,0.0,13.0,7.0,Manchester City,2.8,1.0,0.0,1.0,H,2023-01-22,H
60325.0,4.0,9.0,2.0,57.0,0.0,6.0,4.0,Manchester Utd,0.0,2.0,12.0,8.0,3.0,43.0,0.0,25.0,5.0,Arsenal,3.1,1.0,1.0,1.0,D,2023-01-22,H
24190.0,8.0,10.0,1.0,46.0,0.0,10.0,3.0,Tottenham,1.0,3.0,3.0,10.0,0.0,54.0,0.0,10.0,5.0,Fulham,1.0,1.0,1.0,0.0,A,2023-01-23,A
40041.0,2.0,12.0,0.0,34.0,0.0,10.0,4.0,Fulham,1.0,4.0,6.0,16.0,0.0,66.0,0.0,12.0,3.0,Chelsea,1.3,1.0,0.0,0.0,D,2023-02-03,D
39314.0,5.0,8.0,0.0,70.0,0.0,15.0,3.0,Arsenal,1.0,1.0,7.0,13.0,1.0,30.0,0.0,12.0,4.0,Everton,1.7,4.0,0.0,0.0,D,2023-02-04,H
17051.0,4.0,9.0,0.0,49.0,0.0,14.0,6.0,Southampton,1.0,2.0,4.0,10.0,3.0,51.0,0.0,14.0,4.0,Brentford,2.0,1.0,0.0,2.0,H,2023-02-04,H
31664.0,7.0,7.0,0.0,59.0,0.0,22.0,4.0,Liverpool,2.0,1.0,2.0,9.0,3.0,41.0,0.0,12.0,6.0,Wolves,2.0,1.0,0.0,2.0,H,2023-02-04,H
73420.0,5.0,9.0,1.0,52.0,0.0,10.0,3.0,Crystal Palace,1.0,2.0,5.0,9.0,2.0,48.0,1.0,14.0,5.0,Manchester Utd,2.0,1.0,0.0,1.0,H,2023-02-04,H
42055.0,3.0,10.0,4.0,62.0,0.0,9.0,5.0,Leicester City,3.0,2.0,11.0,10.0,2.0,38.0,0.0,19.0,4.0,Aston Villa,1.7,0.0,3.0,2.0,A,2023-02-04,A
31600.0,3.0,7.0,0.0,71.0,0.0,12.0,2.0,Bournemouth,1.0,1.0,7.0,14.0,1.0,29.0,0.0,20.0,6.0,Brighton,2.2,3.0,0.0,0.0,D,2023-02-04,H
52256.0,2.0,13.0,1.0,62.0,0.0,10.0,1.0,West Ham,1.0,1.0,4.0,11.0,1.0,38.0,0.0,8.0,2.0,Newcastle Utd,1.0,2.0,1.0,1.0,D,2023-02-04,D
29363.0,2.0,14.0,0.0,30.0,0.0,10.0,4.0,Leeds United,1.0,2.0,0.0,15.0,1.0,70.0,0.0,6.0,2.0,Nott'ham Forest,0.4,4.0,0.0,1.0,H,2023-02-05,H
61747.0,6.0,14.0,0.0,64.0,0.0,15.0,5.0,Manchester City,1.0,3.0,4.0,19.0,1.0,36.0,1.0,12.0,3.0,Tottenham,1.4,2.0,0.0,1.0,H,2023-02-05,H
73456.0,5.0,11.0,2.0,66.0,0.0,8.0,2.0,Leeds United,1.0,3.0,6.0,7.0,2.0,34.0,0.0,24.0,7.0,Manchester Utd,2.0,1.0,1.0,0.0,A,2023-02-08,D
10419.0,6.0,10.0,1.0,66.0,0.0,15.0,7.0,Newcastle Utd,1.0,3.0,4.0,8.0,1.0,34.0,0.0,11.0,5.0,Bournemouth,1.5,2.0,1.0,1.0,D,2023-02-11,D
29751.0,2.0,14.0,2.0,59.0,1.0,11.0,2.0,Wolves,1.0,2.0,5.0,12.0,1.0,41.0,0.0,17.0,2.0,Southampton,1.1,2.0,0.0,1.0,H,2023-02-11,A
24827.0,6.0,11.0,1.0,73.0,0.0,17.0,7.0,Brighton,3.0,1.0,1.0,10.0,1.0,27.0,0.0,6.0,1.0,Crystal Palace,1.1,4.0,0.0,0.0,D,2023-02-11,D
62471.0,6.0,11.0,1.0,71.0,0.0,12.0,4.0,Chelsea,1.0,1.0,5.0,9.0,1.0,29.0,0.0,10.0,2.0,West Ham,1.3,1.0,1.0,1.0,D,2023-02-11,D
32184.0,5.0,9.0,1.0,51.0,0.0,11.0,4.0,Tottenham,1.0,2.0,1.0,14.0,4.0,49.0,0.0,15.0,7.0,Leicester City,1.7,5.0,1.0,3.0,H,2023-02-11,H
60254.0,4.0,9.0,1.0,69.0,0.0,9.0,2.0,Brentford,2.0,2.0,7.0,9.0,1.0,31.0,0.0,23.0,7.0,Arsenal,1.6,0.0,0.0,0.0,D,2023-02-11,D
24244.0,4.0,11.0,0.0,50.0,0.0,10.0,1.0,Nott'ham Forest,1.0,1.0,5.0,9.0,2.0,50.0,0.0,16.0,3.0,Fulham,1.5,0.0,0.0,1.0,H,2023-02-11,H
36919.0,3.0,13.0,2.0,66.0,0.0,11.0,5.0,Manchester Utd,1.0,1.0,7.0,10.0,0.0,34.0,0.0,16.0,6.0,Leeds United,1.8,2.0,0.0,0.0,D,2023-02-12,A
53392.0,4.0,14.0,1.0,67.0,0.0,6.0,2.0,Aston Villa,0.0,2.0,8.0,13.0,3.0,33.0,0.0,17.0,9.0,Manchester City,3.3,1.0,0.0,3.0,H,2023-02-12,H
53027.0,3.0,16.0,0.0,59.0,0.0,6.0,1.0,Everton,0.0,3.0,3.0,8.0,2.0,41.0,0.0,15.0,6.0,Liverpool,2.3,1.0,0.0,1.0,H,2023-02-13,H
60276.0,3.0,15.0,3.0,37.0,0.0,9.0,6.0,Manchester City,2.0,3.0,1.0,11.0,1.0,63.0,0.0,10.0,1.0,Arsenal,1.6,2.0,1.0,1.0,D,2023-02-15,A
52758.0,7.0,8.0,2.0,38.0,0.0,13.0,7.0,Liverpool,2.0,1.0,6.0,3.0,0.0,62.0,1.0,14.0,4.0,Newcastle Utd,2.0,1.0,2.0,0.0,A,2023-02-18,A
29365.0,10.0,6.0,1.0,73.0,0.0,26.0,6.0,Manchester City,2.0,0.0,0.0,8.0,1.0,27.0,0.0,4.0,1.0,Nott'ham Forest,0.9,1.0,1.0,0.0,A,2023-02-18,D
31222.0,2.0,10.0,1.0,68.0,0.0,5.0,1.0,Bournemouth,1.0,3.0,12.0,12.0,0.0,32.0,0.0,15.0,4.0,Wolves,1.3,3.0,0.0,0.0,D,2023-02-18,A
40152.0,2.0,24.0,1.0,62.0,0.0,8.0,5.0,Southampton,1.0,6.0,8.0,16.0,0.0,38.0,0.0,17.0,5.0,Chelsea,1.6,3.0,1.0,0.0,A,2023-02-18,A
39232.0,4.0,6.0,0.0,51.0,0.0,8.0,0.0,Leeds United,1.0,3.0,6.0,8.0,1.0,49.0,0.0,15.0,6.0,Everton,1.4,2.0,0.0,0.0,D,2023-02-18,H
31619.0,2.0,14.0,1.0,65.0,0.0,5.0,2.0,Fulham,0.0,5.0,10.0,12.0,0.0,35.0,0.0,21.0,7.0,Brighton,2.2,0.0,0.0,0.0,D,2023-02-18,A
42066.0,9.0,4.0,4.0,67.0,0.0,20.0,5.0,Arsenal,3.0,1.0,2.0,13.0,2.0,33.0,0.0,7.0,5.0,Aston Villa,0.5,2.0,1.0,2.0,H,2023-02-18,A
17122.0,6.0,8.0,1.0,59.0,0.0,10.0,4.0,Crystal Palace,1.0,2.0,2.0,10.0,1.0,41.0,0.0,12.0,5.0,Brentford,0.9,2.0,0.0,0.0,D,2023-02-18,D
73578.0,6.0,9.0,0.0,57.0,0.0,19.0,3.0,Leicester City,2.0,2.0,6.0,9.0,3.0,43.0,0.0,26.0,8.0,Manchester Utd,4.4,0.0,0.0,1.0,H,2023-02-19,H
61476.0,7.0,10.0,0.0,57.0,0.0,6.0,1.0,West Ham,1.0,1.0,4.0,16.0,2.0,43.0,0.0,16.0,6.0,Tottenham,1.5,2.0,0.0,0.0,D,2023-02-19,H
24399.0,3.0,17.0,1.0,51.0,0.0,8.0,2.0,Wolves,1.0,0.0,4.0,12.0,1.0,49.0,0.0,10.0,5.0,Fulham,0.5,2.0,1.0,0.0,A,2023-02-24,D
10481.0,6.0,9.0,4.0,65.0,0.0,20.0,5.0,Manchester City,2.0,2.0,4.0,10.0,1.0,35.0,0.0,13.0,2.0,Bournemouth,1.0,2.0,3.0,0.0,A,2023-02-25,A
25842.0,3.0,14.0,0.0,63.0,0.0,12.0,4.0,Liverpool,1.0,5.0,5.0,11.0,0.0,37.0,0.0,6.0,0.0,Crystal Palace,0.7,2.0,0.0,0.0,D,2023-02-25,D
62469.0,3.0,5.0,0.0,49.0,0.0,8.0,3.0,Nott'ham Forest,0.0,0.0,12.0,8.0,4.0,51.0,0.0,18.0,5.0,West Ham,2.7,0.0,0.0,0.0,D,2023-02-25,H
32227.0,8.0,9.0,1.0,65.0,0.0,10.0,2.0,Arsenal,1.0,1.0,0.0,14.0,0.0,35.0,0.0,1.0,0.0,Leicester City,0.0,0.0,0.0,0.0,D,2023-02-25,A
39309.0,1.0,12.0,2.0,53.0,0.0,9.0,5.0,Aston Villa,2.0,1.0,5.0,12.0,0.0,47.0,0.0,15.0,5.0,Everton,1.6,2.0,0.0,0.0,D,2023-02-25,A
36641.0,2.0,13.0,0.0,61.0,0.0,8.0,2.0,Southampton,0.0,4.0,9.0,15.0,1.0,39.0,0.0,14.0,4.0,Leeds United,0.9,2.0,0.0,0.0,D,2023-02-25,H
61613.0,4.0,10.0,0.0,41.0,0.0,10.0,2.0,Chelsea,0.0,3.0,4.0,10.0,2.0,59.0,0.0,8.0,3.0,Tottenham,0.8,2.0,0.0,0.0,D,2023-02-26,H
60213.0,1.0,12.0,0.0,73.0,0.0,8.0,5.0,Everton,1.0,2.0,5.0,5.0,4.0,27.0,0.0,15.0,5.0,Arsenal,2.4,0.0,0.0,2.0,H,2023-03-01,H
53259.0,2.0,14.0,0.0,57.0,0.0,4.0,1.0,Wolves,1.0,3.0,5.0,13.0,2.0,43.0,0.0,15.0,6.0,Liverpool,2.6,2.0,0.0,0.0,D,2023-03-01,H
60222.0,1.0,8.0,2.0,79.0,0.0,4.0,4.0,Bournemouth,1.0,2.0,17.0,6.0,3.0,21.0,0.0,31.0,9.0,Arsenal,2.1,0.0,1.0,0.0,A,2023-03-04,H
31523.0,3.0,8.0,0.0,65.0,0.0,3.0,2.0,West Ham,0.0,3.0,7.0,6.0,4.0,35.0,0.0,20.0,9.0,Brighton,3.5,0.0,0.0,1.0,H,2023-03-04,H
31585.0,8.0,18.0,0.0,54.0,0.0,21.0,6.0,Tottenham,1.0,1.0,4.0,11.0,1.0,46.0,0.0,8.0,5.0,Wolves,0.5,1.0,0.0,0.0,D,2023-03-04,H
30139.0,4.0,11.0,0.0,65.0,0.0,11.0,0.0,Leicester City,2.0,2.0,3.0,12.0,1.0,35.0,0.0,11.0,5.0,Southampton,1.4,4.0,0.0,1.0,H,2023-03-04,H
39905.0,7.0,7.0,0.0,57.0,0.0,11.0,2.0,Leeds United,1.0,0.0,5.0,10.0,1.0,43.0,0.0,13.0,3.0,Chelsea,1.5,2.0,0.0,0.0,D,2023-03-04,H
53419.0,4.0,13.0,0.0,56.0,0.0,5.0,2.0,Newcastle Utd,0.0,4.0,8.0,8.0,2.0,44.0,0.0,11.0,3.0,Manchester City,1.3,2.0,0.0,1.0,H,2023-03-04,H
41893.0,4.0,17.0,0.0,58.0,1.0,3.0,0.0,Crystal Palace,0.0,3.0,2.0,14.0,1.0,42.0,0.0,8.0,1.0,Aston Villa,1.2,2.0,0.0,1.0,H,2023-03-04,H
29353.0,3.0,17.0,2.0,57.0,0.0,10.0,3.0,Everton,2.0,5.0,3.0,11.0,2.0,43.0,0.0,10.0,4.0,Nott'ham Forest,0.8,3.0,2.0,1.0,A,2023-03-05,D
53001.0,3.0,14.0,0.0,41.0,0.0,8.0,4.0,Manchester Utd,1.0,3.0,4.0,13.0,7.0,59.0,0.0,18.0,8.0,Liverpool,2.8,2.0,0.0,1.0,H,2023-03-05,H
17025.0,3.0,17.0,2.0,37.0,0.0,9.0,5.0,Fulham,1.0,3.0,2.0,12.0,3.0,63.0,0.0,14.0,6.0,Brentford,2.1,0.0,1.0,1.0,D,2023-03-06,H
10536.0,8.0,9.0,0.0,69.0,0.0,15.0,6.0,Liverpool,2.0,1.0,3.0,7.0,1.0,31.0,0.0,5.0,2.0,Bournemouth,0.9,2.0,0.0,1.0,H,2023-03-11,H
61460.0,10.0,13.0,1.0,55.0,0.0,9.0,5.0,Nott'ham Forest,2.0,1.0,2.0,13.0,3.0,45.0,0.0,15.0,7.0,Tottenham,2.0,3.0,0.0,2.0,H,2023-03-11,H
39274.0,8.0,12.0,0.0,67.0,0.0,12.0,4.0,Brentford,2.0,1.0,5.0,11.0,1.0,33.0,0.0,13.0,6.0,Everton,1.0,2.0,0.0,1.0,H,2023-03-11,H
32170.0,5.0,11.0,3.0,52.0,0.0,12.0,6.0,Chelsea,2.0,2.0,2.0,10.0,1.0,48.0,1.0,17.0,7.0,Leicester City,2.4,1.0,2.0,1.0,A,2023-03-11,A
36471.0,7.0,9.0,2.0,62.0,0.0,14.0,2.0,Brighton,3.0,1.0,4.0,12.0,2.0,38.0,0.0,12.0,4.0,Leeds United,0.9,1.0,1.0,1.0,D,2023-03-11,D
25844.0,6.0,17.0,1.0,67.0,0.0,14.0,4.0,Manchester City,2.0,2.0,2.0,11.0,0.0,33.0,0.0,4.0,0.0,Crystal Palace,0.2,2.0,0.0,0.0,D,2023-03-11,A
52240.0,3.0,10.0,1.0,43.0,0.0,7.0,4.0,Wolves,1.0,2.0,10.0,11.0,2.0,57.0,0.0,19.0,8.0,Newcastle Utd,1.8,1.0,0.0,1.0,H,2023-03-12,H
73439.0,8.0,9.0,0.0,47.0,0.0,17.0,4.0,Southampton,1.0,0.0,7.0,12.0,0.0,53.0,0.0,10.0,4.0,Manchester Utd,0.8,2.0,0.0,0.0,D,2023-03-12,D
24426.0,8.0,9.0,3.0,55.0,0.0,15.0,7.0,Arsenal,2.0,1.0,4.0,10.0,0.0,45.0,0.0,12.0,2.0,Fulham,0.8,0.0,3.0,0.0,A,2023-03-12,A
62472.0,2.0,6.0,1.0,59.0,0.0,12.0,4.0,Aston Villa,2.0,0.0,13.0,8.0,1.0,41.0,0.0,17.0,6.0,West Ham,2.1,1.0,1.0,1.0,D,2023-03-12,D
30438.0,3.0,10.0,2.0,34.0,0.0,11.0,5.0,Brentford,2.0,2.0,3.0,14.0,0.0,66.0,0.0,7.0,1.0,Southampton,0.5,1.0,1.0,0.0,A,2023-03-15,A
30933.0,4.0,20.0,0.0,57.0,0.0,11.0,3.0,Crystal Palace,1.0,2.0,1.0,13.0,1.0,43.0,0.0,11.0,5.0,Brighton,0.6,1.0,0.0,1.0,H,2023-03-15,H
29362.0,7.0,9.0,2.0,61.0,0.0,15.0,4.0,Newcastle Utd,2.0,1.0,3.0,17.0,1.0,39.0,0.0,5.0,3.0,Nott'ham Forest,0.4,5.0,1.0,1.0,D,2023-03-17,A
40025.0,2.0,12.0,2.0,68.0,0.0,12.0,3.0,Everton,1.0,2.0,8.0,8.0,2.0,32.0,0.0,20.0,7.0,Chelsea,2.3,2.0,0.0,0.0,D,2023-03-18,D
31570.0,4.0,9.0,4.0,65.0,0.0,11.0,4.0,Leeds United,2.0,5.0,5.0,15.0,2.0,35.0,1.0,23.0,8.0,Wolves,2.7,3.0,1.0,0.0,A,2023-03-18,A
17006.0,4.0,11.0,1.0,53.0,0.0,14.0,1.0,Leicester City,1.0,2.0,8.0,10.0,1.0,47.0,1.0,11.0,2.0,Brentford,0.6,1.0,0.0,1.0,H,2023-03-18,D
41021.0,6.0,13.0,0.0,56.0,0.0,10.0,3.0,Bournemouth,1.0,4.0,9.0,8.0,3.0,44.0,0.0,20.0,9.0,Aston Villa,3.5,1.0,0.0,1.0,H,2023-03-18,H
30157.0,3.0,8.0,3.0,49.0,0.0,17.0,3.0,Tottenham,2.0,1.0,10.0,13.0,3.0,51.0,0.0,19.0,7.0,Southampton,2.4,1.0,1.0,0.0,A,2023-03-18,D
60247.0,4.0,10.0,1.0,62.0,0.0,8.0,4.0,Crystal Palace,1.0,1.0,5.0,8.0,4.0,38.0,0.0,15.0,5.0,Arsenal,1.6,0.0,0.0,2.0,H,2023-03-19,H
52877.0,1.0,12.0,1.0,68.0,0.0,4.0,1.0,Liverpool,0.0,1.0,7.0,9.0,4.0,32.0,0.0,17.0,8.0,Manchester City,2.9,1.0,1.0,1.0,D,2023-04-01,H
60283.0,3.0,13.0,1.0,66.0,0.0,7.0,5.0,Leeds United,1.0,2.0,4.0,11.0,4.0,34.0,0.0,13.0,6.0,Arsenal,3.8,0.0,0.0,1.0,H,2023-04-01,H
10305.0,3.0,13.0,1.0,57.0,0.0,10.0,2.0,Fulham,1.0,4.0,4.0,15.0,2.0,43.0,0.0,12.0,7.0,Bournemouth,2.6,1.0,1.0,0.0,A,2023-04-01,H
25147.0,1.0,16.0,1.0,52.0,0.0,3.0,2.0,Leicester City,0.0,4.0,10.0,12.0,2.0,48.0,0.0,31.0,9.0,Crystal Palace,2.3,3.0,0.0,0.0,D,2023-04-01,H
31493.0,0.0,10.0,3.0,72.0,0.0,7.0,5.0,Brentford,2.0,1.0,14.0,16.0,3.0,28.0,0.0,33.0,15.0,Brighton,4.2,2.0,2.0,2.0,D,2023-04-01,D
29368.0,3.0,13.0,1.0,71.0,0.0,8.0,1.0,Wolves,1.0,5.0,4.0,14.0,1.0,29.0,0.0,17.0,7.0,Nott'ham Forest,1.3,3.0,0.0,1.0,H,2023-04-01,D
40082.0,2.0,16.0,2.0,31.0,0.0,5.0,2.0,Aston Villa,1.0,3.0,13.0,14.0,0.0,69.0,0.0,27.0,8.0,Chelsea,2.1,3.0,1.0,0.0,A,2023-04-01,A
62498.0,3.0,11.0,0.0,43.0,0.0,9.0,3.0,Southampton,0.0,2.0,5.0,10.0,1.0,57.0,0.0,12.0,2.0,West Ham,1.4,0.0,0.0,1.0,H,2023-04-02,H
52268.0,4.0,12.0,0.0,54.0,0.0,6.0,1.0,Manchester Utd,0.0,0.0,7.0,8.0,2.0,46.0,0.0,22.0,6.0,Newcastle Utd,3.7,0.0,0.0,0.0,D,2023-04-02,H
39294.0,3.0,14.0,1.0,61.0,1.0,8.0,2.0,Tottenham,1.0,3.0,3.0,10.0,1.0,39.0,1.0,15.0,6.0,Everton,0.9,0.0,0.0,0.0,D,2023-04-03,D
36740.0,4.0,13.0,1.0,39.0,0.0,13.0,1.0,Nott'ham Forest,1.0,4.0,11.0,11.0,2.0,61.0,0.0,21.0,6.0,Leeds United,1.8,1.0,1.0,2.0,H,2023-04-04,H
32087.0,8.0,14.0,2.0,64.0,0.0,15.0,5.0,Aston Villa,1.0,0.0,4.0,10.0,1.0,36.0,1.0,9.0,4.0,Leicester City,0.5,2.0,1.0,1.0,D,2023-04-04,A
10266.0,5.0,5.0,2.0,63.0,0.0,16.0,6.0,Brighton,3.0,1.0,5.0,11.0,0.0,37.0,0.0,14.0,3.0,Bournemouth,1.7,1.0,1.0,0.0,A,2023-04-04,A
40093.0,5.0,17.0,0.0,51.0,0.0,7.0,4.0,Liverpool,0.0,4.0,3.0,6.0,0.0,49.0,0.0,12.0,3.0,Chelsea,2.2,1.0,0.0,0.0,D,2023-04-04,D
62481.0,6.0,12.0,5.0,58.0,0.0,15.0,8.0,Newcastle Utd,3.0,1.0,7.0,11.0,1.0,42.0,0.0,7.0,2.0,West Ham,1.0,2.0,2.0,1.0,A,2023-04-05,A
73309.0,3.0,13.0,0.0,64.0,0.0,6.0,1.0,Brentford,1.0,2.0,12.0,8.0,1.0,36.0,0.0,18.0,3.0,Manchester Utd,1.2,3.0,0.0,1.0,H,2023-04-05,H
30963.0,10.0,10.0,4.0,73.0,0.0,13.0,8.0,Manchester City,3.0,2.0,0.0,6.0,1.0,27.0,0.0,4.0,1.0,Southampton,0.4,0.0,1.0,0.0,A,2023-04-08,A
42076.0,8.0,17.0,0.0,63.0,0.0,6.0,2.0,Nott'ham Forest,0.0,4.0,1.0,7.0,2.0,37.0,0.0,8.0,3.0,Aston Villa,1.3,3.0,0.0,0.0,D,2023-04-08,H
17107.0,5.0,15.0,2.0,58.0,0.0,10.0,4.0,Newcastle Utd,1.0,0.0,6.0,10.0,1.0,42.0,0.0,12.0,6.0,Brentford,2.6,0.0,0.0,1.0,H,2023-04-08,A
32094.0,6.0,13.0,1.0,49.0,0.0,19.0,7.0,Bournemouth,2.0,3.0,6.0,10.0,0.0,51.0,0.0,14.0,4.0,Leicester City,0.6,0.0,1.0,0.0,A,2023-04-08,A
61405.0,7.0,15.0,1.0,65.0,0.0,17.0,4.0,Brighton,1.0,1.0,3.0,15.0,2.0,35.0,0.0,9.0,3.0,Tottenham,0.8,3.0,1.0,1.0,D,2023-04-08,H
31614.0,8.0,10.0,0.0,62.0,0.0,13.0,1.0,Chelsea,1.0,5.0,8.0,14.0,1.0,38.0,0.0,9.0,4.0,Wolves,0.6,2.0,0.0,1.0,H,2023-04-08,H
24491.0,4.0,12.0,1.0,76.0,0.0,9.0,5.0,West Ham,1.0,1.0,11.0,10.0,0.0,24.0,0.0,16.0,3.0,Fulham,0.7,1.0,1.0,0.0,A,2023-04-08,A
73509.0,4.0,9.0,0.0,63.0,0.0,15.0,1.0,Everton,1.0,0.0,10.0,10.0,2.0,37.0,0.0,29.0,11.0,Manchester Utd,3.4,0.0,0.0,1.0,H,2023-04-08,H
36427.0,4.0,8.0,5.0,52.0,0.0,16.0,8.0,Crystal Palace,3.0,1.0,2.0,11.0,1.0,48.0,0.0,11.0,7.0,Leeds United,0.9,3.0,1.0,1.0,D,2023-04-09,A
53267.0,4.0,11.0,2.0,41.0,0.0,9.0,5.0,Arsenal,1.0,4.0,5.0,11.0,2.0,59.0,0.0,21.0,6.0,Liverpool,3.9,4.0,2.0,1.0,A,2023-04-09,D
30769.0,2.0,8.0,0.0,50.0,0.0,10.0,3.0,Brentford,1.0,1.0,5.0,12.0,2.0,50.0,0.0,11.0,9.0,Wolves,0.8,1.0,0.0,1.0,H,2023-04-15,H
40126.0,8.0,11.0,2.0,57.0,0.0,26.0,10.0,Brighton,3.0,2.0,2.0,11.0,1.0,43.0,0.0,8.0,2.0,Chelsea,0.5,2.0,1.0,1.0,D,2023-04-15,A
61369.0,1.0,9.0,3.0,58.0,0.0,6.0,6.0,Bournemouth,1.0,2.0,8.0,8.0,2.0,42.0,0.0,24.0,8.0,Tottenham,2.2,1.0,1.0,1.0,D,2023-04-15,A
53329.0,2.0,8.0,1.0,70.0,0.0,10.0,4.0,Leicester City,2.0,1.0,6.0,8.0,3.0,30.0,0.0,12.0,4.0,Manchester City,1.6,1.0,0.0,3.0,H,2023-04-15,H
30309.0,2.0,13.0,2.0,42.0,0.0,9.0,2.0,Crystal Palace,1.0,1.0,6.0,6.0,0.0,58.0,0.0,11.0,4.0,Southampton,0.8,3.0,0.0,0.0,D,2023-04-15,A
42055.0,2.0,15.0,0.0,48.0,0.0,8.0,2.0,Newcastle Utd,1.0,1.0,7.0,13.0,3.0,52.0,0.0,16.0,6.0,Aston Villa,1.9,1.0,0.0,1.0,H,2023-04-15,H
39241.0,8.0,6.0,3.0,54.0,0.0,21.0,7.0,Fulham,2.0,2.0,4.0,10.0,1.0,46.0,0.0,15.0,7.0,Everton,1.4,3.0,1.0,1.0,D,2023-04-15,A
62481.0,2.0,8.0,2.0,70.0,0.0,11.0,5.0,Arsenal,3.0,2.0,7.0,11.0,2.0,30.0,0.0,16.0,3.0,West Ham,1.8,1.0,2.0,1.0,A,2023-04-16,D
29435.0,9.0,9.0,2.0,68.0,0.0,22.0,8.0,Manchester Utd,4.0,2.0,4.0,9.0,0.0,32.0,0.0,6.0,0.0,Nott'ham Forest,0.7,2.0,1.0,0.0,A,2023-04-16,A
36657.0,2.0,12.0,6.0,73.0,0.0,13.0,7.0,Liverpool,3.0,1.0,4.0,6.0,1.0,27.0,0.0,13.0,3.0,Leeds United,1.4,0.0,2.0,0.0,A,2023-04-17,A
60175.0,2.0,14.0,3.0,74.0,0.0,8.0,6.0,Southampton,1.0,5.0,7.0,10.0,3.0,26.0,0.0,25.0,6.0,Arsenal,2.4,1.0,2.0,1.0,A,2023-04-21,D
24356.0,6.0,15.0,1.0,50.0,0.0,10.0,2.0,Leeds United,1.0,4.0,8.0,10.0,2.0,50.0,0.0,12.0,5.0,Fulham,1.7,1.0,0.0,0.0,D,2023-04-22,H
17098.0,4.0,8.0,1.0,56.0,0.0,14.0,2.0,Aston Villa,2.0,2.0,8.0,12.0,1.0,44.0,0.0,6.0,5.0,Brentford,2.7,3.0,0.0,0.0,D,2023-04-22,D
25202.0,1.0,14.0,0.0,56.0,1.0,10.0,5.0,Everton,0.0,1.0,8.0,12.0,0.0,44.0,0.0,12.0,2.0,Crystal Palace,0.5,1.0,0.0,0.0,D,2023-04-22,D
53254.0,3.0,12.0,2.0,80.0,0.0,11.0,5.0,Nott'ham Forest,1.0,1.0,9.0,9.0,3.0,20.0,0.0,18.0,6.0,Liverpool,2.8,0.0,0.0,0.0,D,2023-04-22,H
32053.0,7.0,16.0,1.0,58.0,0.0,16.0,3.0,Wolves,1.0,3.0,1.0,17.0,2.0,42.0,0.0,15.0,8.0,Leicester City,2.4,1.0,1.0,1.0,D,2023-04-22,H
52252.0,3.0,13.0,1.0,56.0,0.0,11.0,3.0,Tottenham,1.0,3.0,9.0,7.0,6.0,44.0,0.0,25.0,8.0,Newcastle Utd,3.7,0.0,0.0,5.0,H,2023-04-23,H
10465.0,5.0,8.0,4.0,36.0,0.0,18.0,10.0,West Ham,2.0,2.0,8.0,7.0,0.0,64.0,0.0,17.0,5.0,Bournemouth,1.5,1.0,3.0,0.0,A,2023-04-23,A
30294.0,11.0,14.0,0.0,59.0,0.0,14.0,4.0,Crystal Palace,1.0,4.0,6.0,13.0,2.0,41.0,0.0,9.0,3.0,Wolves,1.4,5.0,0.0,1.0,H,2023-04-25,H
41046.0,2.0,18.0,0.0,51.0,0.0,1.0,0.0,Fulham,0.0,2.0,8.0,6.0,1.0,49.0,0.0,14.0,3.0,Aston Villa,1.0,3.0,0.0,1.0,H,2023-04-25,H
36666.0,6.0,15.0,1.0,59.0,0.0,15.0,3.0,Leicester City,2.0,2.0,3.0,14.0,1.0,41.0,0.0,13.0,3.0,Leeds United,1.5,4.0,0.0,1.0,H,2023-04-25,D
28808.0,7.0,8.0,1.0,74.0,0.0,17.0,7.0,Brighton,2.0,0.0,2.0,7.0,3.0,26.0,0.0,12.0,5.0,Nott'ham Forest,2.4,2.0,1.0,1.0,D,2023-04-26,H
39929.0,2.0,13.0,2.0,29.0,0.0,7.0,1.0,Brentford,1.0,2.0,5.0,5.0,0.0,71.0,0.0,15.0,4.0,Chelsea,1.3,1.0,1.0,0.0,A,2023-04-26,A
62473.0,6.0,8.0,2.0,72.0,0.0,20.0,4.0,Liverpool,2.0,0.0,3.0,6.0,1.0,28.0,0.0,7.0,2.0,West Ham,0.8,0.0,1.0,1.0,D,2023-04-26,A
53482.0,3.0,13.0,1.0,52.0,0.0,8.0,2.0,Arsenal,1.0,1.0,1.0,13.0,4.0,48.0,0.0,14.0,9.0,Manchester City,2.5,3.0,0.0,2.0,H,2023-04-26,H
30414.0,4.0,11.0,1.0,43.0,0.0,16.0,2.0,Bournemouth,1.0,3.0,6.0,9.0,0.0,57.0,0.0,11.0,2.0,Southampton,0.5,0.0,0.0,0.0,D,2023-04-27,A
39248.0,14.0,6.0,4.0,60.0,0.0,15.0,8.0,Newcastle Utd,2.0,1.0,3.0,8.0,1.0,40.0,0.0,13.0,5.0,Everton,0.9,2.0,1.0,0.0,A,2023-04-27,A
61586.0,8.0,7.0,2.0,60.0,0.0,17.0,8.0,Manchester Utd,2.0,2.0,6.0,8.0,2.0,40.0,0.0,18.0,7.0,Tottenham,2.5,1.0,2.0,0.0,A,2023-04-27,D
31584.0,5.0,11.0,0.0,57.0,0.0,10.0,2.0,Wolves,1.0,1.0,2.0,14.0,6.0,43.0,0.0,22.0,8.0,Brighton,3.3,1.0,0.0,4.0,H,2023-04-29,H
17080.0,0.0,13.0,1.0,68.0,0.0,5.0,3.0,Nott'ham Forest,1.0,2.0,6.0,6.0,2.0,32.0,0.0,14.0,8.0,Brentford,1.6,1.0,1.0,0.0,A,2023-04-29,H
25148.0,5.0,17.0,3.0,59.0,0.0,8.0,4.0,West Ham,2.0,2.0,8.0,9.0,4.0,41.0,0.0,16.0,6.0,Crystal Palace,2.1,1.0,2.0,3.0,H,2023-04-29,H
24498.0,5.0,10.0,2.0,62.0,0.0,12.0,9.0,Manchester City,3.0,3.0,2.0,9.0,1.0,38.0,0.0,4.0,1.0,Fulham,0.2,1.0,2.0,1.0,A,2023-04-30,A
73592.0,4.0,7.0,0.0,57.0,0.0,7.0,1.0,Aston Villa,1.0,0.0,1.0,16.0,1.0,43.0,0.0,14.0,6.0,Manchester Utd,1.2,2.0,0.0,1.0,H,2023-04-30,H
52234.0,2.0,10.0,1.0,63.0,0.0,4.0,3.0,Southampton,1.0,4.0,11.0,7.0,3.0,37.0,0.0,22.0,5.0,Newcastle Utd,4.3,1.0,1.0,0.0,A,2023-04-30,H
10434.0,6.0,14.0,1.0,42.0,0.0,15.0,6.0,Leeds United,2.0,0.0,2.0,12.0,4.0,58.0,0.0,12.0,7.0,Bournemouth,1.9,1.0,1.0,2.0,H,2023-04-30,H
53275.0,2.0,6.0,3.0,67.0,0.0,10.0,7.0,Tottenham,2.0,2.0,5.0,12.0,4.0,33.0,0.0,12.0,4.0,Liverpool,2.2,3.0,1.0,3.0,H,2023-04-30,H
32173.0,9.0,12.0,2.0,46.0,0.0,23.0,8.0,Everton,3.0,1.0,2.0,10.0,2.0,54.0,0.0,15.0,6.0,Leicester City,3.4,4.0,1.0,2.0,H,2023-05-01,D
60144.0,2.0,10.0,1.0,55.0,0.0,7.0,4.0,Chelsea,1.0,2.0,7.0,10.0,3.0,45.0,0.0,16.0,10.0,Arsenal,1.7,0.0,0.0,3.0,H,2023-05-02,H
52602.0,5.0,8.0,0.0,57.0,0.0,9.0,3.0,Fulham,1.0,0.0,7.0,10.0,1.0,43.0,0.0,15.0,3.0,Liverpool,1.8,0.0,0.0,1.0,H,2023-05-03,H
53305.0,3.0,8.0,0.0,69.0,0.0,6.0,2.0,West Ham,0.0,1.0,6.0,8.0,3.0,31.0,0.0,16.0,7.0,Manchester City,2.3,0.0,0.0,0.0,D,2023-05-03,H
31577.0,6.0,14.0,0.0,41.0,0.0,16.0,5.0,Manchester Utd,1.0,4.0,8.0,10.0,1.0,59.0,0.0,22.0,6.0,Brighton,2.3,4.0,0.0,0.0,D,2023-05-04,H
52838.0,3.0,10.0,0.0,54.0,0.0,5.0,1.0,Brentford,0.0,2.0,7.0,19.0,1.0,46.0,0.0,15.0,5.0,Liverpool,2.2,4.0,0.0,1.0,H,2023-05-06,H
31641.0,6.0,9.0,0.0,62.0,0.0,16.0,3.0,Aston Villa,2.0,3.0,5.0,20.0,1.0,38.0,0.0,6.0,2.0,Wolves,0.8,3.0,0.0,1.0,H,2023-05-06,H
61093.0,4.0,14.0,0.0,56.0,0.0,7.0,2.0,Crystal Palace,0.0,5.0,8.0,15.0,1.0,44.0,0.0,8.0,3.0,Tottenham,0.9,3.0,0.0,1.0,H,2023-05-06,H
53406.0,1.0,16.0,1.0,80.0,0.0,4.0,2.0,Leeds United,0.0,3.0,10.0,3.0,2.0,20.0,0.0,18.0,6.0,Manchester City,2.6,0.0,0.0,2.0,H,2023-05-06,H
10357.0,7.0,11.0,3.0,65.0,0.0,11.0,5.0,Chelsea,1.0,3.0,7.0,9.0,1.0,35.0,0.0,10.0,4.0,Bournemouth,1.2,1.0,1.0,1.0,D,2023-05-06,A
50267.0,4.0,12.0,2.0,45.0,0.0,10.0,6.0,Arsenal,1.0,1.0,9.0,16.0,0.0,55.0,0.0,12.0,5.0,Newcastle Utd,1.3,2.0,1.0,0.0,A,2023-05-07,A
62477.0,6.0,9.0,0.0,65.0,0.0,19.0,4.0,Manchester Utd,1.0,2.0,5.0,4.0,1.0,35.0,0.0,15.0,4.0,West Ham,1.3,0.0,0.0,1.0,H,2023-05-07,H
24442.0,7.0,15.0,3.0,57.0,0.0,18.0,9.0,Leicester City,3.0,3.0,2.0,13.0,5.0,43.0,0.0,17.0,7.0,Fulham,1.6,0.0,0.0,3.0,H,2023-05-08,H
31567.0,1.0,13.0,5.0,78.0,0.0,10.0,5.0,Everton,2.0,5.0,15.0,11.0,1.0,22.0,0.0,23.0,5.0,Brighton,3.2,1.0,3.0,0.0,A,2023-05-08,A
29154.0,11.0,10.0,3.0,36.0,0.0,19.0,5.0,Southampton,3.0,0.0,2.0,16.0,4.0,64.0,0.0,9.0,4.0,Nott'ham Forest,1.8,1.0,1.0,3.0,H,2023-05-08,H
25034.0,2.0,12.0,0.0,59.0,0.0,5.0,0.0,Bournemouth,0.0,2.0,11.0,5.0,2.0,41.0,0.0,17.0,5.0,Crystal Palace,1.5,0.0,0.0,1.0,H,2023-05-13,H
28978.0,8.0,12.0,2.0,64.0,0.0,9.0,4.0,Fulham,1.0,0.0,1.0,17.0,0.0,36.0,0.0,5.0,1.0,Southampton,0.4,2.0,0.0,0.0,D,2023-05-13,A
42164.0,3.0,14.0,1.0,48.0,0.0,5.0,2.0,Tottenham,1.0,3.0,8.0,9.0,2.0,52.0,0.0,8.0,4.0,Aston Villa,1.2,3.0,0.0,1.0,H,2023-05-13,H
40030.0,5.0,15.0,2.0,75.0,0.0,11.0,2.0,Nott'ham Forest,1.0,1.0,2.0,13.0,2.0,25.0,0.0,14.0,6.0,Chelsea,1.2,3.0,1.0,0.0,A,2023-05-13,D
36955.0,6.0,14.0,2.0,64.0,0.0,18.0,5.0,Newcastle Utd,2.0,2.0,2.0,16.0,2.0,36.0,1.0,9.0,4.0,Leeds United,2.0,3.0,1.0,1.0,D,2023-05-13,D
73570.0,7.0,9.0,0.0,48.0,0.0,5.0,0.0,Wolves,0.0,2.0,11.0,9.0,2.0,52.0,0.0,27.0,9.0,Manchester Utd,3.2,3.0,0.0,1.0,H,2023-05-13,H
17075.0,5.0,5.0,0.0,53.0,0.0,4.0,4.0,West Ham,0.0,0.0,7.0,5.0,2.0,47.0,0.0,24.0,10.0,Brentford,3.4,1.0,0.0,2.0,H,2023-05-14,H
39376.0,6.0,4.0,3.0,63.0,0.0,9.0,4.0,Manchester City,1.0,0.0,8.0,12.0,0.0,37.0,0.0,7.0,3.0,Everton,1.6,1.0,2.0,0.0,A,2023-05-14,A
60139.0,2.0,17.0,3.0,41.0,0.0,12.0,6.0,Brighton,2.0,2.0,5.0,13.0,0.0,59.0,0.0,14.0,2.0,Arsenal,0.9,1.0,0.0,0.0,D,2023-05-14,A
32225.0,4.0,17.0,3.0,66.0,0.0,16.0,5.0,Liverpool,2.0,1.0,4.0,11.0,0.0,34.0,0.0,4.0,4.0,Leicester City,0.4,2.0,2.0,0.0,A,2023-05-15,A
52122.0,1.0,16.0,1.0,35.0,0.0,8.0,2.0,Brighton,1.0,4.0,6.0,17.0,4.0,65.0,0.0,22.0,9.0,Newcastle Utd,3.6,2.0,0.0,2.0,H,2023-05-18,H
53306.0,4.0,13.0,1.0,66.0,0.0,6.0,3.0,Aston Villa,1.0,5.0,9.0,16.0,1.0,34.0,0.0,10.0,5.0,Liverpool,0.7,3.0,1.0,0.0,A,2023-05-20,D
29514.0,6.0,12.0,0.0,81.0,0.0,11.0,3.0,Arsenal,1.0,2.0,3.0,11.0,1.0,19.0,0.0,6.0,2.0,Nott'ham Forest,0.6,3.0,0.0,1.0,H,2023-05-20,H
24356.0,4.0,12.0,2.0,49.0,0.0,11.0,5.0,Crystal Palace,2.0,0.0,7.0,13.0,2.0,51.0,0.0,11.0,4.0,Fulham,1.7,3.0,1.0,1.0,D,2023-05-20,D
31684.0,7.0,10.0,1.0,52.0,0.0,19.0,4.0,Everton,2.0,1.0,1.0,18.0,1.0,48.0,0.0,13.0,5.0,Wolves,1.6,5.0,0.0,1.0,H,2023-05-20,D
61514.0,2.0,9.0,3.0,61.0,0.0,11.0,4.0,Brentford,1.0,1.0,8.0,11.0,1.0,39.0,0.0,22.0,8.0,Tottenham,1.7,1.0,0.0,1.0,H,2023-05-20,A
10240.0,6.0,7.0,1.0,59.0,0.0,20.0,5.0,Manchester Utd,1.0,0.0,3.0,6.0,0.0,41.0,0.0,10.0,4.0,Bournemouth,1.0,1.0,1.0,0.0,A,2023-05-20,A
62478.0,5.0,11.0,1.0,59.0,0.0,12.0,3.0,Leeds United,1.0,3.0,9.0,6.0,3.0,41.0,0.0,19.0,9.0,West Ham,2.1,1.0,1.0,1.0,D,2023-05-21,H
31507.0,3.0,9.0,1.0,63.0,0.0,5.0,1.0,Southampton,1.0,5.0,4.0,8.0,3.0,37.0,0.0,26.0,8.0,Brighton,2.5,2.0,0.0,2.0,H,2023-05-21,H
53490.0,2.0,9.0,0.0,64.0,0.0,13.0,6.0,Chelsea,1.0,2.0,5.0,12.0,1.0,36.0,0.0,15.0,2.0,Manchester City,1.2,0.0,0.0,1.0,H,2023-05-21,H
52152.0,1.0,5.0,0.0,77.0,0.0,1.0,1.0,Leicester City,0.0,0.0,12.0,9.0,0.0,23.0,0.0,23.0,4.0,Newcastle Utd,2.1,2.0,0.0,0.0,D,2023-05-22,D
31388.0,1.0,11.0,1.0,60.0,0.0,13.0,4.0,Manchester City,2.0,1.0,5.0,16.0,1.0,40.0,0.0,20.0,7.0,Brighton,2.2,2.0,1.0,1.0,D,2023-05-24,D
73561.0,4.0,6.0,1.0,42.0,0.0,14.0,5.0,Chelsea,2.0,1.0,3.0,12.0,4.0,58.0,0.0,18.0,9.0,Manchester Utd,5.2,1.0,0.0,2.0,H,2023-05-25,H
73465.0,4.0,10.0,1.0,53.0,0.0,10.0,3.0,Fulham,2.0,2.0,5.0,14.0,2.0,47.0,0.0,21.0,8.0,Manchester Utd,2.9,1.0,1.0,1.0,D,2023-05-28,H
60095.0,4.0,11.0,0.0,51.0,0.0,6.0,0.0,Wolves,1.0,0.0,8.0,8.0,5.0,49.0,0.0,14.0,8.0,Arsenal,2.8,0.0,0.0,3.0,H,2023-05-28,H
40130.0,3.0,11.0,1.0,36.0,0.0,13.0,4.0,Newcastle Utd,2.0,0.0,10.0,9.0,1.0,64.0,0.0,22.0,5.0,Chelsea,2.2,0.0,1.0,1.0,D,2023-05-28,D
41791.0,3.0,16.0,1.0,59.0,0.0,8.0,4.0,Brighton,1.0,4.0,4.0,15.0,2.0,41.0,0.0,12.0,5.0,Aston Villa,2.8,4.0,1.0,2.0,H,2023-05-28,H
36871.0,3.0,5.0,4.0,48.0,0.0,11.0,7.0,Tottenham,2.0,0.0,12.0,7.0,1.0,52.0,0.0,19.0,2.0,Leeds United,1.5,3.0,1.0,0.0,A,2023-05-28,A
31129.0,9.0,10.0,4.0,69.0,0.0,30.0,8.0,Liverpool,4.0,2.0,2.0,4.0,4.0,31.0,0.0,15.0,10.0,Southampton,1.8,0.0,2.0,2.0,D,2023-05-28,D
17120.0,4.0,8.0,0.0,65.0,0.0,17.0,3.0,Manchester City,2.0,0.0,3.0,12.0,1.0,35.0,0.0,11.0,4.0,Brentford,1.3,4.0,0.0,0.0,D,2023-05-28,H
39201.0,3.0,12.0,0.0,62.0,0.0,7.0,2.0,Bournemouth,1.0,3.0,9.0,11.0,1.0,38.0,0.0,13.0,6.0,Everton,1.0,1.0,0.0,0.0,D,2023-05-28,H
32183.0,5.0,10.0,1.0,52.0,0.0,16.0,3.0,West Ham,1.0,1.0,3.0,8.0,2.0,48.0,0.0,13.0,4.0,Leicester City,1.4,1.0,0.0,1.0,H,2023-05-28,H
25198.0,4.0,13.0,1.0,66.0,0.0,7.0,4.0,Nott'ham Forest,1.0,2.0,5.0,9.0,1.0,34.0,0.0,16.0,4.0,Crystal Palace,1.4,0.0,1.0,0.0,A,2023-05-28,D
21572.0,5.0,8.0,3.0,65.0,0.0,17.0,8.0,Manchester City,2.0,0.0,6.0,11.0,0.0,35.0,1.0,6.0,1.0,Burnley,0.3,0.0,2.0,0.0,A,2023-08-11,A
59984.0,3.0,12.0,1.0,78.0,0.0,6.0,2.0,Nott'ham Forest,1.0,2.0,8.0,12.0,2.0,22.0,0.0,15.0,7.0,Arsenal,0.8,2.0,0.0,2.0,H,2023-08-12,H
39940.0,4.0,6.0,1.0,58.0,0.0,9.0,2.0,Fulham,2.0,2.0,10.0,12.0,0.0,42.0,0.0,19.0,9.0,Everton,2.7,0.0,0.0,0.0,D,2023-08-12,A
31872.0,7.0,12.0,1.0,70.0,0.0,9.0,3.0,Luton Town,2.0,2.0,6.0,11.0,4.0,30.0,0.0,27.0,12.0,Brighton,4.0,2.0,0.0,1.0,H,2023-08-12,H
31194.0,5.0,11.0,1.0,68.0,0.0,24.0,8.0,Crystal Palace,2.0,0.0,5.0,18.0,0.0,32.0,0.0,8.0,1.0,Sheffield Utd,0.5,3.0,0.0,0.0,D,2023-08-12,A
11245.0,4.0,14.0,1.0,38.0,0.0,16.0,3.0,West Ham,1.0,4.0,10.0,9.0,1.0,62.0,0.0,14.0,5.0,Bournemouth,1.3,1.0,0.0,0.0,D,2023-08-12,D
52207.0,5.0,17.0,1.0,52.0,0.0,16.0,6.0,Aston Villa,2.0,4.0,6.0,12.0,5.0,48.0,0.0,17.0,13.0,Newcastle Utd,3.3,4.0,1.0,2.0,H,2023-08-12,H
40096.0,4.0,12.0,1.0,35.0,0.0,13.0,1.0,Liverpool,1.0,3.0,4.0,5.0,1.0,65.0,0.0,10.0,4.0,Chelsea,1.4,3.0,1.0,1.0,D,2023-08-13,D
17066.0,6.0,13.0,2.0,69.0,0.0,18.0,6.0,Tottenham,1.0,4.0,3.0,12.0,2.0,31.0,0.0,11.0,6.0,Brentford,2.2,1.0,2.0,2.0,D,2023-08-13,D
73358.0,7.0,10.0,0.0,51.0,0.0,23.0,6.0,Wolves,2.0,3.0,8.0,14.0,1.0,49.0,0.0,15.0,3.0,Manchester Utd,2.2,2.0,0.0,0.0,D,2023-08-14,H
29432.0,7.0,9.0,1.0,50.0,0.0,7.0,3.0,Sheffield Utd,1.0,3.0,6.0,5.0,2.0,50.0,0.0,16.0,4.0,Nott'ham Forest,1.4,2.0,0.0,1.0,H,2023-08-18,H
31317.0,3.0,11.0,4.0,53.0,0.0,16.0,8.0,Brighton,2.0,6.0,5.0,14.0,1.0,47.0,1.0,16.0,5.0,Wolves,2.1,3.0,1.0,0.0,A,2023-08-19,A
24236.0,5.0,12.0,3.0,45.0,0.0,17.0,8.0,Brentford,4.0,2.0,5.0,13.0,0.0,55.0,1.0,10.0,2.0,Fulham,0.5,2.0,1.0,0.0,A,2023-08-19,A
53145.0,2.0,13.0,1.0,64.0,0.0,13.0,5.0,Bournemouth,1.0,3.0,10.0,11.0,3.0,36.0,1.0,26.0,10.0,Liverpool,3.0,1.0,1.0,2.0,H,2023-08-19,H
61910.0,6.0,8.0,0.0,45.0,0.0,22.0,6.0,Manchester Utd,2.0,3.0,5.0,9.0,2.0,55.0,0.0,17.0,6.0,Tottenham,1.7,1.0,0.0,0.0,D,2023-08-19,H
53419.0,0.0,11.0,0.0,59.0,0.0,7.0,1.0,Newcastle Utd,0.0,5.0,3.0,12.0,1.0,41.0,0.0,14.0,4.0,Manchester City,1.0,1.0,0.0,1.0,H,2023-08-19,H
41694.0,6.0,12.0,0.0,60.0,0.0,9.0,2.0,Everton,1.0,4.0,7.0,8.0,4.0,40.0,0.0,13.0,7.0,Aston Villa,2.9,3.0,0.0,2.0,H,2023-08-20,H
62451.0,9.0,9.0,1.0,75.0,0.0,17.0,4.0,Chelsea,3.0,3.0,3.0,12.0,3.0,25.0,1.0,12.0,6.0,West Ham,1.8,2.0,1.0,1.0,D,2023-08-20,H
24189.0,8.0,10.0,1.0,53.0,1.0,14.0,3.0,Arsenal,2.0,1.0,1.0,14.0,0.0,47.0,0.0,14.0,2.0,Crystal Palace,1.0,2.0,0.0,0.0,D,2023-08-21,A
39893.0,4.0,12.0,0.0,67.0,0.0,11.0,1.0,Luton Town,0.0,3.0,6.0,15.0,3.0,33.0,0.0,19.0,8.0,Chelsea,2.2,2.0,0.0,1.0,H,2023-08-25,H
59961.0,3.0,5.0,2.0,71.0,1.0,8.0,3.0,Fulham,1.0,3.0,8.0,6.0,2.0,29.0,0.0,19.0,11.0,Arsenal,3.2,0.0,1.0,0.0,A,2023-08-26,D
31508.0,4.0,9.0,3.0,78.0,0.0,12.0,3.0,West Ham,3.0,3.0,17.0,10.0,1.0,22.0,0.0,25.0,10.0,Brighton,1.5,1.0,1.0,0.0,A,2023-08-26,A
16997.0,6.0,15.0,1.0,60.0,0.0,15.0,5.0,Crystal Palace,1.0,0.0,8.0,9.0,1.0,40.0,0.0,12.0,1.0,Brentford,1.0,0.0,0.0,1.0,H,2023-08-26,D
10567.0,2.0,11.0,2.0,56.0,0.0,17.0,6.0,Tottenham,2.0,3.0,6.0,18.0,0.0,44.0,0.0,11.0,3.0,Bournemouth,0.7,1.0,1.0,0.0,A,2023-08-26,A
38851.0,0.0,14.0,1.0,53.0,0.0,11.0,2.0,Wolves,1.0,4.0,7.0,10.0,0.0,47.0,0.0,15.0,7.0,Everton,1.3,3.0,0.0,0.0,D,2023-08-26,A
73595.0,3.0,11.0,2.0,66.0,1.0,9.0,4.0,Nott'ham Forest,1.0,4.0,11.0,13.0,3.0,34.0,0.0,18.0,9.0,Manchester Utd,2.8,4.0,2.0,1.0,A,2023-08-26,H
31336.0,12.0,2.0,2.0,79.0,0.0,30.0,9.0,Manchester City,4.0,0.0,1.0,11.0,1.0,21.0,0.0,6.0,2.0,Sheffield Utd,0.7,3.0,0.0,0.0,D,2023-08-27,A
21591.0,6.0,11.0,3.0,43.0,0.0,16.0,6.0,Aston Villa,3.0,0.0,4.0,12.0,1.0,57.0,0.0,9.0,2.0,Burnley,0.7,2.0,2.0,0.0,A,2023-08-27,A
52214.0,9.0,10.0,2.0,59.0,1.0,9.0,4.0,Liverpool,1.0,2.0,5.0,16.0,1.0,41.0,0.0,23.0,8.0,Newcastle Utd,2.0,1.0,0.0,1.0,H,2023-08-27,A
10802.0,6.0,13.0,2.0,61.0,0.0,9.0,3.0,West Ham,1.0,1.0,9.0,8.0,1.0,39.0,0.0,16.0,1.0,Luton Town,1.4,1.0,1.0,0.0,A,2023-09-01,A
31124.0,6.0,13.0,2.0,54.0,0.0,16.0,6.0,Everton,3.0,2.0,4.0,11.0,2.0,46.0,0.0,13.0,8.0,Sheffield Utd,1.2,1.0,1.0,2.0,H,2023-09-02,D
16973.0,2.0,13.0,2.0,60.0,0.0,12.0,5.0,Bournemouth,2.0,2.0,5.0,6.0,2.0,40.0,0.0,21.0,7.0,Brentford,2.9,1.0,1.0,1.0,D,2023-09-02,D
52899.0,5.0,12.0,1.0,68.0,0.0,6.0,4.0,Fulham,1.0,4.0,4.0,12.0,5.0,32.0,0.0,7.0,5.0,Manchester City,2.2,2.0,1.0,2.0,H,2023-09-02,H
39820.0,0.0,9.0,1.0,75.0,0.0,7.0,3.0,Nott'ham Forest,1.0,4.0,8.0,10.0,0.0,25.0,0.0,21.0,2.0,Chelsea,2.3,3.0,0.0,0.0,D,2023-09-02,A
21750.0,4.0,9.0,5.0,53.0,0.0,20.0,10.0,Tottenham,2.0,3.0,7.0,15.0,2.0,47.0,0.0,16.0,4.0,Burnley,1.3,4.0,2.0,1.0,A,2023-09-02,A
31620.0,3.0,17.0,1.0,44.0,0.0,9.0,2.0,Newcastle Utd,1.0,4.0,5.0,14.0,3.0,56.0,0.0,15.0,6.0,Brighton,1.3,4.0,0.0,1.0,H,2023-09-02,H
50109.0,3.0,7.0,0.0,63.0,0.0,9.0,3.0,Aston Villa,1.0,1.0,7.0,12.0,3.0,37.0,0.0,17.0,4.0,Liverpool,2.5,0.0,0.0,2.0,H,2023-09-03,H
24741.0,2.0,12.0,2.0,43.0,0.0,12.0,4.0,Wolves,1.0,3.0,4.0,12.0,3.0,57.0,0.0,16.0,11.0,Crystal Palace,2.1,1.0,0.0,0.0,D,2023-09-03,H
60192.0,3.0,7.0,1.0,55.0,0.0,10.0,2.0,Manchester Utd,1.0,3.0,12.0,8.0,3.0,45.0,0.0,17.0,5.0,Arsenal,2.3,2.0,1.0,1.0,D,2023-09-03,H
51670.0,3.0,12.0,0.0,56.0,0.0,11.0,2.0,Brentford,1.0,5.0,8.0,8.0,1.0,44.0,0.0,9.0,2.0,Newcastle Utd,1.4,3.0,0.0,0.0,D,2023-09-16,H
73592.0,1.0,9.0,3.0,44.0,0.0,10.0,8.0,Brighton,2.0,2.0,8.0,8.0,1.0,56.0,0.0,14.0,4.0,Manchester Utd,1.0,2.0,1.0,0.0,A,2023-09-16,A
40809.0,2.0,9.0,1.0,66.0,0.0,6.0,3.0,Crystal Palace,1.0,3.0,4.0,13.0,3.0,34.0,0.0,16.0,5.0,Aston Villa,3.0,5.0,0.0,0.0,D,2023-09-16,H
24467.0,2.0,14.0,0.0,77.0,0.0,7.0,2.0,Luton Town,1.0,2.0,6.0,6.0,1.0,23.0,0.0,13.0,2.0,Fulham,1.0,2.0,0.0,0.0,D,2023-09-16,H
61706.0,2.0,14.0,1.0,70.0,1.0,7.0,5.0,Sheffield Utd,1.0,5.0,15.0,13.0,2.0,30.0,0.0,28.0,10.0,Tottenham,2.1,6.0,0.0,0.0,D,2023-09-16,H
31257.0,4.0,4.0,3.0,65.0,0.0,16.0,6.0,Liverpool,3.0,3.0,4.0,10.0,1.0,35.0,0.0,11.0,2.0,Wolves,0.6,1.0,0.0,1.0,H,2023-09-16,A
62475.0,11.0,11.0,3.0,68.0,0.0,29.0,15.0,Manchester City,4.0,2.0,4.0,7.0,1.0,32.0,0.0,6.0,3.0,West Ham,0.9,3.0,0.0,1.0,H,2023-09-16,A
10421.0,7.0,20.0,0.0,64.0,0.0,14.0,6.0,Chelsea,2.0,5.0,1.0,15.0,0.0,36.0,0.0,13.0,4.0,Bournemouth,1.0,1.0,0.0,0.0,D,2023-09-17,D
39217.0,11.0,10.0,1.0,74.0,0.0,13.0,4.0,Arsenal,1.0,1.0,1.0,12.0,0.0,26.0,0.0,8.0,1.0,Everton,0.3,1.0,0.0,0.0,D,2023-09-17,A
28958.0,4.0,10.0,1.0,46.0,1.0,10.0,3.0,Burnley,1.0,3.0,5.0,16.0,1.0,54.0,0.0,14.0,4.0,Nott'ham Forest,0.7,2.0,1.0,0.0,A,2023-09-18,D
16981.0,4.0,12.0,3.0,57.0,0.0,18.0,6.0,Everton,2.0,2.0,1.0,9.0,1.0,43.0,0.0,12.0,2.0,Brentford,1.0,2.0,1.0,1.0,D,2023-09-23,A
10893.0,1.0,17.0,1.0,43.0,1.0,3.0,3.0,Wolves,1.0,2.0,10.0,12.0,1.0,57.0,0.0,20.0,4.0,Luton Town,2.1,0.0,0.0,0.0,D,2023-09-23,D
53413.0,6.0,17.0,0.0,57.0,0.0,10.0,3.0,Nott'ham Forest,1.0,7.0,6.0,5.0,2.0,43.0,1.0,7.0,4.0,Manchester City,1.3,3.0,0.0,2.0,H,2023-09-23,H
25072.0,2.0,15.0,0.0,49.0,0.0,10.0,5.0,Fulham,1.0,2.0,3.0,10.0,0.0,51.0,0.0,7.0,3.0,Crystal Palace,0.3,3.0,0.0,0.0,D,2023-09-23,D
21593.0,5.0,12.0,1.0,39.0,0.0,11.0,4.0,Manchester Utd,1.0,2.0,9.0,6.0,0.0,61.0,0.0,12.0,4.0,Burnley,1.1,1.0,1.0,0.0,A,2023-09-23,A
39700.0,11.0,11.0,1.0,47.0,0.0,15.0,7.0,Aston Villa,1.0,3.0,5.0,9.0,0.0,53.0,0.0,10.0,4.0,Chelsea,1.3,2.0,0.0,0.0,D,2023-09-24,A
60156.0,4.0,19.0,2.0,47.0,0.0,13.0,5.0,Tottenham,1.0,4.0,11.0,12.0,2.0,53.0,0.0,13.0,6.0,Arsenal,1.8,3.0,1.0,1.0,D,2023-09-24,D
50136.0,4.0,13.0,1.0,63.0,0.0,11.0,4.0,West Ham,1.0,2.0,7.0,12.0,3.0,37.0,0.0,22.0,7.0,Liverpool,3.0,0.0,1.0,1.0,D,2023-09-24,H
31617.0,4.0,17.0,1.0,61.0,0.0,12.0,4.0,Bournemouth,1.0,3.0,4.0,12.0,3.0,39.0,0.0,13.0,4.0,Brighton,1.9,3.0,1.0,1.0,D,2023-09-24,H
31127.0,6.0,8.0,8.0,58.0,0.0,22.0,15.0,Newcastle Utd,4.0,0.0,2.0,12.0,0.0,42.0,0.0,9.0,1.0,Sheffield Utd,0.9,3.0,3.0,0.0,A,2023-09-24,A
39289.0,6.0,10.0,2.0,67.0,0.0,9.0,2.0,Luton Town,1.0,1.0,3.0,8.0,1.0,33.0,0.0,23.0,5.0,Everton,2.9,0.0,2.0,1.0,A,2023-09-30,A
51687.0,3.0,15.0,0.0,53.0,0.0,8.0,2.0,Burnley,1.0,3.0,5.0,7.0,2.0,47.0,0.0,20.0,8.0,Newcastle Utd,3.1,1.0,0.0,1.0,H,2023-09-30,H
62001.0,5.0,17.0,1.0,36.0,2.0,12.0,4.0,Liverpool,1.0,4.0,12.0,11.0,2.0,64.0,0.0,24.0,8.0,Tottenham,2.2,5.0,1.0,1.0,D,2023-09-30,H
11193.0,6.0,10.0,4.0,57.0,0.0,15.0,8.0,Arsenal,3.0,1.0,6.0,11.0,0.0,43.0,0.0,8.0,1.0,Bournemouth,0.6,0.0,2.0,0.0,A,2023-09-30,A
62459.0,4.0,9.0,0.0,52.0,0.0,16.0,2.0,Sheffield Utd,1.0,1.0,7.0,6.0,2.0,48.0,0.0,20.0,9.0,West Ham,2.1,1.0,0.0,2.0,H,2023-09-30,H
31415.0,6.0,12.0,1.0,68.0,0.0,23.0,8.0,Manchester City,1.0,4.0,0.0,18.0,2.0,32.0,0.0,3.0,1.0,Wolves,0.4,5.0,0.0,1.0,H,2023-09-30,H
73428.0,4.0,8.0,1.0,77.0,0.0,8.0,2.0,Crystal Palace,1.0,2.0,10.0,10.0,0.0,23.0,0.0,19.0,4.0,Manchester Utd,1.3,3.0,1.0,0.0,A,2023-09-30,A
40636.0,3.0,21.0,1.0,61.0,0.0,11.0,3.0,Brighton,2.0,4.0,1.0,19.0,6.0,39.0,0.0,19.0,9.0,Aston Villa,1.6,4.0,0.0,3.0,H,2023-09-30,H
29004.0,11.0,10.0,1.0,59.0,0.0,18.0,5.0,Brentford,2.0,2.0,1.0,6.0,1.0,41.0,1.0,6.0,1.0,Nott'ham Forest,0.5,1.0,0.0,0.0,D,2023-10-01,D
24445.0,1.0,12.0,2.0,56.0,0.0,11.0,4.0,Chelsea,2.0,4.0,8.0,15.0,0.0,44.0,0.0,10.0,3.0,Fulham,1.1,1.0,2.0,0.0,A,2023-10-02,A
10918.0,6.0,6.0,2.0,49.0,0.0,14.0,4.0,Burnley,1.0,2.0,7.0,14.0,1.0,51.0,0.0,18.0,3.0,Luton Town,1.3,4.0,1.0,0.0,A,2023-10-03,A
25017.0,7.0,12.0,0.0,52.0,0.0,16.0,5.0,Nott'ham Forest,1.0,1.0,3.0,7.0,0.0,48.0,0.0,8.0,2.0,Crystal Palace,0.8,0.0,0.0,0.0,D,2023-10-07,D
24361.0,4.0,10.0,1.0,60.0,0.0,5.0,2.0,Sheffield Utd,1.0,2.0,9.0,8.0,3.0,40.0,0.0,20.0,6.0,Fulham,2.2,1.0,0.0,0.0,D,2023-10-07,H
38815.0,7.0,15.0,0.0,52.0,0.0,11.0,4.0,Bournemouth,1.0,2.0,8.0,14.0,3.0,48.0,0.0,25.0,8.0,Everton,2.4,1.0,0.0,2.0,H,2023-10-07,H
21654.0,3.0,8.0,4.0,62.0,0.0,9.0,5.0,Chelsea,2.0,4.0,7.0,11.0,1.0,38.0,0.0,10.0,3.0,Burnley,0.7,2.0,1.0,1.0,D,2023-10-07,A
10290.0,6.0,7.0,1.0,66.0,1.0,15.0,4.0,Tottenham,2.0,1.0,5.0,16.0,0.0,34.0,0.0,12.0,2.0,Luton Town,0.8,2.0,0.0,0.0,D,2023-10-07,A
73453.0,5.0,17.0,1.0,64.0,0.0,11.0,3.0,Brentford,1.0,5.0,7.0,10.0,2.0,36.0,0.0,21.0,8.0,Manchester Utd,1.4,0.0,1.0,0.0,A,2023-10-07,H
62473.0,2.0,18.0,2.0,64.0,0.0,10.0,3.0,Newcastle Utd,2.0,3.0,4.0,11.0,2.0,36.0,0.0,5.0,3.0,West Ham,1.2,3.0,0.0,1.0,H,2023-10-08,D
31425.0,10.0,9.0,1.0,53.0,0.0,18.0,4.0,Aston Villa,2.0,2.0,2.0,19.0,1.0,47.0,1.0,8.0,3.0,Wolves,1.7,2.0,0.0,0.0,D,2023-10-08,D
31752.0,1.0,20.0,2.0,54.0,0.0,14.0,4.0,Liverpool,2.0,2.0,8.0,12.0,2.0,46.0,0.0,14.0,3.0,Brighton,2.3,1.0,2.0,1.0,A,2023-10-08,D
60233.0,4.0,7.0,0.0,51.0,0.0,4.0,1.0,Manchester City,1.0,3.0,5.0,8.0,1.0,49.0,0.0,12.0,2.0,Arsenal,0.4,2.0,0.0,0.0,D,2023-10-08,H
53466.0,2.0,11.0,1.0,55.0,0.0,5.0,3.0,Brighton,1.0,2.0,2.0,9.0,2.0,45.0,1.0,10.0,6.0,Manchester City,0.8,2.0,0.0,2.0,H,2023-10-21,H
39723.0,7.0,14.0,2.0,56.0,0.0,13.0,3.0,Arsenal,1.0,3.0,2.0,7.0,2.0,44.0,0.0,11.0,5.0,Chelsea,1.3,3.0,0.0,1.0,H,2023-10-21,D
52189.0,8.0,12.0,0.0,59.0,0.0,17.0,3.0,Crystal Palace,1.0,3.0,6.0,7.0,4.0,41.0,0.0,10.0,7.0,Newcastle Utd,2.4,2.0,0.0,3.0,H,2023-10-21,H
31543.0,4.0,10.0,2.0,62.0,0.0,14.0,5.0,Manchester Utd,1.0,1.0,5.0,12.0,1.0,38.0,0.0,12.0,6.0,Sheffield Utd,1.4,3.0,1.0,1.0,D,2023-10-21,A
29361.0,2.0,11.0,2.0,57.0,0.0,13.0,4.0,Luton Town,2.0,0.0,4.0,12.0,2.0,43.0,0.0,19.0,8.0,Nott'ham Forest,2.9,3.0,0.0,0.0,D,2023-10-21,D
17029.0,5.0,12.0,0.0,50.0,1.0,6.0,1.0,Burnley,1.0,2.0,5.0,14.0,3.0,50.0,0.0,23.0,10.0,Brentford,3.1,5.0,0.0,1.0,H,2023-10-21,H
50201.0,4.0,9.0,0.0,77.0,1.0,6.0,1.0,Everton,0.0,1.0,12.0,9.0,2.0,23.0,0.0,26.0,6.0,Liverpool,2.2,1.0,0.0,0.0,D,2023-10-21,H
11175.0,12.0,10.0,2.0,65.0,0.0,20.0,7.0,Wolves,2.0,6.0,3.0,15.0,1.0,35.0,1.0,7.0,4.0,Bournemouth,0.6,2.0,0.0,1.0,H,2023-10-21,A
41734.0,7.0,15.0,1.0,58.0,0.0,14.0,4.0,West Ham,1.0,1.0,8.0,9.0,4.0,42.0,0.0,15.0,7.0,Aston Villa,1.9,0.0,0.0,1.0,H,2023-10-22,H
61286.0,5.0,14.0,0.0,55.0,0.0,10.0,3.0,Fulham,1.0,0.0,3.0,10.0,2.0,45.0,0.0,15.0,5.0,Tottenham,1.5,2.0,0.0,1.0,H,2023-10-23,H
25074.0,2.0,11.0,2.0,75.0,0.0,10.0,1.0,Tottenham,1.0,1.0,11.0,19.0,1.0,25.0,0.0,13.0,3.0,Crystal Palace,0.6,2.0,0.0,0.0,D,2023-10-27,A
31584.0,7.0,15.0,2.0,57.0,0.0,13.0,5.0,Newcastle Utd,2.0,4.0,8.0,13.0,2.0,43.0,0.0,11.0,6.0,Wolves,0.9,1.0,2.0,1.0,A,2023-10-28,D
11152.0,5.0,12.0,1.0,45.0,0.0,6.0,3.0,Burnley,1.0,3.0,10.0,9.0,2.0,55.0,0.0,13.0,6.0,Bournemouth,1.1,2.0,1.0,1.0,D,2023-10-28,H
39575.0,1.0,7.0,2.0,32.0,0.0,7.0,5.0,Brentford,2.0,4.0,10.0,12.0,0.0,68.0,0.0,17.0,2.0,Chelsea,1.9,1.0,0.0,0.0,D,2023-10-28,A
60153.0,1.0,13.0,0.0,67.0,0.0,2.0,0.0,Sheffield Utd,0.0,3.0,6.0,9.0,5.0,33.0,0.0,13.0,8.0,Arsenal,2.8,0.0,0.0,1.0,H,2023-10-28,H
62469.0,3.0,11.0,1.0,64.0,0.0,10.0,4.0,Everton,1.0,1.0,4.0,7.0,0.0,36.0,0.0,12.0,2.0,West Ham,0.7,4.0,0.0,0.0,D,2023-10-29,A
31550.0,3.0,8.0,1.0,71.0,0.0,10.0,5.0,Fulham,1.0,3.0,7.0,12.0,1.0,29.0,0.0,18.0,7.0,Brighton,1.4,0.0,0.0,1.0,H,2023-10-29,D
50143.0,3.0,13.0,0.0,72.0,0.0,9.0,1.0,Nott'ham Forest,0.0,3.0,8.0,9.0,3.0,28.0,0.0,21.0,8.0,Liverpool,3.2,2.0,0.0,2.0,H,2023-10-29,H
41785.0,4.0,10.0,1.0,70.0,0.0,7.0,1.0,Luton Town,1.0,2.0,6.0,11.0,3.0,30.0,0.0,17.0,6.0,Aston Villa,2.3,3.0,0.0,1.0,H,2023-10-29,H
73502.0,12.0,4.0,3.0,60.0,0.0,21.0,10.0,Manchester City,4.0,1.0,7.0,9.0,0.0,40.0,0.0,7.0,3.0,Manchester Utd,0.9,4.0,1.0,0.0,A,2023-10-29,A
52194.0,11.0,9.0,0.0,58.0,0.0,14.0,1.0,Arsenal,1.0,1.0,0.0,14.0,1.0,42.0,0.0,9.0,2.0,Newcastle Utd,1.0,5.0,0.0,0.0,D,2023-11-04,H
38683.0,3.0,5.0,1.0,79.0,0.0,7.0,2.0,Brighton,1.0,2.0,3.0,15.0,1.0,21.0,0.0,10.0,4.0,Everton,0.7,4.0,0.0,1.0,H,2023-11-04,D
53358.0,1.0,9.0,1.0,65.0,0.0,5.0,1.0,Bournemouth,1.0,1.0,12.0,8.0,6.0,35.0,0.0,21.0,8.0,Manchester City,1.9,0.0,0.0,3.0,H,2023-11-04,H
29454.0,4.0,10.0,1.0,61.0,0.0,10.0,3.0,Wolves,1.0,3.0,4.0,13.0,2.0,39.0,0.0,11.0,2.0,Sheffield Utd,1.0,2.0,0.0,0.0,D,2023-11-04,H
17103.0,3.0,14.0,2.0,58.0,0.0,12.0,2.0,West Ham,2.0,4.0,4.0,12.0,3.0,42.0,0.0,16.0,4.0,Brentford,1.5,1.0,2.0,1.0,A,2023-11-04,H
24415.0,4.0,15.0,1.0,55.0,0.0,12.0,5.0,Manchester Utd,1.0,2.0,9.0,9.0,0.0,45.0,0.0,18.0,3.0,Fulham,1.0,5.0,0.0,0.0,D,2023-11-04,A
21578.0,1.0,12.0,2.0,33.0,0.0,4.0,3.0,Crystal Palace,1.0,5.0,12.0,9.0,0.0,67.0,0.0,17.0,5.0,Burnley,1.1,0.0,1.0,0.0,A,2023-11-04,A
29313.0,10.0,9.0,0.0,73.0,0.0,13.0,3.0,Aston Villa,1.0,1.0,0.0,6.0,2.0,27.0,0.0,5.0,3.0,Nott'ham Forest,0.4,1.0,0.0,1.0,H,2023-11-05,H
11049.0,7.0,13.0,1.0,73.0,0.0,24.0,6.0,Liverpool,3.0,1.0,4.0,7.0,1.0,27.0,0.0,8.0,5.0,Luton Town,0.8,1.0,0.0,0.0,D,2023-11-05,D
61726.0,6.0,21.0,4.0,40.0,0.0,17.0,8.0,Chelsea,4.0,5.0,1.0,12.0,1.0,60.0,2.0,8.0,5.0,Tottenham,0.9,1.0,1.0,1.0,D,2023-11-06,A
31642.0,3.0,15.0,1.0,58.0,0.0,6.0,2.0,Tottenham,1.0,3.0,11.0,19.0,2.0,42.0,0.0,17.0,4.0,Wolves,2.1,4.0,1.0,0.0,A,2023-11-11,H
73599.0,3.0,11.0,0.0,64.0,0.0,10.0,4.0,Luton Town,0.0,2.0,11.0,9.0,1.0,36.0,0.0,15.0,4.0,Manchester Utd,2.2,0.0,0.0,0.0,D,2023-11-11,H
25103.0,2.0,18.0,3.0,67.0,0.0,8.0,4.0,Everton,2.0,4.0,9.0,9.0,2.0,33.0,0.0,13.0,4.0,Crystal Palace,2.2,1.0,1.0,1.0,D,2023-11-11,A
60232.0,3.0,9.0,1.0,63.0,0.0,8.0,5.0,Burnley,0.0,1.0,3.0,8.0,3.0,37.0,1.0,16.0,6.0,Arsenal,1.8,0.0,0.0,1.0,H,2023-11-11,H
11201.0,5.0,4.0,0.0,52.0,0.0,8.0,5.0,Newcastle Utd,1.0,1.0,6.0,10.0,2.0,48.0,0.0,19.0,10.0,Bournemouth,2.4,2.0,0.0,0.0,D,2023-11-11,H
39532.0,3.0,15.0,4.0,55.0,0.0,15.0,10.0,Manchester City,3.0,3.0,3.0,12.0,4.0,45.0,0.0,17.0,9.0,Chelsea,2.9,5.0,2.0,2.0,D,2023-11-12,D
62470.0,4.0,12.0,2.0,54.0,0.0,10.0,5.0,Nott'ham Forest,2.0,2.0,9.0,9.0,3.0,46.0,0.0,16.0,6.0,West Ham,1.8,2.0,1.0,1.0,D,2023-11-12,H
41608.0,2.0,17.0,1.0,51.0,0.0,9.0,5.0,Fulham,1.0,5.0,2.0,4.0,3.0,49.0,0.0,12.0,6.0,Aston Villa,3.0,2.0,0.0,2.0,H,2023-11-12,H
31367.0,3.0,16.0,1.0,61.0,0.0,9.0,1.0,Sheffield Utd,1.0,2.0,6.0,13.0,1.0,39.0,1.0,11.0,6.0,Brighton,1.5,3.0,0.0,1.0,H,2023-11-12,D
50151.0,8.0,12.0,0.0,58.0,0.0,16.0,3.0,Brentford,2.0,2.0,6.0,16.0,3.0,42.0,0.0,17.0,10.0,Liverpool,1.7,1.0,0.0,1.0,H,2023-11-12,H
53289.0,6.0,11.0,1.0,59.0,0.0,8.0,3.0,Liverpool,1.0,3.0,9.0,9.0,1.0,41.0,0.0,16.0,5.0,Manchester City,1.3,1.0,0.0,1.0,H,2023-11-25,D
30208.0,7.0,8.0,3.0,54.0,0.0,23.0,11.0,Bournemouth,3.0,1.0,4.0,6.0,1.0,46.0,0.0,10.0,2.0,Sheffield Utd,0.8,4.0,2.0,0.0,A,2023-11-25,A
52227.0,2.0,19.0,1.0,54.0,1.0,7.0,4.0,Chelsea,1.0,4.0,4.0,13.0,4.0,46.0,0.0,14.0,5.0,Newcastle Utd,2.4,4.0,1.0,1.0,D,2023-11-25,H
11029.0,5.0,12.0,1.0,61.0,0.0,16.0,8.0,Crystal Palace,2.0,1.0,4.0,15.0,2.0,39.0,0.0,8.0,3.0,Luton Town,0.9,6.0,0.0,0.0,D,2023-11-25,H
21319.0,5.0,7.0,2.0,50.0,0.0,11.0,3.0,West Ham,1.0,3.0,4.0,11.0,1.0,50.0,0.0,11.0,5.0,Burnley,1.3,1.0,0.0,0.0,D,2023-11-25,A
29404.0,4.0,7.0,3.0,53.0,1.0,11.0,5.0,Brighton,1.0,4.0,6.0,12.0,2.0,47.0,0.0,18.0,5.0,Nott'ham Forest,1.9,2.0,2.0,1.0,A,2023-11-25,A
17201.0,8.0,7.0,1.0,63.0,0.0,15.0,4.0,Arsenal,2.0,1.0,1.0,9.0,0.0,37.0,0.0,9.0,3.0,Brentford,1.1,1.0,0.0,0.0,D,2023-11-25,A
39257.0,5.0,8.0,3.0,49.0,0.0,9.0,4.0,Manchester Utd,2.0,0.0,6.0,10.0,0.0,51.0,0.0,24.0,6.0,Everton,2.4,3.0,1.0,0.0,A,2023-11-26,A
61679.0,3.0,13.0,2.0,38.0,0.0,15.0,5.0,Aston Villa,2.0,4.0,9.0,11.0,1.0,62.0,0.0,18.0,8.0,Tottenham,2.3,0.0,1.0,1.0,D,2023-11-26,A
24366.0,2.0,13.0,2.0,60.0,0.0,10.0,6.0,Wolves,1.0,2.0,6.0,13.0,3.0,40.0,0.0,12.0,6.0,Fulham,2.9,2.0,1.0,1.0,D,2023-11-27,H
60262.0,0.0,10.0,1.0,57.0,0.0,6.0,3.0,Wolves,1.0,2.0,4.0,10.0,2.0,43.0,0.0,19.0,6.0,Arsenal,2.8,1.0,0.0,2.0,H,2023-12-02,H
17075.0,5.0,8.0,1.0,68.0,0.0,7.0,1.0,Luton Town,0.0,2.0,7.0,10.0,3.0,32.0,0.0,27.0,6.0,Brentford,3.1,1.0,0.0,0.0,D,2023-12-02,H
21478.0,1.0,12.0,0.0,63.0,1.0,6.0,3.0,Sheffield Utd,0.0,5.0,6.0,9.0,5.0,37.0,0.0,19.0,7.0,Burnley,1.8,2.0,0.0,2.0,H,2023-12-02,H
29404.0,3.0,14.0,1.0,61.0,0.0,12.0,3.0,Everton,1.0,0.0,4.0,15.0,0.0,39.0,0.0,13.0,2.0,Nott'ham Forest,0.7,1.0,0.0,0.0,D,2023-12-02,A
52214.0,3.0,13.0,0.0,42.0,0.0,8.0,1.0,Manchester Utd,1.0,2.0,7.0,6.0,1.0,58.0,0.0,22.0,4.0,Newcastle Utd,2.4,1.0,0.0,0.0,D,2023-12-02,H
53473.0,8.0,14.0,3.0,55.0,0.0,8.0,4.0,Tottenham,1.0,4.0,10.0,14.0,3.0,45.0,0.0,18.0,4.0,Manchester City,2.6,4.0,1.0,2.0,H,2023-12-03,D
39647.0,8.0,12.0,2.0,68.0,0.0,18.0,9.0,Brighton,1.0,5.0,5.0,16.0,3.0,32.0,1.0,8.0,5.0,Chelsea,2.1,3.0,1.0,2.0,H,2023-12-03,H
62414.0,3.0,7.0,1.0,45.0,0.0,9.0,2.0,Crystal Palace,1.0,0.0,2.0,17.0,1.0,55.0,0.0,9.0,3.0,West Ham,1.1,2.0,0.0,1.0,H,2023-12-03,D
50124.0,4.0,7.0,3.0,61.0,0.0,9.0,5.0,Fulham,1.0,0.0,3.0,6.0,4.0,39.0,0.0,26.0,12.0,Liverpool,2.1,0.0,2.0,2.0,D,2023-12-03,H
11191.0,7.0,12.0,2.0,62.0,0.0,11.0,3.0,Aston Villa,1.0,3.0,7.0,16.0,2.0,38.0,0.0,15.0,7.0,Bournemouth,2.0,5.0,1.0,1.0,D,2023-12-03,D
30439.0,8.0,15.0,0.0,51.0,0.0,12.0,3.0,Burnley,1.0,4.0,6.0,11.0,1.0,49.0,0.0,7.0,4.0,Wolves,0.8,2.0,0.0,1.0,H,2023-12-05,H
11031.0,8.0,7.0,4.0,66.0,0.0,23.0,9.0,Arsenal,2.0,1.0,3.0,14.0,3.0,34.0,0.0,6.0,4.0,Luton Town,0.5,2.0,2.0,1.0,A,2023-12-05,A
41421.0,0.0,13.0,0.0,54.0,0.0,2.0,2.0,Manchester City,1.0,2.0,6.0,13.0,1.0,46.0,0.0,22.0,7.0,Aston Villa,2.3,2.0,0.0,0.0,D,2023-12-06,H
24105.0,1.0,10.0,0.0,63.0,0.0,4.0,1.0,Nott'ham Forest,0.0,1.0,6.0,7.0,5.0,37.0,0.0,14.0,6.0,Fulham,2.5,0.0,0.0,2.0,H,2023-12-06,H
73607.0,4.0,12.0,1.0,45.0,0.0,13.0,3.0,Chelsea,2.0,0.0,12.0,12.0,2.0,55.0,0.0,28.0,9.0,Manchester Utd,4.1,4.0,1.0,1.0,D,2023-12-06,H
31571.0,3.0,8.0,1.0,61.0,0.0,8.0,2.0,Brentford,2.0,1.0,7.0,10.0,2.0,39.0,0.0,18.0,7.0,Brighton,1.5,3.0,1.0,1.0,D,2023-12-06,H
31406.0,12.0,8.0,2.0,75.0,0.0,15.0,8.0,Liverpool,2.0,3.0,2.0,12.0,0.0,25.0,0.0,6.0,1.0,Sheffield Utd,1.0,2.0,1.0,0.0,A,2023-12-06,A
25078.0,9.0,17.0,2.0,59.0,0.0,11.0,4.0,Bournemouth,2.0,3.0,3.0,10.0,0.0,41.0,0.0,16.0,3.0,Crystal Palace,1.0,1.0,1.0,0.0,A,2023-12-06,A
38198.0,2.0,8.0,0.0,62.0,0.0,13.0,3.0,Newcastle Utd,2.0,0.0,5.0,18.0,3.0,38.0,0.0,21.0,6.0,Everton,3.3,3.0,0.0,0.0,D,2023-12-07,H
61171.0,4.0,12.0,2.0,74.0,0.0,11.0,5.0,West Ham,2.0,3.0,8.0,11.0,1.0,26.0,0.0,23.0,7.0,Tottenham,1.8,3.0,0.0,1.0,H,2023-12-07,A
25103.0,5.0,17.0,2.0,76.0,0.0,14.0,2.0,Liverpool,1.0,2.0,6.0,17.0,1.0,24.0,1.0,8.0,4.0,Crystal Palace,1.7,5.0,0.0,0.0,D,2023-12-09,A
28509.0,4.0,13.0,0.0,59.0,0.0,10.0,4.0,Brentford,1.0,1.0,3.0,14.0,1.0,41.0,0.0,9.0,4.0,Sheffield Utd,0.8,5.0,0.0,1.0,H,2023-12-09,H
31511.0,1.0,8.0,1.0,72.0,0.0,6.0,3.0,Burnley,1.0,4.0,9.0,5.0,1.0,28.0,0.0,29.0,11.0,Brighton,2.6,0.0,1.0,0.0,A,2023-12-09,D
31543.0,3.0,11.0,1.0,68.0,0.0,8.0,2.0,Nott'ham Forest,1.0,1.0,4.0,9.0,1.0,32.0,0.0,10.0,4.0,Wolves,1.2,0.0,1.0,1.0,D,2023-12-09,D
73427.0,4.0,10.0,3.0,68.0,0.0,10.0,4.0,Bournemouth,2.0,1.0,10.0,7.0,0.0,32.0,0.0,20.0,3.0,Manchester Utd,1.1,3.0,1.0,0.0,A,2023-12-09,A
42000.0,3.0,11.0,0.0,61.0,0.0,12.0,5.0,Arsenal,1.0,2.0,3.0,16.0,1.0,39.0,0.0,10.0,3.0,Aston Villa,0.6,4.0,0.0,1.0,H,2023-12-09,H
61171.0,6.0,12.0,1.0,44.0,0.0,9.0,3.0,Newcastle Utd,2.0,3.0,3.0,10.0,4.0,56.0,0.0,23.0,12.0,Tottenham,3.8,1.0,0.0,2.0,H,2023-12-10,H
39280.0,8.0,12.0,0.0,71.0,0.0,16.0,4.0,Chelsea,1.0,2.0,4.0,12.0,2.0,29.0,0.0,9.0,5.0,Everton,1.2,2.0,0.0,0.0,D,2023-12-10,H
23988.0,6.0,10.0,0.0,63.0,0.0,9.0,5.0,West Ham,1.0,1.0,3.0,5.0,5.0,37.0,0.0,14.0,8.0,Fulham,2.3,2.0,0.0,3.0,H,2023-12-10,H
11047.0,3.0,6.0,2.0,65.0,0.0,18.0,6.0,Manchester City,1.6,1.0,6.0,16.0,1.0,35.0,0.0,4.0,2.0,Luton Town,0.3,2.0,0.0,1.0,H,2023-12-10,A
29296.0,4.0,11.0,2.0,66.0,1.0,12.0,6.0,Tottenham,2.0,4.0,6.0,16.0,0.0,34.0,0.0,15.0,1.0,Nott'ham Forest,1.3,2.0,1.0,0.0,A,2023-12-15,A
39599.0,6.0,14.0,0.0,78.0,0.0,6.0,1.0,Sheffield Utd,0.0,3.0,7.0,9.0,2.0,22.0,0.0,15.0,6.0,Chelsea,3.1,1.0,0.0,0.0,D,2023-12-16,H
52055.0,1.0,12.0,0.0,70.0,1.0,6.0,4.0,Fulham,0.0,2.0,5.0,7.0,3.0,30.0,0.0,27.0,10.0,Newcastle Utd,3.5,0.0,0.0,0.0,D,2023-12-16,H
53248.0,1.0,9.0,2.0,74.0,0.0,5.0,2.0,Crystal Palace,2.0,1.0,6.0,12.0,2.0,26.0,0.0,19.0,9.0,Manchester City,1.6,1.0,0.0,1.0,H,2023-12-16,D
21413.0,6.0,8.0,2.0,39.0,0.0,9.0,6.0,Everton,1.0,1.0,8.0,9.0,0.0,61.0,0.0,14.0,2.0,Burnley,0.7,0.0,2.0,0.0,A,2023-12-16,A
17034.0,12.0,6.0,2.0,66.0,1.0,15.0,5.0,Aston Villa,1.0,4.0,7.0,19.0,1.0,34.0,1.0,4.0,3.0,Brentford,0.5,6.0,0.0,1.0,H,2023-12-17,A
57158.0,0.0,8.0,0.0,32.0,1.0,6.0,1.0,Manchester Utd,1.0,4.0,12.0,13.0,0.0,68.0,0.0,34.0,8.0,Liverpool,2.3,2.0,0.0,0.0,D,2023-12-17,D
62455.0,6.0,15.0,0.0,55.0,0.0,14.0,3.0,Wolves,1.0,1.0,6.0,12.0,3.0,45.0,0.0,13.0,4.0,West Ham,1.1,3.0,0.0,2.0,H,2023-12-17,H
60257.0,1.0,9.0,0.0,49.0,0.0,6.0,1.0,Brighton,1.0,3.0,10.0,11.0,2.0,51.0,0.0,26.0,9.0,Arsenal,2.3,1.0,0.0,0.0,D,2023-12-17,H
24171.0,1.0,11.0,1.0,65.0,0.0,18.0,6.0,Brighton,1.0,2.0,3.0,12.0,1.0,35.0,0.0,11.0,3.0,Crystal Palace,1.3,5.0,0.0,1.0,H,2023-12-21,D
41651.0,1.0,16.0,1.0,77.0,0.0,5.0,2.0,Sheffield Utd,1.0,3.0,9.0,11.0,1.0,23.0,0.0,12.0,4.0,Aston Villa,0.9,3.0,0.0,0.0,D,2023-12-22,D
57548.0,5.0,14.0,1.0,48.0,0.0,13.0,2.0,Arsenal,1.0,5.0,4.0,13.0,1.0,52.0,0.0,13.0,3.0,Liverpool,1.0,2.0,1.0,1.0,D,2023-12-23,D
64472.0,4.0,15.0,0.0,65.0,0.0,11.0,3.0,Manchester Utd,1.0,3.0,4.0,13.0,2.0,35.0,0.0,12.0,5.0,West Ham,1.2,2.0,0.0,0.0,D,2023-12-23,H
23598.0,6.0,17.0,2.0,66.0,0.0,7.0,2.0,Burnley,0.0,1.0,8.0,5.0,0.0,34.0,0.0,19.0,5.0,Fulham,1.3,2.0,0.0,0.0,D,2023-12-23,A
29188.0,6.0,10.0,3.0,66.0,0.0,18.0,7.0,Bournemouth,2.0,3.0,6.0,10.0,2.0,34.0,1.0,11.0,5.0,Nott'ham Forest,1.0,0.0,0.0,0.0,D,2023-12-23,A
11042.0,7.0,5.0,0.0,65.0,0.0,15.0,2.0,Newcastle Utd,1.0,1.0,6.0,11.0,1.0,35.0,0.0,16.0,5.0,Luton Town,1.4,2.0,0.0,1.0,H,2023-12-23,H
61808.0,8.0,18.0,1.0,61.0,0.0,18.0,8.0,Everton,2.0,4.0,3.0,6.0,2.0,39.0,0.0,13.0,6.0,Tottenham,1.5,1.0,0.0,2.0,H,2023-12-23,H
31641.0,6.0,9.0,1.0,68.0,0.0,16.0,5.0,Chelsea,2.0,5.0,10.0,11.0,2.0,32.0,0.0,14.0,6.0,Wolves,1.3,3.0,0.0,0.0,D,2023-12-24,H
21624.0,4.0,10.0,2.0,68.0,0.0,19.0,10.0,Liverpool,2.0,1.0,4.0,7.0,0.0,32.0,0.0,9.0,0.0,Burnley,0.8,2.0,1.0,0.0,A,2023-12-26,A
31041.0,4.0,13.0,3.0,49.0,0.0,12.0,4.0,Luton Town,1.0,0.0,9.0,13.0,2.0,51.0,0.0,21.0,6.0,Sheffield Utd,2.4,5.0,1.0,0.0,A,2023-12-26,A
73574.0,6.0,10.0,2.0,46.0,0.0,10.0,4.0,Aston Villa,2.0,3.0,3.0,10.0,3.0,54.0,0.0,13.0,7.0,Manchester Utd,1.1,1.0,2.0,0.0,A,2023-12-26,H
52207.0,2.0,11.0,3.0,62.0,0.0,15.0,6.0,Nott'ham Forest,4.0,3.0,10.0,10.0,1.0,38.0,0.0,19.0,7.0,Newcastle Utd,2.4,3.0,1.0,1.0,D,2023-12-26,A
11099.0,5.0,10.0,0.0,57.0,0.0,8.0,3.0,Fulham,0.0,2.0,6.0,10.0,3.0,43.0,0.0,16.0,4.0,Bournemouth,1.8,0.0,0.0,1.0,H,2023-12-26,H
39327.0,4.0,5.0,3.0,72.0,0.0,23.0,9.0,Manchester City,2.0,2.0,8.0,13.0,1.0,28.0,0.0,7.0,2.0,Everton,1.0,4.0,0.0,1.0,H,2023-12-27,A
39618.0,3.0,16.0,1.0,37.0,0.0,13.0,5.0,Crystal Palace,1.0,2.0,4.0,13.0,2.0,63.0,0.0,9.0,4.0,Chelsea,2.6,3.0,1.0,1.0,D,2023-12-27,H
17109.0,2.0,14.0,4.0,60.0,0.0,11.0,5.0,Wolves,2.0,1.0,8.0,5.0,1.0,40.0,0.0,14.0,4.0,Brentford,2.2,1.0,3.0,1.0,A,2023-12-27,A
31675.0,6.0,6.0,2.0,45.0,0.0,19.0,3.0,Tottenham,2.0,2.0,7.0,18.0,4.0,55.0,0.0,15.0,9.0,Brighton,3.2,3.0,0.0,2.0,H,2023-12-28,H
60261.0,3.0,8.0,2.0,73.0,0.0,6.0,3.0,West Ham,1.0,0.0,10.0,8.0,0.0,27.0,0.0,30.0,8.0,Arsenal,2.7,2.0,1.0,0.0,A,2023-12-28,A
11041.0,2.0,21.0,3.0,48.0,0.0,12.0,8.0,Chelsea,2.0,2.0,7.0,14.0,2.0,52.0,0.0,15.0,6.0,Luton Town,2.3,2.0,2.0,0.0,A,2023-12-30,A
25472.0,4.0,10.0,1.0,54.0,0.0,9.0,4.0,Brentford,1.0,1.0,7.0,14.0,3.0,46.0,0.0,13.0,6.0,Crystal Palace,1.0,0.0,1.0,2.0,H,2023-12-30,H
31639.0,2.0,14.0,0.0,53.0,0.0,10.0,0.0,Everton,0.0,3.0,5.0,9.0,3.0,47.0,0.0,12.0,6.0,Wolves,1.9,2.0,0.0,1.0,H,2023-12-30,H
53108.0,2.0,6.0,0.0,80.0,0.0,4.0,2.0,Sheffield Utd,0.0,1.0,12.0,5.0,2.0,20.0,0.0,18.0,4.0,Manchester City,2.2,1.0,0.0,1.0,H,2023-12-30,H
41613.0,2.0,14.0,2.0,64.0,1.0,9.0,5.0,Burnley,1.0,1.0,6.0,9.0,3.0,36.0,0.0,19.0,7.0,Aston Villa,3.2,4.0,1.0,2.0,H,2023-12-30,H
29529.0,5.0,11.0,1.0,56.0,0.0,10.0,5.0,Manchester Utd,1.0,4.0,4.0,9.0,2.0,44.0,0.0,8.0,2.0,Nott'ham Forest,0.7,2.0,0.0,0.0,D,2023-12-30,H
61780.0,13.0,18.0,1.0,50.0,0.0,24.0,4.0,Bournemouth,2.0,3.0,4.0,9.0,3.0,50.0,0.0,12.0,6.0,Tottenham,2.3,3.0,0.0,1.0,H,2023-12-31,H
24444.0,4.0,10.0,1.0,60.0,0.0,13.0,3.0,Arsenal,2.0,1.0,5.0,11.0,2.0,40.0,0.0,15.0,4.0,Fulham,1.2,4.0,1.0,1.0,D,2023-12-31,H
57471.0,3.0,15.0,2.0,39.0,0.0,5.0,3.0,Newcastle Utd,1.0,5.0,7.0,16.0,4.0,61.0,0.0,34.0,15.0,Liverpool,7.0,3.0,0.0,0.0,D,2024-01-01,H
62462.0,0.0,6.0,0.0,68.0,0.0,22.0,8.0,Brighton,2.0,0.0,2.0,4.0,0.0,32.0,0.0,6.0,2.0,West Ham,0.7,1.0,0.0,0.0,D,2024-01-02,D
20155.0,8.0,12.0,1.0,61.0,0.0,14.0,5.0,Luton Town,1.0,0.0,2.0,7.0,1.0,39.0,0.0,13.0,7.0,Burnley,1.1,1.0,0.0,1.0,H,2024-01-12,D
39643.0,4.0,9.0,0.0,45.0,0.0,14.0,4.0,Fulham,1.0,1.0,6.0,13.0,1.0,55.0,0.0,17.0,3.0,Chelsea,2.2,5.0,0.0,1.0,H,2024-01-13,H
52190.0,13.0,7.0,3.0,72.0,0.0,27.0,11.0,Manchester City,3.0,2.0,3.0,7.0,2.0,28.0,0.0,12.0,5.0,Newcastle Utd,1.3,1.0,1.0,2.0,H,2024-01-13,A
39284.0,5.0,14.0,0.0,68.0,0.0,16.0,5.0,Aston Villa,1.0,4.0,4.0,13.0,0.0,32.0,0.0,10.0,2.0,Everton,1.1,1.0,0.0,0.0,D,2024-01-14,D
73489.0,13.0,5.0,2.0,37.0,0.0,16.0,6.0,Tottenham,1.0,1.0,8.0,8.0,2.0,63.0,0.0,9.0,2.0,Manchester Utd,0.8,2.0,1.0,2.0,H,2024-01-14,D
60284.0,7.0,12.0,0.0,60.0,0.0,12.0,5.0,Crystal Palace,0.0,0.0,6.0,8.0,5.0,40.0,0.0,21.0,6.0,Arsenal,3.3,0.0,0.0,2.0,H,2024-01-20,H
17077.0,4.0,14.0,2.0,48.0,0.0,12.0,3.0,Nott'ham Forest,1.0,3.0,6.0,10.0,3.0,52.0,0.0,11.0,5.0,Brentford,1.2,1.0,1.0,1.0,D,2024-01-20,H
29164.0,1.0,10.0,2.0,43.0,1.0,16.0,5.0,West Ham,2.0,1.0,4.0,11.0,2.0,57.0,1.0,21.0,6.0,Sheffield Utd,2.5,3.0,1.0,1.0,D,2024-01-21,D
11228.0,5.0,12.0,4.0,60.0,0.0,14.0,7.0,Liverpool,2.0,2.0,8.0,9.0,0.0,40.0,0.0,11.0,1.0,Bournemouth,1.4,1.0,0.0,0.0,D,2024-01-21,A
41505.0,2.0,13.0,0.0,72.0,0.0,8.0,3.0,Wolves,1.0,4.0,8.0,10.0,0.0,28.0,0.0,11.0,4.0,Brighton,1.0,1.0,0.0,0.0,D,2024-01-22,D
29387.0,11.0,7.0,2.0,73.0,0.0,19.0,3.0,Arsenal,1.0,1.0,2.0,6.0,1.0,27.0,0.0,9.0,3.0,Nott'ham Forest,0.5,0.0,0.0,0.0,D,2024-01-30,A
10994.0,4.0,14.0,0.0,59.0,0.0,9.0,2.0,Brighton,1.0,2.0,7.0,13.0,4.0,41.0,0.0,18.0,8.0,Luton Town,3.1,2.0,0.0,3.0,H,2024-01-30,H
24376.0,6.0,13.0,0.0,70.0,0.0,21.0,4.0,Everton,2.0,2.0,15.0,6.0,0.0,30.0,0.0,25.0,6.0,Fulham,1.6,1.0,0.0,0.0,D,2024-01-30,D
24781.0,1.0,18.0,2.0,53.0,0.0,9.0,5.0,Sheffield Utd,1.0,4.0,11.0,8.0,3.0,47.0,0.0,12.0,4.0,Crystal Palace,1.1,1.0,2.0,2.0,D,2024-01-30,H
42191.0,7.0,12.0,3.0,39.0,0.0,14.0,5.0,Newcastle Utd,3.0,1.0,8.0,14.0,1.0,61.0,0.0,12.0,6.0,Aston Villa,1.4,4.0,2.0,0.0,A,2024-01-30,A
52143.0,3.0,13.0,1.0,74.0,0.0,8.0,3.0,Burnley,1.0,2.0,7.0,3.0,3.0,26.0,0.0,14.0,4.0,Manchester City,1.7,2.0,0.0,2.0,H,2024-01-31,H
61210.0,3.0,15.0,2.0,67.0,0.0,9.0,5.0,Brentford,2.0,3.0,5.0,13.0,3.0,33.0,0.0,19.0,5.0,Tottenham,2.9,2.0,1.0,0.0,A,2024-01-31,H
57524.0,1.0,16.0,1.0,50.0,0.0,4.0,3.0,Chelsea,1.0,4.0,8.0,15.0,4.0,50.0,0.0,28.0,13.0,Liverpool,2.9,2.0,0.0,2.0,H,2024-01-31,H
62478.0,5.0,11.0,1.0,48.0,0.0,9.0,4.0,Bournemouth,1.0,3.0,1.0,13.0,1.0,52.0,0.0,9.0,3.0,West Ham,1.4,1.0,1.0,0.0,A,2024-02-01,D
31641.0,5.0,10.0,4.0,47.0,0.0,21.0,8.0,Manchester Utd,3.0,5.0,4.0,10.0,3.0,53.0,0.0,16.0,7.0,Wolves,2.1,2.0,2.0,0.0,A,2024-02-01,A
30187.0,4.0,7.0,5.0,63.0,0.0,14.0,10.0,Aston Villa,2.0,0.0,3.0,10.0,0.0,37.0,0.0,10.0,5.0,Sheffield Utd,1.4,1.0,4.0,0.0,A,2024-02-03,A
52211.0,2.0,16.0,4.0,55.0,0.0,11.0,8.0,Luton Town,2.0,2.0,8.0,13.0,4.0,45.0,0.0,19.0,6.0,Newcastle Utd,2.3,2.0,2.0,2.0,D,2024-02-03,D
20203.0,13.0,7.0,2.0,56.0,0.0,15.0,7.0,Fulham,2.0,2.0,2.0,11.0,2.0,44.0,0.0,12.0,4.0,Burnley,1.8,2.0,2.0,0.0,A,2024-02-03,D
39321.0,5.0,14.0,2.0,57.0,0.0,9.0,6.0,Tottenham,1.0,0.0,9.0,8.0,2.0,43.0,0.0,14.0,5.0,Everton,2.6,3.0,2.0,1.0,A,2024-02-03,D
31345.0,2.0,14.0,1.0,68.0,0.0,7.0,5.0,Crystal Palace,0.0,3.0,3.0,8.0,4.0,32.0,0.0,13.0,6.0,Brighton,1.4,1.0,0.0,3.0,H,2024-02-03,H
39628.0,1.0,11.0,4.0,64.0,0.0,14.0,7.0,Wolves,2.0,2.0,10.0,15.0,2.0,36.0,0.0,15.0,6.0,Chelsea,1.7,3.0,2.0,1.0,A,2024-02-04,A
11200.0,6.0,12.0,1.0,45.0,0.0,8.0,6.0,Nott'ham Forest,1.0,2.0,11.0,19.0,1.0,55.0,1.0,9.0,2.0,Bournemouth,1.3,3.0,1.0,1.0,D,2024-02-04,D
73612.0,8.0,5.0,0.0,51.0,0.0,22.0,3.0,West Ham,1.0,1.0,5.0,10.0,3.0,49.0,0.0,12.0,5.0,Manchester Utd,0.7,0.0,0.0,1.0,H,2024-02-04,H
60374.0,4.0,11.0,1.0,43.0,1.0,10.0,1.0,Liverpool,0.0,2.0,2.0,11.0,3.0,57.0,0.0,15.0,7.0,Arsenal,3.5,6.0,1.0,1.0,D,2024-02-04,H
17096.0,13.0,4.0,3.0,72.0,0.0,25.0,15.0,Manchester City,2.0,0.0,8.0,2.0,1.0,28.0,0.0,9.0,3.0,Brentford,1.0,1.0,1.0,1.0,D,2024-02-05,A
11138.0,1.0,12.0,3.0,74.0,0.0,7.0,3.0,Sheffield Utd,2.0,2.0,13.0,7.0,1.0,26.0,0.0,20.0,5.0,Luton Town,1.8,1.0,2.0,0.0,A,2024-02-10,A
29451.0,4.0,6.0,3.0,61.0,0.0,7.0,5.0,Newcastle Utd,1.0,2.0,4.0,9.0,2.0,39.0,0.0,13.0,3.0,Nott'ham Forest,1.5,1.0,2.0,2.0,D,2024-02-10,A
61445.0,6.0,13.0,1.0,48.0,0.0,6.0,3.0,Brighton,1.0,3.0,9.0,14.0,2.0,52.0,0.0,16.0,6.0,Tottenham,1.6,2.0,1.0,0.0,A,2024-02-10,H
59896.0,3.0,13.0,1.0,70.0,0.0,9.0,4.0,Burnley,1.0,2.0,9.0,11.0,3.0,30.0,0.0,25.0,10.0,Liverpool,2.8,3.0,1.0,1.0,D,2024-02-10,H
30731.0,4.0,9.0,2.0,29.0,0.0,9.0,6.0,Brentford,2.0,3.0,7.0,11.0,0.0,71.0,0.0,17.0,5.0,Wolves,1.0,2.0,1.0,0.0,A,2024-02-10,A
52187.0,0.0,11.0,0.0,72.0,0.0,5.0,1.0,Everton,0.0,2.0,9.0,6.0,2.0,28.0,0.0,19.0,3.0,Manchester City,1.6,0.0,0.0,0.0,D,2024-02-10,H
24271.0,14.0,11.0,1.0,49.0,0.0,25.0,4.0,Bournemouth,2.0,2.0,1.0,11.0,3.0,51.0,0.0,7.0,6.0,Fulham,1.6,1.0,0.0,2.0,H,2024-02-10,H
62475.0,6.0,11.0,6.0,70.0,0.0,25.0,12.0,Arsenal,4.0,0.0,2.0,17.0,0.0,30.0,0.0,5.0,1.0,West Ham,0.2,4.0,4.0,0.0,A,2024-02-11,A
42185.0,8.0,7.0,2.0,44.0,0.0,17.0,5.0,Manchester Utd,2.0,2.0,10.0,9.0,1.0,56.0,0.0,23.0,10.0,Aston Villa,2.4,3.0,1.0,0.0,A,2024-02-11,A
25110.0,7.0,7.0,3.0,23.0,0.0,14.0,5.0,Chelsea,1.0,2.0,1.0,14.0,1.0,77.0,0.0,13.0,4.0,Crystal Palace,0.6,2.0,0.0,1.0,H,2024-02-12,A
24401.0,4.0,6.0,2.0,48.0,0.0,12.0,3.0,Aston Villa,2.0,2.0,4.0,11.0,1.0,52.0,0.0,15.0,4.0,Fulham,1.5,5.0,1.0,0.0,A,2024-02-17,A
52178.0,1.0,12.0,1.0,70.0,0.0,9.0,6.0,Chelsea,1.0,3.0,12.0,7.0,1.0,30.0,0.0,31.0,5.0,Manchester City,2.6,1.0,1.0,0.0,A,2024-02-17,D
61532.0,4.0,13.0,2.0,71.0,0.0,12.0,7.0,Wolves,2.0,1.0,10.0,8.0,1.0,29.0,0.0,15.0,4.0,Tottenham,1.6,0.0,1.0,0.0,A,2024-02-17,A
52224.0,2.0,22.0,2.0,62.0,0.0,12.0,7.0,Bournemouth,2.0,3.0,4.0,9.0,2.0,38.0,0.0,17.0,5.0,Newcastle Utd,2.2,1.0,0.0,0.0,D,2024-02-17,D
21311.0,6.0,8.0,5.0,64.0,0.0,16.0,7.0,Arsenal,2.0,1.0,4.0,11.0,0.0,36.0,0.0,8.0,0.0,Burnley,0.3,2.0,2.0,0.0,A,2024-02-17,A
29490.0,3.0,15.0,0.0,51.0,1.0,10.0,3.0,West Ham,1.0,4.0,5.0,13.0,2.0,49.0,0.0,19.0,8.0,Nott'ham Forest,2.8,4.0,0.0,1.0,H,2024-02-17,H
17193.0,6.0,18.0,4.0,62.0,0.0,15.0,8.0,Liverpool,3.0,1.0,1.0,4.0,1.0,38.0,0.0,15.0,6.0,Brentford,1.6,2.0,1.0,0.0,A,2024-02-17,A
29522.0,10.0,5.0,5.0,79.0,0.0,24.0,10.0,Brighton,3.0,4.0,5.0,3.0,0.0,21.0,1.0,6.0,1.0,Sheffield Utd,0.6,1.0,2.0,0.0,A,2024-02-18,A
11483.0,6.0,21.0,2.0,42.0,0.0,21.0,9.0,Manchester Utd,3.0,5.0,8.0,7.0,1.0,58.0,0.0,22.0,4.0,Luton Town,1.8,3.0,2.0,1.0,A,2024-02-18,A
38164.0,6.0,12.0,1.0,39.0,0.0,10.0,4.0,Crystal Palace,1.0,2.0,3.0,8.0,1.0,61.0,0.0,19.0,4.0,Everton,1.7,0.0,0.0,0.0,D,2024-02-19,D
52247.0,1.0,6.0,0.0,70.0,0.0,6.0,2.0,Brentford,0.0,4.0,10.0,12.0,1.0,30.0,0.0,25.0,11.0,Manchester City,2.3,2.0,0.0,0.0,D,2024-02-20,H
59713.0,4.0,14.0,1.0,60.0,0.0,12.0,3.0,Luton Town,1.0,4.0,13.0,15.0,4.0,40.0,0.0,29.0,13.0,Liverpool,3.3,1.0,1.0,0.0,A,2024-02-21,H
60298.0,0.0,6.0,1.0,55.0,0.0,3.0,2.0,Newcastle Utd,0.0,0.0,9.0,15.0,4.0,45.0,0.0,18.0,8.0,Arsenal,2.8,1.0,0.0,2.0,H,2024-02-24,H
41646.0,3.0,14.0,1.0,64.0,0.0,6.0,3.0,Everton,0.0,3.0,11.0,9.0,1.0,36.0,1.0,23.0,7.0,Brighton,1.4,2.0,0.0,0.0,D,2024-02-24,D
11184.0,8.0,6.0,1.0,62.0,0.0,15.0,6.0,Manchester City,2.0,2.0,3.0,14.0,0.0,38.0,0.0,13.0,4.0,Bournemouth,0.9,2.0,1.0,0.0,A,2024-02-24,A
73487.0,9.0,11.0,2.0,57.0,0.0,17.0,5.0,Fulham,1.0,5.0,10.0,6.0,1.0,43.0,0.0,21.0,9.0,Manchester Utd,1.7,2.0,0.0,0.0,D,2024-02-24,A
24042.0,3.0,13.0,0.0,56.0,1.0,2.0,0.0,Burnley,0.0,1.0,12.0,8.0,3.0,44.0,0.0,15.0,6.0,Crystal Palace,2.4,3.0,0.0,0.0,D,2024-02-24,H
42131.0,2.0,16.0,2.0,58.0,0.0,10.0,3.0,Nott'ham Forest,3.0,2.0,7.0,7.0,4.0,42.0,0.0,16.0,6.0,Aston Villa,3.6,1.0,1.0,3.0,H,2024-02-24,H
30789.0,6.0,4.0,0.0,63.0,0.0,12.0,4.0,Sheffield Utd,1.0,1.0,5.0,8.0,1.0,37.0,0.0,13.0,2.0,Wolves,1.3,2.0,0.0,1.0,H,2024-02-25,H
62450.0,7.0,9.0,2.0,59.0,0.0,14.0,8.0,Brentford,1.0,2.0,1.0,5.0,4.0,41.0,0.0,17.0,6.0,West Ham,1.7,1.0,1.0,2.0,H,2024-02-26,H
29603.0,12.0,12.0,1.0,69.0,0.0,22.0,2.0,Liverpool,2.0,2.0,3.0,11.0,0.0,31.0,0.0,8.0,2.0,Nott'ham Forest,1.0,2.0,0.0,0.0,D,2024-03-02,A
61339.0,1.0,16.0,1.0,78.0,0.0,4.0,1.0,Crystal Palace,0.0,2.0,11.0,7.0,3.0,22.0,0.0,14.0,6.0,Tottenham,1.9,1.0,0.0,0.0,D,2024-03-02,H
39262.0,5.0,6.0,3.0,45.0,0.0,12.0,5.0,West Ham,2.0,2.0,4.0,9.0,1.0,55.0,0.0,22.0,11.0,Everton,2.7,1.0,0.0,0.0,D,2024-03-02,A
11594.0,6.0,19.0,3.0,54.0,0.0,12.0,8.0,Aston Villa,2.0,4.0,8.0,8.0,2.0,46.0,0.0,13.0,5.0,Luton Town,1.8,1.0,2.0,0.0,A,2024-03-02,A
52206.0,5.0,11.0,0.0,44.0,0.0,12.0,3.0,Wolves,1.0,1.0,3.0,8.0,3.0,56.0,0.0,14.0,7.0,Newcastle Utd,2.1,0.0,0.0,2.0,H,2024-03-02,H
17140.0,6.0,9.0,2.0,33.0,0.0,17.0,6.0,Chelsea,2.0,1.0,0.0,10.0,2.0,67.0,0.0,14.0,5.0,Brentford,1.8,3.0,1.0,0.0,A,2024-03-02,D
24460.0,6.0,10.0,0.0,70.0,0.0,15.0,5.0,Brighton,1.0,2.0,2.0,16.0,3.0,30.0,0.0,12.0,5.0,Fulham,1.3,1.0,0.0,2.0,H,2024-03-02,H
19713.0,2.0,13.0,2.0,26.0,0.0,10.0,3.0,Bournemouth,1.0,4.0,7.0,8.0,0.0,74.0,0.0,20.0,6.0,Burnley,1.5,2.0,1.0,0.0,A,2024-03-03,A
53514.0,2.0,10.0,1.0,73.0,0.0,3.0,1.0,Manchester Utd,0.0,1.0,15.0,5.0,3.0,27.0,0.0,27.0,8.0,Manchester City,3.3,0.0,1.0,0.0,A,2024-03-03,H
29157.0,7.0,4.0,6.0,80.0,0.0,22.0,10.0,Arsenal,2.0,0.0,0.0,11.0,0.0,20.0,0.0,4.0,0.0,Sheffield Utd,0.2,1.0,5.0,0.0,A,2024-03-04,A
73601.0,8.0,11.0,0.0,51.0,0.0,23.0,6.0,Everton,2.0,2.0,5.0,13.0,2.0,49.0,0.0,15.0,8.0,Manchester Utd,2.7,1.0,0.0,2.0,H,2024-03-09,H
30860.0,4.0,11.0,1.0,52.0,0.0,23.0,6.0,Fulham,3.0,2.0,3.0,7.0,2.0,48.0,0.0,8.0,3.0,Wolves,0.8,2.0,0.0,0.0,D,2024-03-09,H
11074.0,3.0,11.0,2.0,69.0,0.0,13.0,9.0,Sheffield Utd,1.0,5.0,10.0,12.0,2.0,31.0,0.0,32.0,12.0,Bournemouth,3.3,3.0,1.0,0.0,A,2024-03-09,D
25103.0,6.0,11.0,1.0,49.0,0.0,8.0,2.0,Luton Town,1.0,3.0,8.0,20.0,1.0,51.0,0.0,21.0,4.0,Crystal Palace,2.7,2.0,0.0,1.0,H,2024-03-09,D
60331.0,4.0,10.0,1.0,71.0,0.0,9.0,4.0,Brentford,1.0,4.0,10.0,9.0,2.0,29.0,0.0,17.0,6.0,Arsenal,1.3,2.0,1.0,1.0,D,2024-03-09,H
62441.0,4.0,18.0,2.0,52.0,0.0,11.0,4.0,Burnley,1.0,4.0,4.0,11.0,2.0,48.0,0.0,22.0,4.0,West Ham,2.1,2.0,2.0,0.0,A,2024-03-10,D
42310.0,4.0,15.0,4.0,32.0,0.0,9.0,5.0,Tottenham,2.0,2.0,6.0,11.0,0.0,68.0,1.0,10.0,1.0,Aston Villa,0.8,0.0,0.0,0.0,D,2024-03-10,A
31505.0,3.0,14.0,0.0,63.0,0.0,9.0,4.0,Nott'ham Forest,1.0,4.0,6.0,14.0,1.0,37.0,0.0,10.0,3.0,Brighton,0.4,4.0,0.0,1.0,H,2024-03-10,H
59947.0,4.0,10.0,1.0,47.0,0.0,10.0,6.0,Manchester City,2.0,3.0,7.0,6.0,1.0,53.0,0.0,19.0,6.0,Liverpool,2.7,0.0,1.0,0.0,A,2024-03-10,D
37753.0,4.0,7.0,2.0,56.0,0.0,11.0,3.0,Newcastle Utd,1.0,1.0,0.0,12.0,3.0,44.0,0.0,12.0,8.0,Chelsea,1.6,3.0,1.0,1.0,D,2024-03-11,H
11198.0,3.0,11.0,3.0,59.0,0.0,8.0,4.0,Luton Town,2.0,2.0,11.0,16.0,4.0,41.0,0.0,24.0,10.0,Bournemouth,2.3,1.0,3.0,0.0,A,2024-03-13,H
24410.0,5.0,10.0,0.0,57.0,0.0,14.0,5.0,Tottenham,2.0,3.0,4.0,9.0,3.0,43.0,0.0,16.0,7.0,Fulham,2.6,2.0,0.0,1.0,H,2024-03-16,H
20431.0,4.0,17.0,1.0,40.0,1.0,9.0,5.0,Brentford,1.0,4.0,5.0,14.0,2.0,60.0,0.0,17.0,6.0,Burnley,2.8,2.0,0.0,1.0,H,2024-03-16,H
11630.0,7.0,17.0,1.0,40.0,0.0,16.0,6.0,Nott'ham Forest,2.0,2.0,6.0,10.0,1.0,60.0,0.0,10.0,4.0,Luton Town,0.6,1.0,1.0,0.0,A,2024-03-16,D
62461.0,11.0,12.0,1.0,69.0,0.0,13.0,5.0,Aston Villa,1.0,3.0,7.0,13.0,1.0,31.0,0.0,13.0,5.0,West Ham,2.0,3.0,0.0,1.0,H,2024-03-17,D
42640.0,4.0,19.0,0.0,48.0,0.0,13.0,3.0,Wolves,2.0,4.0,5.0,11.0,2.0,52.0,0.0,11.0,5.0,Aston Villa,1.0,3.0,0.0,1.0,H,2024-03-30,H
11207.0,8.0,11.0,1.0,48.0,0.0,7.0,3.0,Everton,1.0,2.0,9.0,14.0,2.0,52.0,0.0,11.0,4.0,Bournemouth,1.3,1.0,0.0,0.0,D,2024-03-30,H
61534.0,6.0,14.0,1.0,70.0,0.0,7.0,3.0,Luton Town,1.0,4.0,3.0,16.0,2.0,30.0,0.0,17.0,4.0,Tottenham,2.9,2.0,1.0,0.0,A,2024-03-30,H
17138.0,4.0,14.0,1.0,53.0,0.0,11.0,5.0,Manchester Utd,1.0,2.0,14.0,7.0,1.0,47.0,0.0,31.0,5.0,Brentford,3.2,2.0,0.0,0.0,D,2024-03-30,D
30010.0,15.0,13.0,3.0,73.0,0.0,24.0,9.0,Fulham,1.0,1.0,2.0,10.0,3.0,27.0,0.0,8.0,4.0,Sheffield Utd,1.9,4.0,0.0,0.0,D,2024-03-30,D
29520.0,6.0,12.0,1.0,41.0,0.0,10.0,3.0,Crystal Palace,1.0,1.0,4.0,14.0,1.0,59.0,0.0,12.0,5.0,Nott'ham Forest,0.9,1.0,1.0,0.0,A,2024-03-30,D
52199.0,4.0,8.0,3.0,60.0,0.0,10.0,4.0,West Ham,1.0,1.0,3.0,9.0,4.0,40.0,1.0,24.0,9.0,Newcastle Utd,4.1,1.0,2.0,1.0,A,2024-03-30,H
39535.0,4.0,7.0,2.0,69.0,1.0,18.0,7.0,Burnley,2.0,2.0,12.0,12.0,2.0,31.0,0.0,33.0,13.0,Chelsea,4.2,2.0,0.0,1.0,H,2024-03-30,D
60061.0,4.0,6.0,1.0,55.0,0.0,9.0,3.0,Brighton,1.0,3.0,8.0,20.0,2.0,45.0,0.0,30.0,8.0,Liverpool,2.8,5.0,1.0,1.0,D,2024-03-31,H
52178.0,4.0,20.0,0.0,72.0,0.0,6.0,2.0,Arsenal,1.0,2.0,7.0,9.0,0.0,28.0,0.0,12.0,1.0,Manchester City,1.0,0.0,0.0,0.0,D,2024-03-31,D
52135.0,3.0,14.0,1.0,57.0,0.0,10.0,3.0,Everton,1.0,3.0,7.0,9.0,1.0,43.0,0.0,18.0,6.0,Newcastle Utd,2.4,0.0,0.0,1.0,H,2024-04-02,D
28997.0,8.0,8.0,1.0,66.0,0.0,18.0,3.0,Fulham,2.0,0.0,3.0,7.0,3.0,34.0,0.0,16.0,4.0,Nott'ham Forest,1.5,0.0,0.0,3.0,H,2024-04-02,H
11058.0,2.0,14.0,0.0,50.0,0.0,3.0,2.0,Crystal Palace,0.0,2.0,9.0,13.0,1.0,50.0,0.0,11.0,6.0,Bournemouth,1.1,3.0,0.0,0.0,D,2024-04-02,H
21528.0,4.0,12.0,1.0,49.0,0.0,8.0,2.0,Wolves,1.0,2.0,7.0,10.0,1.0,51.0,0.0,13.0,6.0,Burnley,1.3,0.0,1.0,1.0,D,2024-04-02,D
62469.0,5.0,9.0,1.0,67.0,0.0,13.0,4.0,Tottenham,1.0,4.0,9.0,13.0,1.0,33.0,0.0,11.0,4.0,West Ham,1.5,1.0,1.0,1.0,D,2024-04-02,D
60262.0,1.0,8.0,0.0,58.0,0.0,5.0,1.0,Luton Town,0.0,1.0,3.0,12.0,2.0,42.0,0.0,13.0,4.0,Arsenal,0.7,1.0,0.0,2.0,H,2024-04-03,H
17024.0,5.0,12.0,0.0,66.0,0.0,24.0,6.0,Brighton,1.0,1.0,1.0,9.0,0.0,34.0,0.0,5.0,2.0,Brentford,0.6,1.0,0.0,0.0,D,2024-04-03,D
53422.0,3.0,13.0,1.0,67.0,0.0,8.0,3.0,Aston Villa,1.0,2.0,2.0,6.0,4.0,33.0,0.0,25.0,11.0,Manchester City,3.4,1.0,1.0,2.0,H,2024-04-03,H
39694.0,3.0,15.0,3.0,43.0,0.0,19.0,5.0,Manchester Utd,2.0,0.0,12.0,7.0,4.0,57.0,0.0,28.0,10.0,Chelsea,3.0,3.0,2.0,2.0,D,2024-04-04,H
60055.0,1.0,9.0,1.0,82.0,0.0,8.0,3.0,Sheffield Utd,1.0,1.0,13.0,6.0,3.0,18.0,0.0,29.0,9.0,Liverpool,1.8,0.0,0.0,1.0,H,2024-04-04,H
25132.0,9.0,3.0,4.0,75.0,0.0,18.0,8.0,Manchester City,2.0,1.0,2.0,13.0,2.0,25.0,0.0,7.0,4.0,Crystal Palace,1.1,1.0,1.0,1.0,D,2024-04-06,A
11797.0,2.0,14.0,1.0,45.0,0.0,8.0,1.0,Bournemouth,0.0,0.0,7.0,7.0,2.0,55.0,0.0,19.0,9.0,Luton Town,1.5,0.0,0.0,0.0,D,2024-04-06,H
39125.0,5.0,13.0,0.0,38.0,1.0,6.0,1.0,Burnley,1.0,1.0,3.0,11.0,1.0,62.0,0.0,12.0,3.0,Everton,0.9,2.0,0.0,1.0,H,2024-04-06,H
31504.0,4.0,7.0,2.0,58.0,0.0,11.0,4.0,West Ham,1.0,2.0,4.0,15.0,1.0,42.0,0.0,14.0,7.0,Wolves,1.5,5.0,0.0,1.0,H,2024-04-06,A
42118.0,3.0,11.0,3.0,69.0,0.0,8.0,3.0,Brentford,2.0,2.0,11.0,15.0,3.0,31.0,0.0,11.0,3.0,Aston Villa,1.5,2.0,0.0,1.0,H,2024-04-06,D
24418.0,3.0,13.0,1.0,34.0,0.0,12.0,5.0,Newcastle Utd,1.0,2.0,14.0,10.0,0.0,66.0,0.0,14.0,4.0,Fulham,1.2,1.0,0.0,0.0,D,2024-04-06,A
31677.0,7.0,13.0,3.0,46.0,0.0,20.0,7.0,Arsenal,3.0,2.0,8.0,14.0,0.0,54.0,0.0,10.0,2.0,Brighton,0.5,1.0,1.0,0.0,A,2024-04-06,A
61098.0,2.0,12.0,1.0,63.0,0.0,13.0,6.0,Nott'ham Forest,2.0,3.0,12.0,11.0,3.0,37.0,0.0,17.0,7.0,Tottenham,1.5,2.0,1.0,1.0,D,2024-04-07,H
28638.0,6.0,10.0,2.0,68.0,0.0,6.0,3.0,Chelsea,0.0,2.0,7.0,12.0,2.0,32.0,0.0,11.0,6.0,Sheffield Utd,1.4,4.0,1.0,1.0,D,2024-04-07,D
73501.0,11.0,10.0,2.0,38.0,0.0,28.0,7.0,Liverpool,4.0,2.0,6.0,9.0,2.0,62.0,0.0,9.0,5.0,Manchester Utd,0.7,5.0,1.0,0.0,A,2024-04-07,D
52147.0,3.0,12.0,0.0,28.0,0.0,11.0,2.0,Tottenham,1.0,4.0,16.0,14.0,4.0,72.0,0.0,18.0,5.0,Newcastle Utd,2.8,0.0,0.0,2.0,H,2024-04-13,H
52149.0,1.0,6.0,1.0,73.0,0.0,4.0,2.0,Luton Town,1.0,0.0,12.0,7.0,5.0,27.0,0.0,33.0,13.0,Manchester City,4.2,1.0,0.0,1.0,H,2024-04-13,H
20687.0,5.0,8.0,1.0,56.0,0.0,20.0,8.0,Brighton,1.0,2.0,4.0,18.0,1.0,44.0,0.0,11.0,3.0,Burnley,1.7,1.0,0.0,0.0,D,2024-04-13,D
29604.0,1.0,10.0,2.0,54.0,0.0,11.0,4.0,Wolves,1.0,3.0,10.0,15.0,2.0,46.0,0.0,18.0,9.0,Nott'ham Forest,1.9,2.0,1.0,1.0,D,2024-04-13,D
17115.0,6.0,11.0,0.0,53.0,0.0,8.0,2.0,Sheffield Utd,1.0,1.0,3.0,8.0,2.0,47.0,0.0,9.0,5.0,Brentford,1.0,3.0,0.0,0.0,D,2024-04-13,H
11229.0,2.0,14.0,2.0,57.0,0.0,8.0,2.0,Manchester Utd,1.0,0.0,7.0,13.0,2.0,43.0,0.0,20.0,5.0,Bournemouth,1.6,4.0,1.0,2.0,H,2024-04-13,D
60090.0,1.0,10.0,1.0,69.0,0.0,8.0,5.0,Crystal Palace,2.0,1.0,11.0,10.0,0.0,31.0,0.0,21.0,6.0,Liverpool,2.7,1.0,1.0,0.0,A,2024-04-14,A
62459.0,3.0,13.0,2.0,42.0,0.0,18.0,10.0,Fulham,3.0,2.0,8.0,6.0,0.0,58.0,0.0,15.0,4.0,West Ham,0.9,1.0,1.0,0.0,A,2024-04-14,A
60350.0,6.0,7.0,2.0,52.0,0.0,11.0,2.0,Aston Villa,1.0,1.0,4.0,12.0,0.0,48.0,0.0,18.0,4.0,Arsenal,1.6,3.0,0.0,0.0,D,2024-04-14,A
39392.0,8.0,21.0,0.0,58.0,0.0,10.0,2.0,Everton,2.0,4.0,4.0,5.0,6.0,42.0,0.0,14.0,10.0,Chelsea,3.1,1.0,0.0,4.0,H,2024-04-15,H
31621.0,2.0,9.0,2.0,54.0,0.0,24.0,9.0,Arsenal,1.0,2.0,1.0,14.0,0.0,46.0,0.0,5.0,3.0,Wolves,0.2,3.0,1.0,0.0,A,2024-04-20,A
11877.0,9.0,9.0,5.0,47.0,0.0,21.0,9.0,Brentford,3.0,2.0,4.0,13.0,1.0,53.0,0.0,6.0,3.0,Luton Town,0.6,1.0,2.0,0.0,A,2024-04-20,A
28964.0,2.0,9.0,4.0,51.0,0.0,16.0,9.0,Burnley,2.0,0.0,11.0,10.0,1.0,49.0,0.0,18.0,11.0,Sheffield Utd,2.4,1.0,2.0,0.0,A,2024-04-20,A
39239.0,4.0,9.0,0.0,59.0,0.0,8.0,3.0,Nott'ham Forest,1.0,2.0,6.0,15.0,2.0,41.0,0.0,7.0,4.0,Everton,0.3,3.0,0.0,1.0,H,2024-04-21,H
25145.0,0.0,9.0,2.0,60.0,0.0,4.0,1.0,West Ham,1.0,2.0,4.0,9.0,5.0,40.0,0.0,18.0,7.0,Crystal Palace,2.4,3.0,1.0,4.0,H,2024-04-21,H
42189.0,4.0,14.0,1.0,56.0,0.0,14.0,6.0,Bournemouth,2.0,3.0,8.0,8.0,3.0,44.0,0.0,14.0,4.0,Aston Villa,2.4,1.0,1.0,1.0,D,2024-04-21,H
24414.0,4.0,11.0,3.0,60.0,0.0,14.0,7.0,Liverpool,1.0,0.0,1.0,5.0,1.0,40.0,0.0,12.0,5.0,Fulham,0.8,3.0,1.0,1.0,D,2024-04-21,A
60238.0,2.0,11.0,0.0,45.0,0.0,7.0,1.0,Chelsea,2.0,2.0,4.0,12.0,5.0,55.0,0.0,27.0,10.0,Arsenal,3.3,2.0,0.0,1.0,H,2024-04-23,H
25541.0,12.0,17.0,1.0,63.0,1.0,21.0,6.0,Bournemouth,2.0,1.0,8.0,10.0,0.0,37.0,0.0,15.0,4.0,Wolves,0.5,4.0,1.0,0.0,A,2024-04-24,A
38222.0,13.0,13.0,0.0,75.0,0.0,23.0,7.0,Liverpool,2.0,3.0,4.0,6.0,2.0,25.0,0.0,16.0,6.0,Everton,1.2,0.0,0.0,1.0,H,2024-04-24,H
73549.0,4.0,9.0,2.0,71.0,0.0,10.0,4.0,Sheffield Utd,1.0,1.0,9.0,7.0,4.0,29.0,0.0,25.0,13.0,Manchester Utd,2.9,0.0,1.0,1.0,D,2024-04-24,H
25002.0,2.0,15.0,0.0,53.0,0.0,7.0,2.0,Newcastle Utd,0.0,3.0,7.0,10.0,2.0,47.0,0.0,20.0,7.0,Crystal Palace,0.9,3.0,0.0,0.0,D,2024-04-24,H
31596.0,4.0,3.0,4.0,64.0,0.0,14.0,6.0,Manchester City,1.0,0.0,4.0,10.0,0.0,36.0,0.0,7.0,3.0,Brighton,0.6,2.0,3.0,0.0,A,2024-04-25,A
62474.0,8.0,10.0,2.0,71.0,0.0,28.0,8.0,Liverpool,2.0,2.0,5.0,8.0,2.0,29.0,0.0,11.0,8.0,West Ham,0.7,0.0,0.0,1.0,H,2024-04-27,D
31531.0,4.0,14.0,1.0,58.0,0.0,9.0,6.0,Luton Town,1.0,1.0,4.0,14.0,2.0,42.0,0.0,13.0,5.0,Wolves,1.2,3.0,0.0,1.0,H,2024-04-27,H
73571.0,5.0,11.0,1.0,48.0,0.0,16.0,7.0,Burnley,2.0,3.0,6.0,7.0,1.0,52.0,0.0,27.0,10.0,Manchester Utd,2.7,1.0,0.0,0.0,D,2024-04-27,D
24142.0,9.0,15.0,1.0,53.0,0.0,14.0,4.0,Crystal Palace,1.0,2.0,5.0,11.0,1.0,47.0,0.0,9.0,2.0,Fulham,1.1,0.0,0.0,0.0,D,2024-04-27,D
52196.0,5.0,10.0,1.0,60.0,0.0,15.0,5.0,Sheffield Utd,2.0,0.0,4.0,9.0,5.0,40.0,0.0,20.0,7.0,Newcastle Utd,3.1,0.0,1.0,1.0,D,2024-04-27,H
39098.0,6.0,12.0,0.0,52.0,0.0,10.0,4.0,Brentford,1.0,2.0,6.0,10.0,1.0,48.0,0.0,18.0,1.0,Everton,0.8,1.0,0.0,0.0,D,2024-04-27,H
42354.0,4.0,14.0,2.0,29.0,0.0,21.0,5.0,Chelsea,2.0,5.0,2.0,13.0,2.0,71.0,0.0,9.0,4.0,Aston Villa,1.1,3.0,0.0,2.0,H,2024-04-27,D
61554.0,6.0,16.0,3.0,38.0,0.0,9.0,3.0,Arsenal,1.0,1.0,8.0,12.0,2.0,62.0,0.0,14.0,2.0,Tottenham,2.3,2.0,3.0,0.0,A,2024-04-28,A
11188.0,2.0,10.0,0.0,69.0,0.0,13.0,1.0,Brighton,1.0,2.0,8.0,14.0,3.0,31.0,0.0,15.0,6.0,Bournemouth,1.9,2.0,0.0,1.0,H,2024-04-28,H
29677.0,5.0,6.0,2.0,66.0,0.0,11.0,5.0,Manchester City,1.0,0.0,4.0,8.0,0.0,34.0,0.0,14.0,2.0,Nott'ham Forest,1.9,0.0,1.0,0.0,A,2024-04-28,A
39086.0,9.0,16.0,0.0,63.0,0.0,19.0,3.0,Tottenham,2.0,1.0,4.0,12.0,2.0,37.0,0.0,16.0,5.0,Chelsea,2.2,0.0,0.0,1.0,H,2024-05-02,H
11873.0,7.0,12.0,1.0,49.0,0.0,10.0,3.0,Everton,1.0,3.0,8.0,14.0,1.0,51.0,0.0,18.0,5.0,Luton Town,0.8,1.0,1.0,1.0,D,2024-05-03,D
60348.0,1.0,12.0,0.0,55.0,0.0,7.0,2.0,Bournemouth,1.0,3.0,6.0,16.0,3.0,45.0,0.0,25.0,9.0,Arsenal,3.3,2.0,0.0,1.0,H,2024-05-04,H
17090.0,6.0,6.0,0.0,54.0,0.0,15.0,3.0,Fulham,1.0,1.0,7.0,3.0,0.0,46.0,0.0,7.0,3.0,Brentford,0.6,1.0,0.0,0.0,D,2024-05-04,D
21781.0,11.0,8.0,4.0,53.0,0.0,23.0,11.0,Newcastle Utd,3.0,2.0,4.0,8.0,1.0,47.0,0.0,17.0,5.0,Burnley,1.0,2.0,3.0,0.0,A,2024-05-04,A
28516.0,3.0,7.0,3.0,46.0,0.0,15.0,4.0,Nott'ham Forest,1.0,1.0,5.0,9.0,1.0,54.0,1.0,17.0,5.0,Sheffield Utd,2.2,0.0,1.0,1.0,D,2024-05-04,A
52439.0,0.0,17.0,1.0,58.0,0.0,2.0,1.0,Wolves,0.0,4.0,6.0,4.0,5.0,42.0,0.0,20.0,12.0,Manchester City,3.7,0.0,0.0,3.0,H,2024-05-04,H
31596.0,3.0,10.0,0.0,52.0,0.0,2.0,1.0,Aston Villa,0.0,1.0,7.0,13.0,1.0,48.0,0.0,15.0,8.0,Brighton,2.5,2.0,0.0,0.0,D,2024-05-05,H
39295.0,6.0,10.0,0.0,69.0,0.0,13.0,2.0,West Ham,1.0,3.0,8.0,12.0,5.0,31.0,0.0,25.0,14.0,Chelsea,4.1,1.0,0.0,3.0,H,2024-05-05,H
60075.0,3.0,12.0,2.0,44.0,0.0,11.0,6.0,Tottenham,1.0,4.0,8.0,14.0,4.0,56.0,0.0,25.0,13.0,Liverpool,3.3,1.0,0.0,2.0,H,2024-05-05,H
25190.0,3.0,8.0,0.0,57.0,0.0,7.0,2.0,Manchester Utd,0.0,1.0,6.0,12.0,4.0,43.0,0.0,18.0,10.0,Crystal Palace,1.7,1.0,0.0,2.0,H,2024-05-06,H
29708.0,6.0,8.0,3.0,67.0,0.0,12.0,5.0,Chelsea,2.0,3.0,5.0,14.0,2.0,33.0,0.0,20.0,4.0,Nott'ham Forest,1.5,2.0,1.0,1.0,D,2024-05-11,A
62475.0,6.0,15.0,1.0,58.0,0.0,4.0,1.0,Luton Town,0.0,3.0,7.0,9.0,3.0,42.0,0.0,24.0,8.0,West Ham,3.2,1.0,1.0,0.0,A,2024-05-11,H
39221.0,6.0,11.0,0.0,58.0,0.0,13.0,1.0,Sheffield Utd,1.0,2.0,3.0,6.0,1.0,42.0,0.0,15.0,6.0,Everton,2.3,1.0,0.0,1.0,H,2024-05-11,H
11154.0,8.0,12.0,2.0,52.0,0.0,11.0,5.0,Brentford,1.0,2.0,3.0,16.0,1.0,48.0,0.0,13.0,4.0,Bournemouth,0.7,2.0,0.0,0.0,D,2024-05-11,A
24418.0,7.0,6.0,4.0,64.0,0.0,16.0,9.0,Manchester City,3.0,0.0,1.0,9.0,0.0,36.0,1.0,1.0,1.0,Fulham,0.1,1.0,1.0,0.0,A,2024-05-11,A
61148.0,3.0,14.0,1.0,63.0,0.0,7.0,3.0,Burnley,1.0,5.0,9.0,10.0,2.0,37.0,0.0,21.0,9.0,Tottenham,2.7,3.0,1.0,1.0,D,2024-05-11,H
51997.0,4.0,16.0,1.0,57.0,0.0,15.0,4.0,Brighton,1.0,4.0,8.0,9.0,1.0,43.0,0.0,18.0,7.0,Newcastle Utd,2.2,3.0,1.0,1.0,D,2024-05-11,D
31424.0,3.0,12.0,3.0,38.0,1.0,13.0,3.0,Crystal Palace,3.0,2.0,8.0,13.0,1.0,62.0,0.0,13.0,7.0,Wolves,1.6,3.0,2.0,0.0,A,2024-05-11,A
73600.0,7.0,6.0,1.0,46.0,0.0,11.0,5.0,Arsenal,2.0,2.0,4.0,5.0,0.0,54.0,0.0,14.0,2.0,Manchester Utd,0.5,0.0,1.0,0.0,A,2024-05-12,A
42241.0,4.0,15.0,3.0,59.0,0.0,14.0,7.0,Liverpool,2.0,1.0,5.0,11.0,3.0,41.0,0.0,19.0,5.0,Aston Villa,3.1,1.0,2.0,1.0,A,2024-05-13,D
61065.0,4.0,11.0,2.0,47.0,0.0,8.0,5.0,Manchester City,2.0,3.0,7.0,14.0,0.0,53.0,0.0,10.0,5.0,Tottenham,1.7,3.0,0.0,0.0,D,2024-05-14,A
73582.0,9.0,7.0,2.0,45.0,0.0,21.0,8.0,Newcastle Utd,2.0,3.0,9.0,16.0,3.0,55.0,0.0,17.0,8.0,Manchester Utd,1.5,3.0,0.0,1.0,H,2024-05-15,H
31555.0,6.0,14.0,2.0,55.0,1.0,13.0,6.0,Chelsea,2.0,2.0,4.0,13.0,1.0,45.0,0.0,12.0,2.0,Brighton,1.3,2.0,1.0,0.0,A,2024-05-15,A
55097.0,2.0,12.0,1.0,71.0,0.0,3.0,2.0,West Ham,0.0,1.0,11.0,3.0,3.0,29.0,0.0,28.0,12.0,Manchester City,1.9,0.0,1.0,2.0,H,2024-05-19,H
17124.0,0.0,11.0,4.0,46.0,0.0,12.0,7.0,Newcastle Utd,3.0,4.0,3.0,15.0,2.0,54.0,0.0,10.0,5.0,Brentford,1.1,4.0,3.0,0.0,A,2024-05-19,A
60312.0,1.0,11.0,1.0,68.0,0.0,5.0,2.0,Everton,1.0,3.0,8.0,8.0,2.0,32.0,0.0,26.0,5.0,Arsenal,2.9,4.0,1.0,1.0,D,2024-05-19,H
31662.0,5.0,9.0,2.0,45.0,0.0,11.0,4.0,Manchester Utd,1.0,3.0,7.0,10.0,0.0,55.0,0.0,17.0,3.0,Brighton,1.7,1.0,0.0,0.0,D,2024-05-19,A
29116.0,6.0,9.0,3.0,75.0,0.0,18.0,9.0,Tottenham,3.0,0.0,2.0,11.0,0.0,25.0,0.0,6.0,1.0,Sheffield Utd,1.0,2.0,1.0,0.0,A,2024-05-19,A
21109.0,3.0,5.0,2.0,28.0,0.0,12.0,6.0,Nott'ham Forest,2.0,0.0,4.0,11.0,1.0,72.0,0.0,20.0,3.0,Burnley,1.2,1.0,2.0,0.0,A,2024-05-19,A
39724.0,5.0,9.0,1.0,61.0,0.0,22.0,5.0,Bournemouth,2.0,3.0,6.0,5.0,2.0,39.0,0.0,16.0,6.0,Chelsea,1.1,2.0,0.0,1.0,H,2024-05-19,H
12027.0,4.0,20.0,4.0,59.0,0.0,15.0,7.0,Fulham,1.0,4.0,4.0,15.0,2.0,41.0,0.0,15.0,6.0,Luton Town,2.0,5.0,2.0,1.0,A,2024-05-19,A
60059.0,2.0,11.0,0.0,67.0,1.0,4.0,3.0,Wolves,1.0,1.0,10.0,14.0,2.0,33.0,0.0,36.0,14.0,Liverpool,4.5,1.0,0.0,2.0,H,2024-05-19,H
25191.0,4.0,8.0,0.0,46.0,0.0,8.0,2.0,Aston Villa,1.0,4.0,2.0,10.0,5.0,54.0,0.0,15.0,9.0,Crystal Palace,2.5,1.0,0.0,2.0,H,2024-05-19,H
73297.0,8.0,10.0,0.0,55.0,0.0,10.0,2.0,Fulham,0.0,3.0,7.0,12.0,1.0,45.0,0.0,14.0,5.0,Manchester Utd,2.4,2.0,0.0,0.0,D,2024-08-16,H
60261.0,2.0,14.0,0.0,53.0,0.0,9.0,3.0,Wolves,1.0,2.0,8.0,17.0,2.0,47.0,0.0,18.0,6.0,Arsenal,1.2,2.0,0.0,1.0,H,2024-08-17,H
29763.0,6.0,8.0,1.0,47.0,0.0,13.0,4.0,Bournemouth,1.0,3.0,2.0,17.0,1.0,53.0,0.0,14.0,8.0,Nott'ham Forest,1.3,1.0,0.0,1.0,H,2024-08-17,D
62463.0,3.0,11.0,2.0,48.0,0.0,15.0,3.0,Aston Villa,2.0,2.0,5.0,18.0,1.0,52.0,0.0,14.0,3.0,West Ham,2.3,1.0,1.0,1.0,D,2024-08-17,A
52196.0,12.0,16.0,0.0,23.0,0.0,19.0,4.0,Southampton,2.0,4.0,3.0,15.0,1.0,77.0,1.0,3.0,1.0,Newcastle Utd,0.3,2.0,0.0,1.0,H,2024-08-17,H
30014.0,10.0,18.0,2.0,62.0,0.0,18.0,5.0,Liverpool,3.0,1.0,2.0,9.0,0.0,38.0,0.0,7.0,2.0,Ipswich Town,0.5,3.0,0.0,0.0,D,2024-08-17,A
39217.0,5.0,8.0,3.0,60.0,0.0,10.0,5.0,Brighton,1.0,1.0,1.0,8.0,0.0,40.0,1.0,9.0,1.0,Everton,0.5,1.0,1.0,0.0,A,2024-08-17,A
16988.0,7.0,15.0,1.0,46.0,0.0,14.0,6.0,Crystal Palace,1.0,5.0,4.0,6.0,2.0,54.0,0.0,9.0,5.0,Brentford,1.6,1.0,0.0,1.0,H,2024-08-18,H
39818.0,3.0,9.0,2.0,52.0,0.0,11.0,5.0,Manchester City,1.0,1.0,4.0,12.0,0.0,48.0,0.0,10.0,3.0,Chelsea,1.0,1.0,1.0,0.0,A,2024-08-18,A
31977.0,13.0,12.0,1.0,70.0,0.0,15.0,7.0,Tottenham,1.0,1.0,2.0,11.0,1.0,30.0,0.0,7.0,3.0,Leicester City,1.0,1.0,1.0,0.0,A,2024-08-19,D
41587.0,1.0,15.0,2.0,60.0,0.0,9.0,4.0,Arsenal,1.0,3.0,4.0,8.0,0.0,40.0,0.0,11.0,3.0,Aston Villa,1.2,1.0,0.0,0.0,D,2024-08-24,A
31537.0,4.0,13.0,1.0,52.0,0.0,11.0,4.0,Manchester Utd,1.0,2.0,4.0,9.0,2.0,48.0,0.0,14.0,5.0,Brighton,2.1,1.0,0.0,1.0,H,2024-08-24,H
53147.0,1.0,15.0,1.0,75.0,0.0,1.0,1.0,Ipswich Town,0.0,3.0,10.0,4.0,4.0,25.0,0.0,14.0,5.0,Manchester City,3.3,2.0,1.0,3.0,H,2024-08-24,H
31150.0,10.0,14.0,1.0,36.0,0.0,23.0,8.0,Nott'ham Forest,2.0,3.0,4.0,14.0,0.0,64.0,0.0,5.0,1.0,Southampton,0.1,3.0,0.0,0.0,D,2024-08-24,A
61357.0,5.0,15.0,0.0,70.0,0.0,10.0,1.0,Everton,1.0,0.0,12.0,11.0,4.0,30.0,0.0,13.0,7.0,Tottenham,2.4,0.0,0.0,2.0,H,2024-08-24,H
25401.0,5.0,13.0,1.0,54.0,0.0,10.0,4.0,Leicester City,1.0,2.0,7.0,14.0,2.0,46.0,0.0,18.0,6.0,Fulham,1.8,2.0,1.0,1.0,D,2024-08-24,H
25099.0,3.0,17.0,2.0,58.0,0.0,18.0,3.0,West Ham,1.0,1.0,3.0,9.0,0.0,42.0,0.0,14.0,2.0,Crystal Palace,1.3,1.0,0.0,0.0,D,2024-08-24,A
11161.0,9.0,8.0,1.0,61.0,0.0,14.0,5.0,Newcastle Utd,2.0,2.0,8.0,19.0,1.0,39.0,0.0,16.0,4.0,Bournemouth,2.2,2.0,0.0,1.0,H,2024-08-25,D
60017.0,4.0,7.0,0.0,62.0,0.0,8.0,2.0,Brentford,1.0,3.0,9.0,10.0,2.0,38.0,0.0,19.0,8.0,Liverpool,2.5,2.0,0.0,1.0,H,2024-08-25,H
31235.0,5.0,13.0,6.0,60.0,0.0,14.0,8.0,Chelsea,2.0,3.0,5.0,13.0,2.0,40.0,0.0,12.0,4.0,Wolves,1.9,2.0,2.0,2.0,D,2024-08-25,A
60326.0,7.0,7.0,1.0,36.0,0.0,22.0,4.0,Brighton,2.0,2.0,3.0,12.0,1.0,64.0,1.0,11.0,7.0,Arsenal,2.1,3.0,0.0,1.0,H,2024-08-31,D
29517.0,6.0,15.0,1.0,52.0,0.0,9.0,4.0,Fulham,1.0,3.0,8.0,15.0,1.0,48.0,0.0,11.0,4.0,Ipswich Town,0.4,2.0,1.0,1.0,D,2024-08-31,D
29918.0,3.0,18.0,1.0,48.0,0.0,11.0,3.0,Wolves,1.0,4.0,7.0,15.0,1.0,52.0,0.0,16.0,5.0,Nott'ham Forest,1.0,3.0,1.0,1.0,D,2024-08-31,D
16955.0,8.0,7.0,1.0,37.0,0.0,18.0,6.0,Southampton,2.0,1.0,2.0,10.0,3.0,63.0,0.0,20.0,7.0,Brentford,2.8,2.0,0.0,1.0,H,2024-08-31,H
31725.0,4.0,21.0,2.0,43.0,0.0,10.0,5.0,Aston Villa,1.0,5.0,1.0,13.0,1.0,57.0,0.0,9.0,3.0,Leicester City,0.4,4.0,1.0,0.0,A,2024-08-31,A
38805.0,4.0,1.0,3.0,53.0,0.0,17.0,7.0,Bournemouth,2.0,1.0,8.0,6.0,2.0,47.0,0.0,18.0,8.0,Everton,1.8,2.0,0.0,0.0,D,2024-08-31,A
62469.0,11.0,3.0,3.0,67.0,0.0,23.0,8.0,Manchester City,3.0,2.0,3.0,10.0,1.0,33.0,0.0,10.0,2.0,West Ham,0.7,3.0,2.0,1.0,A,2024-08-31,A
73738.0,2.0,7.0,3.0,53.0,0.0,11.0,3.0,Liverpool,2.0,1.0,5.0,7.0,0.0,47.0,0.0,8.0,3.0,Manchester Utd,1.4,4.0,2.0,0.0,A,2024-09-01,A
52211.0,12.0,13.0,1.0,35.0,0.0,20.0,6.0,Tottenham,1.0,4.0,7.0,16.0,2.0,65.0,0.0,9.0,3.0,Newcastle Utd,1.8,4.0,0.0,1.0,H,2024-09-01,H
39298.0,5.0,13.0,1.0,38.0,0.0,9.0,3.0,Crystal Palace,1.0,2.0,4.0,9.0,1.0,62.0,0.0,13.0,7.0,Chelsea,2.4,4.0,0.0,1.0,H,2024-09-01,D
11235.0,3.0,9.0,1.0,66.0,0.0,10.0,3.0,Chelsea,1.0,8.0,6.0,16.0,0.0,34.0,0.0,19.0,7.0,Bournemouth,1.7,6.0,0.0,0.0,D,2024-09-14,A
41573.0,2.0,12.0,2.0,72.0,0.0,6.0,2.0,Everton,1.0,4.0,6.0,10.0,3.0,28.0,0.0,17.0,8.0,Aston Villa,2.1,1.0,2.0,1.0,A,2024-09-14,H
41573.0,2.0,16.0,0.0,68.0,0.0,6.0,1.0,Ipswich Town,0.0,3.0,9.0,14.0,0.0,32.0,0.0,21.0,6.0,Brighton,1.6,4.0,0.0,0.0,D,2024-09-14,D
26528.0,2.0,18.0,1.0,54.0,0.0,11.0,3.0,West Ham,1.0,3.0,3.0,15.0,1.0,46.0,0.0,21.0,5.0,Fulham,1.5,2.0,0.0,1.0,H,2024-09-14,D
52148.0,3.0,3.0,1.0,54.0,0.0,8.0,5.0,Brentford,1.0,1.0,12.0,9.0,2.0,46.0,0.0,18.0,7.0,Manchester City,2.1,3.0,1.0,2.0,H,2024-09-14,H
60344.0,2.0,6.0,1.0,68.0,0.0,5.0,3.0,Nott'ham Forest,0.0,4.0,7.0,15.0,0.0,32.0,0.0,14.0,5.0,Liverpool,0.9,4.0,0.0,0.0,D,2024-09-14,A
31144.0,7.0,14.0,3.0,56.0,0.0,20.0,10.0,Manchester Utd,3.0,4.0,0.0,11.0,0.0,44.0,1.0,6.0,4.0,Southampton,1.1,1.0,2.0,0.0,A,2024-09-14,A
25147.0,2.0,15.0,2.0,66.0,0.0,9.0,4.0,Leicester City,1.0,3.0,5.0,11.0,2.0,34.0,0.0,20.0,4.0,Crystal Palace,2.5,0.0,1.0,0.0,A,2024-09-14,D
30255.0,7.0,6.0,2.0,51.0,0.0,14.0,6.0,Newcastle Utd,2.0,3.0,4.0,17.0,1.0,49.0,0.0,12.0,5.0,Wolves,1.2,3.0,0.0,1.0,H,2024-09-15,A
61645.0,6.0,10.0,1.0,37.0,0.0,7.0,4.0,Arsenal,1.0,3.0,7.0,13.0,0.0,63.0,0.0,15.0,5.0,Tottenham,0.7,5.0,0.0,0.0,D,2024-09-15,A
60347.0,9.0,12.0,0.0,58.0,0.0,19.0,6.0,Bournemouth,1.0,4.0,3.0,10.0,3.0,42.0,0.0,19.0,13.0,Liverpool,2.0,1.0,0.0,3.0,H,2024-09-21,H
31765.0,1.0,12.0,1.0,42.0,0.0,16.0,5.0,Everton,1.0,2.0,6.0,11.0,1.0,58.0,0.0,12.0,2.0,Leicester City,0.7,1.0,1.0,0.0,A,2024-09-21,D
25172.0,11.0,12.0,0.0,67.0,0.0,15.0,6.0,Manchester Utd,2.0,1.0,4.0,7.0,0.0,33.0,0.0,9.0,4.0,Crystal Palace,1.0,3.0,0.0,0.0,D,2024-09-21,D
31117.0,10.0,16.0,1.0,53.0,0.0,13.0,6.0,Ipswich Town,2.0,4.0,2.0,16.0,1.0,47.0,0.0,11.0,3.0,Southampton,2.4,4.0,0.0,1.0,H,2024-09-21,D
61246.0,4.0,9.0,1.0,48.0,0.0,6.0,6.0,Brentford,1.0,1.0,9.0,11.0,3.0,52.0,0.0,23.0,10.0,Tottenham,3.5,3.0,1.0,2.0,H,2024-09-21,H
39978.0,5.0,16.0,1.0,53.0,0.0,10.0,4.0,Wolves,1.0,6.0,6.0,11.0,3.0,47.0,0.0,9.0,4.0,Aston Villa,1.7,3.0,1.0,0.0,A,2024-09-21,H
25700.0,0.0,8.0,1.0,61.0,0.0,15.0,4.0,Newcastle Utd,2.0,0.0,6.0,16.0,3.0,39.0,0.0,22.0,11.0,Fulham,2.2,6.0,0.0,2.0,H,2024-09-21,H
62473.0,5.0,9.0,3.0,47.0,0.0,12.0,5.0,Chelsea,2.0,2.0,6.0,17.0,0.0,53.0,0.0,15.0,7.0,West Ham,0.9,5.0,2.0,0.0,A,2024-09-21,A
31444.0,1.0,11.0,2.0,70.0,1.0,4.0,3.0,Nott'ham Forest,1.0,4.0,9.0,12.0,2.0,30.0,0.0,14.0,3.0,Brighton,1.0,3.0,1.0,2.0,H,2024-09-22,D
52846.0,2.0,10.0,2.0,77.0,1.0,5.0,3.0,Arsenal,1.0,4.0,8.0,7.0,2.0,23.0,0.0,33.0,11.0,Manchester City,2.1,3.0,2.0,1.0,A,2024-09-22,D
31413.0,10.0,8.0,2.0,55.0,0.0,10.0,6.0,Liverpool,3.0,3.0,2.0,16.0,1.0,45.0,0.0,8.0,3.0,Wolves,0.6,2.0,1.0,0.0,A,2024-09-28,A
30139.0,5.0,15.0,1.0,59.0,0.0,14.0,2.0,Fulham,1.0,4.0,6.0,11.0,0.0,41.0,0.0,11.0,1.0,Nott'ham Forest,0.8,2.0,0.0,0.0,D,2024-09-28,A
39495.0,2.0,8.0,2.0,59.0,0.0,15.0,5.0,Brighton,1.0,2.0,8.0,11.0,4.0,41.0,0.0,15.0,7.0,Chelsea,4.2,3.0,2.0,4.0,H,2024-09-28,H
60323.0,0.0,6.0,2.0,74.0,0.0,5.0,3.0,Leicester City,0.0,4.0,17.0,11.0,4.0,26.0,0.0,36.0,16.0,Arsenal,4.4,2.0,0.0,2.0,H,2024-09-28,H
38954.0,8.0,11.0,1.0,59.0,0.0,17.0,5.0,Crystal Palace,1.0,1.0,5.0,13.0,2.0,41.0,0.0,8.0,2.0,Everton,0.9,2.0,1.0,0.0,A,2024-09-28,H
17050.0,7.0,11.0,1.0,57.0,0.0,19.0,3.0,West Ham,1.0,3.0,7.0,2.0,1.0,43.0,0.0,8.0,3.0,Brentford,0.4,2.0,0.0,1.0,H,2024-09-28,D
52248.0,6.0,10.0,1.0,62.0,0.0,16.0,6.0,Manchester City,1.0,4.0,5.0,14.0,1.0,38.0,0.0,11.0,4.0,Newcastle Utd,1.6,4.0,1.0,0.0,A,2024-09-28,D
29943.0,0.0,14.0,2.0,56.0,0.0,7.0,3.0,Aston Villa,1.0,1.0,10.0,10.0,2.0,44.0,0.0,15.0,5.0,Ipswich Town,1.2,4.0,2.0,1.0,A,2024-09-29,D
73587.0,3.0,14.0,3.0,39.0,0.0,24.0,10.0,Tottenham,4.0,3.0,5.0,16.0,0.0,61.0,1.0,11.0,2.0,Manchester Utd,1.0,5.0,1.0,0.0,A,2024-09-29,A
11243.0,4.0,12.0,1.0,40.0,0.0,9.0,3.0,Southampton,1.0,5.0,7.0,19.0,3.0,60.0,0.0,14.0,6.0,Bournemouth,1.3,2.0,0.0,3.0,H,2024-09-30,H
60307.0,1.0,9.0,1.0,59.0,0.0,8.0,2.0,Southampton,1.0,3.0,13.0,10.0,3.0,41.0,0.0,29.0,6.0,Arsenal,2.8,0.0,0.0,0.0,D,2024-10-05,H
62467.0,5.0,6.0,1.0,52.0,0.0,9.0,2.0,Ipswich Town,1.0,1.0,5.0,12.0,4.0,48.0,0.0,23.0,13.0,West Ham,3.6,0.0,1.0,2.0,H,2024-10-05,H
53017.0,3.0,10.0,2.0,58.0,0.0,11.0,4.0,Fulham,3.0,1.0,8.0,4.0,3.0,42.0,0.0,20.0,7.0,Manchester City,1.6,2.0,1.0,1.0,D,2024-10-05,H
39265.0,10.0,8.0,0.0,67.0,0.0,14.0,3.0,Newcastle Utd,2.0,2.0,0.0,12.0,0.0,33.0,0.0,8.0,2.0,Everton,0.7,1.0,0.0,0.0,D,2024-10-05,D
16960.0,3.0,10.0,3.0,44.0,0.0,17.0,6.0,Wolves,1.0,3.0,10.0,9.0,5.0,56.0,0.0,19.0,12.0,Brentford,4.2,2.0,2.0,4.0,H,2024-10-05,H
25185.0,8.0,15.0,1.0,68.0,0.0,16.0,4.0,Liverpool,1.0,2.0,3.0,7.0,0.0,32.0,0.0,9.0,5.0,Crystal Palace,0.6,4.0,1.0,0.0,A,2024-10-05,A
31706.0,9.0,14.0,0.0,55.0,0.0,17.0,2.0,Bournemouth,2.0,1.0,0.0,12.0,1.0,45.0,0.0,6.0,2.0,Leicester City,0.8,4.0,0.0,1.0,H,2024-10-05,H
42682.0,3.0,11.0,0.0,47.0,0.0,10.0,4.0,Manchester Utd,1.0,5.0,6.0,12.0,0.0,53.0,0.0,11.0,1.0,Aston Villa,0.5,1.0,0.0,0.0,D,2024-10-06,D
39501.0,3.0,11.0,1.0,65.0,1.0,16.0,9.0,Nott'ham Forest,1.0,2.0,11.0,12.0,1.0,35.0,0.0,22.0,8.0,Chelsea,2.3,6.0,0.0,0.0,D,2024-10-06,D
31487.0,7.0,10.0,2.0,41.0,0.0,13.0,3.0,Tottenham,1.0,2.0,4.0,14.0,3.0,59.0,0.0,11.0,4.0,Brighton,1.8,2.0,2.0,0.0,A,2024-10-06,H
11235.0,4.0,11.0,0.0,51.0,1.0,6.0,1.0,Arsenal,1.0,1.0,7.0,12.0,2.0,49.0,0.0,13.0,4.0,Bournemouth,1.8,1.0,0.0,0.0,D,2024-10-19,H
73738.0,2.0,5.0,1.0,50.0,0.0,8.0,2.0,Brentford,1.0,2.0,9.0,14.0,2.0,50.0,0.0,23.0,11.0,Manchester Utd,1.3,2.0,1.0,0.0,A,2024-10-19,H
31145.0,6.0,10.0,3.0,58.0,0.0,18.0,4.0,Leicester City,3.0,3.0,10.0,10.0,2.0,42.0,1.0,14.0,7.0,Southampton,2.1,5.0,0.0,2.0,H,2024-10-19,A
52220.0,4.0,9.0,1.0,60.0,0.0,10.0,5.0,Brighton,1.0,2.0,9.0,11.0,0.0,40.0,0.0,21.0,6.0,Newcastle Utd,2.0,2.0,1.0,0.0,A,2024-10-19,A
26743.0,11.0,11.0,3.0,48.0,1.0,14.0,5.0,Aston Villa,2.0,3.0,6.0,8.0,1.0,52.0,1.0,10.0,4.0,Fulham,1.8,3.0,1.0,1.0,D,2024-10-19,A
61381.0,5.0,15.0,1.0,57.0,1.0,11.0,4.0,West Ham,1.0,3.0,13.0,10.0,4.0,43.0,0.0,22.0,7.0,Tottenham,1.9,1.0,1.0,1.0,D,2024-10-19,H
29862.0,8.0,10.0,2.0,45.0,0.0,11.0,8.0,Everton,2.0,1.0,5.0,12.0,0.0,55.0,0.0,13.0,2.0,Ipswich Town,1.3,1.0,2.0,0.0,A,2024-10-19,A
31319.0,18.0,5.0,2.0,77.0,0.0,22.0,7.0,Manchester City,2.0,1.0,1.0,8.0,1.0,23.0,0.0,3.0,2.0,Wolves,0.8,4.0,1.0,1.0,D,2024-10-20,A
60277.0,6.0,13.0,1.0,43.0,0.0,12.0,2.0,Chelsea,1.0,3.0,1.0,12.0,2.0,57.0,0.0,9.0,5.0,Liverpool,1.9,4.0,0.0,1.0,H,2024-10-20,H
29443.0,6.0,12.0,0.0,49.0,0.0,20.0,7.0,Crystal Palace,1.0,3.0,6.0,9.0,1.0,51.0,0.0,20.0,6.0,Nott'ham Forest,1.7,2.0,0.0,0.0,D,2024-10-21,H
31879.0,7.0,9.0,3.0,35.0,0.0,20.0,5.0,Nott'ham Forest,2.0,2.0,6.0,16.0,1.0,65.0,0.0,11.0,1.0,Leicester City,0.8,5.0,1.0,1.0,D,2024-10-25,A
31840.0,6.0,10.0,2.0,51.0,0.0,14.0,7.0,Wolves,1.0,3.0,9.0,12.0,2.0,49.0,0.0,19.0,6.0,Brighton,1.3,3.0,0.0,1.0,H,2024-10-26,D
52844.0,1.0,9.0,0.0,57.0,0.0,5.0,2.0,Southampton,0.0,3.0,12.0,9.0,1.0,43.0,0.0,22.0,8.0,Manchester City,2.9,1.0,0.0,1.0,H,2024-10-26,H
17109.0,5.0,10.0,3.0,65.0,1.0,11.0,5.0,Ipswich Town,1.0,1.0,5.0,7.0,4.0,35.0,0.0,20.0,9.0,Brentford,4.0,0.0,2.0,2.0,D,2024-10-26,H
42165.0,7.0,14.0,1.0,57.0,0.0,11.0,3.0,Bournemouth,0.0,6.0,9.0,12.0,1.0,43.0,0.0,18.0,8.0,Aston Villa,1.8,7.0,0.0,0.0,D,2024-10-26,D
38742.0,2.0,8.0,1.0,60.0,0.0,14.0,3.0,Fulham,1.0,0.0,4.0,8.0,1.0,40.0,0.0,10.0,5.0,Everton,0.8,1.0,0.0,0.0,D,2024-10-26,D
60383.0,3.0,14.0,2.0,45.0,0.0,9.0,4.0,Liverpool,1.0,2.0,1.0,14.0,2.0,55.0,0.0,9.0,3.0,Arsenal,0.9,2.0,1.0,2.0,H,2024-10-27,D
25108.0,8.0,12.0,0.0,66.0,0.0,11.0,3.0,Tottenham,1.0,4.0,8.0,16.0,1.0,34.0,0.0,14.0,6.0,Crystal Palace,0.8,4.0,0.0,1.0,H,2024-10-27,H
39526.0,4.0,16.0,1.0,50.0,0.0,11.0,3.0,Newcastle Utd,2.0,3.0,7.0,13.0,2.0,50.0,0.0,17.0,7.0,Chelsea,1.6,6.0,1.0,1.0,D,2024-10-27,H
62474.0,5.0,7.0,1.0,58.0,0.0,18.0,5.0,Manchester Utd,2.0,1.0,6.0,6.0,2.0,42.0,0.0,12.0,3.0,West Ham,2.8,5.0,0.0,0.0,D,2024-10-27,H
52249.0,6.0,18.0,0.0,63.0,0.0,10.0,1.0,Arsenal,1.0,4.0,4.0,16.0,1.0,37.0,0.0,9.0,4.0,Newcastle Utd,0.5,4.0,0.0,1.0,H,2024-11-02,H
60331.0,7.0,18.0,1.0,49.0,0.0,13.0,5.0,Brighton,1.0,1.0,10.0,10.0,2.0,51.0,0.0,16.0,8.0,Liverpool,1.6,1.0,1.0,0.0,A,2024-11-02,H
31143.0,6.0,18.0,0.0,35.0,0.0,16.0,5.0,Everton,2.0,2.0,3.0,14.0,1.0,65.0,0.0,9.0,2.0,Southampton,0.7,4.0,0.0,0.0,D,2024-11-02,H
30112.0,6.0,9.0,0.0,46.0,1.0,4.0,2.0,West Ham,0.0,2.0,11.0,7.0,3.0,54.0,0.0,19.0,6.0,Nott'ham Forest,2.2,1.0,0.0,1.0,H,2024-11-02,H
29874.0,6.0,10.0,1.0,57.0,0.0,20.0,6.0,Leicester City,2.0,2.0,4.0,11.0,1.0,43.0,1.0,14.0,2.0,Ipswich Town,1.0,4.0,0.0,0.0,D,2024-11-02,D
11231.0,10.0,6.0,1.0,64.0,0.0,18.0,4.0,Manchester City,2.0,1.0,3.0,11.0,2.0,36.0,0.0,12.0,6.0,Bournemouth,2.0,2.0,0.0,1.0,H,2024-11-02,H
31124.0,6.0,9.0,2.0,43.0,0.0,19.0,7.0,Crystal Palace,2.0,2.0,3.0,7.0,2.0,57.0,0.0,11.0,6.0,Wolves,1.5,1.0,0.0,0.0,D,2024-11-02,D
61253.0,4.0,14.0,1.0,49.0,0.0,12.0,1.0,Aston Villa,2.0,0.0,6.0,14.0,4.0,51.0,0.0,16.0,6.0,Tottenham,2.4,2.0,1.0,0.0,A,2024-11-03,H
73813.0,8.0,14.0,1.0,46.0,0.0,12.0,3.0,Chelsea,1.0,2.0,4.0,19.0,1.0,54.0,0.0,11.0,4.0,Manchester Utd,2.0,6.0,0.0,0.0,D,2024-11-03,D
24931.0,3.0,10.0,1.0,32.0,0.0,5.0,2.0,Brentford,1.0,1.0,11.0,3.0,2.0,68.0,0.0,26.0,12.0,Fulham,1.3,2.0,1.0,0.0,A,2024-11-04,H
60292.0,9.0,15.0,0.0,62.0,0.0,12.0,2.0,Aston Villa,1.0,3.0,2.0,11.0,2.0,38.0,0.0,14.0,5.0,Liverpool,2.0,0.0,0.0,1.0,H,2024-11-09,H
31715.0,4.0,10.0,1.0,60.0,0.0,15.0,6.0,Manchester City,2.0,3.0,0.0,12.0,2.0,40.0,0.0,10.0,4.0,Brighton,2.3,3.0,1.0,0.0,A,2024-11-09,H
16587.0,4.0,16.0,2.0,51.0,0.0,15.0,3.0,Bournemouth,3.0,4.0,6.0,8.0,3.0,49.0,0.0,12.0,6.0,Brentford,1.5,2.0,1.0,1.0,D,2024-11-09,H
62463.0,6.0,9.0,0.0,49.0,0.0,18.0,4.0,Everton,1.0,2.0,7.0,10.0,0.0,51.0,0.0,11.0,6.0,West Ham,0.8,1.0,0.0,0.0,D,2024-11-09,D
25142.0,8.0,11.0,2.0,64.0,0.0,17.0,7.0,Fulham,2.0,1.0,1.0,10.0,0.0,36.0,1.0,13.0,5.0,Crystal Palace,1.5,1.0,1.0,0.0,A,2024-11-09,A
31403.0,9.0,12.0,0.0,29.0,0.0,9.0,0.0,Southampton,1.0,4.0,1.0,14.0,2.0,71.0,0.0,8.0,4.0,Wolves,1.3,1.0,0.0,1.0,H,2024-11-09,H
61505.0,2.0,19.0,2.0,66.0,0.0,8.0,3.0,Ipswich Town,2.0,5.0,12.0,10.0,1.0,34.0,0.0,17.0,5.0,Tottenham,1.5,1.0,2.0,0.0,A,2024-11-10,A
30145.0,5.0,6.0,3.0,56.0,0.0,17.0,6.0,Newcastle Utd,2.0,1.0,4.0,13.0,1.0,44.0,0.0,9.0,3.0,Nott'ham Forest,0.6,1.0,0.0,1.0,H,2024-11-10,A
73829.0,5.0,5.0,0.0,51.0,0.0,6.0,5.0,Leicester City,1.0,1.0,1.0,9.0,3.0,49.0,0.0,13.0,3.0,Manchester Utd,0.8,0.0,0.0,2.0,H,2024-11-10,H
39780.0,3.0,12.0,1.0,51.0,0.0,13.0,3.0,Arsenal,2.0,2.0,4.0,12.0,1.0,49.0,0.0,17.0,3.0,Chelsea,1.5,4.0,0.0,0.0,D,2024-11-10,D
38915.0,4.0,10.0,0.0,41.0,1.0,9.0,2.0,Brentford,1.0,0.0,10.0,8.0,0.0,59.0,0.0,27.0,5.0,Everton,1.2,0.0,0.0,0.0,D,2024-11-23,D
52478.0,3.0,9.0,4.0,58.0,0.0,9.0,7.0,Tottenham,3.0,2.0,9.0,19.0,0.0,42.0,0.0,23.0,5.0,Manchester City,2.1,4.0,2.0,0.0,A,2024-11-23,A
60298.0,1.0,1.0,0.0,66.0,0.0,7.0,0.0,Nott'ham Forest,0.0,2.0,8.0,10.0,3.0,34.0,0.0,19.0,7.0,Arsenal,1.2,3.0,0.0,1.0,H,2024-11-23,H
42175.0,1.0,11.0,2.0,69.0,0.0,13.0,6.0,Crystal Palace,1.0,2.0,10.0,10.0,2.0,31.0,0.0,17.0,5.0,Aston Villa,3.0,3.0,2.0,1.0,A,2024-11-23,D
26685.0,2.0,14.0,4.0,59.0,0.0,10.0,5.0,Wolves,1.0,0.0,7.0,14.0,1.0,41.0,0.0,10.0,3.0,Fulham,1.0,3.0,1.0,1.0,D,2024-11-23,A
31880.0,9.0,12.0,2.0,63.0,0.0,16.0,7.0,Chelsea,3.0,3.0,2.0,15.0,1.0,37.0,0.0,4.0,1.0,Leicester City,1.1,4.0,1.0,0.0,A,2024-11-23,A
11196.0,0.0,10.0,2.0,45.0,1.0,6.0,4.0,Brighton,1.0,2.0,7.0,13.0,1.0,55.0,0.0,19.0,5.0,Bournemouth,1.6,2.0,1.0,0.0,A,2024-11-23,A
31278.0,10.0,9.0,3.0,62.0,0.0,27.0,11.0,Liverpool,3.0,4.0,3.0,11.0,2.0,38.0,0.0,7.0,5.0,Southampton,1.3,3.0,1.0,1.0,D,2024-11-24,A
30017.0,3.0,10.0,1.0,60.0,0.0,11.0,4.0,Manchester Utd,1.0,0.0,4.0,11.0,1.0,40.0,0.0,11.0,6.0,Ipswich Town,1.6,0.0,1.0,1.0,D,2024-11-24,D
52094.0,3.0,8.0,2.0,53.0,0.0,15.0,6.0,West Ham,1.0,0.0,8.0,11.0,0.0,47.0,0.0,18.0,2.0,Newcastle Utd,1.6,1.0,1.0,0.0,A,2024-11-25,A
31542.0,6.0,16.0,1.0,53.0,0.0,10.0,2.0,Southampton,1.0,4.0,7.0,20.0,1.0,47.0,0.0,22.0,5.0,Brighton,1.7,2.0,0.0,1.0,H,2024-11-29,D
62475.0,10.0,13.0,5.0,60.0,0.0,16.0,7.0,Arsenal,4.0,1.0,2.0,10.0,2.0,40.0,0.0,12.0,5.0,West Ham,1.5,4.0,5.0,2.0,A,2024-11-30,A
17084.0,4.0,10.0,1.0,60.0,0.0,7.0,3.0,Leicester City,1.0,1.0,5.0,9.0,4.0,40.0,0.0,13.0,6.0,Brentford,2.4,1.0,1.0,3.0,H,2024-11-30,H
25101.0,9.0,11.0,1.0,51.0,0.0,1.0,0.0,Newcastle Utd,0.0,3.0,8.0,12.0,1.0,49.0,0.0,16.0,4.0,Crystal Palace,1.7,3.0,0.0,0.0,D,2024-11-30,D
26685.0,4.0,11.0,4.0,60.0,0.0,12.0,8.0,Bournemouth,3.0,1.0,3.0,13.0,2.0,40.0,0.0,10.0,3.0,Wolves,0.5,4.0,3.0,1.0,A,2024-11-30,A
30237.0,7.0,16.0,0.0,45.0,0.0,7.0,3.0,Ipswich Town,1.0,3.0,8.0,5.0,1.0,55.0,0.0,12.0,5.0,Nott'ham Forest,1.6,1.0,0.0,0.0,D,2024-11-30,H
73817.0,2.0,12.0,0.0,60.0,0.0,8.0,2.0,Everton,1.0,3.0,2.0,12.0,4.0,40.0,0.0,11.0,5.0,Manchester Utd,1.1,2.0,0.0,2.0,H,2024-12-01,H
61141.0,11.0,14.0,1.0,51.0,1.0,14.0,6.0,Fulham,2.0,1.0,7.0,4.0,1.0,49.0,0.0,8.0,3.0,Tottenham,0.8,0.0,0.0,0.0,D,2024-12-01,D
40853.0,4.0,6.0,0.0,36.0,0.0,10.0,4.0,Aston Villa,1.0,2.0,3.0,21.0,3.0,64.0,0.0,17.0,8.0,Chelsea,1.6,2.0,0.0,2.0,H,2024-12-01,H
60248.0,4.0,8.0,0.0,56.0,0.0,8.0,2.0,Manchester City,1.0,3.0,7.0,9.0,2.0,44.0,0.0,18.0,7.0,Liverpool,3.4,1.0,0.0,1.0,H,2024-12-01,H
29533.0,7.0,13.0,1.0,46.0,0.0,13.0,3.0,Crystal Palace,2.0,4.0,4.0,14.0,0.0,54.0,0.0,9.0,2.0,Ipswich Town,0.5,2.0,0.0,0.0,D,2024-12-03,A
30947.0,9.0,7.0,1.0,61.0,0.0,31.0,10.0,West Ham,3.0,2.0,3.0,9.0,3.0,39.0,0.0,8.0,6.0,Leicester City,1.7,2.0,0.0,1.0,H,2024-12-03,H
60256.0,0.0,8.0,0.0,51.0,0.0,5.0,2.0,Manchester Utd,0.0,3.0,13.0,12.0,2.0,49.0,0.0,14.0,6.0,Arsenal,2.1,1.0,0.0,0.0,D,2024-12-04,H
42148.0,5.0,15.0,1.0,49.0,0.0,9.0,1.0,Brentford,1.0,2.0,10.0,11.0,3.0,51.0,0.0,20.0,10.0,Aston Villa,2.4,2.0,0.0,3.0,H,2024-12-04,H
31193.0,7.0,14.0,5.0,55.0,0.0,26.0,13.0,Chelsea,5.0,0.0,5.0,7.0,1.0,45.0,1.0,6.0,4.0,Southampton,1.6,1.0,3.0,1.0,A,2024-12-04,A
51764.0,2.0,15.0,0.0,66.0,0.0,12.0,3.0,Nott'ham Forest,1.0,4.0,8.0,7.0,3.0,34.0,0.0,17.0,7.0,Manchester City,2.4,2.0,0.0,2.0,H,2024-12-04,H
38820.0,4.0,8.0,0.0,56.0,0.0,6.0,2.0,Wolves,1.0,0.0,3.0,10.0,4.0,44.0,0.0,13.0,4.0,Everton,1.0,2.0,0.0,2.0,H,2024-12-04,H
52237.0,6.0,17.0,3.0,42.0,0.0,16.0,5.0,Liverpool,2.0,5.0,5.0,9.0,3.0,58.0,0.0,17.0,6.0,Newcastle Utd,2.1,2.0,0.0,1.0,H,2024-12-04,D
26368.0,6.0,8.0,1.0,57.0,0.0,13.0,3.0,Brighton,1.0,2.0,5.0,7.0,3.0,43.0,0.0,6.0,2.0,Fulham,1.1,2.0,0.0,1.0,H,2024-12-05,H
11234.0,9.0,8.0,0.0,65.0,0.0,12.0,4.0,Tottenham,1.0,2.0,5.0,15.0,1.0,35.0,0.0,21.0,8.0,Bournemouth,3.5,2.0,0.0,1.0,H,2024-12-05,H
42453.0,1.0,15.0,0.0,47.0,0.0,4.0,0.0,Southampton,0.0,3.0,14.0,18.0,1.0,53.0,0.0,18.0,5.0,Aston Villa,2.3,1.0,0.0,1.0,H,2024-12-07,H
25142.0,8.0,10.0,2.0,68.0,1.0,12.0,4.0,Manchester City,1.0,0.0,6.0,4.0,2.0,32.0,0.0,12.0,3.0,Crystal Palace,1.3,1.0,1.0,1.0,D,2024-12-07,D
17078.0,4.0,7.0,2.0,57.0,0.0,16.0,3.0,Newcastle Utd,2.0,0.0,3.0,10.0,4.0,43.0,0.0,11.0,8.0,Brentford,1.2,3.0,2.0,2.0,D,2024-12-07,A
73778.0,3.0,13.0,3.0,71.0,0.0,11.0,3.0,Nott'ham Forest,1.0,2.0,5.0,10.0,2.0,29.0,0.0,17.0,7.0,Manchester Utd,1.6,0.0,1.0,1.0,D,2024-12-07,A
61184.0,10.0,11.0,4.0,39.0,0.0,17.0,8.0,Chelsea,3.0,2.0,5.0,17.0,3.0,61.0,0.0,13.0,5.0,Tottenham,2.8,2.0,1.0,2.0,H,2024-12-08,A
26954.0,6.0,9.0,1.0,66.0,0.0,12.0,4.0,Arsenal,2.0,2.0,0.0,10.0,1.0,34.0,0.0,2.0,2.0,Fulham,0.2,4.0,0.0,1.0,H,2024-12-08,D
31647.0,5.0,10.0,2.0,44.0,0.0,16.0,7.0,Brighton,2.0,2.0,5.0,9.0,2.0,56.0,0.0,10.0,3.0,Leicester City,1.3,1.0,1.0,0.0,A,2024-12-08,D
29180.0,13.0,13.0,2.0,56.0,0.0,22.0,6.0,Bournemouth,3.0,1.0,6.0,9.0,1.0,44.0,0.0,18.0,5.0,Ipswich Town,1.3,2.0,0.0,1.0,H,2024-12-08,A
62474.0,0.0,17.0,1.0,46.0,0.0,19.0,5.0,Wolves,1.0,4.0,11.0,12.0,2.0,54.0,0.0,19.0,4.0,West Ham,1.0,5.0,0.0,0.0,D,2024-12-09,H
60333.0,4.0,7.0,2.0,61.0,0.0,12.0,3.0,Fulham,1.0,4.0,5.0,10.0,2.0,39.0,1.0,16.0,4.0,Liverpool,2.1,3.0,1.0,0.0,A,2024-12-14,D
30866.0,3.0,9.0,2.0,54.0,0.0,10.0,5.0,Ipswich Town,1.0,2.0,7.0,13.0,1.0,46.0,1.0,16.0,6.0,Wolves,1.3,0.0,1.0,0.0,A,2024-12-14,A
52235.0,2.0,16.0,0.0,59.0,0.0,4.0,1.0,Leicester City,0.0,3.0,5.0,7.0,4.0,41.0,0.0,27.0,11.0,Newcastle Utd,3.8,3.0,0.0,1.0,H,2024-12-14,H
60176.0,2.0,9.0,0.0,76.0,0.0,2.0,0.0,Everton,0.0,3.0,8.0,6.0,0.0,24.0,0.0,13.0,5.0,Arsenal,1.2,0.0,0.0,0.0,D,2024-12-14,D
30117.0,3.0,6.0,1.0,50.0,0.0,8.0,2.0,Aston Villa,0.0,1.0,4.0,12.0,2.0,50.0,0.0,17.0,6.0,Nott'ham Forest,1.7,0.0,0.0,0.0,D,2024-12-14,H
31090.0,5.0,15.0,5.0,58.0,0.0,18.0,9.0,Tottenham,2.0,3.0,2.0,8.0,0.0,42.0,0.0,9.0,3.0,Southampton,0.8,1.0,5.0,0.0,A,2024-12-15,A
30893.0,5.0,15.0,3.0,64.0,0.0,13.0,5.0,Crystal Palace,2.0,4.0,8.0,11.0,1.0,36.0,0.0,17.0,5.0,Brighton,1.0,1.0,2.0,0.0,A,2024-12-15,A
53184.0,2.0,14.0,2.0,52.0,0.0,10.0,3.0,Manchester Utd,2.0,1.0,8.0,5.0,1.0,48.0,0.0,10.0,3.0,Manchester City,0.9,1.0,0.0,1.0,H,2024-12-15,A
39571.0,5.0,7.0,1.0,38.0,0.0,9.0,4.0,Brentford,2.0,2.0,8.0,11.0,2.0,62.0,1.0,26.0,8.0,Chelsea,2.2,0.0,0.0,1.0,H,2024-12-15,H
11204.0,6.0,11.0,1.0,48.0,0.0,16.0,3.0,West Ham,2.0,2.0,12.0,6.0,1.0,52.0,0.0,29.0,9.0,Bournemouth,1.9,0.0,0.0,0.0,D,2024-12-16,D
42345.0,4.0,7.0,1.0,56.0,0.0,12.0,6.0,Manchester City,1.0,3.0,5.0,14.0,2.0,44.0,0.0,11.0,6.0,Aston Villa,1.6,3.0,0.0,1.0,H,2024-12-21,H
29774.0,1.0,7.0,4.0,58.0,0.0,15.0,7.0,Newcastle Utd,2.0,0.0,2.0,9.0,0.0,42.0,0.0,10.0,2.0,Ipswich Town,0.7,2.0,3.0,0.0,A,2024-12-21,A
17115.0,5.0,14.0,2.0,64.0,0.0,10.0,6.0,Nott'ham Forest,1.0,4.0,9.0,9.0,0.0,36.0,0.0,7.0,3.0,Brentford,0.7,3.0,1.0,0.0,A,2024-12-21,A
62460.0,4.0,20.0,1.0,53.0,0.0,12.0,6.0,Brighton,1.0,2.0,8.0,14.0,1.0,47.0,0.0,11.0,4.0,West Ham,1.2,2.0,0.0,0.0,D,2024-12-21,D
25167.0,3.0,8.0,5.0,58.0,0.0,14.0,6.0,Arsenal,3.0,2.0,3.0,9.0,1.0,42.0,0.0,15.0,6.0,Crystal Palace,1.6,2.0,3.0,1.0,A,2024-12-21,A
73720.0,1.0,11.0,3.0,60.0,0.0,10.0,5.0,Bournemouth,2.0,3.0,13.0,11.0,0.0,40.0,0.0,23.0,7.0,Manchester Utd,2.2,1.0,1.0,0.0,A,2024-12-22,A
31818.0,1.0,16.0,3.0,46.0,0.0,8.0,4.0,Wolves,1.0,0.0,6.0,15.0,0.0,54.0,0.0,9.0,5.0,Leicester City,0.8,2.0,3.0,0.0,A,2024-12-22,A
39358.0,5.0,12.0,0.0,75.0,0.0,12.0,5.0,Chelsea,1.0,1.0,2.0,20.0,0.0,25.0,0.0,5.0,4.0,Everton,1.0,4.0,0.0,0.0,D,2024-12-22,D
26819.0,5.0,15.0,0.0,57.0,0.0,5.0,1.0,Southampton,0.0,3.0,6.0,8.0,0.0,43.0,0.0,16.0,5.0,Fulham,0.9,1.0,0.0,0.0,D,2024-12-22,D
61439.0,5.0,9.0,6.0,48.0,0.0,24.0,12.0,Liverpool,6.0,2.0,7.0,7.0,3.0,52.0,0.0,9.0,5.0,Tottenham,1.3,1.0,3.0,1.0,A,2024-12-22,A
60300.0,1.0,5.0,1.0,68.0,0.0,4.0,1.0,Leicester City,0.0,2.0,14.0,17.0,3.0,32.0,0.0,19.0,7.0,Liverpool,2.0,3.0,1.0,1.0,D,2024-12-26,H
31407.0,4.0,12.0,0.0,49.0,1.0,11.0,4.0,Manchester Utd,0.0,2.0,4.0,12.0,2.0,51.0,0.0,7.0,4.0,Wolves,0.9,2.0,0.0,0.0,D,2024-12-26,H
39687.0,1.0,13.0,2.0,53.0,0.0,14.0,7.0,Fulham,2.0,3.0,3.0,13.0,1.0,47.0,0.0,12.0,8.0,Chelsea,1.1,1.0,0.0,1.0,H,2024-12-26,A
11129.0,2.0,12.0,0.0,48.0,0.0,10.0,4.0,Crystal Palace,0.0,2.0,5.0,13.0,0.0,52.0,0.0,18.0,4.0,Bournemouth,1.4,2.0,0.0,0.0,D,2024-12-26,D
55527.0,5.0,10.0,1.0,66.0,0.0,8.0,3.0,Everton,1.0,4.0,8.0,5.0,1.0,34.0,0.0,24.0,5.0,Manchester City,2.1,1.0,1.0,1.0,D,2024-12-26,D
52168.0,6.0,10.0,0.0,62.0,1.0,4.0,1.0,Aston Villa,0.0,1.0,9.0,15.0,3.0,38.0,0.0,22.0,8.0,Newcastle Utd,2.7,2.0,0.0,1.0,H,2024-12-26,H
31059.0,2.0,8.0,1.0,46.0,0.0,16.0,2.0,West Ham,2.0,2.0,2.0,15.0,0.0,54.0,0.0,18.0,5.0,Southampton,1.4,1.0,0.0,0.0,D,2024-12-26,A
30200.0,7.0,13.0,0.0,70.0,1.0,13.0,4.0,Tottenham,1.0,2.0,2.0,12.0,1.0,30.0,0.0,10.0,3.0,Nott'ham Forest,1.1,3.0,0.0,1.0,H,2024-12-26,H
31548.0,3.0,12.0,0.0,57.0,0.0,8.0,3.0,Brentford,1.0,2.0,5.0,6.0,0.0,43.0,0.0,24.0,7.0,Brighton,1.3,0.0,0.0,0.0,D,2024-12-27,D
60271.0,1.0,12.0,0.0,68.0,0.0,3.0,0.0,Ipswich Town,0.0,1.0,5.0,7.0,1.0,32.0,0.0,13.0,5.0,Arsenal,1.8,1.0,0.0,1.0,H,2024-12-27,H
25130.0,7.0,19.0,1.0,47.0,0.0,7.0,3.0,Southampton,1.0,3.0,8.0,18.0,2.0,53.0,0.0,19.0,10.0,Crystal Palace,2.0,2.0,1.0,1.0,D,2024-12-29,H
27301.0,7.0,16.0,2.0,52.0,0.0,16.0,9.0,Bournemouth,2.0,3.0,1.0,7.0,2.0,48.0,0.0,11.0,6.0,Fulham,1.1,1.0,0.0,1.0,H,2024-12-29,D
62476.0,6.0,10.0,5.0,54.0,0.0,22.0,13.0,Liverpool,3.0,0.0,3.0,7.0,0.0,46.0,0.0,7.0,0.0,West Ham,0.4,0.0,3.0,0.0,A,2024-12-29,A
25414.0,4.0,10.0,2.0,36.0,0.0,11.0,7.0,Nott'ham Forest,2.0,1.0,5.0,13.0,0.0,64.0,0.0,13.0,2.0,Everton,0.9,4.0,1.0,0.0,A,2024-12-29,A
61284.0,5.0,10.0,2.0,48.0,0.0,11.0,3.0,Wolves,1.0,2.0,5.0,9.0,2.0,52.0,0.0,13.0,3.0,Tottenham,2.2,1.0,1.0,2.0,H,2024-12-29,D
32057.0,4.0,6.0,2.0,47.0,0.0,14.0,5.0,Manchester City,1.0,1.0,4.0,11.0,0.0,53.0,0.0,11.0,4.0,Leicester City,1.3,2.0,1.0,0.0,A,2024-12-29,A
41414.0,3.0,14.0,2.0,41.0,0.0,13.0,4.0,Brighton,1.0,3.0,12.0,9.0,2.0,59.0,0.0,20.0,4.0,Aston Villa,1.8,2.0,1.0,1.0,D,2024-12-30,D
29968.0,7.0,5.0,0.0,76.0,0.0,20.0,5.0,Chelsea,2.0,4.0,4.0,9.0,2.0,24.0,0.0,9.0,6.0,Ipswich Town,1.6,4.0,0.0,1.0,H,2024-12-30,H
73809.0,3.0,8.0,2.0,52.0,0.0,12.0,4.0,Newcastle Utd,2.0,1.0,2.0,13.0,0.0,48.0,0.0,10.0,0.0,Manchester Utd,0.8,1.0,2.0,0.0,A,2024-12-30,A
47190.0,3.0,8.0,3.0,50.0,0.0,14.0,5.0,Arsenal,2.0,2.0,4.0,6.0,1.0,50.0,0.0,5.0,2.0,Brentford,0.3,1.0,1.0,1.0,D,2025-01-01,A
52737.0,1.0,13.0,1.0,56.0,0.0,17.0,4.0,West Ham,1.0,1.0,7.0,8.0,4.0,44.0,0.0,10.0,7.0,Manchester City,1.9,2.0,0.0,2.0,H,2025-01-04,H
31001.0,2.0,4.0,5.0,50.0,0.0,20.0,11.0,Brentford,4.0,0.0,2.0,10.0,0.0,50.0,0.0,8.0,1.0,Southampton,0.3,2.0,1.0,0.0,A,2025-01-04,A
25179.0,6.0,12.0,1.0,39.0,0.0,15.0,1.0,Chelsea,1.0,2.0,6.0,9.0,1.0,61.0,0.0,13.0,6.0,Crystal Palace,1.1,0.0,1.0,0.0,A,2025-01-04,D
31714.0,5.0,14.0,1.0,55.0,0.0,9.0,3.0,Arsenal,1.0,3.0,2.0,17.0,1.0,45.0,0.0,11.0,4.0,Brighton,1.5,2.0,1.0,0.0,A,2025-01-04,D
42386.0,2.0,11.0,1.0,60.0,0.0,4.0,2.0,Leicester City,0.0,1.0,7.0,10.0,2.0,40.0,0.0,13.0,5.0,Aston Villa,1.4,0.0,0.0,0.0,D,2025-01-04,H
61293.0,10.0,15.0,2.0,44.0,0.0,14.0,4.0,Newcastle Utd,3.0,4.0,9.0,11.0,1.0,56.0,0.0,13.0,4.0,Tottenham,0.9,1.0,2.0,1.0,A,2025-01-04,A
11223.0,3.0,14.0,0.0,58.0,0.0,9.0,0.0,Everton,1.0,2.0,9.0,15.0,1.0,42.0,0.0,19.0,8.0,Bournemouth,1.8,2.0,0.0,0.0,D,2025-01-04,H
27042.0,2.0,14.0,2.0,73.0,0.0,7.0,3.0,Ipswich Town,2.0,5.0,9.0,10.0,2.0,27.0,0.0,15.0,4.0,Fulham,2.2,1.0,1.0,0.0,A,2025-01-05,D
60275.0,9.0,13.0,2.0,47.0,0.0,13.0,4.0,Manchester Utd,1.0,4.0,6.0,10.0,2.0,53.0,0.0,19.0,6.0,Liverpool,2.7,2.0,0.0,0.0,D,2025-01-05,D
29940.0,3.0,8.0,3.0,60.0,0.0,11.0,3.0,Nott'ham Forest,2.0,2.0,5.0,10.0,0.0,40.0,0.0,13.0,6.0,Wolves,1.5,1.0,2.0,0.0,A,2025-01-06,A
62456.0,3.0,18.0,2.0,56.0,0.0,21.0,5.0,Fulham,2.0,3.0,0.0,9.0,3.0,44.0,0.0,4.0,3.0,West Ham,1.0,3.0,0.0,2.0,H,2025-01-14,H
39092.0,3.0,16.0,2.0,57.0,0.0,7.0,3.0,Bournemouth,1.0,3.0,9.0,15.0,2.0,43.0,0.0,26.0,10.0,Chelsea,2.5,2.0,0.0,1.0,H,2025-01-14,D
17048.0,5.0,4.0,2.0,55.0,0.0,21.0,8.0,Manchester City,2.0,0.0,4.0,4.0,2.0,45.0,0.0,18.0,6.0,Brentford,2.5,0.0,0.0,0.0,D,2025-01-14,D
30249.0,9.0,10.0,1.0,70.0,0.0,23.0,7.0,Liverpool,2.0,1.0,0.0,7.0,1.0,30.0,0.0,6.0,3.0,Nott'ham Forest,0.3,2.0,0.0,1.0,H,2025-01-14,D
29766.0,3.0,6.0,2.0,43.0,0.0,9.0,4.0,Crystal Palace,2.0,0.0,4.0,7.0,0.0,57.0,0.0,21.0,4.0,Leicester City,1.7,0.0,0.0,0.0,D,2025-01-15,A
39085.0,5.0,10.0,1.0,50.0,0.0,11.0,3.0,Aston Villa,1.0,1.0,8.0,17.0,0.0,50.0,0.0,10.0,3.0,Everton,1.1,2.0,0.0,0.0,D,2025-01-15,A
51975.0,2.0,13.0,0.0,60.0,0.0,13.0,7.0,Wolves,2.0,2.0,4.0,10.0,3.0,40.0,0.0,17.0,5.0,Newcastle Utd,2.1,0.0,0.0,1.0,H,2025-01-15,H
60287.0,4.0,9.0,1.0,53.0,0.0,10.0,2.0,Tottenham,1.0,1.0,10.0,16.0,2.0,47.0,0.0,14.0,4.0,Arsenal,1.4,3.0,1.0,2.0,H,2025-01-15,H
73722.0,4.0,10.0,1.0,60.0,0.0,13.0,5.0,Southampton,1.0,3.0,5.0,7.0,3.0,40.0,0.0,23.0,9.0,Manchester Utd,3.4,1.0,1.0,0.0,A,2025-01-16,H
29403.0,9.0,14.0,2.0,53.0,0.0,11.0,5.0,Brighton,1.0,2.0,1.0,13.0,0.0,47.0,0.0,5.0,3.0,Ipswich Town,0.3,2.0,0.0,0.0,D,2025-01-16,A
52227.0,6.0,18.0,4.0,56.0,0.0,19.0,10.0,Bournemouth,2.0,6.0,7.0,7.0,1.0,44.0,0.0,13.0,5.0,Newcastle Utd,0.8,1.0,2.0,1.0,A,2025-01-18,A
31500.0,2.0,8.0,2.0,60.0,0.0,17.0,2.0,Fulham,2.0,1.0,5.0,8.0,0.0,40.0,0.0,8.0,4.0,Leicester City,0.6,3.0,0.0,0.0,D,2025-01-18,A
62469.0,4.0,10.0,2.0,47.0,0.0,12.0,7.0,Crystal Palace,1.0,0.0,2.0,13.0,0.0,53.0,1.0,7.0,0.0,West Ham,0.3,1.0,0.0,0.0,D,2025-01-18,A
17215.0,15.0,14.0,2.0,60.0,0.0,37.0,8.0,Liverpool,3.0,3.0,2.0,6.0,0.0,40.0,0.0,11.0,6.0,Brentford,0.7,2.0,0.0,0.0,D,2025-01-18,A
60067.0,1.0,18.0,2.0,66.0,0.0,8.0,4.0,Aston Villa,1.0,3.0,10.0,10.0,2.0,34.0,0.0,18.0,6.0,Arsenal,1.3,2.0,0.0,1.0,H,2025-01-18,D
39326.0,8.0,14.0,2.0,64.0,0.0,11.0,6.0,Tottenham,1.0,1.0,3.0,14.0,3.0,36.0,0.0,12.0,6.0,Everton,1.8,2.0,0.0,3.0,H,2025-01-19,H
73758.0,2.0,12.0,3.0,51.0,0.0,6.0,3.0,Brighton,2.0,3.0,4.0,13.0,1.0,49.0,0.0,10.0,1.0,Manchester Utd,1.5,3.0,1.0,1.0,D,2025-01-19,A
30180.0,8.0,18.0,2.0,45.0,0.0,10.0,4.0,Southampton,1.0,4.0,2.0,4.0,3.0,55.0,0.0,14.0,5.0,Nott'ham Forest,1.8,0.0,0.0,3.0,H,2025-01-19,H
29841.0,7.0,7.0,6.0,67.0,0.0,17.0,9.0,Manchester City,3.0,1.0,4.0,4.0,0.0,33.0,0.0,8.0,4.0,Ipswich Town,0.5,0.0,3.0,0.0,A,2025-01-19,A
39221.0,6.0,14.0,1.0,63.0,0.0,9.0,4.0,Wolves,1.0,2.0,3.0,8.0,3.0,37.0,0.0,19.0,7.0,Chelsea,3.1,4.0,1.0,1.0,D,2025-01-20,H
31141.0,8.0,5.0,3.0,47.0,0.0,17.0,9.0,Newcastle Utd,3.0,0.0,3.0,10.0,1.0,53.0,0.0,12.0,5.0,Southampton,0.8,1.0,2.0,1.0,A,2025-01-25,A
31087.0,1.0,11.0,1.0,69.0,0.0,3.0,1.0,Everton,1.0,4.0,9.0,8.0,0.0,31.0,0.0,16.0,1.0,Brighton,0.7,3.0,1.0,0.0,A,2025-01-25,A
60420.0,4.0,11.0,1.0,70.0,0.0,3.0,3.0,Ipswich Town,1.0,2.0,3.0,10.0,4.0,30.0,0.0,16.0,6.0,Liverpool,2.0,0.0,0.0,3.0,H,2025-01-25,H
11228.0,9.0,12.0,0.0,50.0,0.0,18.0,4.0,Nott'ham Forest,1.0,3.0,3.0,9.0,5.0,50.0,0.0,16.0,10.0,Bournemouth,1.7,2.0,0.0,1.0,H,2025-01-25,H
31503.0,5.0,10.0,1.0,49.0,1.0,9.0,3.0,Arsenal,1.0,1.0,1.0,20.0,0.0,51.0,1.0,9.0,4.0,Wolves,0.7,0.0,0.0,0.0,D,2025-01-25,A
52687.0,4.0,8.0,1.0,56.0,0.0,10.0,4.0,Chelsea,2.0,2.0,2.0,6.0,3.0,44.0,0.0,15.0,6.0,Manchester City,2.2,3.0,1.0,1.0,D,2025-01-25,H
25066.0,7.0,11.0,2.0,53.0,0.0,13.0,6.0,Brentford,1.0,2.0,4.0,8.0,1.0,47.0,0.0,16.0,5.0,Crystal Palace,1.1,2.0,0.0,0.0,D,2025-01-26,A
61295.0,4.0,16.0,2.0,61.0,0.0,12.0,3.0,Leicester City,2.0,5.0,6.0,6.0,1.0,39.0,0.0,15.0,6.0,Tottenham,1.0,1.0,0.0,1.0,H,2025-01-26,A
41628.0,3.0,16.0,1.0,46.0,0.0,14.0,4.0,West Ham,1.0,3.0,4.0,13.0,1.0,54.0,0.0,14.0,4.0,Aston Villa,0.9,2.0,0.0,1.0,H,2025-01-26,D
27288.0,0.0,9.0,1.0,49.0,0.0,4.0,1.0,Manchester Utd,0.0,1.0,3.0,7.0,0.0,51.0,0.0,9.0,3.0,Fulham,0.7,0.0,0.0,0.0,D,2025-01-26,A
39376.0,6.0,13.0,0.0,48.0,0.0,9.0,1.0,Leicester City,0.0,0.0,5.0,7.0,4.0,52.0,0.0,13.0,7.0,Everton,2.5,0.0,0.0,3.0,H,2025-02-01,H
31385.0,8.0,13.0,0.0,68.0,0.0,10.0,3.0,Aston Villa,0.0,3.0,5.0,20.0,2.0,32.0,0.0,8.0,5.0,Wolves,1.6,2.0,0.0,1.0,H,2025-02-01,H
29902.0,2.0,14.0,2.0,43.0,0.0,9.0,4.0,Southampton,1.0,3.0,1.0,11.0,1.0,57.0,0.0,15.0,6.0,Ipswich Town,1.8,0.0,1.0,1.0,D,2025-02-01,A
30164.0,6.0,13.0,0.0,62.0,0.0,10.0,5.0,Brighton,1.0,3.0,4.0,8.0,7.0,38.0,0.0,14.0,9.0,Nott'ham Forest,3.3,1.0,0.0,3.0,H,2025-02-01,H
52173.0,7.0,15.0,2.0,49.0,0.0,15.0,4.0,Fulham,2.0,4.0,4.0,10.0,1.0,51.0,0.0,11.0,4.0,Newcastle Utd,0.8,4.0,0.0,1.0,H,2025-02-01,A
11239.0,3.0,9.0,2.0,51.0,0.0,19.0,7.0,Liverpool,3.0,3.0,3.0,15.0,0.0,49.0,0.0,14.0,3.0,Bournemouth,1.6,2.0,1.0,0.0,A,2025-02-01,A
73751.0,0.0,13.0,2.0,66.0,0.0,11.0,3.0,Crystal Palace,3.0,1.0,11.0,12.0,0.0,34.0,0.0,17.0,2.0,Manchester Utd,1.1,3.0,0.0,0.0,D,2025-02-02,A
17154.0,3.0,11.0,2.0,46.0,0.0,13.0,2.0,Tottenham,1.0,1.0,10.0,4.0,0.0,54.0,0.0,20.0,4.0,Brentford,2.1,0.0,1.0,0.0,A,2025-02-02,A
60355.0,2.0,7.0,1.0,54.0,0.0,7.0,4.0,Manchester City,1.0,0.0,5.0,6.0,5.0,46.0,0.0,12.0,7.0,Arsenal,1.0,2.0,0.0,1.0,H,2025-02-02,H
39459.0,3.0,10.0,1.0,68.0,0.0,14.0,5.0,West Ham,1.0,1.0,4.0,11.0,2.0,32.0,0.0,22.0,3.0,Chelsea,1.6,3.0,1.0,0.0,A,2025-02-03,H
39280.0,3.0,20.0,2.0,63.0,1.0,6.0,4.0,Liverpool,1.0,2.0,2.0,9.0,2.0,37.0,1.0,10.0,3.0,Everton,1.0,2.0,1.0,1.0,D,2025-02-12,D
31324.0,9.0,15.0,0.0,31.0,0.0,8.0,0.0,Chelsea,1.0,2.0,2.0,12.0,3.0,69.0,0.0,13.0,5.0,Brighton,1.4,1.0,0.0,2.0,H,2025-02-14,H
25108.0,2.0,12.0,2.0,58.0,0.0,11.0,6.0,Everton,1.0,1.0,6.0,9.0,1.0,42.0,0.0,17.0,6.0,Crystal Palace,1.6,0.0,1.0,0.0,A,2025-02-15,A
62415.0,2.0,13.0,1.0,42.0,0.0,14.0,5.0,Brentford,2.0,1.0,9.0,10.0,0.0,58.0,0.0,13.0,3.0,West Ham,0.8,1.0,1.0,0.0,A,2025-02-15,A
42510.0,1.0,11.0,1.0,75.0,1.0,4.0,3.0,Ipswich Town,0.0,3.0,16.0,7.0,1.0,25.0,0.0,25.0,6.0,Aston Villa,2.4,0.0,0.0,0.0,D,2025-02-15,D
31037.0,6.0,15.0,3.0,56.0,0.0,14.0,7.0,Bournemouth,1.0,3.0,4.0,13.0,1.0,44.0,0.0,11.0,4.0,Southampton,0.8,1.0,2.0,0.0,A,2025-02-15,A
27164.0,4.0,8.0,1.0,55.0,0.0,8.0,2.0,Nott'ham Forest,0.0,0.0,8.0,13.0,2.0,45.0,0.0,24.0,10.0,Fulham,2.1,0.0,1.0,1.0,D,2025-02-15,H
31968.0,7.0,10.0,2.0,60.0,0.0,11.0,5.0,Arsenal,1.0,1.0,3.0,9.0,0.0,40.0,0.0,6.0,2.0,Leicester City,0.2,2.0,0.0,0.0,D,2025-02-15,A
52479.0,4.0,13.0,0.0,61.0,0.0,3.0,1.0,Newcastle Utd,1.0,1.0,7.0,5.0,4.0,39.0,0.0,11.0,7.0,Manchester City,1.9,0.0,0.0,3.0,H,2025-02-15,H
60248.0,3.0,13.0,1.0,50.0,0.0,16.0,4.0,Wolves,2.0,2.0,4.0,15.0,2.0,50.0,0.0,10.0,3.0,Liverpool,1.7,2.0,0.0,2.0,H,2025-02-16,H
61383.0,5.0,9.0,0.0,45.0,0.0,16.0,6.0,Manchester Utd,2.0,2.0,10.0,13.0,1.0,55.0,0.0,22.0,7.0,Tottenham,2.2,1.0,0.0,1.0,H,2025-02-16,H
41910.0,8.0,6.0,2.0,48.0,0.0,17.0,3.0,Liverpool,3.0,0.0,6.0,8.0,2.0,52.0,0.0,9.0,4.0,Aston Villa,0.6,1.0,1.0,2.0,H,2025-02-19,D
31077.0,6.0,10.0,4.0,52.0,0.0,14.0,6.0,Brentford,2.0,0.0,5.0,10.0,0.0,48.0,0.0,8.0,3.0,Leicester City,0.5,4.0,3.0,0.0,A,2025-02-21,A
60262.0,0.0,15.0,1.0,68.0,0.0,5.0,2.0,West Ham,1.0,3.0,2.0,16.0,0.0,32.0,1.0,20.0,2.0,Arsenal,1.2,1.0,1.0,0.0,A,2025-02-22,A
30775.0,6.0,12.0,4.0,50.0,0.0,18.0,12.0,Brighton,4.0,0.0,5.0,11.0,0.0,50.0,0.0,6.0,1.0,Southampton,0.1,2.0,1.0,0.0,A,2025-02-22,A
42423.0,3.0,16.0,1.0,52.0,0.0,15.0,7.0,Chelsea,2.0,3.0,2.0,15.0,2.0,48.0,0.0,12.0,6.0,Aston Villa,2.3,1.0,1.0,0.0,A,2025-02-22,H
30003.0,4.0,14.0,4.0,58.0,0.0,10.0,6.0,Tottenham,2.0,1.0,4.0,15.0,1.0,42.0,0.0,17.0,5.0,Ipswich Town,1.1,2.0,2.0,1.0,A,2025-02-22,A
26777.0,7.0,7.0,2.0,62.0,0.0,10.0,5.0,Crystal Palace,1.0,3.0,7.0,10.0,0.0,38.0,0.0,10.0,0.0,Fulham,0.2,1.0,1.0,0.0,A,2025-02-22,A
39290.0,9.0,9.0,2.0,62.0,0.0,9.0,3.0,Manchester Utd,0.0,1.0,7.0,12.0,2.0,38.0,0.0,9.0,8.0,Everton,1.6,4.0,0.0,2.0,H,2025-02-22,D
11206.0,7.0,9.0,1.0,54.0,0.0,13.0,5.0,Wolves,2.0,3.0,6.0,17.0,0.0,46.0,1.0,8.0,3.0,Bournemouth,0.9,3.0,1.0,0.0,A,2025-02-22,A
52223.0,6.0,13.0,3.0,57.0,0.0,17.0,5.0,Nott'ham Forest,2.0,4.0,7.0,11.0,4.0,43.0,0.0,13.0,5.0,Newcastle Utd,2.9,1.0,1.0,4.0,H,2025-02-23,H
52803.0,5.0,10.0,2.0,66.0,0.0,8.0,4.0,Liverpool,1.0,0.0,7.0,3.0,0.0,34.0,0.0,16.0,5.0,Manchester City,0.6,0.0,2.0,0.0,A,2025-02-23,A
31138.0,9.0,14.0,1.0,44.0,0.0,19.0,5.0,Bournemouth,2.0,1.0,1.0,12.0,2.0,56.0,0.0,11.0,4.0,Brighton,2.4,2.0,0.0,1.0,H,2025-02-25,H
24712.0,8.0,10.0,1.0,64.0,0.0,6.0,2.0,Aston Villa,0.0,1.0,3.0,19.0,4.0,36.0,0.0,19.0,6.0,Crystal Palace,4.3,3.0,0.0,1.0,H,2025-02-25,H
28708.0,5.0,15.0,2.0,40.0,0.0,11.0,5.0,Fulham,2.0,3.0,7.0,8.0,1.0,60.0,0.0,18.0,5.0,Wolves,1.3,1.0,1.0,1.0,D,2025-02-25,A
39485.0,2.0,9.0,0.0,60.0,0.0,7.0,2.0,Southampton,1.0,2.0,4.0,6.0,4.0,40.0,0.0,19.0,10.0,Chelsea,2.4,1.0,0.0,3.0,H,2025-02-25,H
60374.0,2.0,11.0,0.0,39.0,0.0,3.0,0.0,Newcastle Utd,0.0,1.0,4.0,12.0,2.0,61.0,0.0,12.0,3.0,Liverpool,1.7,0.0,0.0,1.0,H,2025-02-26,H
17082.0,5.0,6.0,1.0,52.0,0.0,14.0,4.0,Everton,2.0,1.0,2.0,3.0,1.0,48.0,0.0,12.0,3.0,Brentford,1.4,2.0,0.0,1.0,H,2025-02-26,D
30200.0,11.0,17.0,0.0,64.0,0.0,13.0,1.0,Arsenal,1.0,1.0,3.0,10.0,0.0,36.0,0.0,6.0,2.0,Nott'ham Forest,0.4,1.0,0.0,0.0,D,2025-02-26,D
60820.0,3.0,15.0,1.0,45.0,0.0,12.0,5.0,Manchester City,2.0,0.0,8.0,12.0,0.0,55.0,0.0,11.0,6.0,Tottenham,1.3,3.0,1.0,0.0,A,2025-02-26,A
73827.0,6.0,16.0,2.0,45.0,0.0,12.0,3.0,Ipswich Town,1.0,4.0,5.0,9.0,3.0,55.0,1.0,10.0,6.0,Manchester Utd,0.7,4.0,2.0,2.0,D,2025-02-26,H
62455.0,3.0,6.0,0.0,58.0,0.0,10.0,2.0,Leicester City,0.0,0.0,3.0,12.0,2.0,42.0,0.0,8.0,2.0,West Ham,1.3,0.0,0.0,2.0,H,2025-02-27,H
30738.0,5.0,16.0,1.0,66.0,0.0,12.0,4.0,Everton,1.0,2.0,5.0,11.0,1.0,34.0,0.0,11.0,3.0,Wolves,0.8,2.0,1.0,1.0,D,2025-03-08,D
30252.0,2.0,7.0,0.0,69.0,0.0,14.0,3.0,Manchester City,1.0,2.0,3.0,9.0,1.0,31.0,0.0,9.0,4.0,Nott'ham Forest,0.7,3.0,0.0,0.0,D,2025-03-08,H
60399.0,4.0,9.0,1.0,71.0,0.0,6.0,4.0,Southampton,0.0,1.0,6.0,10.0,3.0,29.0,0.0,28.0,7.0,Liverpool,3.9,2.0,1.0,0.0,A,2025-03-08,H
31584.0,7.0,12.0,1.0,53.0,0.0,6.0,1.0,Fulham,1.0,2.0,3.0,6.0,2.0,47.0,0.0,9.0,4.0,Brighton,1.5,0.0,1.0,1.0,D,2025-03-08,H
25155.0,4.0,7.0,0.0,55.0,0.0,15.0,8.0,Ipswich Town,2.0,3.0,5.0,8.0,1.0,45.0,0.0,19.0,4.0,Crystal Palace,3.2,4.0,0.0,0.0,D,2025-03-08,H
17171.0,5.0,5.0,1.0,41.0,0.0,12.0,4.0,Aston Villa,1.0,2.0,6.0,10.0,0.0,59.0,0.0,13.0,3.0,Brentford,0.8,2.0,0.0,0.0,D,2025-03-08,A
73812.0,9.0,11.0,1.0,68.0,0.0,17.0,6.0,Arsenal,2.0,1.0,2.0,8.0,1.0,32.0,0.0,10.0,6.0,Manchester Utd,1.5,0.0,0.0,1.0,H,2025-03-09,D
39750.0,2.0,13.0,0.0,56.0,0.0,3.0,3.0,Leicester City,0.0,0.0,12.0,12.0,1.0,44.0,0.0,20.0,7.0,Chelsea,1.7,1.0,0.0,0.0,D,2025-03-09,H
61178.0,6.0,16.0,2.0,61.0,0.0,17.0,8.0,Bournemouth,2.0,3.0,3.0,15.0,2.0,39.0,0.0,12.0,4.0,Tottenham,1.5,3.0,1.0,0.0,A,2025-03-09,D
62463.0,4.0,15.0,1.0,49.0,0.0,9.0,3.0,Newcastle Utd,1.0,1.0,3.0,7.0,0.0,51.0,0.0,9.0,2.0,West Ham,0.7,0.0,0.0,0.0,D,2025-03-10,A
39343.0,5.0,8.0,1.0,46.0,0.0,10.0,5.0,West Ham,1.0,2.0,6.0,12.0,1.0,54.0,0.0,13.0,5.0,Everton,1.0,1.0,0.0,0.0,D,2025-03-15,D
30950.0,1.0,13.0,2.0,40.0,0.0,5.0,3.0,Wolves,0.0,0.0,5.0,12.0,1.0,60.0,0.0,10.0,3.0,Southampton,1.3,0.0,1.0,0.0,A,2025-03-15,A
29878.0,3.0,13.0,4.0,45.0,0.0,11.0,6.0,Nott'ham Forest,2.0,1.0,6.0,4.0,2.0,55.0,0.0,11.0,4.0,Ipswich Town,0.4,1.0,3.0,0.0,A,2025-03-15,A
52471.0,5.0,10.0,2.0,60.0,0.0,15.0,3.0,Brighton,2.0,5.0,4.0,10.0,2.0,40.0,0.0,11.0,3.0,Manchester City,1.7,2.0,1.0,2.0,H,2025-03-15,D
11180.0,3.0,7.0,2.0,42.0,0.0,10.0,4.0,Brentford,1.0,0.0,4.0,13.0,1.0,58.0,0.0,17.0,5.0,Bournemouth,1.6,3.0,1.0,1.0,D,2025-03-15,A
60311.0,4.0,13.0,0.0,42.0,0.0,8.0,2.0,Chelsea,0.0,3.0,5.0,10.0,1.0,58.0,0.0,12.0,4.0,Arsenal,0.7,3.0,0.0,1.0,H,2025-03-16,H
27182.0,5.0,10.0,0.0,43.0,0.0,12.0,4.0,Tottenham,1.0,0.0,6.0,13.0,2.0,57.0,0.0,13.0,4.0,Fulham,1.0,0.0,0.0,0.0,D,2025-03-16,H
31773.0,4.0,6.0,3.0,47.0,0.0,18.0,5.0,Manchester Utd,1.0,0.0,6.0,6.0,0.0,53.0,0.0,11.0,3.0,Leicester City,1.0,2.0,1.0,0.0,A,2025-03-16,A
30249.0,10.0,12.0,0.0,68.0,0.0,23.0,6.0,Manchester Utd,2.0,3.0,3.0,5.0,1.0,32.0,0.0,8.0,2.0,Nott'ham Forest,0.5,1.0,0.0,1.0,H,2025-04-01,H
60256.0,4.0,10.0,1.0,51.0,0.0,9.0,3.0,Fulham,1.0,2.0,5.0,2.0,2.0,49.0,0.0,17.0,4.0,Arsenal,2.2,1.0,0.0,1.0,H,2025-04-01,H
29587.0,2.0,12.0,0.0,42.0,0.0,10.0,1.0,West Ham,1.0,2.0,1.0,16.0,1.0,58.0,0.0,9.0,2.0,Wolves,1.2,4.0,0.0,1.0,H,2025-04-01,H
52021.0,5.0,12.0,1.0,49.0,0.0,12.0,3.0,Brentford,2.0,1.0,4.0,12.0,2.0,51.0,0.0,21.0,4.0,Newcastle Utd,1.3,1.0,0.0,1.0,H,2025-04-02,H
52148.0,0.0,8.0,0.0,72.0,0.0,2.0,0.0,Leicester City,0.0,4.0,5.0,11.0,2.0,28.0,0.0,18.0,5.0,Manchester City,2.2,1.0,0.0,2.0,H,2025-04-02,H
30158.0,2.0,9.0,1.0,57.0,0.0,9.0,3.0,Crystal Palace,1.0,1.0,2.0,14.0,1.0,43.0,0.0,8.0,2.0,Southampton,0.7,2.0,0.0,1.0,H,2025-04-02,D
11192.0,3.0,15.0,2.0,63.0,0.0,10.0,2.0,Ipswich Town,1.0,2.0,8.0,14.0,1.0,37.0,0.0,24.0,7.0,Bournemouth,1.8,1.0,1.0,0.0,A,2025-04-02,A
27895.0,0.0,11.0,3.0,56.0,0.0,8.0,5.0,Aston Villa,1.0,3.0,4.0,16.0,0.0,44.0,0.0,11.0,4.0,Brighton,0.9,1.0,0.0,0.0,D,2025-04-02,A
60457.0,5.0,11.0,0.0,73.0,0.0,5.0,0.0,Everton,1.0,2.0,11.0,7.0,1.0,27.0,0.0,17.0,3.0,Liverpool,1.5,2.0,0.0,0.0,D,2025-04-02,H
39852.0,6.0,16.0,0.0,49.0,0.0,8.0,2.0,Tottenham,1.0,5.0,4.0,7.0,1.0,51.0,0.0,11.0,5.0,Chelsea,1.0,5.0,0.0,0.0,D,2025-04-03,H
42743.0,4.0,15.0,1.0,52.0,0.0,19.0,3.0,Nott'ham Forest,2.0,2.0,4.0,7.0,2.0,48.0,0.0,17.0,8.0,Aston Villa,3.0,2.0,0.0,2.0,H,2025-04-05,H
29549.0,8.0,16.0,2.0,55.0,0.0,22.0,7.0,Wolves,3.0,2.0,4.0,12.0,1.0,45.0,0.0,6.0,2.0,Ipswich Town,0.8,2.0,0.0,1.0,H,2025-04-05,A
62459.0,7.0,13.0,2.0,56.0,0.0,11.0,4.0,Bournemouth,2.0,2.0,4.0,13.0,2.0,44.0,0.0,9.0,3.0,West Ham,0.7,2.0,1.0,0.0,A,2025-04-05,D
39316.0,8.0,13.0,1.0,69.0,0.0,14.0,5.0,Arsenal,2.0,1.0,3.0,17.0,1.0,31.0,0.0,5.0,2.0,Everton,1.1,3.0,1.0,0.0,A,2025-04-05,D
24564.0,4.0,13.0,1.0,62.0,1.0,11.0,5.0,Brighton,1.0,1.0,2.0,12.0,2.0,38.0,2.0,8.0,3.0,Crystal Palace,0.6,0.0,1.0,1.0,D,2025-04-05,H
27770.0,4.0,9.0,2.0,63.0,0.0,14.0,6.0,Liverpool,2.0,0.0,4.0,10.0,3.0,37.0,0.0,12.0,6.0,Fulham,0.7,3.0,1.0,3.0,H,2025-04-06,H
17183.0,6.0,12.0,0.0,42.0,0.0,21.0,5.0,Chelsea,1.0,3.0,3.0,12.0,0.0,58.0,0.0,9.0,2.0,Brentford,1.1,1.0,0.0,0.0,D,2025-04-06,D
60984.0,1.0,20.0,1.0,51.0,0.0,12.0,4.0,Southampton,1.0,1.0,4.0,16.0,3.0,49.0,0.0,13.0,8.0,Tottenham,2.1,1.0,0.0,2.0,H,2025-04-06,H
73738.0,3.0,9.0,0.0,58.0,0.0,9.0,5.0,Manchester City,1.0,2.0,5.0,13.0,0.0,42.0,0.0,13.0,2.0,Manchester Utd,0.9,3.0,0.0,0.0,D,2025-04-06,D
30403.0,2.0,9.0,3.0,42.0,0.0,16.0,5.0,Newcastle Utd,3.0,0.0,12.0,8.0,0.0,58.0,0.0,7.0,2.0,Leicester City,0.5,2.0,3.0,0.0,A,2025-04-07,A
30199.0,14.0,4.0,3.0,60.0,0.0,25.0,10.0,Aston Villa,3.0,1.0,2.0,11.0,0.0,40.0,0.0,7.0,2.0,Southampton,0.3,3.0,0.0,0.0,D,2025-04-12,A
52489.0,4.0,16.0,2.0,67.0,0.0,8.0,3.0,Crystal Palace,2.0,3.0,1.0,10.0,5.0,33.0,0.0,21.0,9.0,Manchester City,3.7,2.0,2.0,2.0,D,2025-04-12,H
31150.0,6.0,11.0,2.0,59.0,0.0,15.0,6.0,Leicester City,2.0,5.0,3.0,9.0,2.0,41.0,0.0,21.0,7.0,Brighton,3.8,2.0,1.0,1.0,D,2025-04-12,D
30199.0,7.0,13.0,1.0,43.0,0.0,13.0,5.0,Everton,1.0,3.0,1.0,9.0,0.0,57.0,0.0,10.0,5.0,Nott'ham Forest,0.5,0.0,0.0,0.0,D,2025-04-12,A
60184.0,5.0,9.0,1.0,63.0,0.0,3.0,2.0,Brentford,0.0,3.0,13.0,7.0,1.0,37.0,0.0,14.0,3.0,Arsenal,1.0,1.0,0.0,0.0,D,2025-04-12,D
52252.0,2.0,9.0,1.0,52.0,0.0,9.0,5.0,Manchester Utd,1.0,2.0,7.0,7.0,4.0,48.0,0.0,13.0,6.0,Newcastle Utd,2.2,0.0,1.0,1.0,D,2025-04-13,H
31463.0,4.0,15.0,2.0,63.0,0.0,11.0,4.0,Tottenham,2.0,2.0,1.0,12.0,4.0,37.0,0.0,13.0,5.0,Wolves,2.4,1.0,0.0,2.0,H,2025-04-13,H
60376.0,3.0,8.0,1.0,55.0,0.0,11.0,4.0,West Ham,1.0,2.0,10.0,15.0,2.0,45.0,0.0,15.0,6.0,Liverpool,1.8,0.0,0.0,1.0,H,2025-04-13,H
39805.0,4.0,7.0,2.0,73.0,0.0,13.0,4.0,Ipswich Town,1.0,2.0,15.0,11.0,2.0,27.0,0.0,34.0,9.0,Chelsea,2.2,2.0,2.0,0.0,A,2025-04-13,D
11195.0,9.0,10.0,0.0,59.0,0.0,12.0,7.0,Fulham,1.0,2.0,6.0,11.0,1.0,41.0,0.0,12.0,3.0,Bournemouth,1.4,3.0,0.0,1.0,H,2025-04-14,H
52197.0,4.0,15.0,0.0,59.0,0.0,11.0,4.0,Crystal Palace,2.0,3.0,5.0,9.0,5.0,41.0,0.0,14.0,7.0,Newcastle Utd,1.5,2.0,0.0,4.0,H,2025-04-16,H
17083.0,8.0,11.0,2.0,53.0,1.0,12.0,3.0,Brighton,1.0,3.0,4.0,7.0,4.0,47.0,0.0,16.0,8.0,Brentford,2.1,3.0,1.0,1.0,D,2025-04-19,H
25185.0,4.0,10.0,0.0,29.0,0.0,15.0,4.0,Bournemouth,1.0,4.0,5.0,13.0,0.0,71.0,1.0,5.0,0.0,Crystal Palace,0.4,3.0,0.0,0.0,D,2025-04-19,D
42618.0,7.0,12.0,1.0,52.0,0.0,10.0,3.0,Newcastle Utd,1.0,3.0,7.0,9.0,4.0,48.0,0.0,23.0,9.0,Aston Villa,2.2,1.0,1.0,1.0,D,2025-04-19,H
39332.0,5.0,6.0,2.0,67.0,0.0,12.0,7.0,Manchester City,2.0,0.0,2.0,7.0,0.0,33.0,0.0,8.0,3.0,Everton,0.9,4.0,0.0,0.0,D,2025-04-19,A
62461.0,5.0,13.0,1.0,52.0,0.0,15.0,4.0,Southampton,1.0,1.0,2.0,14.0,1.0,48.0,0.0,12.0,4.0,West Ham,0.9,2.0,0.0,0.0,D,2025-04-19,D
30402.0,13.0,7.0,1.0,58.0,0.0,28.0,10.0,Liverpool,3.0,2.0,1.0,11.0,0.0,42.0,0.0,5.0,0.0,Leicester City,0.3,1.0,0.0,0.0,D,2025-04-20,A
73819.0,2.0,18.0,1.0,59.0,0.0,4.0,2.0,Wolves,0.0,3.0,9.0,11.0,0.0,41.0,0.0,12.0,2.0,Manchester Utd,1.3,2.0,0.0,0.0,D,2025-04-20,A
29549.0,12.0,7.0,4.0,75.0,0.0,24.0,7.0,Arsenal,2.0,0.0,0.0,10.0,0.0,25.0,1.0,4.0,0.0,Ipswich Town,0.2,0.0,2.0,0.0,A,2025-04-20,A
27712.0,4.0,9.0,2.0,41.0,0.0,13.0,8.0,Chelsea,1.0,3.0,6.0,13.0,1.0,59.0,0.0,6.0,1.0,Fulham,0.3,1.0,0.0,1.0,H,2025-04-20,A
59314.0,1.0,12.0,2.0,69.0,0.0,4.0,3.0,Nott'ham Forest,1.0,4.0,7.0,11.0,1.0,31.0,0.0,22.0,6.0,Tottenham,2.1,1.0,2.0,0.0,A,2025-04-21,A
51834.0,2.0,10.0,1.0,61.0,0.0,7.0,3.0,Aston Villa,2.0,3.0,10.0,9.0,2.0,39.0,0.0,14.0,6.0,Manchester City,1.3,3.0,1.0,1.0,D,2025-04-22,H
60167.0,6.0,6.0,2.0,67.0,0.0,15.0,4.0,Crystal Palace,2.0,1.0,3.0,4.0,2.0,33.0,0.0,12.0,6.0,Arsenal,1.2,1.0,1.0,2.0,H,2025-04-23,D
52171.0,2.0,9.0,0.0,77.0,1.0,4.0,0.0,Ipswich Town,0.0,2.0,11.0,9.0,3.0,23.0,0.0,25.0,5.0,Newcastle Utd,2.4,1.0,0.0,1.0,H,2025-04-26,H
39894.0,2.0,11.0,0.0,55.0,0.0,6.0,3.0,Everton,0.0,0.0,10.0,11.0,1.0,45.0,0.0,10.0,7.0,Chelsea,0.8,0.0,0.0,1.0,H,2025-04-26,H
31499.0,1.0,9.0,2.0,53.0,0.0,12.0,4.0,West Ham,1.0,1.0,8.0,7.0,3.0,47.0,0.0,16.0,9.0,Brighton,1.3,1.0,0.0,1.0,H,2025-04-26,H
31518.0,2.0,17.0,0.0,56.0,0.0,8.0,2.0,Leicester City,1.0,4.0,4.0,7.0,3.0,44.0,0.0,20.0,6.0,Wolves,2.0,1.0,0.0,1.0,H,2025-04-26,H
28946.0,13.0,12.0,2.0,65.0,0.0,26.0,5.0,Fulham,2.0,1.0,0.0,10.0,1.0,35.0,0.0,7.0,3.0,Southampton,0.6,1.0,0.0,1.0,H,2025-04-26,A
60415.0,2.0,9.0,1.0,61.0,0.0,8.0,3.0,Tottenham,1.0,1.0,8.0,16.0,5.0,39.0,0.0,25.0,8.0,Liverpool,2.2,2.0,1.0,3.0,H,2025-04-27,H
11241.0,10.0,12.0,1.0,61.0,0.0,25.0,6.0,Manchester Utd,2.0,2.0,5.0,11.0,1.0,39.0,1.0,8.0,1.0,Bournemouth,0.5,4.0,0.0,1.0,H,2025-04-27,D
29040.0,5.0,12.0,2.0,45.0,0.0,11.0,3.0,Brentford,1.0,5.0,4.0,10.0,0.0,55.0,0.0,14.0,5.0,Nott'ham Forest,0.9,3.0,1.0,0.0,A,2025-05-01,A
53282.0,5.0,11.0,0.0,63.0,0.0,6.0,1.0,Wolves,0.0,0.0,4.0,7.0,1.0,37.0,0.0,9.0,2.0,Manchester City,0.7,0.0,0.0,1.0,H,2025-05-02,H
60110.0,3.0,16.0,2.0,51.0,0.0,9.0,2.0,Bournemouth,1.0,2.0,2.0,7.0,1.0,49.0,0.0,13.0,4.0,Arsenal,1.4,0.0,0.0,1.0,H,2025-05-03,A
42515.0,3.0,17.0,0.0,52.0,0.0,11.0,3.0,Fulham,1.0,5.0,5.0,6.0,1.0,48.0,0.0,10.0,3.0,Aston Villa,1.0,0.0,0.0,1.0,H,2025-05-03,H
31240.0,7.0,13.0,0.0,49.0,0.0,8.0,2.0,Southampton,1.0,3.0,7.0,12.0,2.0,51.0,0.0,14.0,4.0,Leicester City,1.4,1.0,0.0,2.0,H,2025-05-03,H
39305.0,3.0,15.0,2.0,58.0,0.0,12.0,5.0,Ipswich Town,1.0,4.0,3.0,12.0,2.0,42.0,0.0,8.0,3.0,Everton,0.6,4.0,1.0,2.0,H,2025-05-03,D
62468.0,3.0,15.0,1.0,45.0,0.0,7.0,2.0,Tottenham,1.0,2.0,1.0,18.0,1.0,55.0,0.0,11.0,2.0,West Ham,0.8,2.0,1.0,1.0,D,2025-05-04,D
18915.0,4.0,10.0,3.0,53.0,0.0,14.0,5.0,Manchester Utd,2.0,2.0,7.0,8.0,4.0,47.0,0.0,12.0,6.0,Brentford,2.8,0.0,1.0,2.0,H,2025-05-04,H
31580.0,4.0,10.0,1.0,55.0,0.0,13.0,5.0,Newcastle Utd,2.0,1.0,1.0,15.0,1.0,45.0,0.0,5.0,2.0,Brighton,0.7,2.0,0.0,1.0,H,2025-05-04,D
39829.0,6.0,11.0,1.0,64.0,0.0,11.0,2.0,Liverpool,1.0,2.0,3.0,10.0,3.0,36.0,0.0,17.0,7.0,Chelsea,3.1,2.0,0.0,1.0,H,2025-05-04,H
25096.0,4.0,15.0,1.0,50.0,0.0,12.0,4.0,Nott'ham Forest,1.0,8.0,7.0,9.0,1.0,50.0,0.0,20.0,3.0,Crystal Palace,2.3,3.0,0.0,0.0,D,2025-05-05,D
29511.0,6.0,12.0,1.0,51.0,0.0,15.0,5.0,Brentford,1.0,4.0,5.0,6.0,0.0,49.0,0.0,11.0,4.0,Ipswich Town,0.9,2.0,1.0,0.0,A,2025-05-10,A
27653.0,5.0,9.0,3.0,64.0,0.0,11.0,7.0,Everton,1.0,0.0,5.0,15.0,1.0,36.0,0.0,18.0,6.0,Fulham,0.8,1.0,1.0,1.0,D,2025-05-10,A
31279.0,4.0,12.0,2.0,44.0,0.0,7.0,2.0,Brighton,2.0,1.0,7.0,8.0,0.0,56.0,0.0,10.0,3.0,Wolves,0.9,1.0,1.0,0.0,A,2025-05-10,A
30937.0,15.0,8.0,0.0,72.0,0.0,26.0,5.0,Manchester City,2.0,0.0,1.0,9.0,0.0,28.0,0.0,2.0,0.0,Southampton,0.1,2.0,0.0,0.0,D,2025-05-10,D
11187.0,0.0,12.0,1.0,34.0,1.0,6.0,3.0,Aston Villa,1.0,3.0,10.0,19.0,0.0,66.0,0.0,10.0,4.0,Bournemouth,0.8,4.0,1.0,0.0,A,2025-05-10,A
60324.0,1.0,10.0,2.0,55.0,1.0,15.0,7.0,Arsenal,3.0,1.0,3.0,13.0,2.0,45.0,0.0,14.0,5.0,Liverpool,2.4,1.0,0.0,2.0,H,2025-05-11,D
60254.0,8.0,10.0,2.0,48.0,0.0,23.0,10.0,Crystal Palace,3.0,1.0,4.0,12.0,0.0,52.0,0.0,8.0,1.0,Tottenham,0.7,1.0,1.0,0.0,A,2025-05-11,A
73804.0,5.0,13.0,2.0,52.0,0.0,9.0,4.0,West Ham,2.0,1.0,8.0,3.0,0.0,48.0,0.0,20.0,5.0,Manchester Utd,2.1,0.0,1.0,0.0,A,2025-05-11,A
52231.0,8.0,13.0,0.0,45.0,1.0,10.0,3.0,Chelsea,1.0,2.0,2.0,9.0,2.0,55.0,0.0,15.0,6.0,Newcastle Utd,1.6,4.0,0.0,1.0,H,2025-05-11,H
30245.0,4.0,11.0,2.0,55.0,0.0,10.0,6.0,Leicester City,1.0,3.0,4.0,11.0,2.0,45.0,0.0,15.0,4.0,Nott'ham Forest,1.3,3.0,1.0,1.0,D,2025-05-11,D
42239.0,1.0,12.0,0.0,67.0,0.0,3.0,1.0,Tottenham,1.0,2.0,9.0,5.0,2.0,33.0,0.0,18.0,7.0,Aston Villa,1.4,1.0,0.0,0.0,D,2025-05-16,H
39849.0,2.0,14.0,0.0,53.0,0.0,4.0,1.0,Manchester Utd,0.0,6.0,7.0,10.0,1.0,47.0,0.0,11.0,3.0,Chelsea,0.8,1.0,0.0,0.0,D,2025-05-16,H
60160.0,7.0,9.0,0.0,51.0,0.0,14.0,5.0,Newcastle Utd,2.0,3.0,10.0,9.0,1.0,49.0,0.0,12.0,4.0,Arsenal,0.6,3.0,0.0,0.0,D,2025-05-18,H
39201.0,5.0,10.0,0.0,50.0,0.0,6.0,2.0,Southampton,1.0,1.0,4.0,6.0,2.0,50.0,0.0,13.0,5.0,Everton,2.7,1.0,0.0,2.0,H,2025-05-18,H
62466.0,7.0,7.0,2.0,60.0,0.0,10.0,5.0,Nott'ham Forest,2.0,3.0,8.0,14.0,1.0,40.0,0.0,16.0,5.0,West Ham,1.1,6.0,1.0,0.0,A,2025-05-18,A
17136.0,3.0,8.0,3.0,51.0,0.0,16.0,7.0,Fulham,1.0,4.0,5.0,12.0,2.0,49.0,0.0,11.0,6.0,Brentford,2.5,4.0,1.0,2.0,H,2025-05-18,A
31986.0,2.0,12.0,0.0,50.0,0.0,20.0,2.0,Ipswich Town,1.0,0.0,2.0,15.0,2.0,50.0,0.0,9.0,3.0,Leicester City,0.8,1.0,0.0,1.0,H,2025-05-18,H
31611.0,3.0,8.0,2.0,51.0,0.0,18.0,5.0,Liverpool,2.0,0.0,3.0,9.0,3.0,49.0,0.0,25.0,12.0,Brighton,2.2,1.0,2.0,1.0,A,2025-05-19,H
24766.0,10.0,8.0,2.0,31.0,0.0,12.0,3.0,Wolves,1.0,2.0,0.0,14.0,4.0,69.0,0.0,14.0,10.0,Crystal Palace,1.7,1.0,1.0,2.0,H,2025-05-20,H
52487.0,1.0,13.0,1.0,57.0,1.0,8.0,2.0,Bournemouth,1.0,3.0,3.0,7.0,3.0,43.0,1.0,12.0,5.0,Manchester City,1.5,1.0,0.0,2.0,H,2025-05-20,H
61449.0,11.0,8.0,4.0,66.0,0.0,23.0,8.0,Brighton,2.0,1.0,2.0,13.0,1.0,34.0,0.0,4.0,2.0,Tottenham,2.0,3.0,0.0,1.0,H,2025-05-25,A
27671.0,6.0,5.0,2.0,53.0,0.0,20.0,5.0,Manchester City,3.0,0.0,1.0,11.0,0.0,47.0,0.0,13.0,3.0,Fulham,1.3,0.0,1.0,0.0,A,2025-05-25,A
11238.0,1.0,16.0,0.0,63.0,0.0,3.0,0.0,Leicester City,0.0,2.0,6.0,19.0,2.0,37.0,0.0,20.0,7.0,Bournemouth,1.6,0.0,0.0,0.0,D,2025-05-25,H
30263.0,4.0,11.0,1.0,48.0,0.0,6.0,2.0,Chelsea,1.0,2.0,7.0,10.0,0.0,52.0,0.0,10.0,2.0,Nott'ham Forest,1.2,2.0,0.0,0.0,D,2025-05-25,A
52221.0,3.0,9.0,1.0,65.0,0.0,14.0,6.0,Everton,1.0,4.0,12.0,12.0,0.0,35.0,0.0,17.0,6.0,Newcastle Utd,1.2,1.0,0.0,0.0,D,2025-05-25,A
31289.0,8.0,8.0,2.0,62.0,0.0,23.0,8.0,Arsenal,2.0,0.0,5.0,7.0,1.0,38.0,0.0,7.0,2.0,Southampton,0.6,0.0,1.0,0.0,A,2025-05-25,A
73839.0,3.0,10.0,0.0,67.0,1.0,6.0,1.0,Aston Villa,0.0,2.0,4.0,10.0,2.0,33.0,0.0,25.0,10.0,Manchester Utd,2.9,2.0,0.0,0.0,D,2025-05-25,H
60382.0,0.0,10.0,1.0,69.0,0.0,8.0,5.0,Crystal Palace,2.0,0.0,11.0,7.0,1.0,31.0,1.0,14.0,3.0,Liverpool,2.1,1.0,1.0,0.0,A,2025-05-25,D
31382.0,3.0,9.0,1.0,51.0,0.0,13.0,7.0,Brentford,1.0,1.0,8.0,7.0,1.0,49.0,0.0,18.0,6.0,Wolves,1.0,2.0,1.0,0.0,A,2025-05-25,D
29771.0,0.0,9.0,3.0,58.0,0.0,10.0,6.0,West Ham,1.0,1.0,4.0,10.0,1.0,42.0,0.0,14.0,4.0,Ipswich Town,0.7,1.0,1.0,0.0,A,2025-05-25,A
60315.0,7.0,10.0,2.0,61.0,0.0,10.0,3.0,Bournemouth,2.0,2.0,6.0,7.0,4.0,39.0,0.0,19.0,10.0,Liverpool,2.2,1.0,0.0,1.0,H,2025-08-15,H
42526.0,6.0,11.0,0.0,59.0,0.0,16.0,3.0,Newcastle Utd,1.0,1.0,3.0,13.0,0.0,41.0,1.0,3.0,3.0,Aston Villa,0.2,1.0,0.0,0.0,D,2025-08-16,D
46233.0,7.0,10.0,0.0,62.0,0.0,12.0,4.0,West Ham,1.0,1.0,5.0,8.0,3.0,38.0,0.0,10.0,5.0,Sunderland,0.7,0.0,0.0,0.0,D,2025-08-16,H
31478.0,3.0,15.0,1.0,49.0,0.0,7.0,2.0,Fulham,1.0,3.0,4.0,16.0,1.0,51.0,0.0,10.0,4.0,Brighton,1.5,3.0,0.0,0.0,D,2025-08-16,D
61077.0,5.0,8.0,0.0,66.0,0.0,14.0,4.0,Burnley,1.0,0.0,6.0,14.0,3.0,34.0,0.0,16.0,6.0,Tottenham,2.3,0.0,0.0,1.0,H,2025-08-16,H
31456.0,6.0,7.0,4.0,58.0,0.0,15.0,4.0,Manchester City,2.0,2.0,4.0,13.0,0.0,42.0,0.0,9.0,3.0,Wolves,0.6,1.0,2.0,0.0,A,2025-08-16,A
39678.0,2.0,12.0,0.0,29.0,0.0,12.0,4.0,Crystal Palace,1.0,3.0,11.0,10.0,0.0,71.0,0.0,19.0,3.0,Chelsea,1.6,2.0,0.0,0.0,D,2025-08-17,D
29949.0,5.0,15.0,1.0,46.0,0.0,10.0,3.0,Brentford,1.0,2.0,5.0,7.0,3.0,54.0,0.0,11.0,5.0,Nott'ham Forest,1.8,1.0,0.0,3.0,H,2025-08-17,H
73475.0,4.0,19.0,1.0,39.0,0.0,9.0,3.0,Arsenal,1.0,4.0,3.0,10.0,0.0,61.0,0.0,22.0,7.0,Manchester Utd,1.5,1.0,1.0,0.0,A,2025-08-17,A
36820.0,2.0,8.0,0.0,46.0,0.0,7.0,1.0,Everton,1.0,2.0,7.0,6.0,1.0,54.0,0.0,21.0,3.0,Leeds United,2.0,0.0,0.0,0.0,D,2025-08-18,H
62462.0,5.0,10.0,5.0,58.0,0.0,12.0,7.0,Chelsea,3.0,1.0,7.0,7.0,1.0,42.0,0.0,12.0,4.0,West Ham,0.7,0.0,3.0,1.0,A,2025-08-22,A
60110.0,2.0,11.0,0.0,67.0,0.0,3.0,1.0,Leeds United,0.0,2.0,2.0,8.0,5.0,33.0,0.0,18.0,5.0,Arsenal,2.7,0.0,0.0,2.0,H,2025-08-23,H
21285.0,3.0,5.0,0.0,42.0,0.0,9.0,1.0,Sunderland,1.0,1.0,4.0,9.0,2.0,58.0,0.0,7.0,2.0,Burnley,1.0,0.0,0.0,0.0,D,2025-08-23,H
51785.0,2.0,12.0,2.0,61.0,0.0,12.0,5.0,Tottenham,1.0,4.0,7.0,7.0,0.0,39.0,0.0,10.0,4.0,Manchester City,1.6,1.0,2.0,0.0,A,2025-08-23,A
11070.0,3.0,16.0,0.0,41.0,1.0,6.0,1.0,Wolves,1.0,4.0,8.0,13.0,1.0,59.0,0.0,14.0,4.0,Bournemouth,1.3,2.0,0.0,1.0,H,2025-08-23,H
16838.0,9.0,9.0,0.0,76.0,0.0,17.0,2.0,Aston Villa,1.0,2.0,2.0,11.0,1.0,24.0,0.0,9.0,2.0,Brentford,1.2,1.0,0.0,1.0,H,2025-08-23,H
24876.0,3.0,11.0,1.0,42.0,0.0,9.0,1.0,Nott'ham Forest,1.0,3.0,1.0,11.0,1.0,58.0,0.0,8.0,4.0,Crystal Palace,1.1,3.0,0.0,1.0,H,2025-08-24,D
51759.0,2.0,15.0,0.0,58.0,0.0,13.0,4.0,Brighton,2.0,3.0,2.0,7.0,2.0,42.0,0.0,11.0,3.0,Everton,1.6,4.0,0.0,1.0,H,2025-08-24,H
27512.0,6.0,10.0,1.0,47.0,0.0,10.0,3.0,Manchester Utd,2.0,1.0,9.0,12.0,1.0,53.0,0.0,13.0,4.0,Fulham,1.7,1.0,0.0,0.0,D,2025-08-24,D
52230.0,1.0,15.0,3.0,38.0,0.0,5.0,4.0,Liverpool,1.0,3.0,7.0,17.0,2.0,62.0,1.0,10.0,3.0,Newcastle Utd,1.0,2.0,1.0,0.0,A,2025-08-25,A
61250.0,8.0,13.0,1.0,61.0,0.0,20.0,6.0,Bournemouth,2.0,4.0,0.0,17.0,0.0,39.0,0.0,5.0,1.0,Tottenham,0.2,2.0,1.0,0.0,A,2025-08-30,A
36727.0,5.0,15.0,0.0,57.0,0.0,8.0,2.0,Newcastle Utd,1.0,1.0,5.0,10.0,0.0,43.0,0.0,10.0,1.0,Leeds United,0.7,1.0,0.0,0.0,D,2025-08-30,D
46267.0,4.0,12.0,1.0,46.0,0.0,7.0,4.0,Brentford,1.0,2.0,3.0,11.0,2.0,54.0,0.0,12.0,3.0,Sunderland,1.5,3.0,0.0,0.0,D,2025-08-30,H
39745.0,4.0,17.0,0.0,46.0,0.0,11.0,3.0,Fulham,1.0,2.0,6.0,11.0,2.0,54.0,0.0,13.0,6.0,Chelsea,2.1,2.0,0.0,1.0,H,2025-08-30,H
30271.0,2.0,10.0,3.0,58.0,0.0,10.0,4.0,Everton,2.0,1.0,2.0,15.0,2.0,42.0,0.0,12.0,4.0,Wolves,1.1,0.0,2.0,1.0,A,2025-08-30,A
74257.0,1.0,9.0,2.0,62.0,0.0,6.0,3.0,Burnley,1.0,5.0,7.0,9.0,3.0,38.0,0.0,26.0,6.0,Manchester Utd,3.6,1.0,0.0,1.0,H,2025-08-30,H
30215.0,7.0,6.0,3.0,42.0,0.0,12.0,8.0,West Ham,2.0,0.0,9.0,14.0,0.0,58.0,0.0,11.0,3.0,Nott'ham Forest,0.7,0.0,0.0,0.0,D,2025-08-31,A
31485.0,2.0,14.0,1.0,63.0,0.0,12.0,3.0,Manchester City,2.0,2.0,3.0,16.0,2.0,37.0,0.0,12.0,7.0,Brighton,2.2,2.0,1.0,0.0,A,2025-08-31,H
60455.0,8.0,10.0,0.0,47.0,0.0,11.0,1.0,Arsenal,1.0,2.0,3.0,7.0,1.0,53.0,0.0,9.0,3.0,Liverpool,0.5,2.0,0.0,0.0,D,2025-08-31,H
41036.0,1.0,14.0,3.0,59.0,0.0,6.0,4.0,Crystal Palace,3.0,3.0,10.0,7.0,0.0,41.0,0.0,13.0,4.0,Aston Villa,1.1,2.0,1.0,0.0,A,2025-08-31,A
16795.0,6.0,9.0,2.0,34.0,0.0,16.0,6.0,Chelsea,1.0,2.0,5.0,13.0,2.0,66.0,0.0,7.0,4.0,Brentford,1.4,3.0,0.0,1.0,H,2025-09-13,D
62459.0,13.0,7.0,3.0,64.0,0.0,14.0,5.0,Tottenham,1.0,1.0,2.0,8.0,0.0,36.0,1.0,7.0,4.0,West Ham,0.6,0.0,0.0,0.0,D,2025-09-13,A
11167.0,4.0,10.0,1.0,49.0,0.0,6.0,2.0,Brighton,1.0,4.0,4.0,16.0,2.0,51.0,0.0,13.0,5.0,Bournemouth,1.4,4.0,0.0,1.0,H,2025-09-13,H
52114.0,3.0,15.0,0.0,51.0,0.0,7.0,1.0,Aston Villa,0.0,3.0,10.0,17.0,0.0,49.0,0.0,20.0,2.0,Everton,2.0,3.0,0.0,0.0,D,2025-09-13,D
27327.0,3.0,15.0,0.0,54.0,0.0,10.0,3.0,Leeds United,1.0,2.0,3.0,20.0,1.0,46.0,0.0,5.0,3.0,Fulham,0.9,1.0,0.0,0.0,D,2025-09-13,H
52145.0,4.0,17.0,0.0,57.0,0.0,8.0,3.0,Wolves,1.0,4.0,10.0,10.0,1.0,43.0,0.0,16.0,4.0,Newcastle Utd,1.5,1.0,0.0,1.0,H,2025-09-13,H
60167.0,4.0,11.0,0.0,54.0,0.0,5.0,1.0,Nott'ham Forest,0.0,1.0,8.0,8.0,3.0,46.0,0.0,16.0,5.0,Arsenal,1.8,1.0,0.0,1.0,H,2025-09-13,H
25154.0,3.0,8.0,0.0,56.0,0.0,6.0,0.0,Sunderland,0.0,1.0,5.0,10.0,0.0,44.0,0.0,14.0,6.0,Crystal Palace,1.8,1.0,0.0,0.0,D,2025-09-13,D
21678.0,13.0,9.0,1.0,80.0,0.0,27.0,4.0,Liverpool,3.0,2.0,1.0,9.0,0.0,20.0,0.0,3.0,0.0,Burnley,0.1,0.0,0.0,0.0,D,2025-09-14,A
52534.0,4.0,8.0,0.0,46.0,0.0,12.0,2.0,Manchester Utd,1.0,0.0,2.0,8.0,3.0,54.0,0.0,13.0,6.0,Manchester City,2.7,0.0,0.0,1.0,H,2025-09-14,H
62455.0,8.0,5.0,2.0,43.0,0.0,18.0,3.0,Crystal Palace,2.0,3.0,8.0,15.0,1.0,57.0,0.0,8.0,3.0,West Ham,0.6,3.0,1.0,0.0,A,2025-09-20,A
21475.0,5.0,11.0,1.0,63.0,0.0,17.0,8.0,Nott'ham Forest,1.0,1.0,4.0,12.0,1.0,37.0,0.0,12.0,5.0,Burnley,0.9,1.0,1.0,1.0,D,2025-09-20,D
26113.0,10.0,13.0,1.0,48.0,0.0,8.0,3.0,Brentford,1.0,1.0,2.0,11.0,3.0,52.0,0.0,14.0,3.0,Fulham,1.0,4.0,1.0,2.0,H,2025-09-20,H
30807.0,0.0,9.0,3.0,56.0,0.0,6.0,4.0,Leeds United,1.0,1.0,4.0,11.0,1.0,44.0,0.0,16.0,6.0,Wolves,1.8,1.0,3.0,1.0,A,2025-09-20,A
31488.0,10.0,13.0,2.0,36.0,0.0,11.0,3.0,Tottenham,1.0,2.0,2.0,10.0,2.0,64.0,0.0,12.0,4.0,Brighton,1.3,1.0,1.0,2.0,H,2025-09-20,D
74124.0,5.0,14.0,1.0,42.0,1.0,5.0,1.0,Chelsea,0.0,5.0,5.0,13.0,2.0,58.0,1.0,11.0,4.0,Manchester Utd,1.8,0.0,0.0,2.0,H,2025-09-20,H
60342.0,4.0,10.0,1.0,57.0,0.0,9.0,2.0,Everton,1.0,3.0,5.0,11.0,2.0,43.0,0.0,11.0,3.0,Liverpool,0.9,2.0,0.0,2.0,H,2025-09-20,H
11212.0,2.0,10.0,0.0,45.0,0.0,4.0,1.0,Newcastle Utd,0.0,1.0,5.0,7.0,0.0,55.0,0.0,11.0,2.0,Bournemouth,0.5,2.0,0.0,0.0,D,2025-09-21,D
46261.0,5.0,8.0,1.0,71.0,0.0,12.0,2.0,Aston Villa,1.0,1.0,6.0,14.0,1.0,29.0,1.0,14.0,4.0,Sunderland,1.0,2.0,0.0,0.0,D,2025-09-21,D
60161.0,2.0,10.0,1.0,34.0,0.0,5.0,3.0,Manchester City,1.0,2.0,11.0,11.0,1.0,66.0,0.0,12.0,3.0,Arsenal,0.9,1.0,1.0,0.0,A,2025-09-21,D
30226.0,4.0,6.0,1.0,65.0,0.0,11.0,3.0,Sunderland,2.0,2.0,7.0,11.0,0.0,35.0,0.0,22.0,6.0,Nott'ham Forest,1.6,4.0,1.0,0.0,A,2025-09-27,A
36574.0,4.0,13.0,2.0,59.0,0.0,12.0,5.0,Bournemouth,1.0,2.0,7.0,12.0,2.0,41.0,0.0,19.0,8.0,Leeds United,1.8,2.0,1.0,1.0,D,2025-09-27,D
39597.0,7.0,16.0,3.0,41.0,0.0,12.0,3.0,Brighton,2.0,5.0,5.0,9.0,1.0,59.0,1.0,13.0,3.0,Chelsea,1.8,3.0,0.0,1.0,H,2025-09-27,A
60537.0,9.0,11.0,1.0,51.0,0.0,9.0,3.0,Wolves,1.0,2.0,10.0,9.0,1.0,49.0,0.0,10.0,3.0,Tottenham,0.8,3.0,0.0,0.0,D,2025-09-27,D
25118.0,6.0,8.0,1.0,71.0,0.0,20.0,4.0,Liverpool,2.0,3.0,2.0,10.0,2.0,29.0,0.0,16.0,7.0,Crystal Palace,2.9,1.0,0.0,1.0,H,2025-09-27,H
17193.0,2.0,10.0,1.0,55.0,0.0,14.0,6.0,Manchester Utd,2.0,2.0,4.0,14.0,3.0,45.0,0.0,10.0,8.0,Brentford,1.9,2.0,1.0,2.0,H,2025-09-27,H
52427.0,2.0,7.0,1.0,68.0,0.0,9.0,2.0,Burnley,0.0,3.0,10.0,5.0,5.0,32.0,0.0,21.0,8.0,Manchester City,2.0,1.0,1.0,1.0,D,2025-09-27,H
40350.0,8.0,13.0,1.0,48.0,0.0,11.0,4.0,Fulham,1.0,4.0,2.0,10.0,3.0,52.0,0.0,9.0,4.0,Aston Villa,1.1,1.0,1.0,1.0,D,2025-09-28,H
52199.0,12.0,9.0,2.0,63.0,0.0,20.0,7.0,Arsenal,2.0,1.0,7.0,8.0,1.0,37.0,0.0,8.0,3.0,Newcastle Utd,0.6,2.0,0.0,1.0,H,2025-09-28,A
51890.0,5.0,16.0,1.0,49.0,0.0,14.0,3.0,West Ham,1.0,4.0,3.0,7.0,1.0,51.0,0.0,12.0,6.0,Everton,0.7,3.0,0.0,1.0,H,2025-09-29,D
11165.0,3.0,10.0,1.0,46.0,0.0,12.0,4.0,Fulham,1.0,1.0,4.0,8.0,3.0,54.0,0.0,11.0,6.0,Bournemouth,1.2,0.0,0.0,0.0,D,2025-10-03,H
36703.0,1.0,12.0,2.0,44.0,0.0,9.0,3.0,Tottenham,1.0,3.0,4.0,10.0,1.0,56.0,0.0,16.0,4.0,Leeds United,1.7,2.0,1.0,1.0,D,2025-10-04,A
60181.0,3.0,14.0,0.0,67.0,0.0,4.0,0.0,West Ham,0.0,2.0,8.0,14.0,2.0,33.0,0.0,21.0,5.0,Arsenal,2.8,0.0,0.0,1.0,H,2025-10-04,H
74004.0,3.0,12.0,0.0,50.0,0.0,8.0,3.0,Sunderland,1.0,4.0,2.0,10.0,2.0,50.0,0.0,15.0,6.0,Manchester Utd,1.8,1.0,0.0,2.0,H,2025-10-04,H
39538.0,2.0,8.0,1.0,47.0,0.0,12.0,2.0,Liverpool,2.0,2.0,7.0,9.0,2.0,53.0,0.0,12.0,6.0,Chelsea,1.0,0.0,0.0,1.0,H,2025-10-04,H
52189.0,1.0,15.0,0.0,52.0,0.0,5.0,4.0,Nott'ham Forest,0.0,4.0,8.0,16.0,2.0,48.0,0.0,18.0,9.0,Newcastle Utd,3.2,0.0,0.0,0.0,D,2025-10-05,H
17028.0,2.0,6.0,1.0,69.0,0.0,10.0,4.0,Manchester City,1.0,2.0,3.0,10.0,0.0,31.0,0.0,6.0,1.0,Brentford,0.7,3.0,1.0,0.0,A,2025-10-05,A
40308.0,4.0,15.0,1.0,54.0,0.0,5.0,2.0,Burnley,0.0,1.0,6.0,9.0,2.0,46.0,0.0,15.0,7.0,Aston Villa,1.1,3.0,0.0,1.0,H,2025-10-05,H
29504.0,8.0,9.0,1.0,59.0,0.0,17.0,6.0,Brighton,1.0,4.0,2.0,13.0,1.0,41.0,0.0,6.0,3.0,Wolves,0.6,2.0,0.0,1.0,H,2025-10-05,D
51770.0,4.0,16.0,1.0,49.0,0.0,15.0,8.0,Crystal Palace,2.0,3.0,2.0,13.0,2.0,51.0,0.0,14.0,7.0,Everton,2.0,2.0,1.0,0.0,A,2025-10-05,H
30495.0,2.0,16.0,3.0,50.0,1.0,17.0,6.0,Chelsea,2.0,2.0,5.0,13.0,0.0,50.0,0.0,12.0,2.0,Nott'ham Forest,2.2,2.0,0.0,0.0,D,2025-10-18,A
46578.0,2.0,12.0,0.0,59.0,0.0,16.0,3.0,Wolves,1.0,0.0,3.0,5.0,2.0,41.0,0.0,8.0,2.0,Sunderland,0.6,0.0,0.0,1.0,H,2025-10-18,H
21646.0,5.0,7.0,0.0,68.0,0.0,19.0,4.0,Leeds United,2.0,1.0,1.0,10.0,2.0,32.0,0.0,4.0,3.0,Burnley,0.5,2.0,0.0,1.0,H,2025-10-18,H
31620.0,4.0,9.0,1.0,55.0,0.0,16.0,3.0,Newcastle Utd,1.0,1.0,8.0,9.0,2.0,45.0,0.0,13.0,5.0,Brighton,0.9,0.0,0.0,1.0,H,2025-10-18,H
25125.0,5.0,16.0,3.0,52.0,0.0,8.0,5.0,Bournemouth,2.0,4.0,6.0,8.0,3.0,48.0,0.0,20.0,7.0,Crystal Palace,4.4,1.0,2.0,0.0,A,2025-10-18,D
52498.0,3.0,14.0,0.0,71.0,0.0,5.0,1.0,Everton,1.0,2.0,11.0,8.0,2.0,29.0,0.0,19.0,7.0,Manchester City,2.3,0.0,0.0,0.0,D,2025-10-18,H
27736.0,10.0,4.0,1.0,63.0,0.0,16.0,5.0,Arsenal,2.0,0.0,6.0,11.0,0.0,37.0,0.0,9.0,0.0,Fulham,0.4,0.0,0.0,0.0,D,2025-10-18,A
61291.0,6.0,7.0,2.0,47.0,0.0,8.0,2.0,Aston Villa,0.0,0.0,6.0,11.0,1.0,53.0,0.0,9.0,3.0,Tottenham,0.9,2.0,1.0,1.0,D,2025-10-19,A
60337.0,4.0,14.0,2.0,36.0,0.0,12.0,4.0,Manchester Utd,1.0,2.0,9.0,8.0,1.0,64.0,0.0,19.0,6.0,Liverpool,2.6,0.0,1.0,0.0,A,2025-10-19,A
62452.0,10.0,10.0,2.0,56.0,0.0,22.0,7.0,Brentford,2.0,1.0,6.0,10.0,0.0,44.0,0.0,7.0,1.0,West Ham,0.4,1.0,1.0,0.0,A,2025-10-20,A
36788.0,4.0,11.0,1.0,59.0,0.0,9.0,3.0,West Ham,1.0,3.0,3.0,12.0,2.0,41.0,0.0,13.0,5.0,Leeds United,1.5,3.0,0.0,2.0,H,2025-10-24,H
52152.0,3.0,18.0,1.0,51.0,0.0,12.0,5.0,Fulham,1.0,2.0,4.0,11.0,2.0,49.0,0.0,18.0,7.0,Newcastle Utd,2.1,0.0,0.0,1.0,H,2025-10-25,H
39489.0,1.0,13.0,2.0,68.0,0.0,10.0,4.0,Sunderland,1.0,1.0,9.0,15.0,1.0,32.0,0.0,16.0,7.0,Chelsea,0.9,1.0,1.0,1.0,D,2025-10-25,A
74124.0,6.0,13.0,2.0,44.0,0.0,17.0,5.0,Brighton,1.0,2.0,1.0,4.0,4.0,56.0,0.0,13.0,9.0,Manchester Utd,1.3,2.0,0.0,2.0,H,2025-10-25,H
17214.0,4.0,10.0,2.0,65.0,0.0,18.0,5.0,Liverpool,2.0,2.0,5.0,7.0,3.0,35.0,0.0,17.0,8.0,Brentford,2.7,3.0,1.0,2.0,H,2025-10-25,H
60103.0,3.0,11.0,0.0,59.0,0.0,7.0,1.0,Crystal Palace,1.0,0.0,4.0,6.0,1.0,41.0,0.0,10.0,3.0,Arsenal,0.9,0.0,0.0,1.0,H,2025-10-26,H
41988.0,6.0,16.0,0.0,53.0,0.0,18.0,4.0,Manchester City,1.0,4.0,5.0,8.0,1.0,47.0,0.0,9.0,3.0,Aston Villa,0.8,1.0,0.0,1.0,H,2025-10-26,H
29116.0,3.0,7.0,3.0,57.0,0.0,11.0,7.0,Burnley,1.0,0.0,5.0,12.0,2.0,43.0,0.0,15.0,7.0,Wolves,2.3,1.0,2.0,2.0,D,2025-10-26,A
11204.0,4.0,7.0,0.0,52.0,0.0,8.0,4.0,Nott'ham Forest,0.0,1.0,6.0,17.0,2.0,48.0,0.0,13.0,5.0,Bournemouth,0.6,3.0,0.0,2.0,H,2025-10-26,H
51781.0,8.0,8.0,3.0,47.0,0.0,7.0,4.0,Tottenham,2.0,0.0,9.0,9.0,0.0,53.0,0.0,12.0,2.0,Everton,1.7,2.0,2.0,0.0,A,2025-10-26,A
61202.0,5.0,12.0,1.0,48.0,0.0,15.0,9.0,Chelsea,4.0,2.0,6.0,14.0,0.0,52.0,0.0,3.0,1.0,Tottenham,0.1,4.0,1.0,0.0,A,2025-11-01,A
31512.0,7.0,7.0,0.0,50.0,0.0,5.0,2.0,Leeds United,1.0,1.0,4.0,10.0,3.0,50.0,0.0,14.0,7.0,Brighton,3.0,0.0,0.0,1.0,H,2025-11-01,H
60407.0,4.0,11.0,0.0,54.0,0.0,10.0,3.0,Aston Villa,0.0,3.0,1.0,13.0,2.0,46.0,0.0,16.0,4.0,Liverpool,1.2,2.0,0.0,1.0,H,2025-11-01,H
26413.0,1.0,14.0,0.0,64.0,1.0,5.0,2.0,Wolves,0.0,3.0,10.0,13.0,3.0,36.0,0.0,19.0,6.0,Fulham,1.3,1.0,0.0,1.0,H,2025-11-01,H
30778.0,5.0,7.0,2.0,58.0,0.0,18.0,7.0,Manchester Utd,1.0,1.0,8.0,10.0,2.0,42.0,0.0,17.0,3.0,Nott'ham Forest,1.9,1.0,1.0,0.0,A,2025-11-01,D
25083.0,5.0,11.0,0.0,63.0,0.0,6.0,2.0,Brentford,1.0,3.0,6.0,7.0,2.0,37.0,0.0,9.0,2.0,Crystal Palace,0.7,0.0,0.0,1.0,H,2025-11-01,H
21538.0,6.0,13.0,2.0,54.0,0.0,12.0,8.0,Arsenal,2.0,1.0,1.0,10.0,0.0,46.0,0.0,3.0,0.0,Burnley,0.4,2.0,2.0,0.0,A,2025-11-01,A
62441.0,6.0,10.0,1.0,62.0,0.0,12.0,4.0,Newcastle Utd,1.0,2.0,7.0,5.0,3.0,38.0,0.0,15.0,9.0,West Ham,1.7,1.0,1.0,2.0,H,2025-11-02,H
52387.0,4.0,11.0,1.0,49.0,0.0,8.0,5.0,Bournemouth,1.0,2.0,10.0,8.0,3.0,51.0,0.0,15.0,8.0,Manchester City,2.2,2.0,1.0,2.0,H,2025-11-02,H
41476.0,1.0,12.0,1.0,40.0,0.0,8.0,2.0,Everton,1.0,2.0,4.0,10.0,1.0,60.0,0.0,17.0,3.0,Sunderland,1.2,3.0,1.0,0.0,A,2025-11-03,D
,3.0,8.0,2.0,45.0,0.0,5.0,2.0,Manchester Utd,0.63,1.0,5.0,10.0,2.0,55.0,0.0,10.0,4.0,Tottenham,0.92,5.0,1.0,0.0,A,2025-11-08,D
,4.0,13.0,2.0,57.0,0.0,16.0,7.0,Burnley,1.06,2.0,7.0,15.0,3.0,43.0,0.0,15.0,6.0,West Ham,3.02,2.0,1.0,1.0,D,2025-11-08,H
,5.0,14.0,0.0,50.0,0.0,8.0,4.0,Fulham,0.4,2.0,7.0,11.0,2.0,50.0,0.0,14.0,5.0,Everton,1.44,2.0,0.0,1.0,H,2025-11-08,H
,2.0,13.0,2.0,65.0,0.0,17.0,7.0,Arsenal,1.91,1.0,2.0,13.0,2.0,35.0,0.0,6.0,2.0,Sunderland,0.44,2.0,0.0,1.0,H,2025-11-08,D
,1.0,14.0,0.0,36.0,0.0,3.0,0.0,Wolves,0.17,2.0,10.0,12.0,3.0,64.0,0.0,20.0,8.0,Chelsea,3.31,1.0,0.0,0.0,D,2025-11-08,H
,7.0,15.0,0.0,52.0,0.0,7.0,1.0,Liverpool,0.61,4.0,7.0,14.0,3.0,48.0,0.0,14.0,6.0,Manchester City,1.51,2.0,0.0,2.0,H,2025-11-09,H
,2.0,13.0,1.0,51.0,0.0,5.0,1.0,Newcastle Utd,0.44,1.0,6.0,10.0,3.0,49.0,0.0,15.0,7.0,Brentford,2.35,2.0,1.0,0.0,A,2025-11-09,H
,9.0,20.0,0.0,48.0,0.0,13.0,4.0,Bournemouth,1.61,2.0,6.0,8.0,4.0,52.0,0.0,16.0,8.0,Aston Villa,1.7,2.0,0.0,2.0,H,2025-11-09,H
,4.0,11.0,1.0,54.0,0.0,10.0,3.0,Leeds United,0.69,1.0,6.0,10.0,3.0,46.0,0.0,14.0,6.0,Nott'ham Forest,2.55,2.0,1.0,1.0,D,2025-11-09,H
,8.0,12.0,0.0,58.0,0.0,7.0,3.0,Brighton,0.39,4.0,4.0,10.0,0.0,42.0,0.0,10.0,2.0,Crystal Palace,0.75,1.0,0.0,0.0,D,2025-11-09,D
,4.0,9.0,1.0,36.0,0.0,10.0,4.0,Brentford,1.91,2.0,7.0,10.0,2.0,64.0,0.0,14.0,5.0,Brighton,1.22,4.0,1.0,0.0,A,2025-11-22,H
,9.0,8.0,2.0,56.0,0.0,15.0,5.0,Chelsea,1.72,3.0,1.0,13.0,0.0,44.0,0.0,8.0,2.0,Burnley,0.44,2.0,1.0,0.0,A,2025-11-22,A
,2.0,10.0,2.0,24.0,0.0,5.0,2.0,West Ham,0.65,2.0,9.0,9.0,2.0,76.0,0.0,28.0,10.0,Bournemouth,4.05,3.0,2.0,0.0,A,2025-11-22,D
,4.0,13.0,0.0,43.0,0.0,4.0,2.0,Sunderland,0.17,3.0,7.0,5.0,1.0,57.0,0.0,24.0,6.0,Fulham,2.16,3.0,0.0,0.0,D,2025-11-22,H
,4.0,9.0,2.0,52.0,0.0,10.0,4.0,Crystal Palace,1.27,3.0,1.0,13.0,0.0,48.0,0.0,8.0,1.0,Wolves,1.79,2.0,0.0,0.0,D,2025-11-22,A
,6.0,8.0,3.0,26.0,0.0,15.0,7.0,Nott'ham Forest,1.58,0.0,8.0,11.0,0.0,74.0,0.0,21.0,4.0,Liverpool,1.93,2.0,1.0,0.0,A,2025-11-22,A
,9.0,8.0,1.0,67.0,0.0,17.0,4.0,Manchester City,2.49,3.0,5.0,13.0,2.0,33.0,0.0,9.0,5.0,Newcastle Utd,2.24,1.0,0.0,0.0,D,2025-11-22,H
,1.0,15.0,1.0,43.0,0.0,3.0,2.0,Tottenham,0.07,3.0,4.0,11.0,4.0,57.0,0.0,17.0,8.0,Arsenal,1.93,1.0,0.0,2.0,H,2025-11-23,H
,3.0,16.0,2.0,52.0,0.0,14.0,3.0,Aston Villa,1.58,1.0,3.0,18.0,1.0,48.0,0.0,14.0,5.0,Leeds United,1.79,5.0,0.0,1.0,H,2025-11-23,A
,1.0,9.0,1.0,30.0,1.0,3.0,1.0,Everton,0.21,0.0,9.0,12.0,0.0,70.0,0.0,25.0,6.0,Manchester Utd,1.71,2.0,1.0,0.0,A,2025-11-24,A
,3.0,13.0,2.0,58.0,1.0,18.0,6.0,Bournemouth,1.7,5.0,6.0,14.0,3.0,42.0,0.0,12.0,6.0,Sunderland,1.28,5.0,2.0,1.0,A,2025-11-29,H
,6.0,7.0,1.0,48.0,0.0,6.0,2.0,Burnley,0.95,2.0,5.0,7.0,3.0,52.0,0.0,14.0,4.0,Brentford,3.06,0.0,0.0,0.0,D,2025-11-29,H
,1.0,11.0,2.0,38.0,0.0,9.0,4.0,Leeds United,1.54,1.0,8.0,17.0,3.0,62.0,0.0,18.0,9.0,Manchester City,3.1,4.0,0.0,2.0,H,2025-11-29,H
,7.0,6.0,4.0,51.0,0.0,13.0,8.0,Newcastle Utd,1.91,0.0,8.0,4.0,1.0,49.0,0.0,10.0,2.0,Everton,0.99,0.0,3.0,0.0,A,2025-11-29,A
,2.0,7.0,2.0,37.0,0.0,7.0,3.0,Fulham,0.45,2.0,8.0,11.0,1.0,63.0,0.0,14.0,2.0,Tottenham,0.86,3.0,2.0,0.0,A,2025-11-29,A
,2.0,14.0,2.0,56.0,0.0,9.0,5.0,Liverpool,1.24,0.0,7.0,12.0,0.0,44.0,1.0,7.0,0.0,West Ham,0.29,1.0,0.0,0.0,D,2025-11-30,A
,4.0,14.0,2.0,56.0,0.0,14.0,6.0,Manchester Utd,1.19,2.0,4.0,14.0,1.0,44.0,0.0,14.0,3.0,Crystal Palace,1.83,3.0,0.0,1.0,H,2025-11-30,A
,2.0,10.0,2.0,48.0,0.0,17.0,6.0,Brighton,2.0,1.0,9.0,11.0,0.0,52.0,0.0,19.0,3.0,Nott'ham Forest,0.89,0.0,1.0,0.0,A,2025-11-30,A
,3.0,21.0,0.0,48.0,0.0,9.0,4.0,Wolves,0.49,4.0,7.0,13.0,1.0,52.0,0.0,16.0,6.0,Aston Villa,0.94,0.0,0.0,0.0,D,2025-11-30,H
,3.0,13.0,1.0,62.0,0.0,8.0,4.0,Arsenal,1.26,6.0,3.0,12.0,1.0,38.0,1.0,11.0,4.0,Chelsea,0.79,1.0,0.0,0.0,D,2025-11-30,D
,8.0,12.0,2.0,47.0,0.0,8.0,2.0,Tottenham,0.75,3.0,11.0,5.0,2.0,53.0,0.0,19.0,7.0,Newcastle Utd,2.04,0.0,0.0,0.0,D,2025-12-02,D
,6.0,14.0,1.0,45.0,0.0,13.0,3.0,Everton,1.44,3.0,1.0,14.0,0.0,55.0,0.0,5.0,2.0,Bournemouth,0.5,3.0,0.0,0.0,D,2025-12-02,A
,2.0,7.0,5.0,43.0,0.0,11.0,4.0,Manchester City,2.17,1.0,7.0,9.0,4.0,57.0,0.0,12.0,6.0,Fulham,0.91,0.0,3.0,1.0,A,2025-12-02,A
,2.0,13.0,1.0,71.0,0.0,14.0,2.0,Chelsea,0.96,1.0,4.0,10.0,3.0,29.0,0.0,17.0,5.0,Leeds United,2.79,1.0,0.0,2.0,H,2025-12-03,H
,4.0,8.0,1.0,42.0,0.0,3.0,3.0,Crystal Palace,0.59,0.0,3.0,9.0,0.0,58.0,0.0,11.0,4.0,Burnley,0.95,0.0,1.0,0.0,A,2025-12-03,A
,8.0,9.0,0.0,38.0,0.0,6.0,1.0,Brentford,0.35,1.0,4.0,7.0,2.0,62.0,0.0,15.0,7.0,Arsenal,1.77,0.0,0.0,1.0,H,2025-12-03,H
,9.0,11.0,1.0,50.0,0.0,10.0,3.0,Nott'ham Forest,0.74,2.0,3.0,19.0,0.0,50.0,0.0,5.0,1.0,Wolves,0.91,2.0,0.0,0.0,D,2025-12-03,A
,6.0,9.0,4.0,44.0,0.0,14.0,10.0,Aston Villa,2.41,2.0,5.0,10.0,3.0,56.0,0.0,16.0,7.0,Brighton,2.21,2.0,2.0,2.0,D,2025-12-03,A
,3.0,5.0,1.0,32.0,0.0,9.0,6.0,Sunderland,0.41,1.0,7.0,10.0,1.0,68.0,0.0,23.0,4.0,Liverpool,1.45,1.0,0.0,0.0,D,2025-12-03,D
,6.0,9.0,1.0,35.0,0.0,11.0,3.0,West Ham,0.79,2.0,6.0,13.0,1.0,65.0,0.0,17.0,4.0,Manchester Utd,1.8,2.0,0.0,0.0,D,2025-12-04,D
,0.0,13.0,0.0,61.0,0.0,11.0,4.0,Chelsea,0.92,2.0,5.0,15.0,0.0,39.0,0.0,13.0,5.0,Bournemouth,1.42,0.0,0.0,0.0,D,2025-12-06,D
,4.0,14.0,3.0,55.0,0.0,16.0,7.0,Liverpool,1.91,3.0,5.0,14.0,3.0,45.0,0.0,12.0,5.0,Leeds United,1.51,3.0,0.0,0.0,D,2025-12-06,D
,3.0,15.0,0.0,59.0,0.0,7.0,3.0,Nott'ham Forest,0.53,3.0,6.0,17.0,3.0,41.0,0.0,11.0,5.0,Everton,1.12,4.0,0.0,2.0,H,2025-12-06,H
,3.0,8.0,1.0,53.0,0.0,15.0,9.0,Arsenal,1.92,2.0,3.0,10.0,2.0,47.0,0.0,15.0,6.0,Aston Villa,2.16,0.0,0.0,1.0,H,2025-12-06,H
,5.0,10.0,0.0,36.0,1.0,8.0,1.0,Sunderland,0.71,0.0,6.0,9.0,3.0,64.0,0.0,18.0,6.0,Manchester City,2.42,1.0,0.0,2.0,H,2025-12-06,H
,9.0,11.0,1.0,30.0,1.0,9.0,3.0,Burnley,1.61,2.0,9.0,9.0,2.0,70.0,0.0,17.0,7.0,Newcastle Utd,1.77,2.0,0.0,2.0,H,2025-12-06,H
,6.0,9.0,0.0,47.0,0.0,4.0,1.0,Brentford,0.29,4.0,7.0,8.0,2.0,53.0,0.0,15.0,7.0,Tottenham,2.18,3.0,0.0,2.0,H,2025-12-06,H
,6.0,8.0,1.0,32.0,0.0,14.0,5.0,West Ham,1.14,2.0,10.0,12.0,1.0,68.0,0.0,22.0,4.0,Brighton,1.87,2.0,0.0,0.0,D,2025-12-07,D
,4.0,8.0,2.0,37.0,0.0,11.0,5.0,Crystal Palace,1.65,0.0,6.0,5.0,1.0,63.0,0.0,12.0,4.0,Fulham,0.76,0.0,1.0,1.0,D,2025-12-07,A
,9.0,12.0,4.0,63.0,0.0,27.0,10.0,Manchester Utd,4.24,2.0,1.0,17.0,1.0,37.0,0.0,8.0,2.0,Wolves,0.41,3.0,1.0,1.0,D,2025-12-08,A
,4.0,8.0,3.0,47.0,0.0,6.0,4.0,Fulham,2.23,2.0,10.0,8.0,2.0,53.0,0.0,16.0,8.0,Burnley,2.46,1.0,2.0,1.0,A,2025-12-13,A
,0.0,15.0,1.0,31.0,0.0,3.0,2.0,Wolves,0.38,4.0,8.0,7.0,2.0,69.0,0.0,16.0,2.0,Arsenal,1.13,0.0,0.0,0.0,D,2025-12-13,H
,7.0,11.0,0.0,42.0,0.0,11.0,2.0,Everton,1.03,0.0,4.0,13.0,2.0,58.0,0.0,17.0,5.0,Chelsea,2.2,1.0,0.0,2.0,H,2025-12-13,H
,2.0,15.0,0.0,51.0,0.0,14.0,1.0,Brighton,1.9,2.0,2.0,8.0,2.0,49.0,0.0,18.0,4.0,Liverpool,1.89,1.0,0.0,1.0,H,2025-12-13,H
,3.0,13.0,0.0,52.0,0.0,6.0,1.0,Tottenham,0.33,3.0,3.0,9.0,3.0,48.0,0.0,15.0,6.0,Nott'ham Forest,2.32,1.0,0.0,1.0,H,2025-12-14,H
,3.0,13.0,3.0,59.0,0.0,7.0,4.0,Aston Villa,0.67,2.0,5.0,18.0,2.0,41.0,0.0,10.0,3.0,West Ham,1.03,1.0,1.0,2.0,H,2025-12-14,A
,2.0,6.0,3.0,61.0,0.0,7.0,6.0,Manchester City,1.19,0.0,2.0,9.0,0.0,39.0,0.0,16.0,4.0,Crystal Palace,1.88,2.0,1.0,0.0,A,2025-12-14,A
,6.0,10.0,0.0,53.0,0.0,6.0,2.0,Newcastle Utd,0.24,4.0,3.0,10.0,1.0,47.0,0.0,5.0,1.0,Sunderland,0.3,5.0,0.0,0.0,D,2025-12-14,H
,3.0,9.0,1.0,43.0,0.0,18.0,4.0,Leeds United,1.52,0.0,0.0,8.0,1.0,57.0,0.0,7.0,2.0,Brentford,0.72,0.0,0.0,0.0,D,2025-12-14,D
,4.0,12.0,4.0,43.0,0.0,14.0,9.0,Bournemouth,1.94,3.0,5.0,15.0,4.0,57.0,0.0,25.0,9.0,Manchester Utd,3.4,2.0,1.0,2.0,H,2025-12-15,D
,3.0,5.0,1.0,65.0,0.0,13.0,2.0,Arsenal,2.0,2.0,2.0,4.0,0.0,35.0,0.0,5.0,1.0,Everton,0.2,2.0,1.0,0.0,A,2025-12-20,A
,5.0,10.0,1.0,47.0,0.0,9.0,3.0,Crystal Palace,1.57,3.0,9.0,5.0,4.0,53.0,0.0,20.0,8.0,Leeds United,2.67,1.0,0.0,2.0,H,2025-12-20,H
,4.0,15.0,2.0,57.0,0.0,7.0,6.0,Brentford,1.28,4.0,3.0,12.0,0.0,43.0,0.0,9.0,2.0,Wolves,1.27,2.0,0.0,0.0,D,2025-12-20,A
,6.0,7.0,2.0,65.0,0.0,8.0,4.0,Liverpool,0.66,3.0,2.0,9.0,1.0,35.0,2.0,15.0,4.0,Tottenham,1.07,3.0,0.0,0.0,D,2025-12-20,A
,4.0,15.0,0.0,43.0,0.0,14.0,6.0,Sunderland,1.38,2.0,3.0,11.0,0.0,57.0,0.0,16.0,4.0,Brighton,1.13,2.0,0.0,0.0,D,2025-12-20,D
,3.0,11.0,1.0,34.0,0.0,4.0,1.0,Burnley,0.38,1.0,5.0,11.0,1.0,66.0,0.0,16.0,1.0,Bournemouth,1.41,1.0,0.0,0.0,D,2025-12-20,D
,4.0,14.0,2.0,53.0,0.0,13.0,4.0,Chelsea,1.22,6.0,6.0,13.0,2.0,47.0,0.0,11.0,5.0,Newcastle Utd,2.31,3.0,0.0,2.0,H,2025-12-20,D
,0.0,10.0,0.0,34.0,0.0,7.0,3.0,West Ham,0.98,1.0,6.0,16.0,3.0,66.0,0.0,17.0,8.0,Manchester City,2.1,1.0,0.0,2.0,H,2025-12-20,H
,5.0,14.0,1.0,57.0,0.0,15.0,6.0,Manchester Utd,1.33,2.0,5.0,11.0,2.0,43.0,0.0,12.0,4.0,Aston Villa,1.54,1.0,1.0,1.0,D,2025-12-21,H
,5.0,9.0,0.0,50.0,0.0,12.0,2.0,Nott'ham Forest,0.67,4.0,1.0,5.0,1.0,50.0,0.0,11.0,1.0,Fulham,1.5,5.0,0.0,1.0,H,2025-12-22,H
,11.0,5.0,0.0,67.0,0.0,16.0,3.0,Newcastle Utd,1.18,1.0,2.0,9.0,1.0,33.0,0.0,10.0,4.0,Manchester Utd,1.27,2.0,0.0,1.0,H,2025-12-26,H
,7.0,8.0,2.0,37.0,0.0,11.0,8.0,Aston Villa,1.19,3.0,6.0,16.0,1.0,63.0,0.0,14.0,3.0,Chelsea,2.14,5.0,0.0,1.0,H,2025-12-27,A
,4.0,8.0,1.0,56.0,0.0,15.0,4.0,Fulham,1.62,3.0,5.0,8.0,0.0,44.0,0.0,11.0,2.0,West Ham,0.91,1.0,0.0,0.0,D,2025-12-27,A
,2.0,13.0,1.0,47.0,0.0,8.0,3.0,Brighton,0.85,3.0,7.0,7.0,2.0,53.0,0.0,24.0,6.0,Arsenal,3.08,2.0,0.0,1.0,H,2025-12-27,H
,15.0,8.0,1.0,51.0,0.0,20.0,10.0,Bournemouth,2.72,2.0,2.0,9.0,4.0,49.0,0.0,15.0,7.0,Brentford,3.66,2.0,0.0,2.0,H,2025-12-27,H
,4.0,13.0,1.0,33.0,0.0,9.0,4.0,Wolves,1.07,1.0,6.0,5.0,2.0,67.0,0.0,14.0,4.0,Liverpool,1.54,0.0,0.0,2.0,H,2025-12-27,H
,5.0,13.0,2.0,66.0,0.0,16.0,5.0,Manchester City,1.45,2.0,5.0,5.0,1.0,34.0,0.0,7.0,2.0,Nott'ham Forest,0.55,1.0,0.0,0.0,D,2025-12-27,A
,5.0,8.0,0.0,46.0,0.0,15.0,6.0,Everton,0.85,2.0,6.0,8.0,0.0,54.0,0.0,16.0,0.0,Burnley,1.41,0.0,0.0,0.0,D,2025-12-27,D
,9.0,9.0,1.0,57.0,0.0,17.0,6.0,Leeds United,2.17,0.0,3.0,7.0,1.0,43.0,0.0,8.0,3.0,Sunderland,0.7,1.0,0.0,1.0,H,2025-12-28,D
,2.0,5.0,1.0,38.0,0.0,8.0,4.0,Tottenham,0.88,2.0,3.0,7.0,0.0,62.0,0.0,15.0,2.0,Crystal Palace,1.47,3.0,1.0,0.0,A,2025-12-28,A
,2.0,9.0,2.0,30.0,0.0,11.0,3.0,Everton,1.26,0.0,9.0,11.0,0.0,70.0,0.0,21.0,6.0,Nott'ham Forest,1.55,1.0,1.0,0.0,A,2025-12-30,A
,5.0,18.0,2.0,62.0,0.0,16.0,6.0,Brighton,2.94,5.0,5.0,11.0,2.0,38.0,0.0,10.0,4.0,West Ham,2.06,3.0,1.0,2.0,H,2025-12-30,D
,4.0,3.0,3.0,52.0,0.0,20.0,9.0,Newcastle Utd,2.31,1.0,3.0,9.0,1.0,48.0,0.0,15.0,4.0,Burnley,1.09,2.0,2.0,1.0,A,2025-12-30,A
,3.0,12.0,2.0,33.0,0.0,17.0,6.0,Bournemouth,3.14,1.0,12.0,5.0,2.0,67.0,0.0,17.0,3.0,Chelsea,2.31,1.0,2.0,2.0,D,2025-12-30,D
,4.0,12.0,1.0,44.0,0.0,11.0,4.0,Wolves,1.16,2.0,8.0,9.0,1.0,56.0,0.0,15.0,6.0,Manchester Utd,0.84,0.0,1.0,1.0,D,2025-12-30,D
,3.0,9.0,1.0,54.0,0.0,11.0,3.0,Aston Villa,2.52,3.0,3.0,18.0,4.0,46.0,0.0,22.0,7.0,Arsenal,3.04,2.0,0.0,0.0,D,2025-12-30,H
,1.0,10.0,0.0,44.0,0.0,9.0,3.0,Tottenham,0.86,2.0,3.0,8.0,0.0,56.0,0.0,7.0,2.0,Brentford,0.92,1.0,0.0,0.0,D,2026-01-01,D
,5.0,6.0,0.0,68.0,0.0,14.0,4.0,Manchester City,2.24,1.0,3.0,9.0,0.0,32.0,0.0,10.0,4.0,Sunderland,0.88,1.0,0.0,0.0,D,2026-01-01,D
,3.0,10.0,1.0,60.0,0.0,17.0,5.0,Fulham,1.76,5.0,6.0,7.0,1.0,40.0,0.0,11.0,2.0,Crystal Palace,1.93,0.0,0.0,1.0,H,2026-01-01,D
,3.0,8.0,0.0,32.0,0.0,4.0,2.0,Leeds United,0.69,2.0,8.0,10.0,0.0,68.0,0.0,19.0,4.0,Liverpool,2.08,0.0,0.0,0.0,D,2026-01-01,D
,4.0,20.0,1.0,27.0,0.0,10.0,5.0,Nott'ham Forest,0.89,2.0,4.0,10.0,3.0,73.0,0.0,11.0,4.0,Aston Villa,1.59,1.0,0.0,1.0,H,2026-01-03,H
,7.0,10.0,0.0,67.0,0.0,6.0,0.0,West Ham,0.25,0.0,6.0,11.0,3.0,33.0,0.0,11.0,8.0,Wolves,1.87,1.0,0.0,3.0,H,2026-01-03,H
,4.0,17.0,0.0,40.0,0.0,5.0,3.0,Burnley,0.3,4.0,4.0,7.0,2.0,60.0,0.0,15.0,4.0,Brighton,1.45,0.0,0.0,1.0,H,2026-01-03,H
,5.0,8.0,3.0,57.0,0.0,12.0,5.0,Arsenal,1.13,1.0,7.0,13.0,2.0,43.0,0.0,15.0,3.0,Bournemouth,1.43,3.0,1.0,1.0,D,2026-01-03,A
,4.0,9.0,1.0,55.0,0.0,15.0,2.0,Manchester Utd,1.58,1.0,6.0,9.0,1.0,45.0,0.0,11.0,3.0,Leeds United,0.9,0.0,0.0,0.0,D,2026-01-04,D
,6.0,12.0,0.0,41.0,0.0,11.0,1.0,Crystal Palace,0.7,3.0,8.0,5.0,2.0,59.0,0.0,12.0,7.0,Newcastle Utd,2.08,1.0,0.0,0.0,D,2026-01-04,H
,5.0,6.0,1.0,51.0,0.0,10.0,3.0,Sunderland,0.44,3.0,3.0,10.0,1.0,49.0,0.0,13.0,5.0,Tottenham,1.18,2.0,0.0,1.0,H,2026-01-04,D
,8.0,4.0,2.0,58.0,0.0,10.0,2.0,Liverpool,1.37,1.0,3.0,11.0,2.0,42.0,0.0,8.0,2.0,Fulham,0.74,1.0,0.0,1.0,H,2026-01-04,D
,5.0,8.0,4.0,55.0,0.0,11.0,7.0,Brentford,2.66,2.0,4.0,9.0,2.0,45.0,0.0,14.0,6.0,Everton,0.89,0.0,1.0,0.0,A,2026-01-04,A
,2.0,14.0,1.0,43.0,0.0,8.0,3.0,Chelsea,1.85,3.0,8.0,12.0,1.0,57.0,0.0,14.0,3.0,Manchester City,1.02,3.0,0.0,1.0,H,2026-01-04,D
,5.0,9.0,2.0,53.0,0.0,13.0,5.0,Nott'ham Forest,1.38,0.0,6.0,15.0,1.0,47.0,0.0,14.0,3.0,West Ham,0.95,3.0,0.0,1.0,H,2026-01-06,A
,4.0,10.0,3.0,38.0,0.0,14.0,6.0,Leeds United,1.89,2.0,8.0,11.0,4.0,62.0,0.0,18.0,8.0,Newcastle Utd,2.43,3.0,2.0,1.0,A,2026-01-07,H
,6.0,8.0,2.0,65.0,0.0,30.0,10.0,Manchester Utd,2.55,0.0,2.0,9.0,2.0,35.0,0.0,7.0,1.0,Burnley,0.24,2.0,0.0,1.0,H,2026-01-07,D
,11.0,6.0,1.0,45.0,1.0,14.0,6.0,Chelsea,2.39,3.0,2.0,11.0,2.0,55.0,0.0,16.0,5.0,Fulham,1.2,3.0,0.0,0.0,D,2026-01-07,H
,2.0,16.0,1.0,40.0,0.0,6.0,3.0,Brighton,1.16,6.0,6.0,6.0,1.0,60.0,0.0,22.0,6.0,Manchester City,2.55,1.0,0.0,1.0,H,2026-01-07,D
,7.0,10.0,2.0,58.0,0.0,16.0,4.0,Tottenham,1.25,3.0,3.0,19.0,3.0,42.0,0.0,11.0,3.0,Bournemouth,1.27,3.0,1.0,2.0,H,2026-01-07,H
,7.0,15.0,1.0,55.0,0.0,13.0,4.0,Wolves,0.73,3.0,2.0,13.0,1.0,45.0,2.0,13.0,2.0,Everton,0.89,1.0,0.0,1.0,H,2026-01-07,D
,4.0,13.0,0.0,50.0,0.0,11.0,3.0,Sunderland,1.72,1.0,7.0,13.0,3.0,50.0,0.0,18.0,6.0,Brentford,3.24,2.0,0.0,1.0,H,2026-01-07,H
,5.0,3.0,0.0,59.0,0.0,15.0,3.0,Aston Villa,1.74,0.0,3.0,8.0,0.0,41.0,0.0,11.0,5.0,Crystal Palace,1.5,2.0,0.0,0.0,D,2026-01-07,D
,0.0,9.0,0.0,52.0,0.0,8.0,0.0,Liverpool,0.31,2.0,3.0,10.0,0.0,48.0,0.0,9.0,4.0,Arsenal,0.57,2.0,0.0,0.0,D,2026-01-08,D
,3.0,11.0,0.0,54.0,0.0,8.0,1.0,Fulham,0.39,5.0,7.0,6.0,1.0,46.0,0.0,14.0,5.0,Leeds United,1.43,1.0,0.0,0.0,D,2026-01-17,H
,5.0,17.0,2.0,38.0,0.0,17.0,4.0,West Ham,2.85,3.0,11.0,12.0,1.0,62.0,0.0,21.0,6.0,Tottenham,1.44,5.0,1.0,0.0,A,2026-01-17,A
,9.0,10.0,0.0,54.0,0.0,15.0,5.0,Brentford,1.52,2.0,3.0,7.0,2.0,46.0,0.0,6.0,2.0,Chelsea,1.59,3.0,0.0,1.0,H,2026-01-17,H
,9.0,14.0,0.0,60.0,0.0,15.0,3.0,Arsenal,2.1,1.0,4.0,8.0,0.0,40.0,0.0,6.0,0.0,Nott'ham Forest,0.34,1.0,0.0,0.0,D,2026-01-17,D
,6.0,8.0,0.0,68.0,0.0,7.0,1.0,Manchester City,0.45,3.0,1.0,13.0,2.0,32.0,0.0,11.0,7.0,Manchester Utd,2.27,2.0,0.0,0.0,D,2026-01-17,H
,1.0,10.0,1.0,27.0,0.0,7.0,1.0,Burnley,0.4,2.0,9.0,8.0,1.0,73.0,0.0,32.0,11.0,Liverpool,3.18,1.0,0.0,1.0,H,2026-01-17,D
,4.0,15.0,1.0,43.0,0.0,6.0,2.0,Crystal Palace,0.61,3.0,3.0,8.0,2.0,57.0,0.0,13.0,7.0,Sunderland,1.71,3.0,1.0,1.0,D,2026-01-17,H
,4.0,13.0,1.0,37.0,0.0,9.0,3.0,Everton,0.51,2.0,6.0,15.0,0.0,63.0,0.0,18.0,5.0,Aston Villa,1.44,1.0,0.0,0.0,D,2026-01-18,A
,7.0,8.0,0.0,67.0,0.0,12.0,2.0,Newcastle Utd,0.94,2.0,4.0,14.0,0.0,33.0,0.0,6.0,2.0,Wolves,0.29,2.0,0.0,0.0,D,2026-01-18,D
,6.0,6.0,1.0,33.0,0.0,11.0,2.0,Bournemouth,1.29,3.0,11.0,7.0,1.0,67.0,0.0,17.0,5.0,Brighton,1.02,2.0,1.0,0.0,A,2026-01-19,D
,,,,,,,,Nott'ham Forest,,,,,,,,,,Brentford,,,,,,2026-01-24,
,,,,,,,,Aston Villa,,,,,,,,,,Newcastle Utd,,,,,,2026-01-24,
,,,,,,,,Liverpool,,,,,,,,,,Bournemouth,,,,,,2026-01-24,
,,,,,,,,Brighton,,,,,,,,,,Fulham,,,,,,2026-01-24,
,,,,,,,,Manchester Utd,,,,,,,,,,Arsenal,,,,,,2026-01-24,
,,,,,,,,Wolves,,,,,,,,,,Manchester City,,,,,,2026-01-24,
,,,,,,,,Tottenham,,,,,,,,,,Burnley,,,,,,2026-01-24,
,,,,,,,,Leeds United,,,,,,,,,,Everton,,,,,,2026-01-24,
,,,,,,,,Sunderland,,,,,,,,,,West Ham,,,,,,2026-01-24,
,,,,,,,,Chelsea,,,,,,,,,,Crystal Palace,,,,,,2026-01-24,
,,,,,,,,Fulham,,,,,,,,,,Manchester Utd,,,,,,2026-01-31,
,,,,,,,,Crystal Palace,,,,,,,,,,Nott'ham Forest,,,,,,2026-01-31,
,,,,,,,,Manchester City,,,,,,,,,,Tottenham,,,,,,2026-01-31,
,,,,,,,,Bournemouth,,,,,,,,,,Wolves,,,,,,2026-01-31,
,,,,,,,,Newcastle Utd,,,,,,,,,,Liverpool,,,,,,2026-01-31,
,,,,,,,,Everton,,,,,,,,,,Brighton,,,,,,2026-01-31,
,,,,,,,,Arsenal,,,,,,,,,,Leeds United,,,,,,2026-01-31,
,,,,,,,,Burnley,,,,,,,,,,Sunderland,,,,,,2026-01-31,
,,,,,,,,West Ham,,,,,,,,,,Chelsea,,,,,,2026-01-31,
,,,,,,,,Brentford,,,,,,,,,,Aston Villa,,,,,,2026-01-31,
,,,,,,,,Everton,,,,,,,,,,Fulham,,,,,,2026-02-07,
,,,,,,,,Brentford,,,,,,,,,,Newcastle Utd,,,,,,2026-02-07,
,,,,,,,,Manchester City,,,,,,,,,,Liverpool,,,,,,2026-02-07,
,,,,,,,,West Ham,,,,,,,,,,Burnley,,,,,,2026-02-07,
,,,,,,,,Crystal Palace,,,,,,,,,,Brighton,,,,,,2026-02-07,
,,,,,,,,Nott'ham Forest,,,,,,,,,,Leeds United,,,,,,2026-02-07,
,,,,,,,,Tottenham,,,,,,,,,,Manchester Utd,,,,,,2026-02-07,
,,,,,,,,Sunderland,,,,,,,,,,Arsenal,,,,,,2026-02-07,
,,,,,,,,Chelsea,,,,,,,,,,Wolves,,,,,,2026-02-07,
,,,,,,,,Aston Villa,,,,,,,,,,Bournemouth,,,,,,2026-02-07,
,,,,,,,,Bournemouth,,,,,,,,,,Everton,,,,,,2026-02-11,
,,,,,,,,Liverpool,,,,,,,,,,Sunderland,,,,,,2026-02-11,
,,,,,,,,Leeds United,,,,,,,,,,Chelsea,,,,,,2026-02-11,
,,,,,,,,Brighton,,,,,,,,,,Aston Villa,,,,,,2026-02-11,
,,,,,,,,Arsenal,,,,,,,,,,Brentford,,,,,,2026-02-11,
,,,,,,,,Fulham,,,,,,,,,,Manchester City,,,,,,2026-02-11,
,,,,,,,,Wolves,,,,,,,,,,Nott'ham Forest,,,,,,2026-02-11,
,,,,,,,,Manchester Utd,,,,,,,,,,West Ham,,,,,,2026-02-11,
,,,,,,,,Newcastle Utd,,,,,,,,,,Tottenham,,,,,,2026-02-11,
,,,,,,,,Burnley,,,,,,,,,,Crystal Palace,,,,,,2026-02-11,
,,,,,,,,Arsenal,,,,,,,,,,Tottenham,,,,,,2026-02-21,
,,,,,,,,Liverpool,,,,,,,,,,Nott'ham Forest,,,,,,2026-02-21,
,,,,,,,,Bournemouth,,,,,,,,,,West Ham,,,,,,2026-02-21,
,,,,,,,,Wolves,,,,,,,,,,Crystal Palace,,,,,,2026-02-21,
,,,,,,,,Brighton,,,,,,,,,,Brentford,,,,,,2026-02-21,
,,,,,,,,Burnley,,,,,,,,,,Chelsea,,,,,,2026-02-21,
,,,,,,,,Manchester Utd,,,,,,,,,,Everton,,,,,,2026-02-21,
,,,,,,,,Leeds United,,,,,,,,,,Aston Villa,,,,,,2026-02-21,
,,,,,,,,Fulham,,,,,,,,,,Sunderland,,,,,,2026-02-21,
,,,,,,,,Newcastle Utd,,,,,,,,,,Manchester City,,,,,,2026-02-21,
,,,,,,,,Sunderland,,,,,,,,,,Bournemouth,,,,,,2026-02-28,
,,,,,,,,West Ham,,,,,,,,,,Liverpool,,,,,,2026-02-28,
,,,,,,,,Chelsea,,,,,,,,,,Arsenal,,,,,,2026-02-28,
,,,,,,,,Aston Villa,,,,,,,,,,Wolves,,,,,,2026-02-28,
,,,,,,,,Nott'ham Forest,,,,,,,,,,Brighton,,,,,,2026-02-28,
,,,,,,,,Brentford,,,,,,,,,,Burnley,,,,,,2026-02-28,
,,,,,,,,Tottenham,,,,,,,,,,Fulham,,,,,,2026-02-28,
,,,,,,,,Crystal Palace,,,,,,,,,,Manchester Utd,,,,,,2026-02-28,
,,,,,,,,Everton,,,,,,,,,,Newcastle Utd,,,,,,2026-02-28,
,,,,,,,,Manchester City,,,,,,,,,,Leeds United,,,,,,2026-02-28,
,,,,,,,,Chelsea,,,,,,,,,,Aston Villa,,,,,,2026-03-04,
,,,,,,,,Sunderland,,,,,,,,,,Leeds United,,,,,,2026-03-04,
,,,,,,,,West Ham,,,,,,,,,,Fulham,,,,,,2026-03-04,
,,,,,,,,Nott'ham Forest,,,,,,,,,,Manchester City,,,,,,2026-03-04,
,,,,,,,,Brentford,,,,,,,,,,Bournemouth,,,,,,2026-03-04,
,,,,,,,,Burnley,,,,,,,,,,Everton,,,,,,2026-03-04,
,,,,,,,,Manchester Utd,,,,,,,,,,Newcastle Utd,,,,,,2026-03-04,
,,,,,,,,Liverpool,,,,,,,,,,Wolves,,,,,,2026-03-04,
,,,,,,,,Crystal Palace,,,,,,,,,,Tottenham,,,,,,2026-03-04,
,,,,,,,,Arsenal,,,,,,,,,,Brighton,,,,,,2026-03-04,
,,,,,,,,Bournemouth,,,,,,,,,,Burnley,,,,,,2026-03-14,
,,,,,,,,Aston Villa,,,,,,,,,,Manchester Utd,,,,,,2026-03-14,
,,,,,,,,Leeds United,,,,,,,,,,Crystal Palace,,,,,,2026-03-14,
,,,,,,,,Fulham,,,,,,,,,,Nott'ham Forest,,,,,,2026-03-14,
,,,,,,,,Brighton,,,,,,,,,,Sunderland,,,,,,2026-03-14,
,,,,,,,,Manchester City,,,,,,,,,,West Ham,,,,,,2026-03-14,
,,,,,,,,Newcastle Utd,,,,,,,,,,Chelsea,,,,,,2026-03-14,
,,,,,,,,Wolves,,,,,,,,,,Brentford,,,,,,2026-03-14,
,,,,,,,,Everton,,,,,,,,,,Arsenal,,,,,,2026-03-14,
,,,,,,,,Tottenham,,,,,,,,,,Liverpool,,,,,,2026-03-14,
,,,,,,,,Crystal Palace,,,,,,,,,,Manchester City,,,,,,2026-03-21,
,,,,,,,,Chelsea,,,,,,,,,,Everton,,,,,,2026-03-21,
,,,,,,,,Manchester Utd,,,,,,,,,,Bournemouth,,,,,,2026-03-21,
,,,,,,,,Arsenal,,,,,,,,,,Wolves,,,,,,2026-03-21,
,,,,,,,,Sunderland,,,,,,,,,,Newcastle Utd,,,,,,2026-03-21,
,,,,,,,,Liverpool,,,,,,,,,,Brighton,,,,,,2026-03-21,
,,,,,,,,Nott'ham Forest,,,,,,,,,,Tottenham,,,,,,2026-03-21,
,,,,,,,,Brentford,,,,,,,,,,Leeds United,,,,,,2026-03-21,
,,,,,,,,Burnley,,,,,,,,,,Fulham,,,,,,2026-03-21,
,,,,,,,,West Ham,,,,,,,,,,Aston Villa,,,,,,2026-03-21,
,,,,,,,,Leeds United,,,,,,,,,,Manchester Utd,,,,,,2026-04-11,
,,,,,,,,Manchester City,,,,,,,,,,Chelsea,,,,,,2026-04-11,
,,,,,,,,Bournemouth,,,,,,,,,,Arsenal,,,,,,2026-04-11,
,,,,,,,,Aston Villa,,,,,,,,,,Nott'ham Forest,,,,,,2026-04-11,
,,,,,,,,Brighton,,,,,,,,,,Burnley,,,,,,2026-04-11,
,,,,,,,,Newcastle Utd,,,,,,,,,,Crystal Palace,,,,,,2026-04-11,
,,,,,,,,Wolves,,,,,,,,,,West Ham,,,,,,2026-04-11,
,,,,,,,,Tottenham,,,,,,,,,,Sunderland,,,,,,2026-04-11,
,,,,,,,,Everton,,,,,,,,,,Brentford,,,,,,2026-04-11,
,,,,,,,,Fulham,,,,,,,,,,Liverpool,,,,,,2026-04-11,
,,,,,,,,Arsenal,,,,,,,,,,Manchester City,,,,,,2026-04-18,
,,,,,,,,Burnley,,,,,,,,,,Nott'ham Forest,,,,,,2026-04-18,
,,,,,,,,Brighton,,,,,,,,,,Tottenham,,,,,,2026-04-18,
,,,,,,,,Manchester Utd,,,,,,,,,,Chelsea,,,,,,2026-04-18,
,,,,,,,,Sunderland,,,,,,,,,,Aston Villa,,,,,,2026-04-18,
,,,,,,,,Liverpool,,,,,,,,,,Everton,,,,,,2026-04-18,
,,,,,,,,Wolves,,,,,,,,,,Leeds United,,,,,,2026-04-18,
,,,,,,,,West Ham,,,,,,,,,,Crystal Palace,,,,,,2026-04-18,
,,,,,,,,Fulham,,,,,,,,,,Brentford,,,,,,2026-04-18,
,,,,,,,,Bournemouth,,,,,,,,,,Newcastle Utd,,,,,,2026-04-18,
,,,,,,,,Leeds United,,,,,,,,,,Bournemouth,,,,,,2026-04-25,
,,,,,,,,Manchester City,,,,,,,,,,Burnley,,,,,,2026-04-25,
,,,,,,,,Brentford,,,,,,,,,,Manchester Utd,,,,,,2026-04-25,
,,,,,,,,Nott'ham Forest,,,,,,,,,,Sunderland,,,,,,2026-04-25,
,,,,,,,,Tottenham,,,,,,,,,,Wolves,,,,,,2026-04-25,
,,,,,,,,Chelsea,,,,,,,,,,Brighton,,,,,,2026-04-25,
,,,,,,,,Everton,,,,,,,,,,West Ham,,,,,,2026-04-25,
,,,,,,,,Crystal Palace,,,,,,,,,,Liverpool,,,,,,2026-04-25,
,,,,,,,,Aston Villa,,,,,,,,,,Fulham,,,,,,2026-04-25,
,,,,,,,,Newcastle Utd,,,,,,,,,,Arsenal,,,,,,2026-04-25,
,,,,,,,,Tottenham,,,,,,,,,,Aston Villa,,,,,,2026-05-02,
,,,,,,,,Fulham,,,,,,,,,,Arsenal,,,,,,2026-05-02,
,,,,,,,,Manchester City,,,,,,,,,,Everton,,,,,,2026-05-02,
,,,,,,,,Sunderland,,,,,,,,,,Wolves,,,,,,2026-05-02,
,,,,,,,,Brighton,,,,,,,,,,Newcastle Utd,,,,,,2026-05-02,
,,,,,,,,Burnley,,,,,,,,,,Leeds United,,,,,,2026-05-02,
,,,,,,,,Liverpool,,,,,,,,,,Manchester Utd,,,,,,2026-05-02,
,,,,,,,,Crystal Palace,,,,,,,,,,Bournemouth,,,,,,2026-05-02,
,,,,,,,,West Ham,,,,,,,,,,Brentford,,,,,,2026-05-02,
,,,,,,,,Nott'ham Forest,,,,,,,,,,Chelsea,,,,,,2026-05-02,
,,,,,,,,Arsenal,,,,,,,,,,West Ham,,,,,,2026-05-09,
,,,,,,,,Aston Villa,,,,,,,,,,Burnley,,,,,,2026-05-09,
,,,,,,,,Manchester Utd,,,,,,,,,,Sunderland,,,,,,2026-05-09,
,,,,,,,,Leeds United,,,,,,,,,,Tottenham,,,,,,2026-05-09,
,,,,,,,,Chelsea,,,,,,,,,,Liverpool,,,,,,2026-05-09,
,,,,,,,,Wolves,,,,,,,,,,Brighton,,,,,,2026-05-09,
,,,,,,,,Everton,,,,,,,,,,Crystal Palace,,,,,,2026-05-09,
,,,,,,,,Newcastle Utd,,,,,,,,,,Nott'ham Forest,,,,,,2026-05-09,
,,,,,,,,Brentford,,,,,,,,,,Manchester City,,,,,,2026-05-09,
,,,,,,,,Bournemouth,,,,,,,,,,Fulham,,,,,,2026-05-09,
,,,,,,,,Brighton,,,,,,,,,,Leeds United,,,,,,2026-05-17,
,,,,,,,,Crystal Palace,,,,,,,,,,Brentford,,,,,,2026-05-17,
,,,,,,,,Liverpool,,,,,,,,,,Aston Villa,,,,,,2026-05-17,
,,,,,,,,Manchester City,,,,,,,,,,Bournemouth,,,,,,2026-05-17,
,,,,,,,,Fulham,,,,,,,,,,Wolves,,,,,,2026-05-17,
,,,,,,,,Sunderland,,,,,,,,,,Everton,,,,,,2026-05-17,
,,,,,,,,Burnley,,,,,,,,,,Arsenal,,,,,,2026-05-17,
,,,,,,,,Tottenham,,,,,,,,,,Chelsea,,,,,,2026-05-17,
,,,,,,,,Nott'ham Forest,,,,,,,,,,Manchester Utd,,,,,,2026-05-17,
,,,,,,,,West Ham,,,,,,,,,,Newcastle Utd,,,,,,2026-05-17,
,,,,,,,,Newcastle Utd,,,,,,,,,,Fulham,,,,,,2026-05-24,
,,,,,,,,Brentford,,,,,,,,,,Liverpool,,,,,,2026-05-24,
,,,,,,,,Manchester Utd,,,,,,,,,,Brighton,,,,,,2026-05-24,
,,,,,,,,Arsenal,,,,,,,,,,Crystal Palace,,,,,,2026-05-24,
,,,,,,,,Everton,,,,,,,,,,Tottenham,,,,,,2026-05-24,
,,,,,,,,Chelsea,,,,,,,,,,Sunderland,,,,,,2026-05-24,
,,,,,,,,Wolves,,,,,,,,,,Burnley,,,,,,2026-05-24,
,,,,,,,,Leeds United,,,,,,,,,,West Ham,,,,,,2026-05-24,
,,,,,,,,Bournemouth,,,,,,,,,,Nott'ham Forest,,,,,,2026-05-24,
,,,,,,,,Aston Villa,,,,,,,,,,Manchester City,,,,,,2026-05-24,
